sequence,system,ap_50,ap_50_95,avg_precision,avg_recall,total_gt,total_preds,total_tp,total_fp,total_fn,infer_count,skip_count,skip_rate_pct,erd_empty_count,predict_count,erd_empty_rate_pct,predict_rate_pct,erd_infer_count,erd_infer_rate_pct,augmented_infer_count,augmented_infer_rate_pct,pure_infer_count,pure_infer_rate_pct,wall_duration_s,avg_frame_time_ms,avg_power_w,max_power_w,energy_j,avg_power_gpu_w,energy_gpu_j,avg_power_cpu_w,energy_cpu_j,avg_power_io_w,energy_io_j,avg_gpu_temp_c,max_gpu_temp_c,avg_cpu_temp_c,max_cpu_temp_c,max_tj_temp_c,avg_gpu_util_pct,avg_cpu_util_pct,avg_emc_util_pct,avg_ram_used_mb,max_ram_used_mb,n_tegrastats_samples
b1c66a42-6f7d68ca,Vanilla,0.6452693101993421,0.4888057141454766,0.993211474667396,0.3337536775595684,2612,1763,1696,67,916,202,0,0.0,0,0,0.0,0.0,0,0.0,0,0.0,202,100.0,10.24,45.224,41.824,84.2,418.43,17.621,175.55,8.579,85.65,7.476,74.58,48.8,49.6,48.5,49.4,49.6,31.3,6.1,7.4,6318.0,6330,79
b1c66a42-6f7d68ca,Adaptive,0.6498842213095086,0.44985884008591503,0.9727720820587009,0.36749242481298816,2612,2013,1730,283,882,183,19,9.41,0,19,0.0,9.41,1,0.5,132,65.35,50,24.75,10.58,45.626,37.16,66.786,382.59,13.842,143.52,8.004,82.53,7.259,74.99,48.6,49.1,48.1,48.6,49.1,36.7,5.8,7.7,6302.0,6328,79
b1c81faa-3df17267,Vanilla,0.35138138381804973,0.26813578152797557,0.9926204112101871,0.1819829528754776,472,173,167,6,305,182,0,0.0,0,0,0.0,0.0,0,0.0,0,0.0,182,100.0,7.95,39.402,50.444,85.128,385.78,20.067,155.67,8.643,66.7,7.598,58.71,49.2,49.6,47.8,48.1,49.6,41.3,5.9,8.4,6273.0,6285,62
b1c81faa-3df17267,Adaptive,0.23339413190588953,0.15526449991418198,0.970900334428943,0.12809389292440138,472,126,113,13,359,36,146,80.22,129,17,70.88,9.34,4,2.2,10,5.49,22,12.09,7.71,38.894,32.38,84.128,242.79,7.055,52.71,11.007,82.68,7.011,52.59,48.0,49.4,49.1,50.2,51.0,7.9,26.2,4.7,6235.0,6301,59
b1c81faa-c80764c5,Vanilla,0.456556179036346,0.33673923037763537,0.9982321725782525,0.23305913154825877,866,404,396,8,470,202,0,0.0,0,0,0.0,0.0,0,0.0,0,0.0,202,100.0,8.91,39.852,39.615,81.582,342.14,19.866,171.23,8.677,74.48,7.595,65.27,48.8,49.2,47.5,48.6,49.2,30.6,5.9,8.3,6161.0,6168,69
b1c81faa-c80764c5,Adaptive,0.4613565830931019,0.30125741339967294,0.9891960656301662,0.2464027628484158,866,434,403,31,463,123,79,39.11,8,71,3.96,35.15,6,2.97,28,13.86,89,44.06,7.39,31.864,36.665,81.176,262.33,13.98,99.54,8.428,59.96,7.301,52.04,48.2,48.7,47.8,49.8,49.8,32.8,8.0,7.5,6195.0,6198,55
b1c9c847-3bda4659,Vanilla,0.741784865791796,0.5726215232681449,0.9824022572163307,0.398129122423609,2937,2408,2212,196,725,203,0,0.0,0,0,0.0,0.0,0,0.0,0,0.0,203,100.0,10.42,45.374,41.085,85.23,418.9,16.781,170.97,8.233,83.68,7.436,75.62,48.3,48.8,47.5,48.2,48.8,33.8,5.9,8.6,6190.0,6201,78
b1c9c847-3bda4659,Adaptive,0.7338900321949072,0.5020556834136145,0.9461545493550254,0.43853018273900746,2937,2822,2237,585,700,196,7,3.45,0,7,0.0,3.45,1,0.49,169,83.25,26,12.81,9.73,42.716,41.784,80.222,392.73,17.103,162.59,8.497,80.53,7.431,70.48,48.2,48.4,47.6,48.1,48.4,34.8,5.8,7.7,6182.0,6188,76
b1ca2e5d-84cf9134,Vanilla,0.5777407544414821,0.37993061040881076,0.9820264652263332,0.3052222642417574,3944,2478,2317,161,1627,203,0,0.0,0,0,0.0,0.0,0,0.0,0,0.0,203,100.0,9.75,42.402,41.771,82.118,395.85,18.193,174.23,8.473,80.81,7.498,71.61,48.1,48.6,47.4,48.0,48.6,34.0,5.8,8.3,6185.0,6193,75
b1ca2e5d-84cf9134,Adaptive,0.5950997334174901,0.3752431776208639,0.9617208458488903,0.3435939660436421,3944,2890,2413,477,1531,198,5,2.46,0,5,0.0,2.46,1,0.49,169,83.25,28,13.79,10.81,47.524,41.346,83.004,436.23,15.58,164.23,8.313,87.36,7.366,77.47,47.7,48.2,47.1,47.8,48.2,35.2,5.8,7.9,6204.0,6208,83
b1cac6a7-04e33135,Vanilla,0.6911076509775329,0.5005112298609059,0.9918596356163089,0.3538265565172721,1368,979,953,26,415,106,0,0.0,0,0,0.0,0.0,0,0.0,0,0.0,106,100.0,5.85,48.243,38.137,70.082,213.97,14.793,82.84,8.134,45.24,7.298,40.66,47.2,47.7,46.6,47.1,47.7,32.9,5.9,7.1,6197.0,6199,43
b1cac6a7-04e33135,Adaptive,0.7096287829434764,0.48985413178491644,0.9887462430085643,0.3712720714900947,1368,1032,981,51,387,80,26,24.53,0,26,0.0,24.53,1,0.94,41,38.68,38,35.85,4.47,35.813,35.872,77.766,152.18,15.011,63.8,8.299,34.98,7.293,30.77,47.2,47.6,46.7,47.5,47.5,31.4,5.8,7.2,6185.0,6195,33
b1cd1e94-549d0bfe,Vanilla,0.7148600885492673,0.5559726433822046,0.9891767996061973,0.3731180799137223,1763,1338,1273,65,490,203,0,0.0,0,0,0.0,0.0,0,0.0,0,0.0,203,100.0,10.34,45.231,41.252,82.654,414.06,16.497,166.34,8.274,83.15,7.409,74.53,47.3,47.7,46.1,46.3,47.7,35.3,5.9,7.9,6210.0,6215,79
b1cd1e94-549d0bfe,Adaptive,0.6986151821125663,0.4928155690649313,0.9696109786563446,0.3953875285445326,1763,1466,1260,206,503,160,43,21.18,0,43,0.0,21.18,1,0.49,87,42.86,72,35.47,9.06,38.819,34.936,76.234,307.93,14.059,124.71,8.099,71.71,7.268,64.45,46.8,47.3,45.8,46.9,47.3,28.6,5.7,7.6,6225.0,6269,71
b1ceb32e-3f481b43,Vanilla,0.37518095185408745,0.25930189010678795,0.8988557619867032,0.2241035560184496,715,376,294,82,421,138,0,0.0,0,0,0.0,0.0,0,0.0,0,0.0,138,100.0,6.78,44.538,42.067,81.986,274.51,16.825,110.51,8.344,54.61,7.422,48.65,47.0,47.6,46.3,46.9,47.6,36.8,5.8,7.7,6224.0,6240,53
b1ceb32e-3f481b43,Adaptive,0.36400283890213475,0.21094757089726296,0.8372405204951335,0.24366675453149955,715,451,299,152,416,95,43,31.16,23,20,16.67,14.49,20,14.49,43,31.16,32,23.19,7.06,46.997,36.195,82.61,243.29,11.955,80.88,9.045,61.3,7.217,48.9,46.6,47.3,46.7,48.5,48.5,27.8,13.0,6.9,6231.0,6248,54
b1ceb32e-51852abe,Vanilla,0.6078717413453413,0.47306826830645077,0.9848331467915689,0.3296996050624728,2164,1464,1331,133,833,203,0,0.0,0,0,0.0,0.0,0,0.0,0,0.0,203,100.0,10.55,45.732,37.628,79.55,387.14,16.033,164.74,8.187,84.03,7.379,75.8,46.7,47.1,46.0,46.7,47.1,32.1,5.9,8.1,6234.0,6243,81
b1ceb32e-51852abe,Adaptive,0.6112959610488748,0.4385871659277484,0.9588284097439638,0.34550196395563776,2164,1600,1369,231,795,152,51,25.12,0,51,0.0,25.12,1,0.49,84,41.38,67,33.0,8.78,37.004,36.849,81.084,314.9,14.261,121.9,8.096,68.76,7.263,61.78,46.4,47.0,45.9,46.4,47.0,30.1,5.9,7.4,6230.0,6243,66
b1cebfb7-284f5117,Vanilla,0.5968479330208099,0.44056555698127225,0.9689478013606256,0.3292890076140025,1956,1355,1199,156,757,202,0,0.0,0,0,0.0,0.0,0,0.0,0,0.0,202,100.0,10.28,45.174,40.966,84.668,411.75,16.868,170.74,8.329,83.97,7.407,74.73,46.6,46.9,45.8,46.2,46.9,34.5,5.9,8.1,6231.0,6233,79
b1cebfb7-284f5117,Adaptive,0.5921421960804601,0.3808692943129846,0.9267138081704211,0.3576582212085773,1956,1579,1226,353,730,180,22,10.89,0,22,0.0,10.89,1,0.5,102,50.5,77,38.12,10.17,44.357,37.68,82.792,370.87,14.658,145.54,8.084,79.94,7.301,72.27,46.3,46.8,45.7,46.4,46.8,34.2,5.8,7.8,6234.0,6237,77
b1d0091f-75824d0d,Vanilla,0.6946034139111614,0.5873970460095279,0.9940678109962555,0.3591179799159152,1641,1190,1146,44,495,202,0,0.0,0,0,0.0,0.0,0,0.0,0,0.0,202,100.0,10.78,47.692,39.493,73.094,414.86,15.857,167.27,8.039,84.53,7.365,77.52,46.2,46.6,45.4,45.8,46.6,35.8,5.8,8.3,6236.0,6242,82
b1d0091f-75824d0d,Adaptive,0.6959181844664678,0.5530683658016249,0.9864914934111418,0.37228076184286857,1641,1249,1155,94,486,147,55,27.23,0,55,0.0,27.23,1,0.5,55,27.23,91,45.05,8.13,34.871,39.79,77.572,312.12,15.029,119.74,8.172,64.72,7.324,58.1,46.1,46.5,45.4,46.0,46.6,33.1,5.8,8.0,6241.0,6246,62
b1d0091f-f2c2d2ae,Vanilla,0.5934788893424989,0.47828826449692663,0.9881712551059696,0.30822987701812665,2451,1540,1471,69,980,202,0,0.0,0,0,0.0,0.0,0,0.0,0,0.0,202,100.0,10.66,46.285,39.719,81.146,413.69,16.262,169.37,8.166,84.77,7.388,76.74,46.1,46.4,45.2,45.7,46.4,34.2,5.9,8.3,6246.0,6249,80
b1d0091f-f2c2d2ae,Adaptive,0.6120320451490959,0.4682516972597419,0.9793112374082876,0.329604125756922,2451,1668,1528,140,923,160,42,20.79,0,42,0.0,20.79,1,0.5,85,42.08,74,36.63,9.08,38.462,36.681,78.568,326.69,14.255,126.84,8.119,71.96,7.266,64.47,45.8,46.2,45.1,45.7,46.8,31.3,5.8,7.0,6248.0,6251,70
b1d0a191-03dcecc2,Vanilla,0.666646803400075,0.4952261753593709,0.9909796525177522,0.3450488375747451,3220,2253,2165,88,1055,202,0,0.0,0,0,0.0,0.0,0,0.0,0,0.0,202,100.0,10.55,46.224,40.929,81.602,421.24,16.095,166.02,8.126,83.56,7.394,76.11,45.8,46.2,44.8,45.3,46.2,34.5,5.9,8.2,6262.0,6269,80
b1d0a191-03dcecc2,Adaptive,0.6864744438663968,0.4781639422358418,0.9817441608899924,0.377215630850101,3220,2505,2241,264,979,190,12,5.94,0,12,0.0,5.94,1,0.5,146,72.28,43,21.29,9.62,42.221,40.252,79.826,373.86,16.988,159.16,8.483,79.13,7.435,69.44,45.9,46.3,45.4,45.9,46.3,33.6,5.9,8.2,6273.0,6277,73
b1d0a191-06deb55d,Vanilla,0.7156660393958088,0.5110074896610282,0.9486413127213841,0.4036241629664225,2441,2121,1832,289,609,202,0,0.0,0,0,0.0,0.0,0,0.0,0,0.0,202,100.0,9.5,41.157,43.398,82.538,401.42,18.194,168.08,8.523,78.44,7.479,68.89,46.0,46.4,45.3,45.9,46.4,35.3,5.8,8.1,6281.0,6298,74
b1d0a191-06deb55d,Adaptive,0.7215790085152313,0.47998745966842266,0.9250393617736195,0.4310516612663368,2441,2349,1881,468,560,169,33,16.34,0,33,0.0,16.34,1,0.5,112,55.45,56,27.72,8.97,38.51,39.496,78.306,346.13,16.079,140.94,8.418,73.44,7.345,64.14,45.9,46.2,45.4,45.9,46.2,32.5,5.9,8.1,6294.0,6299,70
b1d0a191-28f0e779,Vanilla,0.7284227312358806,0.5466038801064066,0.9923205710084698,0.3826338539451429,1615,1252,1184,68,431,190,0,0.0,0,0,0.0,0.0,0,0.0,0,0.0,190,100.0,8.83,41.312,43.259,86.236,372.98,18.75,162.6,8.602,74.28,7.487,64.72,46.1,46.5,45.3,46.0,46.5,34.9,5.9,8.1,6295.0,6301,69
b1d0a191-28f0e779,Adaptive,0.7156814656203123,0.48200754377953176,0.9763236493566874,0.40183193800721784,1615,1352,1175,177,440,152,38,20.0,2,36,1.05,18.95,1,0.53,80,42.11,71,37.37,9.65,44.343,40.097,61.436,376.0,12.224,114.59,7.888,73.6,7.184,67.17,45.4,45.6,44.6,45.8,45.8,49.1,5.9,7.4,6306.0,6309,75
b1d0a191-2ed2269e,Vanilla,0.6710197490251921,0.49695731443592817,0.9906108687480486,0.35176988553819377,3126,2235,2115,120,1011,203,0,0.0,0,0,0.0,0.0,0,0.0,0,0.0,203,100.0,10.17,44.344,44.095,82.87,437.29,17.143,170.68,8.329,82.63,7.442,73.84,45.6,46.1,44.5,45.3,46.1,35.9,5.8,8.2,6312.0,6327,79
b1d0a191-2ed2269e,Adaptive,0.6812758974554645,0.4706792479213148,0.9754449978160581,0.3813542513199154,3126,2487,2168,319,958,183,20,9.85,0,20,0.0,9.85,1,0.49,136,67.0,46,22.66,9.54,41.473,38.055,74.906,354.61,16.376,152.48,8.478,78.63,7.36,68.37,45.6,46.1,45.0,45.8,46.1,31.9,6.0,7.9,6321.0,6324,75
b1d0a191-5490450b,Vanilla,0.7126992673464039,0.5238670145562296,0.9842164139823023,0.37929055833338754,1778,1384,1285,99,493,204,0,0.0,0,0,0.0,0.0,0,0.0,0,0.0,204,100.0,10.16,44.113,41.749,79.91,417.25,17.184,171.78,8.374,83.39,7.446,74.25,45.7,46.0,44.8,45.4,46.0,33.3,5.8,7.5,6358.0,6375,79
b1d0a191-5490450b,Adaptive,0.7011966892329937,0.47030679330010183,0.9612692277446047,0.3971247606025295,1778,1503,1287,216,491,159,45,22.06,0,45,0.0,22.06,1,0.49,87,42.65,71,34.8,8.86,37.576,38.938,78.144,335.51,15.0,129.26,8.219,70.55,7.301,62.73,45.4,45.8,44.5,45.3,45.8,32.8,5.8,7.6,6366.0,6381,69
b1d0a191-65deaeef,Vanilla,0.7070115464402754,0.49705557143563983,0.9905476264661982,0.369871546700815,3276,2460,2336,124,940,202,0,0.0,0,0,0.0,0.0,0,0.0,0,0.0,202,100.0,9.91,43.305,40.317,85.932,392.72,17.247,167.75,8.375,81.15,7.431,72.06,45.5,46.1,44.9,45.5,46.1,33.5,5.9,8.0,6375.0,6388,78
b1d0a191-65deaeef,Adaptive,0.7271804207073487,0.4985544137535107,0.9794866311045833,0.4049960374132198,3276,2747,2417,330,859,179,23,11.39,0,23,0.0,11.39,1,0.5,132,65.35,46,22.77,9.14,39.811,43.191,85.12,386.14,16.887,151.01,8.601,76.65,7.397,65.98,45.5,45.9,45.1,45.6,45.9,34.9,5.9,7.6,6375.0,6384,72
b1d0a191-de8948f6,Vanilla,0.7067028344893154,0.5702957893948681,0.9923011996965551,0.3694797778401415,2478,1855,1763,92,715,202,0,0.0,0,0,0.0,0.0,0,0.0,0,0.0,202,100.0,9.98,43.777,42.849,83.912,417.12,17.205,168.22,8.379,81.67,7.407,72.27,45.6,46.0,44.8,45.4,46.0,35.0,5.9,8.0,6388.0,6396,79
b1d0a191-de8948f6,Adaptive,0.7183365426175581,0.5507638275407895,0.9827287209559666,0.394314299834568,2478,2012,1803,209,675,175,27,13.37,0,27,0.0,13.37,1,0.5,104,51.49,70,34.65,9.28,40.296,40.428,80.2,361.53,15.944,143.78,8.376,75.19,7.341,66.01,45.4,45.8,44.8,45.6,45.8,35.3,5.8,7.9,6401.0,6418,72
b1d10d08-5b108225,Vanilla,0.5864891240493608,0.4295982336845584,0.9983988182285334,0.2972883104116593,2123,1265,1247,18,876,202,0,0.0,0,0,0.0,0.0,0,0.0,0,0.0,202,100.0,9.17,41.079,43.832,83.838,389.86,19.313,172.77,8.649,77.1,7.555,67.38,45.8,46.2,45.1,45.4,46.2,35.1,5.9,8.3,6413.0,6419,71
b1d10d08-5b108225,Adaptive,0.5792117369972474,0.3896978426417078,0.9837395557253268,0.31335831029574374,2123,1367,1246,121,877,152,50,24.75,0,50,0.0,24.75,1,0.5,74,36.63,77,38.12,8.21,35.913,37.636,78.356,298.77,15.486,123.43,8.225,65.25,7.347,58.37,45.4,45.8,44.4,45.4,45.8,32.5,5.7,8.2,6456.0,6486,64
b1d10d08-743fd86c,Vanilla,0.3614985907631135,0.29669646000888394,0.9978800438921948,0.18430971128608925,1016,375,368,7,648,202,0,0.0,0,0,0.0,0.0,0,0.0,0,0.0,202,100.0,10.03,45.195,42.097,83.358,415.21,16.863,166.02,8.289,81.33,7.43,72.96,45.5,45.9,44.7,45.2,45.9,36.9,5.8,8.0,6442.0,6453,79
b1d10d08-743fd86c,Adaptive,0.34938361055048195,0.2500304809012138,0.9832380036287668,0.18846546853399046,1016,393,360,33,656,123,79,39.11,10,69,4.95,34.16,3,1.49,22,10.89,98,48.51,7.24,31.55,36.747,72.448,254.7,14.26,99.66,8.391,58.45,7.309,50.94,45.2,45.7,44.3,45.7,45.7,29.2,7.9,7.6,6443.0,6448,56
b1d10d08-c35503b8,Vanilla,0.6919707490437375,0.5472457552236254,0.9943791003595158,0.3571269292224658,3127,2253,2175,78,952,202,0,0.0,0,0,0.0,0.0,0,0.0,0,0.0,202,100.0,10.6,46.715,40.649,84.532,420.58,15.925,164.53,8.114,83.56,7.353,75.8,45.3,45.8,44.2,44.8,45.8,34.2,5.8,8.5,6444.0,6459,81
b1d10d08-c35503b8,Adaptive,0.6890459324619133,0.507631368669737,0.9747932862017232,0.3903173498372806,3127,2550,2191,359,936,190,12,5.94,0,12,0.0,5.94,1,0.5,151,74.75,38,18.81,10.16,44.907,38.579,80.516,383.14,15.675,156.67,8.264,82.25,7.345,73.17,45.1,45.5,44.2,44.8,45.5,31.9,5.8,7.7,6457.0,6464,80
b1d10d08-da110fcb,Vanilla,0.7554711764228514,0.6280504540564568,0.9978371472364769,0.3869030083317433,2250,1747,1703,44,547,194,0,0.0,0,0,0.0,0.0,0,0.0,0,0.0,194,100.0,9.57,44.205,42.67,82.978,395.54,17.357,161.35,8.411,77.86,7.426,68.8,45.3,45.7,44.3,45.0,45.7,35.8,5.8,8.2,6436.0,6446,74
b1d10d08-da110fcb,Adaptive,0.7385943289341397,0.541894655965904,0.9731780369666748,0.4172890920376954,2250,1969,1693,276,557,176,18,9.28,0,18,0.0,9.28,1,0.52,129,66.49,46,23.71,9.31,42.757,37.538,82.512,340.44,15.746,142.86,8.26,74.64,7.333,66.37,45.1,45.8,44.5,45.2,45.8,30.2,5.9,7.8,6433.0,6440,71
b1d10d08-ec660956,Vanilla,0.7028146204242648,0.5372244578468872,0.9898235617279459,0.36641518770947207,2117,1575,1502,73,615,202,0,0.0,0,0,0.0,0.0,0,0.0,0,0.0,202,100.0,10.72,46.356,40.064,86.212,417.49,15.615,162.86,8.196,85.37,7.336,76.48,45.0,45.6,44.3,45.4,45.6,38.0,5.8,8.0,6435.0,6455,84
b1d10d08-ec660956,Adaptive,0.700081346227401,0.481654930346395,0.973355674669348,0.390556439061026,2117,1729,1513,216,604,168,34,16.83,0,34,0.0,16.83,1,0.5,105,51.98,62,30.69,9.47,40.352,35.908,76.9,331.92,14.177,130.93,8.184,75.22,7.248,66.67,44.8,45.3,44.3,45.2,45.3,30.8,5.8,7.8,6453.0,6459,72
b1d22449-117aa773,Vanilla,0.3897661822156761,0.2838969637091555,0.9557613601762638,0.21038289392525583,1193,530,486,44,707,202,0,0.0,0,0,0.0,0.0,0,0.0,0,0.0,202,100.0,9.6,43.12,41.475,83.094,384.51,17.972,168.05,8.332,77.59,7.451,69.45,45.1,45.6,44.4,45.0,45.6,36.1,5.9,8.3,6444.0,6450,72
b1d22449-117aa773,Adaptive,0.3879886521462885,0.2593053114294387,0.9401668005472351,0.22559050451883578,1193,587,488,99,705,148,54,26.73,0,54,0.0,26.73,2,0.99,50,24.75,96,47.52,7.27,31.896,40.622,84.622,284.34,17.204,120.9,8.476,59.38,7.423,52.05,45.2,45.7,44.6,45.4,45.7,35.2,6.0,8.3,6454.0,6459,56
b1d22449-15fb948f,Vanilla,0.24674358139915017,0.163163015769115,0.9841953154574609,0.13333823529411765,500,136,125,11,375,183,0,0.0,0,0,0.0,0.0,0,0.0,0,0.0,183,100.0,8.33,41.841,41.423,82.904,335.92,18.923,154.0,8.512,69.09,7.507,60.98,45.4,45.8,44.8,45.2,45.8,32.5,5.8,8.5,6452.0,6456,65
b1d22449-15fb948f,Adaptive,0.1591965188834154,0.08766638279460086,0.9808622419017312,0.08517241379310346,500,87,81,6,419,38,145,79.23,131,14,71.58,7.65,5,2.73,10,5.46,23,12.57,8.07,40.989,30.871,81.758,240.22,7.252,56.24,10.555,82.15,6.966,54.16,44.3,45.1,44.9,46.4,46.2,8.2,26.1,4.4,6467.0,6479,61
b1d22ed6-f1cac061,Vanilla,0.6338244503294915,0.43500893250494244,0.9713067569085081,0.3386004019003766,4610,3260,3003,257,1607,203,0,0.0,0,0,0.0,0.0,0,0.0,0,0.0,203,100.0,9.54,41.483,41.317,83.29,383.83,17.981,166.9,8.422,77.88,7.47,69.16,45.0,45.6,44.1,45.2,45.6,34.3,5.8,8.1,6467.0,6491,74
b1d22ed6-f1cac061,Adaptive,0.6400970768435607,0.41288323967875334,0.9362894015923694,0.3837373262940914,4610,3921,3099,822,1511,203,0,0.0,0,0,0.0,0.0,1,0.49,184,90.64,18,8.87,10.45,46.177,38.531,80.476,395.57,16.571,170.08,8.511,87.01,7.361,75.32,44.9,45.4,44.6,45.2,45.4,31.6,5.8,8.0,6474.0,6492,82
b1d3907b-2278601b,Vanilla,0.31052922692613594,0.2372919064181886,0.9933428969812829,0.15792420975210203,867,276,271,5,596,202,0,0.0,0,0,0.0,0.0,0,0.0,0,0.0,202,100.0,8.44,37.812,32.888,84.882,268.85,20.701,169.43,8.73,71.15,7.569,61.75,45.2,45.6,44.9,45.4,45.6,16.9,5.8,8.6,6472.0,6474,66
b1d3907b-2278601b,Adaptive,0.3315752557483748,0.2184479702395256,0.9733635209417211,0.18268847646010275,867,330,294,36,573,149,53,26.24,0,53,0.0,26.24,12,5.94,42,20.79,95,47.03,8.76,38.598,36.329,82.83,310.14,13.961,118.79,8.246,70.08,7.267,61.82,44.8,45.3,44.4,45.5,45.5,29.9,7.4,7.9,6449.0,6462,67
b1d4b62c-60aab822,Vanilla,0.8274040919824737,0.6775519978413632,0.9950948905973258,0.43236908201983804,2214,1931,1839,92,375,203,0,0.0,0,0,0.0,0.0,0,0.0,0,0.0,203,100.0,10.73,47.884,38.73,81.842,416.95,15.733,167.23,8.097,85.06,7.383,77.61,44.8,45.3,44.0,44.7,45.3,33.6,5.8,8.1,6432.0,6436,84
b1d4b62c-60aab822,Adaptive,0.8262958671906326,0.6214869087407712,0.978070666598128,0.464419005444149,2214,2137,1856,281,358,176,27,13.3,0,27,0.0,13.3,1,0.49,124,61.08,51,25.12,9.02,39.701,40.249,81.99,355.69,16.35,144.6,8.31,73.2,7.366,64.95,44.8,45.2,44.1,44.6,45.2,36.5,5.8,7.4,6440.0,6465,70
b1d59b1f-a38aec79,Vanilla,0.5080646239253079,0.3800758422864774,0.6981581131715663,0.39681666483294825,298,366,210,156,88,168,0,0.0,0,0,0.0,0.0,0,0.0,0,0.0,168,100.0,8.35,44.486,40.221,78.5,324.67,16.868,137.36,8.239,66.82,7.402,60.07,44.9,45.2,43.5,44.2,45.2,35.4,5.8,7.8,6461.0,6476,66
b1d59b1f-a38aec79,Adaptive,0.40936480512270434,0.2706706491372207,0.6073772502876726,0.35974320115909203,298,403,189,214,109,114,54,32.14,0,54,0.0,32.14,1,0.6,28,16.67,85,50.6,6.61,33.805,37.773,70.178,238.15,13.752,87.87,7.95,50.51,7.228,46.0,44.5,44.9,43.9,44.7,44.9,35.5,5.8,7.9,6463.0,6473,51
b1d7b3ac-0bdb47dc,Vanilla,0.7643376109016996,0.6047541931590436,0.9928098222970873,0.39360260855587953,1480,1177,1139,38,341,202,0,0.0,0,0,0.0,0.0,0,0.0,0,0.0,202,100.0,9.97,44.658,39.491,83.646,386.25,17.023,166.7,8.203,80.1,7.419,72.5,44.8,45.2,43.3,43.7,45.2,30.6,5.8,8.3,6470.0,6473,78
b1d7b3ac-0bdb47dc,Adaptive,0.7123504633130672,0.4923153751811049,0.963137333624648,0.4070619176118396,1480,1282,1084,198,396,165,37,18.32,0,37,0.0,18.32,1,0.5,76,37.62,88,43.56,8.58,37.817,39.236,82.58,325.66,16.256,136.83,8.176,68.53,7.369,61.84,44.8,45.2,43.9,44.6,45.2,33.5,5.8,8.0,6493.0,6521,67
b1d7b3ac-36f2d3b7,Vanilla,0.8762939952240683,0.6674452385034879,0.9894322011120669,0.4658884074545367,724,686,640,46,84,176,0,0.0,0,0,0.0,0.0,0,0.0,0,0.0,176,100.0,9.76,49.5,40.768,71.476,385.35,14.601,138.55,7.851,74.29,7.276,68.95,44.5,45.0,43.6,44.2,45.0,43.1,5.7,7.9,6483.0,6499,75
b1d7b3ac-36f2d3b7,Adaptive,0.7857253479864794,0.5193703795545699,0.9522313563924596,0.45921374597947023,724,718,590,128,134,120,56,31.82,13,43,7.39,24.43,2,1.14,44,25.0,74,42.05,7.4,36.676,35.597,81.256,253.12,12.776,90.79,8.21,58.56,7.19,51.31,44.2,45.0,43.8,45.3,45.3,32.1,8.0,6.8,6461.0,6475,57
b1d7b3ac-5744370e,Vanilla,0.6768495901044931,0.5370867787946634,0.9898038153153023,0.36539533506366817,556,413,379,34,177,198,0,0.0,0,0,0.0,0.0,0,0.0,0,0.0,198,100.0,9.47,43.123,39.389,80.936,365.1,17.595,163.02,8.257,76.35,7.43,68.76,44.7,45.3,43.8,44.3,45.3,33.3,5.8,8.0,6465.0,6476,75
b1d7b3ac-5744370e,Adaptive,0.5922521303553354,0.41577452392335046,0.9364394156356016,0.3485569683787853,556,430,347,83,209,142,56,28.28,9,47,4.55,23.74,3,1.52,28,14.14,111,56.06,7.46,33.303,39.354,82.164,285.28,16.758,122.0,8.44,60.93,7.379,53.42,44.8,45.3,44.1,45.8,45.8,30.1,7.5,8.2,6456.0,6461,59
b1d7b3ac-995f9d8a,Vanilla,0.8286451118402448,0.6456069707487531,0.9799347616338109,0.4460269678812725,755,693,637,56,118,189,0,0.0,0,0,0.0,0.0,0,0.0,0,0.0,189,100.0,9.53,44.75,42.295,81.894,393.0,16.436,151.78,8.142,75.19,7.395,68.4,44.7,45.3,43.6,44.6,45.3,38.8,5.8,8.0,6450.0,6464,73
b1d7b3ac-995f9d8a,Adaptive,0.7629748996634573,0.5153127842956915,0.9420857177204054,0.4621309326710817,755,768,599,169,156,143,46,24.34,0,46,0.0,24.34,1,0.53,66,34.92,76,40.21,7.79,35.543,39.19,79.804,292.66,14.662,109.77,8.088,60.41,7.293,54.59,44.5,45.1,43.9,44.3,45.1,37.2,5.7,7.9,6437.0,6440,58
b1d7b3ac-9e14f05f,Vanilla,0.8055787335486612,0.6692368773333867,0.9929584645790905,0.41409041478949826,1312,1099,1064,35,248,202,0,0.0,0,0,0.0,0.0,0,0.0,0,0.0,202,100.0,9.94,44.497,42.104,81.002,404.77,17.53,170.35,8.179,79.33,7.444,72.26,44.8,45.2,44.0,44.6,45.2,35.1,5.8,8.6,6445.0,6451,76
b1d7b3ac-9e14f05f,Adaptive,0.7815655889822503,0.5672273062735262,0.9668721819161462,0.44216953308399315,1312,1226,1052,174,260,154,48,23.76,0,48,0.0,23.76,1,0.5,81,40.1,72,35.64,8.81,38.432,37.89,80.138,324.08,14.034,119.87,8.0,68.21,7.262,62.0,44.4,44.9,43.8,44.1,44.9,35.6,5.8,7.5,6462.0,6467,66
b1d7b3ac-afa57f22,Vanilla,0.7997178095853535,0.6494303945798632,0.9995558505411865,0.405895061728395,400,324,320,4,80,170,0,0.0,0,0,0.0,0.0,0,0.0,0,0.0,170,100.0,9.16,48.717,39.139,71.12,346.35,15.429,137.92,7.973,70.96,7.323,65.24,44.4,44.8,43.7,44.1,44.8,36.8,5.8,8.2,6460.0,6466,69
b1d7b3ac-afa57f22,Adaptive,0.7468291571151724,0.5179658503516082,0.9834408877462056,0.4009878419452888,400,329,303,26,97,99,71,41.76,3,68,1.76,40.0,2,1.18,12,7.06,85,50.0,6.11,30.859,33.786,68.574,195.61,12.976,75.22,7.983,46.17,7.185,41.61,44.1,44.5,43.5,44.0,44.5,31.0,6.6,7.4,6460.0,6463,45
b1d968b9-563405f4,Vanilla,0.7244803756023432,0.5784305410414021,0.9355405741028274,0.3811931296295301,2656,2243,2056,187,600,203,0,0.0,0,0,0.0,0.0,0,0.0,0,0.0,203,100.0,11.43,49.742,35.851,71.562,399.63,14.34,159.96,7.899,88.19,7.276,81.35,44.1,44.6,43.4,44.1,44.6,30.4,5.7,7.9,6453.0,6455,88
b1d968b9-563405f4,Adaptive,0.7518933593558161,0.5741747028838932,0.9330267348608733,0.41883210200836035,2656,2447,2135,312,521,172,31,15.27,0,31,0.0,15.27,1,0.49,110,54.19,61,30.05,8.65,37.409,39.632,84.102,333.9,17.017,143.34,8.433,70.74,7.39,62.06,44.4,44.8,43.8,44.4,44.8,31.3,5.8,7.9,6460.0,6465,68
b1d968b9-ce42734f,Vanilla,0.7065208170991639,0.5390550274742129,0.993459499484585,0.36449204438011673,3559,2619,2530,89,1029,203,0,0.0,0,0,0.0,0.0,0,0.0,0,0.0,203,100.0,9.73,42.305,42.659,82.756,405.86,17.62,168.76,8.34,79.5,7.449,71.1,44.6,45.0,43.7,44.4,44.9,34.4,5.8,7.8,6458.0,6474,77
b1d968b9-ce42734f,Adaptive,0.7082582722872541,0.4908644317273896,0.9754799215439297,0.3952952594045684,3559,2934,2567,367,992,183,20,9.85,0,20,0.0,9.85,1,0.49,143,70.44,39,19.21,9.38,40.938,39.526,79.236,360.06,16.499,150.55,8.447,76.77,7.382,67.15,44.5,44.9,44.0,44.5,44.9,33.1,5.8,7.9,6458.0,6464,72
b1d971b4-ac67ca0d,Vanilla,0.7316336097431341,0.5661030298178326,0.9944767421989403,0.3846295967472777,2503,1944,1839,105,664,199,0,0.0,0,0,0.0,0.0,0,0.0,0,0.0,199,100.0,9.31,41.458,41.827,81.638,380.53,18.124,164.37,8.442,76.31,7.481,67.72,44.7,45.2,44.0,44.7,45.2,34.2,5.8,7.8,6458.0,6465,72
b1d971b4-ac67ca0d,Adaptive,0.7291669643093234,0.5108099810980984,0.9751202452616559,0.414209731893486,2503,2167,1854,313,649,177,22,11.06,0,22,0.0,11.06,1,0.5,138,69.35,38,19.1,10.0,44.232,38.448,72.66,372.67,14.435,140.32,8.055,78.0,7.282,70.62,44.3,44.6,43.3,44.3,44.6,35.2,5.7,7.7,6460.0,6469,76
b1d9e136-6c94ea3f,Vanilla,0.7143104171923411,0.5863209680701785,0.9980039529493605,0.36353088994974175,2342,1708,1676,32,666,202,0,0.0,0,0,0.0,0.0,0,0.0,0,0.0,202,100.0,12.04,52.675,37.327,81.708,438.54,13.485,159.32,7.791,91.82,7.231,85.31,44.0,44.5,42.8,43.1,44.5,38.0,5.8,7.4,6460.0,6461,91
b1d9e136-6c94ea3f,Adaptive,0.7233499141681099,0.5550874795421191,0.9891964173561928,0.39097362758262144,2342,1866,1707,159,635,167,35,17.33,0,35,0.0,17.33,1,0.5,107,52.97,59,29.21,10.38,44.662,38.5,75.806,390.72,12.879,131.6,7.848,79.9,7.201,73.37,43.8,44.2,42.6,43.0,44.2,37.4,5.8,7.1,6463.0,6476,78
b1d9e136-9ab25cb3,Vanilla,0.6941080957033151,0.5035117138300828,0.9825590237575276,0.37068659562660844,2942,2243,2074,169,868,202,0,0.0,0,0,0.0,0.0,0,0.0,0,0.0,202,100.0,11.16,48.494,36.916,82.096,400.93,14.976,163.91,8.008,87.34,7.288,79.57,43.9,44.4,43.2,43.7,44.4,32.0,5.9,7.7,6467.0,6475,84
b1d9e136-9ab25cb3,Adaptive,0.7082904535478542,0.489213928518412,0.9617676282661485,0.40769634991439185,2942,2555,2144,411,798,182,20,9.9,0,20,0.0,9.9,1,0.5,134,66.34,47,23.27,9.38,40.888,39.675,83.32,361.09,16.397,149.43,8.418,76.44,7.363,66.91,44.2,44.6,43.3,44.1,44.6,34.1,5.7,7.9,6472.0,6480,73
b1dac7f7-6b2e0382,Vanilla,0.5601508628983332,0.4007743891612655,0.8868413324516747,0.3154727607797619,3637,2636,2296,340,1341,202,0,0.0,0,0,0.0,0.0,0,0.0,0,0.0,202,100.0,9.68,42.385,40.611,82.698,385.35,18.179,172.37,8.45,79.83,7.445,70.38,44.5,44.9,43.9,44.4,44.9,32.4,5.8,8.0,6466.0,6469,76
b1dac7f7-6b2e0382,Adaptive,0.5720410144757968,0.37987144977863774,0.8730737461605951,0.35198260762686023,3637,3011,2368,643,1269,197,5,2.48,0,5,0.0,2.48,1,0.5,167,82.67,29,14.36,11.25,49.67,36.719,74.784,398.17,14.191,155.58,8.058,88.03,7.251,79.27,44.1,44.4,42.9,43.3,44.4,34.8,5.7,7.7,6465.0,6467,87
b1db7e22-cfa74dc3,Vanilla,0.4636876808815186,0.3641288332113011,0.9753532186873324,0.251469192513572,1420,742,673,69,747,203,0,0.0,0,0,0.0,0.0,0,0.0,0,0.0,203,100.0,9.64,43.009,44.462,83.052,415.97,18.085,171.51,8.419,79.52,7.463,70.57,44.4,44.8,43.2,44.0,44.8,35.7,5.8,7.9,6477.0,6487,76
b1db7e22-cfa74dc3,Adaptive,0.47628772380970197,0.34408317920696274,0.9563545277365382,0.2708234810321785,1420,822,702,120,718,159,44,21.67,0,44,0.0,21.67,1,0.49,69,33.99,89,43.84,8.76,38.151,38.076,75.506,322.47,14.662,125.63,7.985,68.34,7.287,62.45,44.2,44.7,43.4,44.0,44.7,37.6,5.7,7.7,6476.0,6483,68
b1dce572-c6a8cb5e,Vanilla,0.7153690803004076,0.5699578312217688,0.998228916919029,0.36756681979667943,2542,1874,1821,53,721,202,0,0.0,0,0,0.0,0.0,0,0.0,0,0.0,202,100.0,11.06,48.083,36.648,78.07,396.98,14.857,161.36,7.981,86.44,7.285,78.97,44.1,44.6,43.3,44.0,44.8,33.2,5.8,8.1,6466.0,6472,87
b1dce572-c6a8cb5e,Adaptive,0.7040732456479006,0.5127805075816255,0.9826537572285768,0.3859796370529992,2542,2022,1813,209,729,164,38,18.81,0,38,0.0,18.81,1,0.5,91,45.05,72,35.64,8.36,35.772,41.11,79.326,331.65,16.512,134.01,8.469,68.35,7.366,59.53,44.3,44.6,43.7,44.1,45.2,31.4,5.9,7.5,6467.0,6467,65
b1dd58c1-8b546ba7,Vanilla,0.7442077328126917,0.6013638425669244,0.9986802365958626,0.3775492806877908,2456,1858,1830,28,626,197,0,0.0,0,0,0.0,0.0,0,0.0,0,0.0,197,100.0,10.0,44.81,39.86,80.884,389.66,16.708,163.51,8.249,80.36,7.381,71.94,44.3,44.7,43.6,44.2,45.0,33.3,5.8,8.0,6468.0,6474,78
b1dd58c1-8b546ba7,Adaptive,0.741172397252218,0.5457843269769975,0.9814291526129671,0.4122008146436557,2456,2092,1843,249,613,175,22,11.17,0,22,0.0,11.17,1,0.51,129,65.48,45,22.84,8.8,39.378,39.0,84.194,336.55,17.056,147.31,8.52,73.27,7.374,63.48,44.4,44.8,43.4,44.3,44.8,32.9,5.8,7.9,6477.0,6490,68
b1df722f-57d21f3f,Vanilla,0.5695659652897234,0.4192388265380373,0.9710145901055465,0.31088083114238974,1935,1259,1131,128,804,202,0,0.0,0,0,0.0,0.0,0,0.0,0,0.0,202,100.0,11.12,49.689,38.093,82.022,410.75,14.728,159.83,7.992,86.52,7.3,79.08,44.1,44.6,43.2,43.9,44.6,35.6,5.8,7.9,6469.0,6484,85
b1df722f-57d21f3f,Adaptive,0.5391405998621281,0.35846204067437626,0.9343498668854534,0.32356722609633753,1935,1394,1097,297,838,167,35,17.33,0,35,0.0,17.33,1,0.5,96,47.52,70,34.65,7.95,35.174,42.656,82.03,327.74,17.757,136.86,8.541,65.64,7.439,57.23,44.4,44.8,43.0,43.4,44.8,35.1,5.8,8.0,6466.0,6475,62
b1df722f-5bcc3db7,Vanilla,0.6287808582868776,0.4107571733505913,0.9595733915301619,0.34907089626301446,1365,1015,890,125,475,202,0,0.0,0,0,0.0,0.0,0,0.0,0,0.0,202,100.0,8.6,38.75,43.142,83.778,357.22,19.922,166.32,8.894,74.07,7.566,63.06,44.7,45.4,43.5,44.0,45.4,35.4,5.6,9.1,6488.0,6494,67
b1df722f-5bcc3db7,Adaptive,0.6096205117963699,0.32382129739285054,0.8869828663663344,0.3850241293098436,1365,1260,914,346,451,183,19,9.41,0,19,0.0,9.41,1,0.5,129,63.86,53,26.24,10.79,47.894,37.924,79.988,402.88,13.745,146.0,7.884,83.5,7.257,76.89,44.3,44.8,43.0,43.4,44.8,39.3,5.8,7.8,6471.0,6486,82
b1e0c01d-dd9e6e2f,Vanilla,0.7136038635251942,0.510177893313163,0.9841398016495306,0.38748738197118177,2054,1635,1484,151,570,202,0,0.0,0,0,0.0,0.0,0,0.0,0,0.0,202,100.0,11.17,48.82,36.664,73.28,401.46,14.632,160.91,7.96,87.17,7.286,79.86,44.0,44.3,42.9,43.7,44.4,34.6,5.7,8.1,6480.0,6503,85
b1e0c01d-dd9e6e2f,Adaptive,0.7013754313048706,0.46475574799335523,0.9506008110562995,0.4171866311989162,2054,1865,1489,376,565,175,27,13.37,0,27,0.0,13.37,1,0.5,120,59.41,54,26.73,9.36,40.68,40.241,74.228,366.9,15.363,139.84,8.184,74.2,7.304,66.32,44.0,44.3,43.4,43.9,44.3,36.8,5.8,8.2,6499.0,6504,72
b1e1a7b8-0aec80e8,Vanilla,0.6497520755831278,0.47551949265608284,0.9837409417986244,0.34019754912240574,1982,1381,1308,73,674,203,0,0.0,0,0,0.0,0.0,0,0.0,0,0.0,203,100.0,9.75,42.554,41.304,83.088,392.24,17.846,169.45,8.47,80.03,7.443,70.4,44.3,44.7,43.7,44.2,44.8,36.4,5.9,8.4,6494.0,6499,74
b1e1a7b8-0aec80e8,Adaptive,0.6626164364487688,0.4612348526776516,0.9680905001740767,0.3722287685947724,1982,1550,1348,202,634,163,40,19.7,0,40,0.0,19.7,1,0.49,94,46.31,68,33.5,8.42,36.16,41.522,75.982,340.49,16.195,132.94,8.402,68.77,7.34,60.17,44.2,44.8,43.8,44.7,44.8,36.7,5.8,7.6,6482.0,6488,65
b1e1a7b8-65ec7612,Vanilla,0.6589771485924172,0.5005838919750584,0.9859005137088539,0.349989102005231,1860,1332,1241,91,619,202,0,0.0,0,0,0.0,0.0,0,0.0,0,0.0,202,100.0,9.01,39.941,43.826,83.28,384.85,19.574,172.26,8.816,77.27,7.52,65.95,44.7,45.1,44.4,45.0,45.1,34.0,5.8,8.3,6478.0,6484,71
b1e1a7b8-65ec7612,Adaptive,0.6576122362088634,0.45273699307350224,0.9558269947936878,0.37909038070328394,1860,1517,1266,251,594,169,33,16.34,0,33,0.0,16.34,1,0.5,114,56.44,54,26.73,10.07,43.509,34.048,67.922,333.0,13.241,130.26,7.849,76.89,7.21,70.71,44.1,44.4,43.3,44.1,44.4,35.9,5.7,7.6,6491.0,6496,79
b1e1a7b8-a7426a97,Vanilla,0.6386507066490236,0.5029742564638012,0.9968479967281803,0.32915855334746,1838,1216,1177,39,661,203,0,0.0,0,0,0.0,0.0,0,0.0,0,0.0,203,100.0,9.79,43.387,39.241,79.116,378.03,17.855,171.87,8.248,79.08,7.455,71.54,44.4,44.8,43.5,43.8,44.8,34.3,5.8,8.1,6494.0,6499,77
b1e1a7b8-a7426a97,Adaptive,0.6433523050763302,0.4697800628167341,0.9773956759509804,0.36026372769038095,1838,1378,1201,177,637,181,22,10.84,0,22,0.0,10.84,1,0.49,110,54.19,70,34.48,9.97,43.87,38.389,79.95,376.06,14.977,147.15,8.005,78.32,7.293,71.43,44.1,44.6,43.4,44.0,44.6,35.7,5.8,7.6,6502.0,6515,78
b1e1a7b8-b397c445,Vanilla,0.5720667137807964,0.4362690920261871,0.9822372175251487,0.3060609730056301,1561,984,907,77,654,202,0,0.0,0,0,0.0,0.0,0,0.0,0,0.0,202,100.0,8.96,39.999,46.406,85.528,404.57,19.808,172.34,8.654,74.97,7.542,65.38,44.7,45.1,43.8,44.9,45.1,36.9,5.9,8.5,6499.0,6503,69
b1e1a7b8-b397c445,Adaptive,0.5713631673277642,0.39884929999731733,0.954867495041465,0.3334766438169234,1561,1122,922,200,639,171,31,15.35,0,31,0.0,15.35,1,0.5,97,48.02,73,36.14,8.11,35.77,42.19,82.118,329.44,18.232,143.93,8.589,67.55,7.452,58.67,44.7,45.1,44.1,44.7,45.1,34.2,5.8,8.3,6502.0,6514,64
b1e2346e-c5f98707,Vanilla,0.5472238710957413,0.4302443547616425,0.9995626440545673,0.27753865773951863,369,204,202,2,167,140,0,0.0,0,0,0.0,0.0,0,0.0,0,0.0,140,100.0,6.23,40.528,38.337,83.252,230.4,19.151,115.96,8.597,51.84,7.511,45.33,44.8,45.3,44.1,44.7,45.3,28.2,5.8,7.7,6492.0,6495,49
b1e2346e-c5f98707,Adaptive,0.2566471291507535,0.15956802741065704,0.9200828725931066,0.15380446112153426,369,130,101,29,268,40,100,71.43,88,12,62.86,8.57,2,1.43,13,9.29,25,17.86,6.03,39.497,33.71,82.298,190.33,7.968,44.67,10.522,60.66,6.981,40.05,43.9,44.7,43.9,45.4,45.4,11.0,23.5,4.3,6502.0,6508,45
b1e3e9f5-92377424,Vanilla,0.5924146843719698,0.4519459689278432,0.9090567691170105,0.3133870499053822,3358,2437,2188,249,1170,203,0,0.0,0,0,0.0,0.0,0,0.0,0,0.0,203,100.0,9.75,42.476,41.816,84.706,395.7,17.921,170.52,8.432,80.17,7.457,70.95,44.5,45.0,43.4,43.9,45.1,35.1,5.8,8.5,6498.0,6507,77
b1e3e9f5-92377424,Adaptive,0.5931366489764204,0.4229786050545745,0.8955111852459077,0.3377879454233792,3358,2624,2220,404,1138,172,31,15.27,0,31,0.0,15.27,1,0.49,111,54.68,60,29.56,9.29,39.872,39.797,80.682,361.84,15.337,139.97,8.31,75.46,7.289,66.26,44.3,44.6,43.4,44.0,44.6,34.1,5.8,8.1,6509.0,6526,73
b1e62c91-eca210a9,Vanilla,0.6751719788843142,0.49641245071796536,0.9916901870106445,0.34945321909245364,1571,1112,1069,43,502,181,0,0.0,0,0,0.0,0.0,0,0.0,0,0.0,181,100.0,8.65,43.291,41.625,84.33,350.37,17.741,149.19,8.38,70.16,7.426,62.24,44.3,44.8,43.6,44.1,44.8,34.2,5.8,7.7,6504.0,6511,68
b1e62c91-eca210a9,Adaptive,0.6717162736203344,0.4502133563607299,0.9733300340071309,0.38018943348185874,1571,1250,1075,175,496,149,32,17.68,9,23,4.97,12.71,2,1.1,84,46.41,63,34.81,9.0,44.767,37.044,69.264,323.33,13.52,118.35,8.068,70.35,7.227,63.08,44.0,44.3,43.4,45.1,45.1,34.6,6.8,7.9,6502.0,6505,70
b1e6efc0-2552cc5d,Vanilla,0.6069319881627522,0.46145265356214277,0.9870687380721729,0.3186773771422264,884,574,543,31,341,203,0,0.0,0,0,0.0,0.0,0,0.0,0,0.0,203,100.0,10.39,46.035,40.89,84.514,411.62,16.558,168.1,8.111,82.02,7.379,74.69,44.2,44.6,43.5,43.9,44.6,34.9,5.8,8.1,6480.0,6482,80
b1e6efc0-2552cc5d,Adaptive,0.5893236696595756,0.40207176766973074,0.9687441991245818,0.33663710407239816,884,625,533,92,351,137,66,32.51,0,66,0.0,32.51,1,0.49,48,23.65,88,43.35,7.92,33.67,38.229,70.694,292.49,14.028,108.47,7.935,61.15,7.226,55.76,43.9,44.3,42.9,43.6,44.3,39.3,5.7,7.9,6509.0,6524,62
b1e88fd2-c1e4fd2b,Vanilla,0.45468313896651663,0.3261880953783124,0.9985952870259226,0.23064071788078352,1241,573,565,8,676,193,0,0.0,0,0,0.0,0.0,0,0.0,0,0.0,193,100.0,9.4,44.072,40.439,82.596,365.85,17.252,158.6,8.348,76.44,7.417,67.96,44.3,44.6,43.4,43.8,44.6,33.2,5.8,7.7,6503.0,6508,73
b1e88fd2-c1e4fd2b,Adaptive,0.45721059160029354,0.3060941541628359,0.9929089062519241,0.2379315324945976,1241,597,571,26,670,90,103,53.37,59,44,30.57,22.8,7,3.63,23,11.92,60,31.09,7.92,36.828,35.747,71.2,272.77,10.49,79.53,9.439,71.94,7.1,54.03,43.6,44.2,43.3,44.8,44.8,24.2,15.6,5.8,6506.0,6521,60
b1e8ad72-c3c79240,Vanilla,0.7771718800522788,0.6640174939089943,0.9982638812556746,0.3970596912570922,979,779,762,17,217,203,0,0.0,0,0,0.0,0.0,0,0.0,0,0.0,203,100.0,10.75,47.797,38.947,72.85,406.51,15.427,162.51,7.927,83.31,7.326,77.07,43.9,44.2,43.1,43.5,44.2,34.5,5.8,8.2,6530.0,6543,85
b1e8ad72-c3c79240,Adaptive,0.7662173661064997,0.5865383311214952,0.9870531222300296,0.4172729107668218,979,835,757,78,222,150,53,26.11,0,53,0.0,26.11,1,0.49,50,24.63,99,48.77,8.38,36.23,39.304,70.658,317.21,14.792,119.71,8.092,65.22,7.284,58.77,43.9,44.2,43.1,43.7,44.2,37.1,5.7,8.0,6503.0,6508,65
b1e9ee0e-67e26f2e,Vanilla,0.42825904925903713,0.30288442379823066,0.9927321281332311,0.22460132723629658,4556,2073,1963,110,2593,203,0,0.0,0,0,0.0,0.0,0,0.0,0,0.0,203,100.0,10.58,46.297,38.647,80.208,399.09,15.718,162.4,8.128,83.71,7.337,75.63,44.0,44.3,43.2,43.8,44.3,35.2,5.8,8.0,6492.0,6497,83
b1e9ee0e-67e26f2e,Adaptive,0.4285195757424063,0.29091430608421726,0.9815931009083984,0.22657276284433644,4556,2128,1986,142,2570,134,69,33.99,0,69,0.0,33.99,1,0.49,37,18.23,96,47.29,7.27,30.674,40.486,83.55,287.32,15.335,108.85,8.285,58.41,7.277,51.36,43.9,44.5,43.4,44.1,44.5,36.6,5.8,7.6,6496.0,6498,57
b1ea0ae4-4f770228,Vanilla,0.8236639251770186,0.6817277312750608,0.99596151657481,0.4242234611446125,1598,1364,1321,43,277,200,0,0.0,0,0,0.0,0.0,0,0.0,0,0.0,200,100.0,10.11,45.311,41.054,79.696,408.36,16.731,166.26,8.102,80.16,7.425,73.54,44.0,44.3,43.2,43.8,44.3,35.3,5.8,8.5,6503.0,6509,80
b1ea0ae4-4f770228,Adaptive,0.8026827192546709,0.5980967272652765,0.9744615299345741,0.45655060629065025,1598,1525,1304,221,294,158,42,21.0,0,42,0.0,21.0,2,1.0,86,43.0,70,35.0,8.91,39.355,37.971,82.048,330.9,14.362,124.84,8.034,69.65,7.275,63.16,43.8,44.3,43.1,43.8,44.3,36.8,5.9,7.3,6513.0,6526,70
b1eb9133-5cc75c18,Vanilla,0.36160679020696485,0.23783073245490813,0.9395946179967368,0.20447400157545084,567,253,217,36,350,121,0,0.0,0,0,0.0,0.0,0,0.0,0,0.0,121,100.0,5.82,43.384,40.446,79.498,224.89,17.526,98.51,8.351,46.64,7.436,41.57,44.2,44.5,43.4,43.8,44.5,35.4,5.9,7.8,6511.0,6513,45
b1eb9133-5cc75c18,Adaptive,0.2384835561155854,0.1287359677688797,0.8833149622816632,0.15116179517474018,567,206,149,57,418,43,78,64.46,73,5,60.33,4.13,4,3.31,22,18.18,17,14.05,5.48,41.383,36.185,79.546,187.9,8.514,43.87,10.401,54.28,7.017,36.52,43.4,44.2,43.4,44.9,44.9,17.5,23.5,4.9,6520.0,6527,41
b1ebfc3c-740ec84a,Vanilla,0.5684724330254975,0.41606847978275663,0.9978849681921099,0.29043910365516357,2272,1324,1294,30,978,203,0,0.0,0,0,0.0,0.0,0,0.0,0,0.0,203,100.0,10.26,45.315,40.406,84.708,400.68,16.77,167.15,8.188,81.41,7.399,73.63,44.0,44.5,43.1,43.9,44.5,34.6,5.9,7.9,6513.0,6521,78
b1ebfc3c-740ec84a,Adaptive,0.5857359501809175,0.40655997393081333,0.9916717223738827,0.31538725129317857,2272,1454,1338,116,934,163,40,19.7,0,40,0.0,19.7,1,0.49,96,47.29,66,32.51,9.83,42.511,36.754,70.318,354.99,13.166,126.86,7.862,75.53,7.214,69.37,43.6,44.1,42.8,43.5,44.1,33.6,5.8,7.3,6515.0,6520,76
b1ebfc3c-cc9c2bb8,Vanilla,0.6324107711145055,0.4660554492729128,0.9940075370133575,0.32496514930021936,1849,1212,1176,36,673,202,0,0.0,0,0,0.0,0.0,0,0.0,0,0.0,202,100.0,9.35,41.709,44.932,81.616,410.41,18.848,173.14,8.488,77.63,7.486,68.53,44.3,44.7,42.8,43.2,44.7,35.8,5.8,8.3,6520.0,6531,73
b1ebfc3c-cc9c2bb8,Adaptive,0.6517952899688471,0.43817871298529765,0.9794103982528265,0.3624406369670965,1849,1388,1223,165,626,162,40,19.8,0,40,0.0,19.8,3,1.49,96,47.52,63,31.19,8.91,39.111,39.258,78.338,341.62,14.759,127.99,8.076,69.78,7.305,63.24,43.9,44.6,43.1,44.1,44.6,34.9,6.1,7.4,6510.0,6516,69
b1ee702d-0ae1fc10,Vanilla,0.572082184797691,0.40735346771495495,0.9766148194555383,0.3117955583556466,1400,907,817,90,583,203,0,0.0,0,0,0.0,0.0,0,0.0,0,0.0,203,100.0,9.61,42.656,43.618,82.41,409.98,17.985,169.16,8.406,78.91,7.472,70.22,44.2,44.8,43.4,43.9,44.8,35.7,5.8,8.1,6497.0,6499,74
b1ee702d-0ae1fc10,Adaptive,0.578150719539082,0.37561306337283334,0.9500659073211106,0.3379712060091807,1400,1027,841,186,559,159,44,21.67,0,44,0.0,21.67,1,0.49,80,39.41,78,38.42,8.0,34.798,42.564,80.63,325.48,16.749,129.71,8.369,64.56,7.383,56.99,44.3,44.6,43.5,44.2,44.6,35.4,5.8,8.2,6508.0,6520,62
b1ee702d-4a193906,Vanilla,0.341298813005836,0.23217191707075607,0.9889798081149093,0.17957968323411438,1622,593,559,34,1063,203,0,0.0,0,0,0.0,0.0,0,0.0,0,0.0,203,100.0,9.97,44.877,39.739,80.29,383.89,17.194,166.96,8.16,78.95,7.421,71.86,44.3,44.7,43.4,43.9,44.8,33.3,5.8,8.2,6504.0,6507,77
b1ee702d-4a193906,Adaptive,0.3404503464518479,0.21295002880150932,0.9601753119673632,0.19594620361778128,1622,679,569,110,1053,123,80,39.41,60,20,29.56,9.85,4,1.97,67,33.0,52,25.62,10.0,45.039,34.705,72.692,338.76,11.116,108.96,8.83,85.92,7.139,69.63,43.7,44.3,43.6,45.2,45.2,25.6,13.9,7.0,6507.0,6526,76
b1f022d3-45162c67,Vanilla,0.7081620314526114,0.5214787228914017,0.9980942444186045,0.36071583385226075,1373,993,974,19,399,202,0,0.0,0,0,0.0,0.0,0,0.0,0,0.0,202,100.0,10.24,45.053,39.977,79.242,400.55,16.589,167.01,8.192,82.18,7.396,74.28,44.0,44.5,43.2,43.7,44.5,34.3,5.8,8.0,6517.0,6527,81
b1f022d3-45162c67,Adaptive,0.7061277155346667,0.4904565541921591,0.9847133352088827,0.3837946440302032,1373,1081,981,100,392,141,61,30.2,0,61,0.0,30.2,1,0.5,66,32.67,74,36.63,7.57,32.153,41.472,79.346,302.64,15.518,113.98,8.259,60.41,7.322,53.64,43.9,44.4,43.4,44.1,44.4,36.2,5.8,7.3,6520.0,6522,59
b1f0efd9-37a14dda,Vanilla,0.740964765233096,0.5625170250831684,0.9974240786874526,0.3797221672895948,1667,1271,1238,33,429,203,0,0.0,0,0,0.0,0.0,0,0.0,0,0.0,203,100.0,12.65,55.583,33.83,62.32,420.78,12.53,155.87,7.566,93.88,7.179,89.15,43.5,43.8,42.7,43.2,43.8,32.6,5.8,7.4,6513.0,6518,95
b1f0efd9-37a14dda,Adaptive,0.7344909549244496,0.5080436288371206,0.9836784833779251,0.3997666160198617,1667,1370,1240,130,427,158,45,22.17,0,45,0.0,22.17,3,1.48,76,37.44,79,38.92,8.14,35.224,40.008,80.76,316.89,16.61,132.62,8.441,67.03,7.347,58.4,43.8,44.2,43.2,44.0,44.2,33.6,6.2,7.9,6507.0,6512,64
b1f0efd9-e900c6e5,Vanilla,0.7259632867748651,0.5738123528398184,0.995837377719539,0.3715579926886009,2006,1500,1462,38,544,202,0,0.0,0,0,0.0,0.0,0,0.0,0,0.0,202,100.0,9.72,42.903,43.178,83.62,405.91,17.778,168.04,8.367,78.81,7.422,69.96,44.1,44.6,43.4,44.0,44.6,34.3,5.9,8.2,6503.0,6511,76
b1f0efd9-e900c6e5,Adaptive,0.7003853490851444,0.48813537531143664,0.9737019429499343,0.38959451919470944,2006,1635,1434,201,572,173,29,14.36,0,29,0.0,14.36,1,0.5,89,44.06,83,41.09,10.7,46.589,39.296,63.728,413.62,12.67,133.19,7.751,81.22,7.172,75.26,43.6,43.9,42.8,43.7,43.9,44.8,5.8,7.3,6502.0,6503,83
b1f20aa0-3401c3bf,Vanilla,0.4986371704011763,0.3448613921062657,0.9941496099822081,0.25483639561253296,2050,1054,1028,26,1022,202,0,0.0,0,0,0.0,0.0,0,0.0,0,0.0,202,100.0,10.18,45.788,42.096,82.636,415.5,16.877,167.78,8.157,80.75,7.385,73.15,43.9,44.5,43.1,43.8,44.5,36.4,5.8,8.4,6504.0,6507,78
b1f20aa0-3401c3bf,Adaptive,0.5118586397858388,0.33195237846212367,0.9853907533222636,0.27527934846822516,2050,1156,1062,94,988,152,50,24.75,3,47,1.49,23.27,4,1.98,68,33.66,80,39.6,8.91,39.39,39.675,83.368,340.9,13.906,120.09,8.09,69.89,7.257,62.82,43.7,44.2,42.5,43.5,44.2,42.1,6.8,7.0,6519.0,6539,68
b1f20aa0-50213047,Vanilla,0.2484740359415685,0.20339363196784205,0.9952800906482909,0.12840450393031655,1046,270,261,9,785,203,0,0.0,0,0,0.0,0.0,0,0.0,0,0.0,203,100.0,9.99,44.143,40.819,83.644,400.15,17.276,169.94,8.254,80.89,7.425,72.84,44.1,44.5,42.7,43.9,44.7,34.0,5.8,8.3,6493.0,6507,78
b1f20aa0-50213047,Adaptive,0.24346665957496902,0.19007715816829723,0.9868499741394768,0.13309926480489054,1046,284,257,27,789,113,90,44.33,0,90,0.0,44.33,1,0.49,13,6.4,99,48.77,6.99,28.943,32.124,60.956,214.27,12.39,83.38,7.837,52.46,7.187,48.18,43.6,43.9,42.6,43.0,43.9,28.2,5.6,7.5,6518.0,6524,53
b1f20aa0-6ef1db42,Vanilla,0.5298431548020694,0.3753520957406588,0.9832817616410823,0.28206187152337137,2129,1234,1145,89,984,202,0,0.0,0,0,0.0,0.0,0,0.0,0,0.0,202,100.0,10.5,47.466,36.919,79.998,378.19,15.951,163.74,8.013,82.26,7.354,75.57,43.8,44.4,42.9,43.5,44.4,31.2,5.8,8.1,6505.0,6506,80
b1f20aa0-6ef1db42,Adaptive,0.5427696552813934,0.3297937877663765,0.9540905395240497,0.31778055167710095,2129,1460,1195,265,934,176,26,12.87,0,26,0.0,12.87,1,0.5,121,59.9,54,26.73,8.27,37.272,41.309,82.128,331.55,18.493,148.63,8.609,68.9,7.48,59.93,44.3,44.8,42.9,43.3,44.8,32.8,5.8,8.3,6509.0,6514,65
b1f25ff6-1ddb7e43,Vanilla,0.7892806776456041,0.6377766271574683,0.992934708926459,0.40950974302676624,1294,1070,1028,42,266,203,0,0.0,0,0,0.0,0.0,0,0.0,0,0.0,203,100.0,9.83,43.254,41.112,81.4,394.76,17.6,169.36,8.376,80.34,7.446,71.46,44.3,44.7,43.5,44.0,44.7,34.7,5.8,7.9,6510.0,6512,77
b1f25ff6-1ddb7e43,Adaptive,0.7451766366313426,0.5289322592313941,0.9682041688900386,0.42858849290623346,1294,1171,985,186,309,154,49,24.14,0,49,0.0,24.14,1,0.49,77,37.93,76,37.44,9.06,38.663,34.509,69.628,303.9,13.577,119.27,7.876,69.07,7.218,63.39,43.8,44.2,43.1,43.8,44.2,28.5,5.8,7.6,6513.0,6518,70
b1f4491b-07b32e8c,Vanilla,0.6416539240134199,0.485924105496992,0.9659336398570978,0.358174823287844,1818,1378,1200,178,618,203,0,0.0,0,0,0.0,0.0,0,0.0,0,0.0,203,100.0,10.56,46.246,40.674,81.926,420.69,16.011,166.54,8.101,84.01,7.364,76.42,43.9,44.4,43.1,43.7,44.4,34.3,5.8,7.9,6514.0,6520,84
b1f4491b-07b32e8c,Adaptive,0.6253624766170557,0.42779180927663224,0.9204587540768151,0.3848859791876302,1818,1594,1207,387,611,175,28,13.79,0,28,0.0,13.79,1,0.49,114,56.16,60,29.56,9.3,40.404,38.04,78.458,345.09,15.504,141.61,8.191,74.58,7.329,66.82,43.9,44.5,43.3,43.9,44.8,35.5,5.7,7.6,6524.0,6527,73
b1f4491b-09593e90,Vanilla,0.6004135748807171,0.4832786279239576,0.9883505104605932,0.3155338877964749,1142,733,693,40,449,202,0,0.0,0,0,0.0,0.0,0,0.0,0,0.0,202,100.0,10.08,44.863,41.986,80.7,410.54,16.542,162.4,8.159,79.81,7.379,72.27,44.1,44.5,42.9,43.9,44.5,38.1,5.7,8.0,6551.0,6568,79
b1f4491b-09593e90,Adaptive,0.6188228234387622,0.45581802184596143,0.9792755729182114,0.3381177664930003,1142,797,719,78,423,142,60,29.7,0,60,0.0,29.7,1,0.5,48,23.76,93,46.04,8.66,37.732,34.067,57.642,283.92,12.226,102.96,7.827,65.68,7.203,60.52,43.6,43.9,42.5,43.5,43.9,36.2,5.4,7.6,6529.0,6538,67
b1f4491b-16256d7c,Vanilla,0.6564406125192834,0.4737519080975283,0.9446763943385829,0.3729668860499429,2797,2272,1930,342,867,202,0,0.0,0,0,0.0,0.0,0,0.0,0,0.0,202,100.0,9.63,42.875,39.227,79.516,366.06,17.584,165.63,8.42,79.02,7.465,70.1,44.0,44.3,42.7,42.9,44.3,33.3,5.7,8.9,6525.0,6528,75
b1f4491b-16256d7c,Adaptive,0.6505724501698676,0.4320217680356625,0.9111522887880371,0.4020259433633059,2797,2587,1955,632,842,189,13,6.44,0,13,0.0,6.44,1,0.5,139,68.81,49,24.26,10.45,46.554,35.106,78.302,358.44,14.637,149.44,8.162,82.92,7.294,74.2,43.8,44.3,42.6,43.0,44.3,30.6,5.6,8.0,6524.0,6528,81
b1f4491b-33824f31,Vanilla,0.6284609193742964,0.4415924049324359,0.9042569652650453,0.35622432202864635,2610,2102,1810,292,800,202,0,0.0,0,0,0.0,0.0,0,0.0,0,0.0,202,100.0,10.86,47.204,38.861,80.416,413.71,15.171,161.45,8.066,85.71,7.291,77.59,43.7,44.2,42.8,43.4,44.2,33.6,5.8,7.2,6549.0,6563,83
b1f4491b-33824f31,Adaptive,0.6269703053027929,0.40695956212800255,0.8834979825831405,0.38992604995116503,2610,2389,1829,560,781,177,25,12.38,0,25,0.0,12.38,1,0.5,128,63.37,48,23.76,9.52,41.241,39.662,77.872,368.41,15.465,143.37,8.219,75.93,7.291,67.45,43.7,44.2,43.0,43.6,44.2,32.9,5.8,7.7,6541.0,6544,74
b1f4491b-846d8cb2,Vanilla,0.5809520353772465,0.4889833296008253,0.9228154530027461,0.33492945359381787,1567,1190,976,214,591,202,0,0.0,0,0,0.0,0.0,0,0.0,0,0.0,202,100.0,9.93,43.785,42.099,82.306,406.11,17.211,167.26,8.37,81.03,7.416,71.86,44.0,44.5,43.4,43.9,44.5,35.5,5.9,7.8,6523.0,6530,78
b1f4491b-846d8cb2,Adaptive,0.5568537955720461,0.4348354328964115,0.8865853484140955,0.34120633124760436,1567,1277,967,310,600,156,46,22.77,0,46,0.0,22.77,1,0.5,61,30.2,94,46.53,8.34,35.935,37.638,70.884,306.37,15.473,126.76,8.202,66.86,7.327,59.77,43.9,44.3,43.3,43.8,44.3,33.5,5.8,8.3,6534.0,6542,65
b1f4491b-97465266,Vanilla,0.5747252462047578,0.4329625917590306,0.9397239339574887,0.33024450690603563,1845,1345,1117,228,728,203,0,0.0,0,0,0.0,0.0,0,0.0,0,0.0,203,100.0,9.76,42.764,42.443,83.25,407.33,17.651,169.59,8.399,80.45,7.458,71.49,44.1,44.6,43.4,44.0,44.6,35.3,5.8,8.3,6519.0,6523,75
b1f4491b-97465266,Adaptive,0.5799018343715803,0.4177562277258543,0.9130248485004623,0.34688605509095305,1845,1467,1155,312,690,161,42,20.69,0,42,0.0,20.69,1,0.49,85,41.87,75,36.95,8.58,36.87,37.801,82.514,312.41,15.404,128.73,8.143,67.82,7.32,61.07,43.8,44.5,43.3,44.2,44.5,37.6,5.8,7.7,6527.0,6532,66
b1f4491b-9958bd99,Vanilla,0.6617700089284848,0.4684234547740728,0.935980371826287,0.3719965331615817,2775,2266,1953,313,822,202,0,0.0,0,0,0.0,0.0,0,0.0,0,0.0,202,100.0,10.66,46.84,39.234,80.11,410.06,15.813,165.11,8.111,84.34,7.346,76.46,43.9,44.3,42.8,43.1,44.3,31.8,5.8,8.1,6535.0,6544,82
b1f4491b-9958bd99,Adaptive,0.6622371426525645,0.4421531770192952,0.9115951086239753,0.4029462351936902,2775,2554,1985,569,790,191,11,5.45,0,11,0.0,5.45,1,0.5,157,77.72,33,16.34,11.04,48.634,37.069,81.628,398.41,14.393,155.38,8.009,86.04,7.266,78.11,43.7,44.1,42.5,42.7,44.1,34.9,5.8,7.7,6539.0,6546,83
b1f4491b-bf7d513f,Vanilla,0.620559654195111,0.49340062946015306,0.9028915925387512,0.3640103145792016,1359,1142,926,216,433,203,0,0.0,0,0,0.0,0.0,0,0.0,0,0.0,203,100.0,10.54,46.76,38.472,83.192,393.23,16.248,166.86,8.126,83.09,7.373,75.45,43.8,44.2,42.6,43.4,44.2,34.3,5.8,8.1,6547.0,6558,80
b1f4491b-bf7d513f,Adaptive,0.5982739123324551,0.43181456598071133,0.8641370982248135,0.3877267004912565,1359,1297,916,381,443,171,32,15.76,0,32,0.0,15.76,1,0.49,95,46.8,75,36.95,9.56,41.851,36.735,81.128,341.16,14.936,138.86,8.05,74.41,7.317,67.74,43.7,44.1,42.4,43.1,44.1,33.2,5.7,7.8,6559.0,6573,73
b1f4491b-cf446195,Vanilla,0.59345129513011,0.4530417204888617,0.9439460899406665,0.32510771325883553,2910,2049,1825,224,1085,202,0,0.0,0,0,0.0,0.0,0,0.0,0,0.0,202,100.0,10.57,46.936,40.209,80.588,415.77,16.297,168.18,8.037,82.66,7.357,75.73,43.8,44.1,43.0,43.5,44.1,33.5,5.9,8.2,6552.0,6565,80
b1f4491b-cf446195,Adaptive,0.5869431797844845,0.3972716033804606,0.8942348610018296,0.3593252489385044,2910,2462,1879,583,1031,200,2,0.99,0,2,0.0,0.99,1,0.5,169,83.66,30,14.85,11.69,52.202,35.83,77.76,409.21,14.084,161.57,7.954,90.86,7.242,82.84,43.5,44.0,42.8,43.4,44.0,33.0,5.8,7.6,6537.0,6539,88
b1f4491b-d8d1459c,Vanilla,0.702185565841438,0.5604444652166249,0.9418736465910982,0.4082735504194273,1508,1354,1111,243,397,203,0,0.0,0,0,0.0,0.0,0,0.0,0,0.0,203,100.0,11.19,49.062,38.62,78.674,420.79,14.802,162.19,7.984,87.08,7.292,79.63,43.5,43.8,42.7,43.1,43.8,34.9,5.8,8.0,6542.0,6547,84
b1f4491b-d8d1459c,Adaptive,0.6816410287824679,0.5091262920919387,0.9046472359089253,0.4165327697863278,1508,1461,1115,346,393,163,40,19.7,0,40,0.0,19.7,1,0.49,82,40.39,80,39.41,9.16,39.393,35.382,81.882,311.04,14.932,133.01,8.03,71.1,7.275,64.45,43.5,44.0,42.8,43.3,44.0,28.9,5.9,7.7,6543.0,6549,69
b1f4491b-dd8dfed5,Vanilla,0.56070724017386,0.42874988479837084,0.9084543644222486,0.31295039123914414,2330,1657,1434,223,896,203,0,0.0,0,0,0.0,0.0,0,0.0,0,0.0,203,100.0,9.61,42.49,41.652,80.886,393.85,18.082,170.55,8.347,78.47,7.463,70.21,43.9,44.4,43.2,43.8,44.4,36.0,5.8,8.3,6554.0,6559,74
b1f4491b-dd8dfed5,Adaptive,0.5513035239171618,0.386793128392681,0.8809042616272174,0.33702332324615397,2330,1865,1441,424,889,183,20,9.85,0,20,0.0,9.85,1,0.49,116,57.14,66,32.51,10.37,45.666,36.243,70.394,366.87,14.237,145.29,7.899,80.36,7.256,73.9,43.5,43.9,43.0,43.6,43.9,32.2,5.7,8.1,6540.0,6548,82
b1f6c103-5ce1f3c6,Vanilla,0.5137840903312088,0.37189112974390387,0.9859521121733094,0.2645253184815313,762,410,397,13,365,179,0,0.0,0,0,0.0,0.0,0,0.0,0,0.0,179,100.0,8.98,45.671,40.72,81.096,354.45,16.913,147.45,8.196,71.15,7.4,64.31,43.8,44.2,43.0,43.4,44.2,34.8,5.8,8.1,6535.0,6544,69
b1f6c103-5ce1f3c6,Adaptive,0.501519569477836,0.3195058959019725,0.9774970486478074,0.2779725308309064,762,438,389,49,373,85,94,52.51,69,25,38.55,13.97,8,4.47,39,21.79,38,21.23,8.32,42.489,31.061,64.52,251.7,9.501,76.75,9.46,76.82,7.073,57.3,43.0,43.9,42.9,44.8,44.8,16.6,17.4,5.4,6528.0,6535,64
b1f6c103-8b75ea3e,Vanilla,0.4467274917225086,0.33725138813402483,0.9946849487697481,0.2322499890681709,2420,1134,1086,48,1334,202,0,0.0,0,0,0.0,0.0,0,0.0,0,0.0,202,100.0,10.6,47.652,38.652,78.68,403.33,15.685,163.65,7.932,82.49,7.344,76.4,43.4,44.0,42.2,42.6,44.0,32.8,5.7,8.1,6519.0,6522,83
b1f6c103-8b75ea3e,Adaptive,0.4517815457602647,0.310374241804635,0.9715594787185914,0.2523835330094645,2420,1281,1118,163,1302,169,33,16.34,0,33,0.0,16.34,1,0.5,104,51.49,64,31.68,10.36,45.896,34.355,68.104,349.69,12.726,129.68,7.729,78.5,7.199,73.23,43.2,43.5,42.0,42.3,43.5,33.4,5.7,7.2,6528.0,6545,79
b1f6c103-b00e8aad,Vanilla,0.46051233940888137,0.3362217477841333,0.9967749468609829,0.23485733485807422,2271,1072,1049,23,1222,202,0,0.0,0,0,0.0,0.0,0,0.0,0,0.0,202,100.0,10.89,48.629,37.979,77.818,406.86,15.36,164.23,7.966,84.93,7.308,77.98,43.4,43.9,42.4,43.1,43.9,34.4,5.8,7.9,6524.0,6541,83
b1f6c103-b00e8aad,Adaptive,0.4776838496824586,0.3212110557955596,0.9824522483020308,0.2574622826304802,2271,1204,1101,103,1170,168,34,16.83,0,34,0.0,16.83,1,0.5,92,45.54,75,37.13,10.93,48.132,33.369,62.104,358.03,11.946,127.84,7.594,81.06,7.156,76.5,43.0,43.2,41.9,42.1,43.2,33.8,5.7,6.9,6524.0,6537,83
b1f85377-44885085,Vanilla,0.6201387313402739,0.43733891692140237,0.8965625404639279,0.3864662077105477,1434,1314,966,348,468,203,0,0.0,0,0,0.0,0.0,0,0.0,0,0.0,203,100.0,10.33,46.126,39.301,80.118,394.94,16.466,165.28,8.132,81.41,7.365,73.82,43.4,44.0,42.1,42.6,44.0,33.5,5.8,8.0,6521.0,6528,78
b1f85377-44885085,Adaptive,0.5855146475029013,0.3720019159880866,0.8299589727970925,0.3912914506963093,1434,1474,973,501,461,170,33,16.26,0,33,0.0,16.26,1,0.49,104,51.23,65,32.02,10.93,48.129,35.821,59.068,383.12,12.025,129.3,7.607,81.49,7.152,76.71,43.0,43.3,41.9,42.2,43.3,43.1,5.6,6.9,6521.0,6524,84
b1fbaab8-68db7df7,Vanilla,0.7118049263279405,0.5865822961322322,0.9995406363023226,0.35978670012547054,1108,797,789,8,319,202,0,0.0,0,0,0.0,0.0,0,0.0,0,0.0,202,100.0,9.91,44.546,41.393,81.47,400.35,17.506,170.02,8.122,78.66,7.422,71.92,43.5,43.8,42.5,43.2,43.8,33.9,5.9,8.5,6528.0,6543,78
b1fbaab8-68db7df7,Adaptive,0.7082969920382762,0.5236863154866499,0.9926191045114334,0.3772605849570287,1108,846,789,57,319,132,70,34.65,0,70,0.0,34.65,1,0.5,37,18.32,94,46.53,7.8,33.577,34.863,68.79,264.39,13.565,103.06,7.826,59.45,7.211,54.89,43.2,43.6,42.5,43.0,43.6,31.0,5.8,7.4,6513.0,6520,61
b1fbf878-b31a8293,Vanilla,0.5121967815804135,0.39861406125946786,0.9959191867461005,0.2607732445421803,2215,1162,1139,23,1076,201,0,0.0,0,0,0.0,0.0,0,0.0,0,0.0,201,100.0,9.9,44.453,39.548,83.82,381.5,17.398,168.37,8.223,79.33,7.43,71.74,43.7,44.1,42.8,43.2,44.1,32.1,5.9,8.2,6510.0,6518,78
b1fbf878-b31a8293,Adaptive,0.5388625133983543,0.37754687769113127,0.984109984404571,0.2961199938375388,2215,1348,1207,141,1008,168,33,16.42,0,33,0.0,16.42,2,1.0,99,49.25,67,33.33,8.64,38.267,41.334,85.406,348.6,16.452,139.3,8.264,69.73,7.357,62.16,43.7,44.2,42.8,43.8,44.1,37.6,5.9,7.8,6515.0,6525,68
b1fc95c9-644e3c3f,Vanilla,0.7563823362476709,0.6162041927818717,0.9339923891925764,0.4260170989482659,1516,1436,1219,217,297,202,0,0.0,0,0,0.0,0.0,0,0.0,0,0.0,202,100.0,9.74,42.666,41.576,81.748,390.72,17.865,168.98,8.429,79.55,7.43,70.21,43.9,44.4,43.2,43.8,44.4,34.3,5.9,8.3,6520.0,6530,76
b1fc95c9-644e3c3f,Adaptive,0.718475865939761,0.5296397037314454,0.8910658174896888,0.4425583493723919,1516,1582,1202,380,314,157,45,22.28,0,45,0.0,22.28,1,0.5,85,42.08,71,35.15,8.73,37.205,39.377,83.058,335.38,14.959,127.89,8.107,69.03,7.275,62.02,43.7,44.2,43.1,43.6,44.2,36.0,5.8,7.7,6515.0,6526,68
b1fc95c9-cb2882c7,Vanilla,0.6281832557730314,0.476449756974619,0.910120887013458,0.3443196205737632,3158,2438,2179,259,979,202,0,0.0,0,0,0.0,0.0,0,0.0,0,0.0,202,100.0,9.99,43.657,38.508,82.61,376.34,17.31,169.8,8.278,80.89,7.412,72.48,43.9,44.3,43.0,44.0,44.3,31.5,5.9,8.3,6544.0,6553,76
b1fc95c9-cb2882c7,Adaptive,0.6263884280334926,0.44326931475425824,0.8964739713582894,0.3653428333384822,3158,2624,2201,423,957,173,29,14.36,0,29,0.0,14.36,1,0.5,112,55.45,60,29.7,9.61,41.748,37.833,74.912,352.73,14.815,138.32,8.187,76.15,7.288,67.87,43.6,44.0,43.2,43.8,44.0,35.1,5.8,7.8,6556.0,6564,74
b1ff4656-0435391e,Vanilla,0.7212596010998387,0.568077104940078,0.9948511667910689,0.37072761435592944,2561,1915,1856,59,705,202,0,0.0,0,0,0.0,0.0,0,0.0,0,0.0,202,100.0,9.62,42.904,42.625,81.92,402.01,17.892,168.94,8.548,80.44,7.441,70.09,43.9,44.3,43.4,44.2,44.3,35.2,5.7,7.8,6540.0,6549,76
b1ff4656-0435391e,Adaptive,0.7262085423131045,0.5180430057713232,0.9758969241376503,0.40687968290688337,2561,2173,1892,281,669,182,20,9.9,0,20,0.0,9.9,1,0.5,132,65.35,49,24.26,8.93,39.697,40.893,81.986,352.16,17.442,150.92,8.522,73.44,7.414,63.98,44.0,44.5,43.4,44.5,44.5,31.2,5.8,8.2,6548.0,6567,69
b1ff4656-94ee8536,Vanilla,0.6636651463448973,0.5699109023215205,0.993568990363802,0.3389854065323141,1439,985,961,24,478,203,0,0.0,0,0,0.0,0.0,0,0.0,0,0.0,203,100.0,10.45,45.769,39.486,81.556,404.54,16.323,168.02,8.066,82.72,7.367,75.63,43.9,44.3,43.1,43.7,44.3,32.9,5.7,8.3,6565.0,6580,83
b1ff4656-94ee8536,Adaptive,0.6818725535061834,0.5566156250521556,0.9831669349562052,0.3643226011454671,1439,1076,996,80,443,155,48,23.65,0,48,0.0,23.65,1,0.49,72,35.47,82,40.39,8.02,34.242,41.111,83.298,319.29,16.316,126.7,8.35,64.61,7.347,56.92,43.8,44.4,43.2,43.7,44.4,33.3,5.9,8.0,6555.0,6562,62
b1ff4656-ebcfeb35,Vanilla,0.5404315883263984,0.3458759782492525,0.9696104405551748,0.29245072993716364,1326,813,737,76,589,203,0,0.0,0,0,0.0,0.0,0,0.0,0,0.0,203,100.0,9.83,43.364,40.377,80.292,386.07,17.904,173.03,8.515,81.99,7.449,71.79,44.2,44.6,43.2,43.8,44.6,34.4,5.9,8.7,6561.0,6568,75
b1ff4656-ebcfeb35,Adaptive,0.5316742732924806,0.32357762311670146,0.9329211560480343,0.3239892771324491,1326,961,739,222,587,177,26,12.81,0,26,0.0,12.81,1,0.49,103,50.74,73,35.96,11.23,48.617,38.221,63.97,418.37,12.288,134.42,7.666,83.72,7.204,78.8,43.4,43.7,42.2,42.7,43.7,44.6,5.7,7.1,6565.0,6570,85
b200b84e-4a792877,Vanilla,0.5060979140616746,0.3416198555953691,0.9686913119392734,0.2780953739075111,1765,1033,918,115,847,200,0,0.0,0,0,0.0,0.0,0,0.0,0,0.0,200,100.0,9.94,45.26,41.051,84.342,398.24,17.182,168.27,8.192,79.99,7.438,72.67,43.8,44.3,42.7,43.5,44.3,34.4,5.8,8.4,6562.0,6568,78
b200b84e-4a792877,Adaptive,0.5017018919452039,0.3013158167075556,0.9255148273928896,0.3041172476763515,1765,1210,939,271,826,162,38,19.0,0,38,0.0,19.0,2,1.0,103,51.5,57,28.5,9.69,43.394,34.525,69.658,326.19,13.142,123.98,7.797,73.21,7.221,67.89,43.4,43.8,42.2,42.4,43.8,29.0,5.9,7.6,6569.0,6591,74
b200e97a-bf074435,Vanilla,0.6703630894690475,0.4983324096251359,0.9274430657148576,0.3888059447549533,2442,2118,1750,368,692,202,0,0.0,0,0,0.0,0.0,0,0.0,0,0.0,202,100.0,10.32,45.245,37.461,79.008,378.1,16.814,170.66,8.209,83.02,7.412,75.0,43.8,44.2,42.9,43.5,44.2,30.8,5.9,8.1,6540.0,6546,79
b200e97a-bf074435,Adaptive,0.6400341562430708,0.4295141484699255,0.8855565061552362,0.40202983182435237,2442,2336,1729,607,713,176,26,12.87,0,26,0.0,12.87,1,0.5,129,63.86,46,22.77,10.21,44.38,36.978,72.684,367.3,14.171,141.66,8.002,79.65,7.246,72.17,43.5,44.0,42.7,43.6,44.0,33.5,5.8,7.6,6563.0,6570,77
b20234fd-822029be,Vanilla,0.4967247073388345,0.36635921809100114,0.9868763833892271,0.2640490302332691,1921,1037,965,72,956,202,0,0.0,0,0,0.0,0.0,0,0.0,0,0.0,202,100.0,9.71,43.293,43.296,84.316,411.13,17.846,169.02,8.315,78.52,7.426,70.2,43.9,44.5,43.1,43.8,44.5,34.6,5.8,8.1,6556.0,6561,76
b20234fd-822029be,Adaptive,0.5045393449573392,0.3464116362189414,0.9709511659539874,0.2839302810671889,1921,1144,991,153,930,166,36,17.82,0,36,0.0,17.82,1,0.5,85,42.08,80,39.6,9.55,41.887,37.907,68.668,353.06,13.979,130.61,7.893,73.49,7.251,67.6,43.6,44.0,42.9,43.4,44.0,39.3,5.8,8.0,6561.0,6566,75
b202cae2-672e61c5,Vanilla,0.7579265375055562,0.6289329736506961,0.9910667990025793,0.4061051189381666,2487,2052,1897,155,590,203,0,0.0,0,0,0.0,0.0,0,0.0,0,0.0,203,100.0,10.02,43.723,40.722,85.09,395.76,17.288,168.96,8.294,80.85,7.414,72.34,44.0,44.3,43.2,43.8,44.3,34.4,5.9,8.5,6561.0,6566,78
b202cae2-672e61c5,Adaptive,0.7429018091053339,0.560355133284655,0.9583096784614767,0.43194355347069147,2487,2311,1902,409,585,183,20,9.85,0,20,0.0,9.85,1,0.49,130,64.04,52,25.62,12.3,53.163,35.664,58.738,432.36,11.39,138.11,7.554,91.32,7.097,85.92,43.2,43.5,42.6,43.4,43.5,39.2,5.7,6.7,6561.0,6563,95
b202cae2-f46c74a6,Vanilla,0.6970620371507351,0.5830189951340455,0.9926079033830091,0.3722516908155837,2328,1756,1631,125,697,202,0,0.0,0,0,0.0,0.0,0,0.0,0,0.0,202,100.0,9.63,42.364,41.85,80.988,396.1,17.856,168.51,8.325,78.29,7.447,70.08,43.8,44.1,43.0,43.6,44.1,35.3,5.9,8.0,6558.0,6563,75
b202cae2-f46c74a6,Adaptive,0.6924585715680924,0.538555135580577,0.9681312313429294,0.3941235342048393,2328,1940,1649,291,679,178,24,11.88,0,24,0.0,11.88,1,0.5,122,60.4,55,27.23,9.42,41.137,39.587,78.338,360.09,15.61,142.82,8.165,74.44,7.315,66.77,43.7,44.2,43.1,43.7,44.2,32.9,5.7,7.7,6560.0,6565,74
b2036451-aa924fd1,Vanilla,0.7713891486707483,0.5839337904044379,0.9928660799204456,0.4002996147155331,1941,1572,1507,65,434,202,0,0.0,0,0,0.0,0.0,0,0.0,0,0.0,202,100.0,10.74,47.467,38.286,80.48,402.41,15.974,167.58,8.045,84.14,7.353,76.96,43.8,44.2,42.9,43.5,44.2,32.0,5.9,7.9,6558.0,6561,81
b2036451-aa924fd1,Adaptive,0.7653422046116347,0.527547210524422,0.9708492393503101,0.43224820046069606,1941,1762,1518,244,423,163,39,19.31,0,39,0.0,19.31,1,0.5,103,50.99,59,29.21,8.05,35.136,40.525,83.238,319.33,17.449,137.49,8.5,66.57,7.413,58.13,44.0,44.5,43.4,44.0,44.5,32.3,5.8,7.9,6554.0,6555,63
b204a5c1-05981158,Vanilla,0.6314564029410259,0.4975109811788636,0.9505898809363598,0.3659581016415468,922,733,605,128,317,102,0,0.0,0,0,0.0,0.0,0,0.0,0,0.0,102,100.0,5.29,45.494,43.496,81.232,222.29,15.57,78.91,8.183,41.25,7.281,36.78,43.8,44.4,43.1,44.0,44.4,38.9,5.7,7.1,6553.0,6554,41
b204a5c1-05981158,Adaptive,0.5995951633627303,0.4487336816786285,0.8993460072381397,0.3567550959147726,922,766,608,158,314,70,32,31.37,0,32,0.0,31.37,1,0.98,27,26.47,42,41.18,4.43,36.326,35.602,62.6,149.24,12.346,52.51,7.813,33.06,7.116,30.18,43.5,43.9,42.9,43.5,43.9,36.9,5.6,7.1,6557.0,6566,35
b204a5c1-064b0040,Vanilla,0.6470695995927425,0.45629635276220937,0.979403561300034,0.34784614374997586,2247,1614,1481,133,766,202,0,0.0,0,0,0.0,0.0,0,0.0,0,0.0,202,100.0,9.9,42.902,40.551,83.916,390.93,17.713,171.78,8.309,80.35,7.426,71.85,44.0,44.4,43.3,43.8,44.4,33.4,5.9,8.1,6543.0,6546,78
b204a5c1-064b0040,Adaptive,0.6415268151463226,0.41901590198012356,0.9603615574711717,0.36982869304883026,2247,1774,1485,289,762,170,32,15.84,0,32,0.0,15.84,1,0.5,105,51.98,64,31.68,8.78,37.711,39.432,81.498,337.38,16.059,137.52,8.293,70.75,7.339,62.7,43.8,44.5,42.7,43.8,44.5,35.5,5.7,7.7,6562.0,6583,69
b204a5c1-fa3d5b88,Vanilla,0.65694909779209,0.4929559570121157,0.9591458826612514,0.3622677952852519,2527,1948,1724,224,803,202,0,0.0,0,0,0.0,0.0,0,0.0,0,0.0,202,100.0,11.4,49.509,37.518,82.776,414.79,14.576,162.74,7.904,88.03,7.275,81.11,43.6,44.2,42.4,42.8,44.2,31.9,5.8,7.2,6572.0,6586,85
b204a5c1-fa3d5b88,Adaptive,0.6519648224704357,0.4533411081984536,0.9361344404004118,0.38757075755750936,2527,2162,1736,426,791,179,23,11.39,0,23,0.0,11.39,1,0.5,132,65.35,46,22.77,9.98,43.226,37.569,78.25,364.03,14.78,144.95,8.13,79.4,7.294,71.34,43.6,44.0,43.2,43.8,44.0,34.9,5.8,7.8,6565.0,6570,75
b205eb4d-f84aaa1a,Vanilla,0.7110011857276257,0.5807525396294477,0.9557831867084166,0.39778092691259015,2005,1714,1482,232,523,202,0,0.0,0,0,0.0,0.0,0,0.0,0,0.0,202,100.0,9.98,43.769,41.257,82.008,400.57,17.038,167.07,8.339,81.58,7.406,72.51,43.9,44.4,43.3,44.2,44.4,34.4,5.8,7.9,6563.0,6566,79
b205eb4d-f84aaa1a,Adaptive,0.6881909242766551,0.4925697954559184,0.914342669929734,0.41222786027554925,2005,1898,1485,413,520,181,21,10.4,0,21,0.0,10.4,1,0.5,118,58.42,62,30.69,9.52,41.37,38.159,80.344,354.53,15.801,147.39,8.299,77.11,7.338,68.27,43.8,44.2,42.9,43.7,44.2,31.8,5.8,7.5,6590.0,6599,73
b2064e61-2beadd45,Vanilla,0.6319399305782314,0.47231024086525875,0.993612832972978,0.3299451398430188,2109,1407,1340,67,769,203,0,0.0,0,0,0.0,0.0,0,0.0,0,0.0,203,100.0,11.06,49.474,37.193,79.624,402.44,15.013,163.27,7.956,86.25,7.316,79.37,43.6,44.0,43.0,43.6,43.9,34.2,5.8,8.3,6573.0,6577,83
b2064e61-2beadd45,Adaptive,0.6419485347650941,0.4434421407880983,0.978073874967923,0.3498359040154706,2109,1530,1379,151,730,157,46,22.66,0,46,0.0,22.66,1,0.49,89,43.84,67,33.0,8.34,36.625,39.844,79.494,323.26,15.525,126.31,8.185,66.34,7.325,59.47,43.6,44.2,43.1,43.9,44.2,38.9,5.7,7.5,6567.0,6576,66
b206a78b-99f405ab,Vanilla,0.600620614335439,0.47909509541519163,0.9977131209768034,0.30515805342574154,2188,1340,1317,23,871,202,0,0.0,0,0,0.0,0.0,0,0.0,0,0.0,202,100.0,9.26,41.46,44.32,84.252,394.72,18.871,169.6,8.53,76.4,7.511,67.32,44.1,44.6,43.5,44.2,44.6,35.8,5.8,8.3,6577.0,6594,72
b206a78b-99f405ab,Adaptive,0.6156585096587852,0.4521294523168435,0.9867762333298007,0.33697782833771295,2188,1509,1359,150,829,174,28,13.86,0,28,0.0,13.86,1,0.5,109,53.96,64,31.68,10.27,45.249,37.871,73.516,376.53,13.509,135.28,7.847,78.4,7.238,72.44,43.6,44.0,42.8,43.2,44.0,35.3,5.8,7.4,6574.0,6584,76
b2080dc7-f9b98a5f,Vanilla,0.2268020287525431,0.15866505236052653,0.9921848410309656,0.11780744321293025,1055,251,241,10,814,202,0,0.0,0,0,0.0,0.0,0,0.0,0,0.0,202,100.0,10.61,48.024,38.273,84.546,398.46,16.146,168.72,8.051,83.75,7.378,76.83,43.7,44.2,42.9,43.2,44.2,33.4,5.8,8.2,6567.0,6579,78
b2080dc7-f9b98a5f,Adaptive,0.026711427066877305,0.017561339021815052,0.9616017804923516,0.015500418176749372,1055,34,29,5,1026,19,183,90.59,175,8,86.63,3.96,2,0.99,4,1.98,13,6.44,8.99,41.339,29.695,82.246,258.42,5.058,43.93,10.998,95.79,6.861,59.7,42.7,43.6,43.4,44.8,46.2,3.8,28.6,3.3,6563.0,6570,68
b20841f9-cef732d5,Vanilla,0.7104632500093762,0.5633137345673516,0.9771569020579257,0.3792386328658881,2083,1633,1512,121,571,203,0,0.0,0,0,0.0,0.0,0,0.0,0,0.0,203,100.0,10.38,45.583,40.318,81.75,404.67,16.364,165.85,8.219,83.25,7.379,74.85,43.4,44.0,42.2,42.8,44.0,35.5,5.8,7.7,6581.0,6598,79
b20841f9-cef732d5,Adaptive,0.7069424432042443,0.5228707902358486,0.9620018776078021,0.40217083381989766,2083,1776,1519,257,564,168,35,17.24,0,35,0.0,17.24,1,0.49,100,49.26,67,33.0,10.73,46.278,36.685,66.706,382.68,12.285,128.34,7.716,80.42,7.16,74.71,43.1,43.4,41.9,42.2,43.4,38.0,5.7,7.2,6580.0,6593,80
b20b69d2-64b9cdb8,Vanilla,0.687760723707893,0.5665457348110975,0.987096818580781,0.3711398034014667,1300,986,903,83,397,203,0,0.0,0,0,0.0,0.0,0,0.0,0,0.0,203,100.0,11.58,50.313,35.843,78.018,405.21,14.187,161.2,7.845,88.86,7.279,82.53,43.1,43.4,41.9,42.2,43.4,33.1,5.8,7.7,6584.0,6611,87
b20b69d2-64b9cdb8,Adaptive,0.6592479002664554,0.4905530849920264,0.947993235336679,0.38999026290165534,1300,1106,890,216,410,166,37,18.23,0,37,0.0,18.23,1,0.49,82,40.39,83,40.89,9.5,40.536,35.313,80.39,328.36,14.521,134.6,8.026,74.03,7.278,67.17,43.2,43.6,41.9,42.2,43.6,29.3,5.9,7.7,6595.0,6602,71
b20b69d2-650e674d,Vanilla,0.6639497549785947,0.49104700077877617,0.9769878692814509,0.35419464000114975,3258,2392,2210,182,1048,202,0,0.0,0,0,0.0,0.0,0,0.0,0,0.0,202,100.0,11.53,49.831,39.088,80.536,439.9,14.527,164.54,7.863,88.87,7.274,82.28,43.2,43.8,42.3,42.8,43.8,34.6,5.8,7.8,6577.0,6588,87
b20b69d2-650e674d,Adaptive,0.6915908540912712,0.47000076810742425,0.9576322349702752,0.3950658104945434,3258,2757,2332,425,926,197,5,2.48,0,5,0.0,2.48,1,0.5,171,84.65,25,12.38,10.27,44.735,40.483,82.334,408.4,16.073,162.1,8.324,83.61,7.349,73.91,43.3,43.7,42.8,43.5,43.7,34.5,5.8,7.8,6598.0,6606,79
b20b69d2-6e2b9e73,Vanilla,0.45034224506826304,0.3357894265945264,0.9608818058784282,0.24731030375354243,1317,691,615,76,702,203,0,0.0,0,0,0.0,0.0,0,0.0,0,0.0,203,100.0,10.1,43.691,41.152,81.414,404.11,16.972,167.94,8.234,81.17,7.426,73.28,43.5,43.9,42.7,43.3,43.9,34.6,5.8,8.2,6604.0,6612,79
b20b69d2-6e2b9e73,Adaptive,0.44503995564266957,0.29589480005305624,0.9298617630920827,0.2662196303697274,1317,782,621,161,696,152,51,25.12,0,51,0.0,25.12,2,0.99,66,32.51,84,41.38,9.13,38.39,36.175,70.72,317.97,13.591,120.83,7.835,69.38,7.212,63.93,43.1,43.5,42.5,43.2,43.5,34.8,6.0,7.4,6601.0,6609,69
b20b69d2-7767e6b6,Vanilla,0.7500907093852869,0.5848492016991249,0.96090428546286,0.4213809655218551,1032,927,800,127,232,203,0,0.0,0,0,0.0,0.0,0,0.0,0,0.0,203,100.0,11.14,48.171,36.149,70.262,396.06,15.117,165.52,7.989,87.14,7.311,79.82,43.2,43.6,42.6,43.0,43.6,32.0,5.8,8.3,6591.0,6597,84
b20b69d2-7767e6b6,Adaptive,0.7048826464613425,0.48177923753940444,0.9178639786589041,0.43233521420630205,1032,1018,776,242,256,161,42,20.69,2,40,0.99,19.7,2,0.99,83,40.89,76,37.44,9.49,40.087,36.242,79.138,334.76,14.012,129.5,8.009,73.72,7.24,66.7,43.1,43.5,42.3,42.8,43.5,30.5,6.1,7.5,6592.0,6599,72
b20b69d2-bd242bf0,Vanilla,0.5716102702611157,0.4053364742394726,0.9206893144803227,0.3137117659636731,2122,1459,1317,142,805,160,0,0.0,0,0,0.0,0.0,0,0.0,0,0.0,160,100.0,9.27,51.078,35.11,79.546,318.1,14.091,128.33,7.757,70.26,7.29,66.08,43.1,43.5,42.0,42.3,43.5,31.9,5.7,7.9,6584.0,6591,70
b20b69d2-bd242bf0,Adaptive,0.5465676109386692,0.33508467726318597,0.8720412188230268,0.3497633637832893,2122,1774,1308,466,814,150,10,6.25,0,10,0.0,6.25,1,0.62,107,66.88,42,26.25,7.6,42.241,39.796,79.28,293.46,16.636,122.55,8.433,61.8,7.338,53.83,43.3,43.8,42.8,43.7,43.8,30.8,5.8,7.8,6591.0,6596,59
b20b69d2-ca16c907,Vanilla,0.7166412463297596,0.5737667409536356,0.9739683478314599,0.4052578767810556,891,755,650,105,241,198,0,0.0,0,0,0.0,0.0,0,0.0,0,0.0,198,100.0,8.94,39.94,43.385,82.91,374.6,19.272,167.41,8.796,76.07,7.525,65.13,43.8,44.3,43.3,44.1,44.3,35.1,5.9,8.3,6597.0,6610,70
b20b69d2-ca16c907,Adaptive,0.6732967440970791,0.5013900971477168,0.9231528472144617,0.41184143788310457,891,832,636,196,255,142,56,28.28,0,56,0.0,28.28,1,0.51,50,25.25,91,45.96,7.72,33.191,39.935,78.454,295.35,15.325,114.74,8.306,61.88,7.3,54.44,43.6,44.0,43.2,43.8,44.0,35.7,5.8,7.9,6589.0,6591,60
b20b69d2-e31380a7,Vanilla,0.6360413339833347,0.527328158712564,0.8133228172221033,0.4150132779087375,529,583,404,179,125,174,0,0.0,0,0,0.0,0.0,0,0.0,0,0.0,174,100.0,8.07,41.219,43.23,81.45,340.3,18.59,146.91,8.651,68.04,7.479,58.87,43.9,44.2,43.4,44.0,44.2,34.8,5.8,8.1,6589.0,6590,64
b20b69d2-e31380a7,Adaptive,0.5597621353853709,0.39332880499177764,0.7467849461622703,0.4022006345987644,529,619,385,234,144,117,57,32.76,0,57,0.0,32.76,1,0.57,30,17.24,86,49.43,6.61,32.33,36.965,73.374,230.47,14.108,89.09,8.09,50.98,7.252,45.77,43.5,43.9,43.0,43.6,43.9,37.9,5.7,7.4,6592.0,6594,51
b20b69d2-ffc1d6af,Vanilla,0.6633533800368421,0.49858492603636567,0.9786073689186341,0.35620457404160133,1622,1194,1097,97,525,199,0,0.0,0,0,0.0,0.0,0,0.0,0,0.0,199,100.0,9.25,41.231,42.503,80.436,384.24,18.364,165.78,8.521,76.65,7.476,67.29,43.9,44.4,43.5,44.0,44.4,35.3,5.7,8.3,6585.0,6589,73
b20b69d2-ffc1d6af,Adaptive,0.6293941439435756,0.4128112828358065,0.940441716843344,0.3733274221033818,1622,1335,1069,266,553,161,38,19.1,1,37,0.5,18.59,2,1.01,96,48.24,63,31.66,8.19,35.922,40.944,82.19,326.03,16.697,133.96,8.608,68.76,7.382,59.01,43.9,44.2,43.6,44.3,44.3,33.6,6.2,7.6,6585.0,6588,64
b20b9c19-91e01a50,Vanilla,0.7555063457597135,0.570644993358467,0.950489247388363,0.4422052614762683,1745,1677,1368,309,377,202,0,0.0,0,0,0.0,0.0,0,0.0,0,0.0,202,100.0,9.94,44.048,41.972,81.986,407.75,17.51,169.96,8.397,81.14,7.445,71.97,44.0,44.5,43.4,44.1,44.5,34.2,5.8,8.2,6586.0,6592,77
b20b9c19-91e01a50,Adaptive,0.722928108104177,0.48064920742542894,0.8956118094848048,0.45766800221013826,1745,1898,1366,532,379,176,26,12.87,0,26,0.0,12.87,1,0.5,116,57.43,59,29.21,8.74,38.491,41.582,82.772,356.15,17.29,148.06,8.528,72.64,7.405,63.15,44.0,44.5,43.6,44.3,44.5,34.3,5.8,8.1,6591.0,6594,69
b20d494a-cdebe83e,Vanilla,0.5590958444796362,0.4076528596909082,0.9875345295874055,0.2958077716635866,1203,726,680,46,523,198,0,0.0,0,0,0.0,0.0,0,0.0,0,0.0,198,100.0,9.53,43.637,40.264,79.798,371.25,17.772,165.16,8.304,76.82,7.45,68.99,44.0,44.4,43.5,43.9,44.4,33.2,5.8,8.2,6587.0,6591,75
b20d494a-cdebe83e,Adaptive,0.53987126922862,0.3230631672201859,0.9384087224436831,0.3212990914526549,1203,855,681,174,522,159,39,19.7,0,39,0.0,19.7,4,2.02,79,39.9,76,38.38,9.15,41.22,37.04,70.378,329.08,13.974,124.11,7.97,70.64,7.259,64.39,43.6,44.0,43.1,43.8,44.0,34.5,6.1,7.9,6590.0,6593,72
b20e291a-32ac11c1,Vanilla,0.6508084699885017,0.5025434965711055,0.9557975792643355,0.3663185536799305,2599,2051,1756,295,843,202,0,0.0,0,0,0.0,0.0,0,0.0,0,0.0,202,100.0,9.97,43.589,39.957,84.088,390.31,17.26,168.59,8.402,81.84,7.401,72.15,43.9,44.3,43.5,44.1,44.4,32.9,5.8,8.4,6583.0,6585,77
b20e291a-32ac11c1,Adaptive,0.6401254786194228,0.46031449614762654,0.9191728861030918,0.3901738044395747,2599,2317,1772,545,827,190,12,5.94,0,12,0.0,5.94,1,0.5,148,73.27,41,20.3,11.77,51.111,36.314,81.058,421.77,12.952,150.76,7.814,90.53,7.188,83.37,43.3,43.8,42.8,43.7,43.8,35.5,5.7,7.1,6577.0,6584,92
b20e291a-6012d836,Vanilla,0.6600626123827095,0.5223866310605478,0.9701611653483866,0.3596232477787448,2245,1694,1522,172,723,203,0,0.0,0,0,0.0,0.0,0,0.0,0,0.0,203,100.0,10.43,45.628,39.098,77.82,398.57,16.248,165.53,8.254,83.79,7.353,74.74,43.5,43.9,43.0,43.5,43.9,33.4,5.8,8.1,6574.0,6575,79
b20e291a-6012d836,Adaptive,0.6435413154918338,0.4649231436312853,0.9355833628944682,0.38078850097842765,2245,1895,1523,372,722,172,31,15.27,0,31,0.0,15.27,1,0.49,107,52.71,64,31.53,10.67,46.211,34.892,63.658,366.07,12.417,130.1,7.782,81.28,7.171,75.03,43.1,43.3,42.6,43.4,43.3,34.8,5.7,7.0,6578.0,6580,81
b20eae11-149766ce,Vanilla,0.30006753246865586,0.20693723227420807,0.9854376580695412,0.15686597117275222,1752,562,533,29,1219,203,0,0.0,0,0,0.0,0.0,0,0.0,0,0.0,203,100.0,8.72,39.279,48.923,84.326,413.75,20.121,171.15,8.694,73.66,7.561,64.11,43.9,44.5,43.5,44.2,44.5,39.2,5.8,8.7,6576.0,6580,69
b20eae11-149766ce,Adaptive,0.3008512604927608,0.17790296420804388,0.9361928795251458,0.1765556777655568,1752,685,556,129,1196,172,31,15.27,7,24,3.45,11.82,22,10.84,82,40.39,68,33.5,9.77,44.182,40.606,82.616,382.37,15.312,145.52,8.816,83.9,7.367,70.1,43.8,44.4,43.4,44.7,44.7,31.2,9.5,8.1,6596.0,6617,75
b20eae11-18cd8ca2,Vanilla,0.45511745772996837,0.2953079792947998,0.9932056926446013,0.23212546785465868,1135,532,520,12,615,202,0,0.0,0,0,0.0,0.0,0,0.0,0,0.0,202,100.0,10.92,49.122,41.34,81.838,440.91,14.96,159.16,7.923,84.23,7.328,77.99,43.5,44.2,42.4,43.4,44.2,41.0,5.7,7.8,6615.0,6629,82
b20eae11-18cd8ca2,Adaptive,0.4917755412495761,0.286571365417029,0.9876294680118991,0.26235766280327166,1135,607,564,43,571,148,54,26.73,1,53,0.5,26.24,2,0.99,61,30.2,85,42.08,7.08,31.083,44.371,81.18,301.21,17.826,121.19,8.579,58.08,7.419,50.29,43.9,44.3,43.4,44.0,44.4,36.8,6.1,8.2,6604.0,6617,55
b20eae11-6817ba7a,Vanilla,0.43231005095432307,0.2993106951837118,0.9746215857869066,0.22936380577699556,1560,743,691,52,869,202,0,0.0,0,0,0.0,0.0,0,0.0,0,0.0,202,100.0,11.47,50.661,35.575,69.652,400.72,14.264,161.0,7.831,88.19,7.27,81.89,43.6,44.0,42.8,43.4,43.9,32.6,5.8,8.3,6586.0,6593,87
b20eae11-6817ba7a,Adaptive,0.48563756583311035,0.30527323929387745,0.9669744581007769,0.2687090718589016,1560,881,780,101,780,163,39,19.31,3,36,1.49,17.82,4,1.98,92,45.54,67,33.17,8.36,36.552,39.294,82.272,317.66,16.464,134.22,8.457,68.7,7.402,60.18,43.7,44.2,43.1,44.3,44.2,33.0,6.6,7.7,6577.0,6588,65
b20ff95c-b9444127,Vanilla,0.45730241607823013,0.26394818451755386,0.7963787876995453,0.2900507612023049,787,589,451,138,336,102,0,0.0,0,0,0.0,0.0,0,0.0,0,0.0,102,100.0,5.35,46.596,36.989,78.696,186.0,15.129,77.02,8.068,40.86,7.299,37.03,43.6,44.1,43.0,43.8,44.1,30.6,5.8,7.2,6587.0,6588,41
b20ff95c-b9444127,Adaptive,0.4523133150204427,0.24344046023314045,0.7716601610913817,0.3069803157570175,787,647,459,188,328,82,20,19.61,0,20,0.0,19.61,1,0.98,38,37.25,43,42.16,4.75,40.687,34.796,63.37,158.04,13.602,61.72,7.979,36.06,7.204,32.62,43.4,43.7,42.9,43.4,43.7,31.5,5.7,7.8,6581.0,6586,37
b2102d00-5eb86b71,Vanilla,0.6435421318657987,0.45931812367937586,0.9943387265929364,0.33200988457735126,2413,1616,1561,55,852,202,0,0.0,0,0,0.0,0.0,0,0.0,0,0.0,202,100.0,11.03,49.498,38.289,69.724,416.64,14.936,162.12,7.913,85.71,7.318,79.32,43.5,43.9,42.6,43.0,43.9,35.6,5.7,8.5,6592.0,6598,86
b2102d00-5eb86b71,Adaptive,0.6550864945957688,0.4318365258916346,0.9839874018228757,0.35736333198934667,2413,1772,1600,172,813,169,33,16.34,2,31,0.99,15.35,1,0.5,106,52.48,62,30.69,8.47,37.641,39.333,81.212,322.74,16.651,137.13,8.359,68.49,7.384,60.61,43.8,44.2,43.2,43.6,44.2,35.0,6.1,8.1,6593.0,6599,66
b2102d00-a8c09be1,Vanilla,0.6880339965155451,0.5310659369948768,0.9981843078320634,0.3510829849542367,1943,1368,1339,29,604,202,0,0.0,0,0,0.0,0.0,0,0.0,0,0.0,202,100.0,9.24,41.709,41.506,84.256,370.74,18.635,167.26,8.444,75.5,7.487,67.0,44.1,44.7,43.3,43.8,44.7,32.9,5.8,8.3,6589.0,6596,71
b2102d00-a8c09be1,Adaptive,0.7010661221461535,0.48982055177209227,0.986504671690198,0.38525303169018926,1943,1533,1374,159,569,170,32,15.84,0,32,0.0,15.84,1,0.5,112,55.45,57,28.22,8.47,37.778,41.663,80.088,338.28,16.947,138.91,8.348,68.22,7.421,60.68,44.1,44.5,43.4,43.9,44.5,36.1,5.8,8.2,6584.0,6586,64
b2131b7b-e58faab7,Vanilla,0.4608458729821463,0.29732813116685824,0.9927619790342589,0.23863556260463475,970,468,450,18,520,202,0,0.0,0,0,0.0,0.0,0,0.0,0,0.0,202,100.0,9.45,42.365,41.935,79.594,387.16,18.44,171.57,8.381,77.68,7.499,69.56,44.2,44.6,43.5,44.1,44.6,34.0,5.8,8.3,6585.0,6586,72
b2131b7b-e58faab7,Adaptive,0.4489304213597321,0.25715178280267226,0.9758922132970184,0.2423842318742606,970,488,445,43,525,109,93,46.04,39,54,19.31,26.73,1,0.5,28,13.86,80,39.6,7.68,33.646,35.752,81.95,264.11,13.251,98.78,8.708,64.05,7.241,53.51,43.8,44.3,43.4,45.2,45.2,25.7,11.5,7.6,6592.0,6602,58
b213e4eb-09c01a17,Vanilla,0.6728619980116258,0.5205649582387956,0.9783528020006608,0.36176391634331456,1885,1413,1293,120,592,202,0,0.0,0,0,0.0,0.0,0,0.0,0,0.0,202,100.0,9.56,42.203,42.219,81.008,396.55,18.316,171.82,8.411,78.59,7.464,69.83,44.2,44.5,42.8,43.0,44.5,34.0,5.7,8.4,6593.0,6600,74
b213e4eb-09c01a17,Adaptive,0.6782602483139839,0.5020920983704816,0.9599413413575684,0.38188816533464287,1885,1534,1323,211,562,164,38,18.81,0,38,0.0,18.81,1,0.5,85,42.08,78,38.61,10.38,44.704,33.319,62.554,338.1,12.369,125.07,7.75,78.15,7.151,72.21,43.4,43.8,42.4,42.6,43.8,28.2,5.7,7.2,6594.0,6597,77
b214d1e1-f248c616,Vanilla,0.557539685007266,0.4242057762259425,0.9783024137678656,0.30531879176059534,2069,1310,1174,136,895,200,0,0.0,0,0,0.0,0.0,0,0.0,0,0.0,200,100.0,10.12,45.501,40.099,80.798,395.31,16.746,165.79,8.147,80.36,7.403,73.08,43.8,44.1,42.4,42.8,44.3,34.7,5.8,7.7,6584.0,6586,78
b214d1e1-f248c616,Adaptive,0.5414638832709069,0.3794716011683822,0.942267158858475,0.3183750784526777,2069,1447,1173,274,896,163,37,18.5,0,37,0.0,18.5,1,0.5,95,47.5,67,33.5,7.81,34.633,42.151,82.74,319.9,18.315,138.71,8.635,65.11,7.45,56.23,44.1,44.6,42.7,43.0,44.6,33.0,5.8,7.9,6602.0,6613,60
b21547c1-73e457f8,Vanilla,0.6267605582701901,0.45857128614187354,0.995123256659398,0.32230218344852607,2076,1349,1307,42,769,203,0,0.0,0,0,0.0,0.0,0,0.0,0,0.0,203,100.0,11.23,50.422,38.378,75.888,422.2,14.497,159.54,7.834,86.12,7.293,80.23,43.7,44.2,42.6,43.7,44.2,38.7,5.7,7.8,6586.0,6592,85
b21547c1-73e457f8,Adaptive,0.6414310526068528,0.4337295351551972,0.982460280725375,0.3475509753929792,2076,1485,1351,134,725,158,45,22.17,0,45,0.0,22.17,1,0.49,84,41.38,73,35.96,8.25,36.368,38.42,74.21,304.96,15.653,124.56,8.178,64.85,7.351,58.36,43.7,44.2,43.1,43.9,44.2,37.2,5.8,7.8,6581.0,6586,62
b21547c1-796757ac,Vanilla,0.3280482873960391,0.21583202343067792,0.9984619024979854,0.16547493204469946,2365,784,777,7,1588,202,0,0.0,0,0,0.0,0.0,0,0.0,0,0.0,202,100.0,9.59,42.949,38.822,83.252,364.06,17.847,166.89,8.337,77.81,7.454,69.67,44.0,44.7,43.3,43.9,44.7,31.1,5.8,8.5,6577.0,6580,73
b21547c1-796757ac,Adaptive,0.34219982785018555,0.21024552688718479,0.9882365677944188,0.17937845995918317,2365,865,818,47,1547,157,45,22.28,0,45,0.0,22.28,1,0.5,57,28.22,99,49.01,7.55,33.354,38.752,81.296,283.28,17.57,130.01,8.558,63.05,7.442,54.91,44.2,44.7,43.3,44.2,44.7,34.4,5.7,8.3,6588.0,6598,58
b2156f8e-72e1547c,Vanilla,0.4839792994296122,0.33334526175875817,0.9782288154802776,0.2565489566613162,840,445,415,30,425,191,0,0.0,0,0,0.0,0.0,0,0.0,0,0.0,191,100.0,10.11,47.452,38.832,76.74,380.03,15.768,156.15,8.061,79.46,7.344,72.49,44.0,44.4,43.4,44.3,44.4,33.9,5.8,8.3,6584.0,6592,78
b2156f8e-72e1547c,Adaptive,0.469130152999327,0.28421247350462525,0.9534398250780687,0.2706729834791059,840,490,409,81,431,137,54,28.27,23,31,12.04,16.23,19,9.95,50,26.18,68,35.6,8.7,40.84,39.675,80.21,335.32,13.919,118.1,9.048,76.62,7.301,61.83,43.8,44.3,43.5,44.5,44.5,30.2,11.7,6.7,6629.0,6648,66
b215943a-10e44587,Vanilla,0.5951083300005661,0.4471926470107677,0.9765073247868844,0.32369512797144384,792,532,481,51,311,191,0,0.0,0,0,0.0,0.0,0,0.0,0,0.0,191,100.0,9.23,43.366,40.399,83.03,360.17,17.736,159.83,8.333,74.88,7.458,67.04,44.1,44.6,43.5,44.1,44.6,35.2,5.8,8.1,6627.0,6631,70
b215943a-10e44587,Adaptive,0.589274513267695,0.38230840355725576,0.9531363252600598,0.34141284419537843,792,584,484,100,308,148,43,22.51,6,37,3.14,19.37,20,10.47,52,27.23,76,39.79,9.3,43.564,34.819,77.83,313.61,13.263,120.0,8.4,75.74,7.237,65.38,43.7,44.5,43.4,44.7,44.7,24.2,8.8,7.2,6615.0,6627,71
b216243d-55963da2,Vanilla,0.6161856697952819,0.4746183971823452,0.9969398519275706,0.31980797587291276,1713,1101,1058,43,655,103,0,0.0,0,0,0.0,0.0,0,0.0,0,0.0,103,100.0,5.75,49.804,36.382,70.706,201.78,13.98,77.21,7.886,43.49,7.224,39.9,43.6,44.1,42.8,43.4,44.1,30.5,5.8,7.5,6620.0,6621,44
b216243d-55963da2,Adaptive,0.6342265507192726,0.46172909537525975,0.9918591244120871,0.3379761538928188,1713,1174,1093,81,620,89,14,13.59,0,14,0.0,13.59,1,0.97,53,51.46,35,33.98,4.88,42.024,37.338,72.228,170.66,14.969,69.35,8.118,37.33,7.253,33.41,43.6,44.1,43.0,43.7,44.1,30.7,5.8,7.6,6626.0,6635,37
b216243d-ad4306b9,Vanilla,0.7162049341650785,0.551053174993234,0.9942755476233471,0.3687538613720996,1093,813,787,26,306,103,0,0.0,0,0,0.0,0.0,0,0.0,0,0.0,103,100.0,5.6,48.716,37.086,81.848,196.56,14.48,77.72,7.885,42.24,7.257,38.94,43.5,44.2,42.7,43.6,44.2,36.5,5.7,7.2,6606.0,6611,43
b216243d-ad4306b9,Adaptive,0.716200714216785,0.5069657725570569,0.9815369023095318,0.3883994464461803,1093,874,795,79,298,76,27,26.21,0,27,0.0,26.21,1,0.97,38,36.89,37,35.92,4.38,36.985,35.637,70.844,149.25,14.053,59.17,8.012,33.54,7.225,30.32,43.5,44.0,42.9,43.5,44.0,29.9,5.9,7.6,6594.0,6597,33
b2169b74-fa197951,Vanilla,0.5888690471918367,0.4163672394397054,0.8471297249359038,0.33629310645419996,2040,1687,1418,269,622,203,0,0.0,0,0,0.0,0.0,0,0.0,0,0.0,203,100.0,10.58,46.041,38.13,83.864,398.12,16.168,168.32,8.148,84.5,7.352,76.32,43.7,44.2,42.9,43.5,44.2,31.4,5.8,7.7,6594.0,6595,81
b2169b74-fa197951,Adaptive,0.5973273804507939,0.38058608528363386,0.8418018680363635,0.3621266718607973,2040,1812,1445,367,595,160,43,21.18,0,43,0.0,21.18,1,0.49,75,36.95,84,41.38,8.72,37.2,40.542,82.392,338.48,15.268,129.47,8.155,68.85,7.294,61.64,43.7,44.0,43.0,43.5,44.0,35.8,5.8,7.2,6592.0,6596,66
b21742c2-0e7a2b57,Vanilla,0.47376654677931934,0.35114964452430486,0.9603456034755857,0.25935926912682045,2128,1174,1046,128,1082,202,0,0.0,0,0,0.0,0.0,0,0.0,0,0.0,202,100.0,10.72,46.879,38.212,76.394,401.86,15.476,163.15,7.994,84.08,7.31,77.0,43.6,44.1,42.9,43.6,44.1,35.3,5.8,7.8,6589.0,6594,83
b21742c2-0e7a2b57,Adaptive,0.4895280929857607,0.33957514984707593,0.939391514980178,0.2876898524129315,2128,1348,1095,253,1033,177,25,12.38,0,25,0.0,12.38,1,0.5,109,53.96,67,33.17,10.76,46.44,34.424,66.792,362.82,12.892,136.13,7.735,81.44,7.162,75.49,43.3,43.6,42.6,43.0,43.6,33.2,5.7,7.5,6596.0,6602,82
b21742c2-18d3463a,Vanilla,0.6624233924030527,0.43487077660348855,0.956397364865422,0.3746883759836275,3260,2611,2243,368,1017,202,0,0.0,0,0,0.0,0.0,0,0.0,0,0.0,202,100.0,9.75,42.341,41.466,81.562,395.22,17.655,169.66,8.366,80.06,7.383,70.7,43.7,44.2,42.5,43.0,44.3,36.0,5.8,8.1,6622.0,6644,77
b21742c2-18d3463a,Adaptive,0.6750730960880229,0.425896261395153,0.9286039780050457,0.4117260692360546,3260,3009,2323,686,937,190,12,5.94,0,12,0.0,5.94,1,0.5,157,77.72,32,15.84,10.02,43.658,39.127,81.594,383.2,15.889,155.58,8.314,81.11,7.312,71.41,43.7,44.2,42.9,43.8,44.2,32.5,5.8,7.9,6628.0,6636,78
b2194b15-1825056a,Vanilla,0.4510260434437787,0.3419720915240615,0.9959541531663665,0.2310734681277975,1798,836,814,22,984,203,0,0.0,0,0,0.0,0.0,0,0.0,0,0.0,203,100.0,9.87,43.724,40.866,81.024,396.49,17.734,171.85,8.304,80.11,7.42,71.64,43.9,44.3,43.0,43.5,44.3,33.8,5.8,8.4,6609.0,6619,78
b2194b15-1825056a,Adaptive,0.4611429433817047,0.3281855841796014,0.9792125347557766,0.2576659251019651,1798,960,841,119,957,165,38,18.72,0,38,0.0,18.72,1,0.49,87,42.86,77,37.93,8.46,37.048,36.153,78.138,293.88,15.447,127.01,8.311,68.19,7.34,60.3,43.6,44.5,42.4,43.1,44.5,30.6,5.5,7.8,6602.0,6607,66
b21bfb83-ea32f716,Vanilla,0.457588842424208,0.3481999950631162,0.8575286968264687,0.23664540765664807,2380,1481,1270,211,1110,202,0,0.0,0,0,0.0,0.0,0,0.0,0,0.0,202,100.0,9.94,44.209,39.555,78.526,385.28,16.201,158.03,8.279,80.59,7.386,71.97,43.8,44.5,42.5,42.9,44.5,35.7,5.5,8.3,6602.0,6604,78
b21bfb83-ea32f716,Adaptive,0.47014046287738764,0.3490445900310826,0.8534542026683729,0.26522113681062365,2380,1551,1311,240,1069,142,60,29.7,0,60,0.0,29.7,1,0.5,52,25.74,89,44.06,6.7,28.774,45.217,81.452,288.41,18.032,116.24,8.732,55.98,7.421,47.63,44.1,44.5,43.0,44.2,44.5,39.1,5.7,8.0,6607.0,6622,52
b21c68e6-65674a17,Vanilla,0.5085054579732339,0.3325840226787655,0.9876586892257175,0.26657107210734426,1742,946,896,50,846,203,0,0.0,0,0,0.0,0.0,0,0.0,0,0.0,203,100.0,10.0,44.276,41.558,79.772,408.92,17.063,167.61,8.198,80.21,7.403,72.52,44.0,44.3,43.2,43.7,44.3,34.7,5.7,8.1,6600.0,6609,78
b21c68e6-65674a17,Adaptive,0.48981487124402984,0.29533601978833135,0.9528477526234636,0.28393081322360164,1742,1070,885,185,857,173,30,14.78,0,30,0.0,14.78,1,0.49,93,45.81,79,38.92,9.77,42.713,38.094,76.098,360.71,14.315,137.03,7.919,75.65,7.262,69.42,43.7,44.1,42.9,43.4,44.1,37.4,5.8,8.0,6594.0,6597,76
b21c86ac-0dc77d82,Vanilla,0.6487355052004671,0.4985540531167302,0.995346419279361,0.3276446687295758,1832,1208,1194,14,638,202,0,0.0,0,0,0.0,0.0,0,0.0,0,0.0,202,100.0,10.24,44.815,39.367,80.13,396.53,16.632,167.21,8.201,82.19,7.362,73.85,43.9,44.2,43.1,43.6,44.2,33.3,5.8,8.1,6594.0,6596,80
b21c86ac-0dc77d82,Adaptive,0.6533650068983348,0.4856129754202424,0.9948881832314602,0.33218028696194635,1832,1225,1203,22,629,121,81,40.1,0,81,0.0,40.1,1,0.5,20,9.9,100,49.5,7.74,31.715,34.284,68.38,256.94,12.309,92.76,7.763,58.18,7.119,53.45,43.4,43.8,42.8,43.3,43.8,33.1,5.8,7.1,6591.0,6593,59
b21c86ac-2eb7ba16,Vanilla,0.6991381593343426,0.5642963211290335,0.9963313391242987,0.35550292207982687,2889,2065,2027,38,862,203,0,0.0,0,0,0.0,0.0,0,0.0,0,0.0,203,100.0,9.68,42.939,42.217,84.41,396.99,17.919,168.75,8.325,78.08,7.436,69.82,43.8,44.5,43.0,43.8,44.5,34.0,5.9,7.9,6592.0,6595,76
b21c86ac-2eb7ba16,Adaptive,0.696404289069342,0.5033121265943631,0.9779567850236126,0.3873276864975293,2889,2327,2044,283,845,187,16,7.88,0,16,0.0,7.88,1,0.49,142,69.95,44,21.67,9.45,41.896,42.856,81.882,396.83,17.115,159.37,8.401,77.75,7.384,68.39,44.0,44.5,43.4,43.9,44.5,35.6,5.9,8.0,6596.0,6597,74
b21c86ac-71205084,Vanilla,0.6801489637837584,0.5364415297319557,0.98278593361338,0.35285936905430626,1914,1384,1324,60,590,202,0,0.0,0,0,0.0,0.0,0,0.0,0,0.0,202,100.0,10.92,48.6,36.909,80.594,394.81,15.141,162.97,8.013,85.99,7.314,78.59,43.7,44.2,42.9,43.5,44.3,32.6,5.9,8.0,6598.0,6600,83
b21c86ac-71205084,Adaptive,0.7129645079960799,0.532642938085298,0.9717651298910218,0.391496205017947,1914,1563,1399,164,515,169,33,16.34,0,33,0.0,16.34,1,0.5,106,52.48,62,30.69,10.3,45.039,35.863,69.162,363.09,12.911,130.02,7.779,78.22,7.183,72.36,43.3,43.8,42.6,43.2,43.8,36.1,5.7,7.3,6605.0,6606,79
b21d5efb-5e2cd743,Vanilla,0.4220396208830312,0.2821532635593505,0.9667824342408746,0.23440563317808827,1350,668,586,82,764,202,0,0.0,0,0,0.0,0.0,0,0.0,0,0.0,202,100.0,10.13,45.806,41.34,82.304,408.5,16.844,166.7,8.155,80.4,7.381,72.81,43.7,44.2,42.8,43.2,44.2,37.4,5.8,8.1,6611.0,6621,77
b21d5efb-5e2cd743,Adaptive,0.20807265598953326,0.12174815191055141,0.9210982440204732,0.12814814814814815,1350,393,298,95,1052,79,123,60.89,104,19,51.49,9.41,2,0.99,43,21.29,34,16.83,8.66,39.494,33.553,80.208,281.68,9.536,79.56,10.076,84.67,7.068,59.26,43.1,43.9,43.0,44.5,45.9,15.3,19.7,4.7,6615.0,6624,65
b2208b0f-2796a692,Vanilla,0.677920038784554,0.46683862759928313,0.9931495831404759,0.34904035292996344,4174,2946,2848,98,1326,203,0,0.0,0,0,0.0,0.0,0,0.0,0,0.0,203,100.0,9.95,43.508,40.287,82.12,389.68,17.244,167.8,8.361,81.1,7.431,72.12,43.8,44.4,43.2,44.1,44.4,34.3,5.8,8.2,6613.0,6617,77
b2208b0f-2796a692,Adaptive,0.6961995929383208,0.45350234874278356,0.9782364670172111,0.38732759744101497,4174,3357,2952,405,1222,194,9,4.43,0,9,0.0,4.43,1,0.49,167,82.27,26,12.81,11.57,50.702,38.901,78.988,444.47,13.585,154.77,7.98,90.58,7.205,81.86,43.5,44.0,43.0,43.7,44.0,37.5,5.7,7.4,6607.0,6609,88
b229488e-e4714bb7,Vanilla,0.6170616944082746,0.43906677610364875,0.9956451120054498,0.3149151439402547,1354,858,839,19,515,202,0,0.0,0,0,0.0,0.0,0,0.0,0,0.0,202,100.0,10.25,46.113,39.345,79.422,395.37,16.298,163.79,8.084,81.01,7.364,73.89,43.5,44.0,42.6,43.2,44.0,32.6,5.8,7.8,6627.0,6639,79
b229488e-e4714bb7,Adaptive,0.6442941259245281,0.41315222988198624,0.990975264078174,0.34043001919446436,1354,935,879,56,475,147,55,27.23,0,55,0.0,27.23,1,0.5,66,32.67,80,39.6,8.27,36.256,36.229,70.46,289.64,14.025,112.48,7.989,63.9,7.259,58.14,43.4,43.9,42.6,43.2,43.9,37.4,5.8,7.5,6619.0,6624,65
b22a4d9f-48b2e986,Vanilla,0.7046657496698554,0.561182273318855,0.9967354929999133,0.36516135098233193,1414,1038,999,39,415,203,0,0.0,0,0,0.0,0.0,0,0.0,0,0.0,203,100.0,9.97,43.12,39.971,82.594,391.76,17.163,168.4,8.354,81.72,7.403,72.47,43.7,44.3,43.1,44.0,44.3,33.2,5.9,8.1,6611.0,6613,79
b22a4d9f-48b2e986,Adaptive,0.6922679645276617,0.49181700899680647,0.9813342919580939,0.3885281857323555,1414,1135,990,145,424,152,51,25.12,0,51,0.0,25.12,1,0.49,73,35.96,78,38.42,7.9,33.145,38.419,78.688,292.97,16.291,124.86,8.375,63.84,7.328,55.91,43.8,44.2,43.2,43.8,44.2,34.5,5.8,7.8,6617.0,6618,62
b22a4d9f-73cc8810,Vanilla,0.7165609865654778,0.5407255663672652,0.9977314546349075,0.36741576479341026,2255,1663,1619,44,636,203,0,0.0,0,0,0.0,0.0,0,0.0,0,0.0,203,100.0,9.91,42.638,38.898,80.834,374.55,17.413,168.82,8.38,80.89,7.421,71.66,44.0,44.3,43.2,43.8,44.3,32.9,5.8,7.9,6629.0,6635,78
b22a4d9f-73cc8810,Adaptive,0.6967757042350803,0.4727230541338289,0.979698232168684,0.38852378952303745,2255,1816,1593,223,662,169,34,16.75,0,34,0.0,16.75,2,0.99,99,48.77,68,33.5,9.03,38.698,36.562,72.85,323.33,15.158,133.83,8.355,73.49,7.3,64.25,43.8,44.1,42.5,42.7,44.1,30.7,5.8,8.2,6626.0,6633,70
b22e02cd-6af68e18,Vanilla,0.48681301599966553,0.35616036317609195,0.9416298402309553,0.283065087994499,865,538,442,96,423,202,0,0.0,0,0,0.0,0.0,0,0.0,0,0.0,202,100.0,10.89,49.152,38.042,79.838,400.49,15.208,161.16,7.889,83.52,7.311,77.49,43.7,44.2,42.8,43.3,44.2,34.8,5.8,8.0,6634.0,6643,81
b22e02cd-6af68e18,Adaptive,0.4700574810701016,0.2905475134004841,0.8932305823329527,0.2972412413937588,865,607,444,163,421,133,69,34.16,33,36,16.34,17.82,6,2.97,55,27.23,72,35.64,8.37,37.55,37.407,74.682,306.27,14.042,114.25,8.925,72.82,7.285,59.38,43.7,44.3,42.9,45.1,45.2,27.0,11.6,7.1,6636.0,6645,65
b22f385b-5d7e5202,Vanilla,0.8251882681439895,0.661833063075007,0.9989474841694057,0.42030229166395106,1281,1078,1058,20,223,202,0,0.0,0,0,0.0,0.0,0,0.0,0,0.0,202,100.0,11.21,48.814,37.364,78.176,405.33,14.882,162.16,7.876,85.84,7.281,79.42,43.6,44.1,42.8,43.3,44.1,33.3,5.8,8.1,6650.0,6668,84
b22f385b-5d7e5202,Adaptive,0.81881276101888,0.6294887213862572,0.9905812366804979,0.42695177613210405,1281,1110,1058,52,223,128,74,36.63,0,74,0.0,36.63,1,0.5,30,14.85,97,48.02,7.98,32.829,34.004,72.584,259.74,12.751,98.05,7.844,60.12,7.138,54.81,43.3,43.9,42.7,43.3,43.9,34.3,5.8,6.8,6657.0,6659,59
b230132b-ff8f2719,Vanilla,0.5808504182401977,0.4540765372882801,0.9984018381445651,0.295834065400277,1616,958,940,18,676,203,0,0.0,0,0,0.0,0.0,0,0.0,0,0.0,203,100.0,10.82,48.142,40.044,77.15,421.2,15.283,160.77,7.986,84.05,7.327,77.18,43.5,44.1,42.5,43.0,44.1,37.9,5.8,7.9,6640.0,6649,82
b230132b-ff8f2719,Adaptive,0.5872013478835474,0.41029321104739686,0.9842210870887861,0.3211923912841566,1616,1066,960,106,656,150,53,26.11,0,53,0.0,26.11,1,0.49,70,34.48,79,38.92,9.41,40.837,30.963,62.788,283.42,12.3,113.09,7.675,70.19,7.155,65.53,43.2,43.6,42.1,42.4,43.6,24.5,5.7,7.5,6634.0,6636,71
b230a7b2-c881c382,Vanilla,0.40910782192800066,0.27741932894170174,0.9711513488067837,0.2201585288522511,830,380,349,31,481,203,0,0.0,0,0,0.0,0.0,0,0.0,0,0.0,203,100.0,10.32,46.428,38.017,76.02,384.69,16.604,168.29,7.985,80.69,7.398,74.8,43.6,44.0,42.3,42.6,44.0,32.8,5.8,8.5,6631.0,6636,78
b230a7b2-c881c382,Adaptive,0.40675573301916984,0.24579614998337357,0.9441059499683514,0.23987007939592472,830,434,353,81,477,136,67,33.0,0,67,0.0,33.0,1,0.49,38,18.72,97,47.78,7.58,32.859,37.717,77.712,276.1,14.538,106.98,8.001,58.77,7.261,53.41,43.5,44.1,42.4,43.4,44.1,33.3,5.9,7.9,6636.0,6658,57
b231a630-c4522992,Vanilla,0.5294636238709072,0.3776662678803833,0.9842567704967576,0.2760696126488243,3209,1814,1725,89,1484,202,0,0.0,0,0,0.0,0.0,0,0.0,0,0.0,202,100.0,10.8,47.144,34.939,70.346,366.65,14.822,156.34,7.963,83.83,7.303,76.94,43.5,43.9,42.9,43.3,43.9,33.7,5.7,8.5,6647.0,6655,81
b231a630-c4522992,Adaptive,0.5500247757811877,0.3680335828015494,0.9721044077072503,0.3049896896424119,3209,2048,1806,242,1403,176,26,12.87,0,26,0.0,12.87,1,0.5,118,58.42,57,28.22,8.94,38.649,38.864,74.278,337.33,16.22,140.77,8.379,72.41,7.345,63.56,43.6,44.0,43.2,43.8,44.1,33.0,5.8,7.9,6636.0,6639,69
b232c7c9-d251d9ee,Vanilla,0.7423188743817208,0.5509661007642643,0.992944270057163,0.3860527572819481,3174,2480,2371,109,803,202,0,0.0,0,0,0.0,0.0,0,0.0,0,0.0,202,100.0,9.26,41.064,40.452,80.516,366.96,18.671,170.13,8.508,77.15,7.485,67.97,44.0,44.5,43.3,43.8,44.5,33.5,5.9,8.2,6633.0,6637,72
b232c7c9-d251d9ee,Adaptive,0.750591246631648,0.5205883090276489,0.9787568171926121,0.42188860543697476,3174,2781,2415,366,759,193,9,4.46,0,9,0.0,4.46,1,0.5,152,75.25,40,19.8,9.95,44.164,38.812,82.368,377.02,16.162,157.02,8.351,80.72,7.355,71.18,43.8,44.2,43.4,44.1,44.2,32.6,5.8,7.8,6643.0,6644,76
b2331b83-648e56ca,Vanilla,0.4784606791335908,0.3854155146568941,0.9981877242375734,0.24246743160035547,1521,739,729,10,792,202,0,0.0,0,0,0.0,0.0,0,0.0,0,0.0,202,100.0,9.3,41.651,42.843,81.484,391.14,18.679,170.3,8.414,76.43,7.472,67.94,44.1,44.5,43.4,43.9,44.5,34.8,5.8,8.1,6640.0,6645,72
b2331b83-648e56ca,Adaptive,0.48190481987654604,0.3484394947784548,0.9828741868265028,0.26536946448082244,1521,831,742,89,779,151,51,25.25,0,51,0.0,25.25,1,0.5,67,33.17,83,41.09,7.21,31.534,42.765,81.962,296.96,17.859,124.73,8.504,59.1,7.432,51.71,44.2,44.6,43.6,44.2,44.6,34.8,5.8,8.2,6639.0,6642,56
b2331b83-a28e6b57,Vanilla,0.6291981496673346,0.47258835754405826,0.9719558139761436,0.34333511998570676,3230,2322,2083,239,1147,203,0,0.0,0,0,0.0,0.0,0,0.0,0,0.0,203,100.0,11.4,49.795,40.154,75.112,450.94,14.178,158.97,7.824,87.49,7.272,81.38,43.7,44.1,42.6,43.2,44.2,43.4,5.8,7.9,6642.0,6651,89
b2331b83-a28e6b57,Adaptive,0.6226886819711946,0.4247225353049967,0.9386873570372317,0.3684005853181138,3230,2632,2111,521,1119,192,11,5.42,0,11,0.0,5.42,1,0.49,161,79.31,30,14.78,10.14,44.381,38.955,82.296,385.83,15.819,156.66,8.264,81.51,7.33,72.41,43.7,44.2,43.0,43.7,44.5,34.4,5.8,8.0,6634.0,6635,79
b23493b1-3200de1c,Vanilla,0.7074863649033347,0.544395536552213,0.9928073445954176,0.3700408246920584,3179,2382,2263,119,916,202,0,0.0,0,0,0.0,0.0,0,0.0,0,0.0,202,100.0,9.11,40.019,44.37,82.098,397.64,19.19,171.89,8.7,77.57,7.502,66.96,44.1,44.6,43.4,44.4,44.6,35.9,5.8,8.1,6654.0,6665,71
b23493b1-3200de1c,Adaptive,0.7148210378311579,0.4969752158239665,0.973952060161751,0.40299678234236186,3179,2682,2314,368,865,193,9,4.46,0,9,0.0,4.46,1,0.5,150,74.26,42,20.79,9.33,41.11,42.693,81.128,385.59,18.026,163.57,8.602,77.73,7.442,67.3,44.2,44.6,43.7,44.5,44.6,32.7,5.9,8.2,6671.0,6716,73
b237db93-fab44bf2,Vanilla,0.6661324029356944,0.5110555234715807,0.9932077449793,0.3521094433307801,1017,724,681,43,336,203,0,0.0,0,0,0.0,0.0,0,0.0,0,0.0,203,100.0,9.6,42.236,41.974,82.672,390.43,18.416,172.27,8.357,77.8,7.436,69.31,44.3,44.6,43.4,44.0,44.6,33.7,5.9,8.0,6673.0,6690,75
b237db93-fab44bf2,Adaptive,0.6488567617451064,0.4536297925739481,0.9742040086355918,0.3665400277543963,1017,778,672,106,345,144,59,29.06,0,59,0.0,29.06,1,0.49,54,26.6,89,43.84,9.28,39.251,38.072,60.042,344.23,11.914,108.52,7.573,68.75,7.155,65.05,43.5,43.9,42.6,43.3,43.9,46.8,5.7,7.2,6667.0,6672,73
b23a79d1-43dfeecd,Vanilla,0.518382398619346,0.38979177124492553,0.9933789294960959,0.27101678019604586,1690,926,881,45,809,203,0,0.0,0,0,0.0,0.0,0,0.0,0,0.0,203,100.0,9.73,43.531,43.499,81.884,413.46,17.973,171.69,8.232,78.32,7.483,71.25,44.0,44.4,43.0,43.5,44.4,35.3,5.8,8.4,6659.0,6676,77
b23a79d1-43dfeecd,Adaptive,0.49880246680370743,0.33276035847816543,0.9693960627697936,0.28074405766713456,1690,999,863,136,827,157,46,22.66,0,46,0.0,22.66,1,0.49,68,33.5,88,43.35,8.38,36.824,39.536,75.128,322.38,15.166,123.52,8.126,65.94,7.308,59.38,43.8,44.2,43.1,43.8,44.2,36.9,5.7,7.6,6671.0,6682,66
b23a79d1-e434acaa,Vanilla,0.7205629699431813,0.5840618364319178,0.9860318837836858,0.40308985547080783,1078,891,782,109,296,203,0,0.0,0,0,0.0,0.0,0,0.0,0,0.0,203,100.0,9.85,43.384,40.364,81.45,388.97,17.46,168.45,8.269,79.57,7.414,71.42,44.0,44.6,43.2,43.6,44.6,34.6,5.8,8.2,6662.0,6677,78
b23a79d1-e434acaa,Adaptive,0.6210518196547663,0.45479448292937663,0.9567169772852041,0.3658041436940982,1078,849,689,160,389,121,82,40.39,43,39,21.18,19.21,1,0.49,55,27.09,65,32.02,8.21,35.756,37.666,81.746,301.36,13.275,105.71,8.998,71.86,7.22,57.57,43.7,44.3,43.6,45.0,45.0,27.2,11.6,6.8,6666.0,6672,64
b23adb0d-72704b27,Vanilla,0.5601993650923656,0.4070848378430467,0.996016856510069,0.2900533089098681,1208,705,679,26,529,202,0,0.0,0,0,0.0,0.0,0,0.0,0,0.0,202,100.0,9.79,44.196,40.862,81.508,392.35,17.736,170.43,8.238,78.82,7.43,71.14,44.1,44.4,43.3,43.8,44.4,34.8,5.8,8.6,6659.0,6665,77
b23adb0d-72704b27,Adaptive,0.5749843426057937,0.38191040922653535,0.9844986361159466,0.3073269747891847,1208,761,704,57,504,144,58,28.71,0,58,0.0,28.71,1,0.5,48,23.76,95,47.03,8.48,37.131,35.878,68.334,291.4,13.608,111.18,7.824,63.85,7.209,58.91,43.6,44.0,42.9,43.5,44.0,34.0,5.8,7.7,6660.0,6662,64
b23adb0d-8a7aaced,Vanilla,0.5565834151385278,0.41864849484166095,0.9711838215720243,0.3058056265638371,2147,1376,1225,151,922,203,0,0.0,0,0,0.0,0.0,0,0.0,0,0.0,203,100.0,10.75,47.998,38.201,80.928,400.1,15.794,165.85,7.987,83.65,7.341,76.93,43.8,44.1,42.9,43.5,44.1,33.6,5.8,8.2,6655.0,6657,81
b23adb0d-8a7aaced,Adaptive,0.5486434154613475,0.36493181683108383,0.9261737026261562,0.3308576627243404,2147,1605,1248,357,899,188,15,7.39,0,15,0.0,7.39,1,0.49,130,64.04,57,28.08,10.59,47.06,36.118,73.576,374.47,14.459,150.46,7.972,82.82,7.274,75.67,43.6,44.1,42.8,43.4,44.1,32.4,5.7,7.8,6658.0,6659,82
b23b2649-1a78948d,Vanilla,0.7618836717742632,0.5847822775768958,0.9918126422130819,0.3995503844901436,1332,1079,1022,57,310,190,0,0.0,0,0,0.0,0.0,0,0.0,0,0.0,190,100.0,10.4,48.483,37.467,78.684,378.71,14.987,152.2,7.989,80.88,7.287,73.87,43.6,44.0,42.8,43.5,44.0,34.5,5.8,8.0,6657.0,6659,79
b23b2649-1a78948d,Adaptive,0.7295843751634193,0.4776358475872251,0.9598671600808449,0.4179993752141403,1332,1192,1002,190,330,154,36,18.95,0,36,0.0,18.95,1,0.53,76,40.0,77,40.53,9.13,41.757,34.181,63.99,306.62,13.321,119.7,7.91,70.74,7.198,64.48,43.3,43.6,42.6,43.2,43.6,32.0,5.8,7.3,6661.0,6667,72
b23b2649-6af03cd5,Vanilla,0.8428757194612962,0.6973787875807271,0.9947822903478903,0.4359431346194711,1469,1291,1244,47,225,203,0,0.0,0,0,0.0,0.0,0,0.0,0,0.0,203,100.0,9.98,43.396,39.724,77.808,385.59,17.169,166.69,8.268,80.03,7.414,71.82,43.7,44.2,43.0,43.5,44.2,33.1,5.8,7.9,6667.0,6680,77
b23b2649-6af03cd5,Adaptive,0.827788909439348,0.626721544458563,0.976093653387716,0.464340022435498,1469,1420,1237,183,232,158,45,22.17,0,45,0.0,22.17,1,0.49,87,42.86,70,34.48,10.34,43.757,35.965,61.442,364.3,11.672,118.39,7.568,76.5,7.123,72.1,43.1,43.4,42.0,42.3,43.4,36.9,5.7,7.1,6659.0,6666,80
b23b2649-8349d2a1,Vanilla,0.47294808995655907,0.2984791381303223,0.9342096738215534,0.26154808385707046,1493,861,753,108,740,92,0,0.0,0,0,0.0,0.0,0,0.0,0,0.0,92,100.0,4.34,42.037,42.656,82.484,174.27,17.991,73.81,8.395,34.14,7.4,30.14,43.6,43.9,42.2,42.5,43.9,31.9,5.8,7.0,6642.0,6645,33
b23b2649-8349d2a1,Adaptive,0.48369584377228414,0.2889959768617672,0.9233459036195185,0.2750699191647536,1493,917,778,139,715,77,15,16.3,0,15,0.0,16.3,1,1.09,42,45.65,34,36.96,4.69,44.827,31.572,69.078,140.23,12.442,55.75,7.849,35.13,7.125,31.95,43.1,43.6,42.0,42.3,43.6,19.7,5.7,7.2,6647.0,6653,36
b23bb45f-ddeea1d8,Vanilla,0.7226581227460817,0.5917977570613236,0.9623942551575511,0.4281660857335046,1035,948,763,185,272,203,0,0.0,0,0,0.0,0.0,0,0.0,0,0.0,203,100.0,12.08,52.311,36.524,69.244,430.27,13.147,155.11,7.698,90.61,7.202,84.85,43.1,43.5,42.0,42.9,43.5,35.1,5.7,7.8,6665.0,6672,94
b23bb45f-ddeea1d8,Adaptive,0.6748147926288426,0.5068157740444027,0.9088344483000702,0.41798270838125917,1035,1008,749,259,286,141,62,30.54,0,62,0.0,30.54,1,0.49,45,22.17,95,46.8,7.82,32.501,37.836,81.194,287.97,14.964,114.77,8.118,61.9,7.284,55.61,43.3,43.7,42.4,43.1,43.7,31.8,5.8,7.7,6665.0,6672,61
b23c9e00-b425de1b,Vanilla,0.45936812145666295,0.35061439629868396,0.9957884302240747,0.23545504838411016,2717,1288,1253,35,1464,202,0,0.0,0,0,0.0,0.0,0,0.0,0,0.0,202,100.0,10.07,45.223,41.65,82.788,408.35,17.091,168.67,8.132,79.95,7.428,73.06,43.6,44.0,42.3,43.2,44.0,35.6,5.8,8.0,6641.0,6650,78
b23c9e00-b425de1b,Adaptive,0.4678717350922218,0.3268722759782971,0.9836148752332755,0.25383137458314814,2717,1417,1288,129,1429,154,48,23.76,0,48,0.0,23.76,1,0.5,76,37.62,77,38.12,9.42,41.39,36.031,65.082,329.33,12.792,117.94,7.714,70.92,7.194,66.24,43.2,43.5,42.1,42.9,43.5,35.2,5.7,7.3,6637.0,6643,73
b23f7012-32d284ce,Vanilla,0.45799459018429467,0.3311724624400884,0.9919963393116648,0.23689683356541746,1660,796,766,30,894,203,0,0.0,0,0,0.0,0.0,0,0.0,0,0.0,203,100.0,9.58,42.637,43.509,79.826,410.31,18.066,170.05,8.336,78.17,7.435,69.77,43.8,44.2,42.4,42.7,44.2,35.3,5.8,8.3,6642.0,6648,75
b23f7012-32d284ce,Adaptive,0.45810380061083955,0.29195628117611316,0.9747258781209867,0.256235992447807,1660,887,775,112,885,163,40,19.7,0,40,0.0,19.7,5,2.46,72,35.47,86,42.36,8.74,38.143,37.849,78.682,319.87,15.535,132.32,8.229,69.9,7.344,62.43,43.7,44.1,43.1,44.1,44.1,30.4,6.5,7.8,6652.0,6669,68
b23f7012-fab06dac,Vanilla,0.3740031786615044,0.25824303921747493,0.988830448371042,0.19313199054721106,1714,673,648,25,1066,202,0,0.0,0,0,0.0,0.0,0,0.0,0,0.0,202,100.0,11.11,49.389,38.279,73.146,415.67,14.953,162.99,7.895,85.81,7.303,79.46,43.6,44.0,42.8,43.6,44.0,33.4,5.8,8.1,6647.0,6653,84
b23f7012-fab06dac,Adaptive,0.4026349286897045,0.25836857254467016,0.9797732897315157,0.21558104624971444,1714,761,703,58,1011,150,52,25.74,0,52,0.0,25.74,5,2.48,59,29.21,86,42.57,9.18,39.864,35.428,69.056,318.39,12.728,114.11,7.816,69.98,7.205,64.59,43.3,43.7,42.5,43.6,43.8,37.0,6.1,7.4,6654.0,6668,72
b23fe89b-c704fe97,Vanilla,0.6315589397725023,0.4691420813439161,0.9931494081931138,0.3276990997076049,1166,772,741,31,425,203,0,0.0,0,0,0.0,0.0,0,0.0,0,0.0,203,100.0,9.82,43.787,39.944,75.312,381.75,17.242,165.85,8.294,79.41,7.454,71.41,43.7,44.1,42.9,43.5,44.1,31.5,5.7,8.3,6661.0,6668,75
b23fe89b-c704fe97,Adaptive,0.6091424647005463,0.39109764618757614,0.970364995003379,0.3444920455561607,1166,844,726,118,440,143,60,29.56,0,60,0.0,29.56,1,0.49,59,29.06,83,40.89,7.72,33.26,36.96,82.458,278.71,15.445,116.23,8.165,61.15,7.298,54.71,43.6,44.1,43.0,43.7,44.1,32.3,5.9,7.5,6669.0,6681,59
b24071b8-b3ee1196,Vanilla,0.5452417234168965,0.3783950471229981,0.9918395982443701,0.2829300309783895,4862,2788,2671,117,2191,202,0,0.0,0,0,0.0,0.0,0,0.0,0,0.0,202,100.0,11.39,49.399,38.094,69.252,424.11,14.432,161.1,7.909,88.12,7.241,80.73,43.5,43.9,42.9,43.2,43.9,35.2,5.8,8.2,6645.0,6654,87
b24071b8-b3ee1196,Adaptive,0.5576636993964947,0.36172038292263675,0.9740729261080661,0.3131107863879389,4862,3183,2763,420,2099,198,4,1.98,0,4,0.0,1.98,1,0.5,172,85.15,25,12.38,10.75,47.113,37.396,71.572,393.96,15.348,162.53,8.271,87.27,7.293,77.05,43.5,43.9,43.0,43.5,43.9,32.6,5.7,7.9,6657.0,6674,84
b2408e45-984ba5aa,Vanilla,0.6955037803859545,0.5341460847576458,0.996299526281213,0.3594703675891566,1945,1407,1357,50,588,203,0,0.0,0,0,0.0,0.0,0,0.0,0,0.0,203,100.0,9.68,42.907,44.784,84.148,418.02,17.693,166.84,8.402,78.89,7.487,70.38,43.7,44.3,43.0,43.5,44.3,37.7,5.8,7.7,6653.0,6659,73
b2408e45-984ba5aa,Adaptive,0.7043434349468904,0.47196262692475255,0.978130324265769,0.39534154196601795,1945,1598,1390,208,555,181,22,10.84,0,22,0.0,10.84,1,0.49,115,56.65,65,32.02,9.15,40.332,39.799,83.198,353.03,16.458,146.63,8.349,74.08,7.37,65.46,43.8,44.2,43.2,43.8,44.2,34.4,5.8,7.9,6653.0,6658,71
b242929f-3051abca,Vanilla,0.6229511312530442,0.48212714999657064,0.9725103505739453,0.34368512878847873,1863,1342,1187,155,676,202,0,0.0,0,0,0.0,0.0,0,0.0,0,0.0,202,100.0,9.91,43.767,40.362,79.706,387.41,17.174,165.9,8.278,79.59,7.425,71.44,43.9,44.4,43.1,44.0,44.4,35.1,5.8,8.2,6667.0,6676,76
b242929f-3051abca,Adaptive,0.6055891140417142,0.4295515361460381,0.9417979096302804,0.3595996979539106,1863,1475,1179,296,684,165,37,18.32,0,37,0.0,18.32,1,0.5,92,45.54,72,35.64,8.55,37.042,38.982,78.894,326.13,16.233,135.65,8.27,68.76,7.35,61.19,43.9,44.3,43.3,43.9,44.3,31.9,5.8,7.7,6664.0,6667,67
b242f6b2-0033bdfb,Vanilla,0.44090628111725116,0.3215939777335479,0.9910169952882819,0.23213311980588935,2809,1324,1248,76,1561,202,0,0.0,0,0,0.0,0.0,0,0.0,0,0.0,202,100.0,10.48,46.684,37.844,77.856,387.0,15.653,159.87,8.082,82.33,7.336,74.8,43.8,44.3,42.6,43.5,44.3,34.9,5.7,7.7,6681.0,6700,82
b242f6b2-0033bdfb,Adaptive,0.46450936977616364,0.32338477288990425,0.9843493907126211,0.2519173818693576,2809,1453,1321,132,1488,165,37,18.32,0,37,0.0,18.32,1,0.5,80,39.6,84,41.58,9.37,41.053,35.662,65.556,326.56,13.997,128.14,7.936,72.42,7.25,66.24,43.5,43.9,42.9,43.3,43.9,31.2,5.8,7.9,6682.0,6696,74
b242f6b2-99d2f2c1,Vanilla,0.4345243161190519,0.30658300155312646,0.9779679153597844,0.23141650422352175,1520,729,674,55,846,203,0,0.0,0,0,0.0,0.0,0,0.0,0,0.0,203,100.0,9.28,41.786,41.571,83.1,376.05,18.714,169.93,8.434,76.4,7.487,67.89,44.0,44.7,43.3,44.0,44.7,35.1,5.8,8.2,6681.0,6696,73
b242f6b2-99d2f2c1,Adaptive,0.4323931530469385,0.26830295368561424,0.9437897695174025,0.2529562237937293,1520,841,688,153,832,164,39,19.21,10,29,4.93,14.29,2,0.99,91,44.83,71,34.98,8.14,36.345,42.115,84.95,333.98,17.431,138.14,8.663,68.62,7.427,58.85,44.1,44.7,43.7,44.8,44.8,33.7,7.3,8.0,6664.0,6675,64
b242f6b2-eaa39345,Vanilla,0.5161193046937884,0.40112743827089625,0.9864173490450824,0.27781099457293446,1683,957,878,79,805,202,0,0.0,0,0,0.0,0.0,0,0.0,0,0.0,202,100.0,9.02,40.421,43.312,82.028,381.27,19.532,171.49,8.66,75.82,7.548,66.14,44.5,44.8,43.8,44.4,44.8,34.7,5.8,8.6,6655.0,6660,70
b242f6b2-eaa39345,Adaptive,0.5035148844153232,0.3660723124936168,0.9572150232319273,0.2879753416518122,1683,1040,877,163,806,162,40,19.8,0,40,0.0,19.8,1,0.5,75,37.13,86,42.57,7.61,33.526,41.433,83.462,306.92,18.491,137.11,8.607,63.53,7.457,55.1,44.5,44.9,43.9,44.5,44.9,34.2,5.9,8.3,6657.0,6659,59
b242f6b2-f5da110f,Vanilla,0.5116012326509791,0.36646162667317206,0.9861121744775254,0.2716734484964811,1875,1042,971,71,904,201,0,0.0,0,0,0.0,0.0,0,0.0,0,0.0,201,100.0,9.36,42.357,40.49,82.516,368.28,18.259,167.4,8.424,76.98,7.469,68.3,44.4,44.9,43.7,44.3,44.9,34.2,5.8,8.2,6656.0,6661,73
b242f6b2-f5da110f,Adaptive,0.5137558935536635,0.33304755174227907,0.9591406794476773,0.29537620253164554,1875,1185,994,191,881,164,37,18.41,5,32,2.49,15.92,4,1.99,98,48.76,62,30.85,8.19,36.784,40.789,82.034,322.36,17.28,136.9,8.663,68.46,7.435,58.78,44.4,44.8,43.9,45.3,45.4,34.5,7.0,8.0,6659.0,6672,63
b24380ab-63272e5a,Vanilla,0.067396409449643,0.043839893073860346,0.9922378846110703,0.035843360687104045,811,58,55,3,756,200,0,0.0,0,0,0.0,0.0,0,0.0,0,0.0,200,100.0,9.09,41.694,43.429,81.198,384.03,19.105,169.21,8.412,74.26,7.526,66.51,44.6,44.9,43.8,44.3,44.9,37.1,5.8,8.4,6651.0,6652,70
b24380ab-63272e5a,Adaptive,0.04781100527093128,0.02435728264106019,0.9891774981823658,0.026582169586786338,811,43,39,4,772,46,154,77.0,143,11,71.5,5.5,22,11.0,8,4.0,16,8.0,9.88,46.28,31.082,73.082,299.66,6.461,62.14,10.594,102.41,6.942,67.05,43.3,44.2,44.2,45.6,45.6,9.2,24.7,4.3,6660.0,6674,76
b24380ab-6dbeb908,Vanilla,0.5506045292689623,0.4039803391311202,0.9918231685398624,0.2901513313296396,1481,871,821,50,660,202,0,0.0,0,0,0.0,0.0,0,0.0,0,0.0,202,100.0,10.23,46.261,39.104,80.31,390.06,16.247,161.84,8.082,80.25,7.395,73.46,43.7,44.2,42.4,42.8,44.2,35.1,5.8,7.8,6635.0,6642,80
b24380ab-6dbeb908,Adaptive,0.5559304268035477,0.3597246961637346,0.9675396117324169,0.31480940147011194,1481,984,844,140,637,160,42,20.79,7,35,3.47,17.33,8,3.96,84,41.58,68,33.66,8.93,40.101,38.924,83.708,339.71,15.175,132.23,8.446,73.55,7.327,63.84,43.8,44.3,43.1,43.9,44.3,32.4,7.8,7.6,6654.0,6668,70
b24c9ee6-e43a6e8b,Vanilla,0.4091773871603289,0.3006301410345205,0.9891807235539775,0.21770309021998518,1061,470,438,32,623,202,0,0.0,0,0,0.0,0.0,0,0.0,0,0.0,202,100.0,9.3,42.271,41.031,82.578,371.06,18.806,170.98,8.429,76.45,7.505,68.13,44.3,44.8,43.5,44.0,44.7,33.5,5.9,8.5,6640.0,6646,73
b24c9ee6-e43a6e8b,Adaptive,0.40610179390800566,0.27990766668989014,0.9779793599112216,0.22124674679916068,1061,486,439,47,622,138,64,31.68,24,40,11.88,19.8,17,8.42,35,17.33,86,42.57,8.63,39.114,38.137,85.06,317.81,14.078,117.02,8.971,74.81,7.297,60.79,43.9,44.5,43.7,45.2,45.2,28.0,11.4,7.2,6632.0,6658,67
b24ca67a-594d7d3c,Vanilla,0.491179833452232,0.3986713383334522,0.9989928957600639,0.24780847073912496,1019,505,501,4,518,202,0,0.0,0,0,0.0,0.0,0,0.0,0,0.0,202,100.0,10.3,46.115,38.858,82.516,389.06,16.57,166.52,8.067,80.89,7.381,74.09,44.1,44.6,43.3,43.7,44.6,32.8,5.9,8.6,6612.0,6618,80
b24ca67a-594d7d3c,Adaptive,0.5092071037655179,0.38700217400539944,0.9973071800114324,0.2631269814053431,1019,538,520,18,499,128,74,36.63,0,74,0.0,36.63,1,0.5,30,14.85,97,48.02,8.04,34.375,37.612,64.008,293.1,12.405,96.82,7.703,59.96,7.173,55.94,43.6,43.8,42.4,42.7,43.8,43.6,5.6,7.2,6628.0,6630,61
b24d283f-33783d1b,Vanilla,0.6177716232162653,0.47360263510363376,0.9937296756150875,0.31591472530799947,2991,1908,1859,49,1132,202,0,0.0,0,0,0.0,0.0,0,0.0,0,0.0,202,100.0,9.78,42.912,41.511,83.114,396.37,17.755,169.19,8.413,79.91,7.446,70.75,44.0,44.5,43.3,43.8,44.5,33.0,5.9,8.3,6628.0,6630,73
b24d283f-33783d1b,Adaptive,0.6262588815792833,0.4494388985826575,0.9845832754210617,0.34144497742591645,2991,2096,1895,201,1096,178,24,11.88,0,24,0.0,11.88,1,0.5,123,60.89,54,26.73,9.1,39.725,37.518,79.008,332.04,16.36,144.86,8.333,73.4,7.362,64.93,43.9,44.4,43.5,44.2,44.4,32.0,5.8,7.4,6628.0,6635,70
b24f03f7-ff66eaca,Vanilla,0.7929035872315884,0.6784456151180269,0.9997003079205631,0.39847565487642445,1165,928,924,4,241,202,0,0.0,0,0,0.0,0.0,0,0.0,0,0.0,202,100.0,9.74,43.425,40.333,82.482,378.72,17.372,164.77,8.31,78.54,7.427,70.25,44.1,44.5,43.4,43.9,44.5,32.5,5.9,7.8,6630.0,6635,73
b24f03f7-ff66eaca,Adaptive,0.7967275278710501,0.6547679510037118,0.9971552345736862,0.4154100213709179,1165,972,930,42,235,124,78,38.61,0,78,0.0,38.61,1,0.5,34,16.83,89,44.06,7.42,31.493,36.411,67.744,259.44,13.094,93.47,7.822,55.71,7.176,51.19,43.6,44.0,42.7,43.4,44.0,38.5,5.7,7.4,6659.0,6674,58
b24f7455-e8c55d6a,Vanilla,0.5909332894054836,0.4034535627538169,0.9456594875567798,0.32113265638804606,2734,1887,1706,181,1028,202,0,0.0,0,0,0.0,0.0,0,0.0,0,0.0,202,100.0,11.08,48.432,36.512,79.53,399.25,14.879,162.16,7.95,86.48,7.288,79.36,43.6,44.2,42.4,43.3,44.2,31.4,5.7,8.0,6640.0,6652,85
b24f7455-e8c55d6a,Adaptive,0.5948170686485219,0.36815178584764385,0.9205111601231295,0.3564166532985696,2734,2198,1743,455,991,187,15,7.43,0,15,0.0,7.43,1,0.5,146,72.28,40,19.8,11.82,51.387,33.802,62.322,389.26,12.414,143.98,7.781,89.94,7.157,82.8,43.3,43.6,42.2,43.2,43.6,33.1,5.7,7.1,6651.0,6668,90
b2505382-1423f56a,Vanilla,0.7709449870245701,0.5767883633782344,0.9976750311425371,0.3941571300143353,2040,1614,1576,38,464,202,0,0.0,0,0,0.0,0.0,0,0.0,0,0.0,202,100.0,9.73,44.033,40.043,79.842,378.28,17.713,168.69,8.336,79.04,7.446,70.71,43.8,44.1,42.4,42.6,44.1,32.5,5.8,7.9,6661.0,6665,74
b2505382-1423f56a,Adaptive,0.7709355132405846,0.5401243578877308,0.9866679357369074,0.4102367847723885,2040,1710,1591,119,449,139,63,31.19,0,63,0.0,31.19,1,0.5,59,29.21,79,39.11,7.95,34.918,39.91,70.45,307.95,14.095,109.73,7.949,61.68,7.254,56.37,43.5,43.9,42.3,42.6,43.9,38.2,5.8,7.9,6656.0,6659,61
b2505382-272e7823,Vanilla,0.373932523097935,0.25455865693252877,0.9962518267718841,0.18832037216613112,1119,423,420,3,699,202,0,0.0,0,0,0.0,0.0,0,0.0,0,0.0,202,100.0,10.03,45.188,39.714,79.698,390.16,17.08,168.74,8.207,80.82,7.397,72.88,43.9,44.4,42.7,43.5,44.4,34.7,5.8,8.1,6646.0,6651,77
b2505382-272e7823,Adaptive,0.4054356862491634,0.26119175125357347,0.987109604015896,0.21397544646127248,1119,488,459,29,660,140,62,30.69,0,62,0.0,30.69,1,0.5,46,22.77,93,46.04,7.58,33.02,39.169,78.602,288.03,15.349,112.49,8.098,59.09,7.316,53.44,43.7,44.2,43.0,43.7,44.2,33.9,6.0,7.9,6653.0,6658,57
b2505382-2905b23c,Vanilla,0.5324021114521312,0.4151946834491227,0.9964238583439651,0.26961710386406107,846,458,452,6,394,179,0,0.0,0,0,0.0,0.0,0,0.0,0,0.0,179,100.0,9.32,47.473,38.61,80.04,352.96,15.591,141.94,8.049,73.19,7.35,66.9,43.7,44.3,42.6,43.2,44.3,36.2,5.8,8.1,6672.0,6676,71
b2505382-2905b23c,Adaptive,0.5632938775236198,0.3909138809499868,0.9856553899110303,0.3045877239021896,846,527,482,45,364,111,68,37.99,33,35,18.44,19.55,4,2.23,53,29.61,54,30.17,8.49,42.878,31.891,83.798,264.35,11.613,96.41,8.243,67.87,7.152,59.13,43.3,43.7,42.9,44.5,44.6,23.8,11.0,7.0,6653.0,6663,64
b2505382-549785d3,Vanilla,0.43530031092097504,0.29064786542332255,0.9819170988983157,0.23284845364142498,805,386,356,30,449,200,0,0.0,0,0,0.0,0.0,0,0.0,0,0.0,200,100.0,9.31,42.773,42.423,81.844,384.63,18.528,168.34,8.51,77.06,7.501,67.95,43.9,44.4,43.1,44.1,44.4,36.9,5.8,8.2,6646.0,6651,71
b2505382-549785d3,Adaptive,0.22841983396474297,0.13378979175246164,0.9389153045497107,0.1376600329572823,805,245,192,53,613,67,133,66.5,109,24,54.5,12.0,6,3.0,26,13.0,35,17.5,8.7,40.08,34.075,81.028,287.91,9.19,78.23,10.064,84.39,7.068,59.43,43.2,44.1,43.9,45.2,45.2,14.0,21.8,5.3,6655.0,6667,65
b2505382-de5238f0,Vanilla,0.3807268747947442,0.26731629105509386,0.9861329082901127,0.20307404398885304,2004,833,772,61,1232,202,0,0.0,0,0,0.0,0.0,0,0.0,0,0.0,202,100.0,9.49,42.61,42.353,79.858,394.33,18.263,169.62,8.457,78.26,7.493,69.42,43.9,44.4,42.9,43.9,44.4,35.1,5.8,8.0,6642.0,6656,75
b2505382-de5238f0,Adaptive,0.3889326688954718,0.253682387619828,0.963328511706937,0.21567018800826296,2004,916,805,111,1199,152,50,24.75,0,50,0.0,24.75,1,0.5,67,33.17,84,41.58,7.42,32.558,34.777,80.274,251.51,17.511,126.99,8.59,61.91,7.434,53.63,44.0,44.5,42.9,43.9,44.5,27.4,5.8,8.2,6648.0,6655,57
b250fb0c-01a1b8d3,Vanilla,0.6337402110143031,0.48390184450071505,0.9169127243345134,0.3494376540875934,2389,1861,1649,212,740,202,0,0.0,0,0,0.0,0.0,0,0.0,0,0.0,202,100.0,11.45,49.873,35.746,73.384,400.92,14.42,161.75,7.895,88.1,7.256,81.05,43.6,44.0,42.8,43.2,44.0,32.7,5.8,7.9,6644.0,6648,86
b250fb0c-01a1b8d3,Adaptive,0.6379584869861576,0.4454179473513563,0.9042881399245327,0.3789901169535545,2389,2057,1674,383,715,169,33,16.34,0,33,0.0,16.34,1,0.5,105,51.98,63,31.19,10.15,43.883,37.328,81.07,368.22,13.446,132.84,7.878,77.56,7.214,71.09,43.3,43.9,42.2,43.3,43.9,34.5,5.8,7.3,6661.0,6671,76
b251064f-30002542,Vanilla,0.7318867719813456,0.6157001867468821,0.9938313967414252,0.3867029169148599,1828,1429,1344,85,484,202,0,0.0,0,0,0.0,0.0,0,0.0,0,0.0,202,100.0,10.61,46.932,40.294,76.114,415.97,15.787,163.71,8.08,83.49,7.326,75.74,43.5,44.0,42.6,43.2,44.0,34.0,5.8,7.7,6661.0,6675,81
b251064f-30002542,Adaptive,0.7233496789491127,0.5575318540966143,0.9709353164285704,0.4097704143656003,1828,1575,1350,225,478,171,31,15.35,0,31,0.0,15.35,1,0.5,93,46.04,77,38.12,9.58,41.953,39.535,77.156,372.69,14.781,138.73,8.03,75.13,7.297,68.32,43.5,43.9,42.4,42.6,43.9,31.1,5.8,7.6,6681.0,6693,72
b251064f-4696b75e,Vanilla,0.7208630315066986,0.5162957450278872,0.9807476413593739,0.39100380432208875,886,715,649,66,237,179,0,0.0,0,0,0.0,0.0,0,0.0,0,0.0,179,100.0,9.57,48.038,36.017,79.692,334.64,15.679,146.68,7.993,74.42,7.334,68.36,43.6,43.9,42.3,42.5,43.9,30.7,5.8,8.1,6674.0,6688,71
b251064f-4696b75e,Adaptive,0.5845831599578969,0.36323832954057506,0.9263211215699342,0.3579544382753698,886,718,546,172,340,130,49,27.37,23,26,12.85,14.53,6,3.35,54,30.17,70,39.11,7.99,39.895,39.429,79.146,301.03,14.127,108.62,8.721,67.15,7.293,56.13,43.5,44.1,42.8,44.0,44.1,28.6,10.3,7.0,6674.0,6686,60
b251064f-5f6b663e,Vanilla,0.787800644864392,0.605319138061283,0.9933987070636219,0.41200797653637405,1184,986,938,48,246,203,0,0.0,0,0,0.0,0.0,0,0.0,0,0.0,203,100.0,9.8,42.81,41.183,82.754,391.75,17.52,167.76,8.368,79.82,7.444,71.06,43.9,44.3,43.2,43.8,44.3,35.5,5.8,8.4,6666.0,6668,75
b251064f-5f6b663e,Adaptive,0.7523555388072445,0.4995245874984239,0.9708576969677635,0.4253970712205589,1184,1058,910,148,274,145,58,28.57,0,58,0.0,28.57,1,0.49,59,29.06,85,41.87,7.66,32.384,39.228,82.482,292.67,15.525,115.47,8.232,60.92,7.327,54.3,43.8,44.3,43.3,44.0,44.2,29.8,5.8,7.6,6667.0,6669,59
b251064f-8d92db81,Vanilla,0.668756762983333,0.5246422604709364,0.9921893025295894,0.34776924801765075,3464,2441,2333,108,1131,202,0,0.0,0,0,0.0,0.0,0,0.0,0,0.0,202,100.0,10.21,44.965,36.798,81.084,364.39,16.243,161.59,8.238,81.75,7.39,73.39,43.8,44.3,43.2,43.9,44.3,32.0,5.8,7.7,6661.0,6662,78
b251064f-8d92db81,Adaptive,0.6701427905033761,0.47208627185436025,0.9752110009539305,0.3796988824120671,3464,2748,2359,389,1105,194,8,3.96,0,8,0.0,3.96,1,0.5,156,77.23,37,18.32,9.8,43.354,40.973,80.046,395.06,16.633,160.31,8.413,80.68,7.377,70.83,43.9,44.2,43.4,44.0,44.2,35.2,5.8,7.7,6666.0,6669,76
b251064f-e7a165fd,Vanilla,0.6466529541622918,0.47169389206677204,0.9764776378576905,0.3486762855088098,3840,2781,2536,245,1304,202,0,0.0,0,0,0.0,0.0,0,0.0,0,0.0,202,100.0,10.28,44.565,40.069,79.88,404.82,16.343,165.27,8.234,82.91,7.371,74.29,43.9,44.3,43.2,43.8,44.3,36.5,5.8,7.9,6662.0,6667,79
b251064f-e7a165fd,Adaptive,0.6570726937926727,0.4496308456922885,0.9523215750974617,0.38848526454207916,3840,3232,2608,624,1232,196,6,2.97,0,6,0.0,2.97,1,0.5,176,87.13,19,9.41,10.17,44.418,39.826,82.296,395.61,16.402,163.29,8.444,83.71,7.328,72.73,43.9,44.3,43.1,44.0,44.3,32.4,5.8,7.8,6675.0,6691,79
b251b746-00138418,Vanilla,0.45622778571762734,0.37772874879859036,0.9807339157786964,0.24910149801217338,1887,972,874,98,1013,203,0,0.0,0,0,0.0,0.0,0,0.0,0,0.0,203,100.0,10.52,46.678,40.13,79.136,415.36,16.36,168.94,8.036,82.67,7.356,75.75,43.8,44.2,42.7,43.5,44.2,35.2,5.8,8.2,6680.0,6692,81
b251b746-00138418,Adaptive,0.4661986121121689,0.368888031310319,0.955812529187009,0.2574958325465425,1887,1044,916,128,971,144,59,29.06,0,59,0.0,29.06,1,0.49,55,27.09,88,43.35,7.36,31.747,41.074,79.972,287.87,16.299,115.52,8.389,59.19,7.353,51.93,43.8,44.3,43.0,44.1,44.3,34.6,5.8,7.8,6686.0,6696,57
b255cd6c-0bdf0ac7,Vanilla,0.7272353393523903,0.5941364187036431,0.9981942492676863,0.3730112588186626,692,517,504,13,188,186,0,0.0,0,0,0.0,0.0,0,0.0,0,0.0,186,100.0,8.37,40.772,44.284,84.89,360.16,19.24,157.37,8.622,70.22,7.522,61.31,44.3,44.8,43.9,44.4,44.8,36.2,5.7,8.4,6673.0,6679,66
b255cd6c-0bdf0ac7,Adaptive,0.6937733798157958,0.5087027934954986,0.990188847471659,0.3678402522333158,692,517,484,33,208,108,78,41.94,7,71,3.76,38.17,4,2.15,17,9.14,87,46.77,7.23,33.483,34.39,62.082,241.16,11.738,82.55,8.005,56.08,7.145,50.15,43.6,43.9,43.2,45.2,45.2,34.2,7.4,7.0,6677.0,6683,55
b255cd6c-2f889586,Vanilla,0.5843112698994116,0.4347225417235231,0.9850051897757631,0.30495648582805746,2910,1814,1725,89,1185,203,0,0.0,0,0,0.0,0.0,0,0.0,0,0.0,203,100.0,9.86,42.68,41.375,82.072,396.93,17.564,168.46,8.284,79.14,7.412,70.84,44.0,44.4,42.6,42.8,44.4,35.2,5.8,8.0,6702.0,6716,77
b255cd6c-2f889586,Adaptive,0.6007026523740617,0.4119276644131591,0.9685588732368104,0.33676059342512693,2910,2062,1793,269,1117,186,17,8.37,0,17,0.0,8.37,1,0.49,139,68.47,46,22.66,9.49,41.055,37.398,83.116,347.6,16.668,155.27,8.391,77.79,7.386,68.55,44.0,44.4,43.5,43.9,44.4,29.9,5.9,8.0,6698.0,6716,73
b255cd6c-5ccba454,Vanilla,0.35714190751367,0.2722002678630451,0.9959668648280935,0.1885049347502335,458,173,164,9,294,156,0,0.0,0,0,0.0,0.0,0,0.0,0,0.0,156,100.0,7.14,41.56,40.515,83.156,278.56,18.944,130.66,8.445,57.96,7.48,51.4,44.2,44.7,43.5,44.1,44.7,31.6,5.9,7.8,6685.0,6687,54
b255cd6c-5ccba454,Adaptive,0.37072956220994135,0.25607436934866257,0.9915828890569962,0.19575864315182515,458,181,171,10,287,74,82,52.56,37,45,23.72,28.85,11,7.05,8,5.13,55,35.26,6.63,37.987,33.819,69.69,216.77,10.349,66.33,8.904,56.86,7.08,45.2,43.5,44.1,43.0,45.2,45.2,23.0,14.7,6.5,6690.0,6696,51
