sequence,system,ap_50,ap_50_95,avg_precision,avg_recall,total_gt,total_preds,total_tp,total_fp,total_fn,infer_count,skip_count,skip_rate_pct,erd_empty_count,predict_count,erd_empty_rate_pct,predict_rate_pct,erd_infer_count,erd_infer_rate_pct,augmented_infer_count,augmented_infer_rate_pct,pure_infer_count,pure_infer_rate_pct,wall_duration_s,avg_frame_time_ms,avg_power_w,max_power_w,energy_j,avg_power_gpu_w,energy_gpu_j,avg_power_cpu_w,energy_cpu_j,avg_power_io_w,energy_io_j,avg_gpu_temp_c,max_gpu_temp_c,avg_cpu_temp_c,max_cpu_temp_c,max_tj_temp_c,avg_gpu_util_pct,avg_cpu_util_pct,avg_emc_util_pct,avg_ram_used_mb,max_ram_used_mb,n_tegrastats_samples
b1c66a42-6f7d68ca,Vanilla,0.644988762005579,0.4888792334243619,0.9933439469444799,0.33383424293304864,2612,1763,1695,68,917,202,0,0.0,0,0,0.0,0.0,0,0.0,0,0.0,202,100.0,23.7,111.823,18.785,21.958,439.11,9.876,231.79,2.438,56.61,6.47,150.71,54.9,56.7,57.3,57.8,57.8,43.9,8.1,9.7,4450.0,4466,193
b1c66a42-6f7d68ca,Adaptive,0.6453808619242374,0.44705453972678316,0.9717393900983102,0.36609720271031504,2612,2009,1719,290,893,183,19,9.41,0,19,0.0,9.41,1,0.5,133,65.84,49,24.26,19.82,92.446,20.447,21.858,403.31,10.288,203.16,3.603,70.86,6.556,129.29,54.7,55.8,57.4,59.2,59.2,40.8,22.9,10.2,4472.0,4481,165
b1c81faa-3df17267,Vanilla,0.3533742400990566,0.2704962683240413,0.9921342925095301,0.18392251815980626,472,175,168,7,304,182,0,0.0,0,0,0.0,0.0,0,0.0,0,0.0,182,100.0,18.26,96.15,19.99,21.958,363.98,10.966,199.84,2.37,43.05,6.654,121.09,54.5,55.8,56.9,57.4,57.4,54.8,7.7,11.0,4472.0,4480,148
b1c81faa-3df17267,Adaptive,0.23053946660140073,0.15268042564346862,0.9631803565041807,0.1314044507698279,472,131,112,19,360,36,146,80.22,129,17,70.88,9.34,4,2.2,10,5.49,22,12.09,11.8,60.643,22.579,24.447,264.04,5.93,70.27,10.48,121.44,6.169,72.33,53.6,55.1,59.2,60.7,60.7,15.4,75.2,6.2,4434.0,4511,102
b1c81faa-c80764c5,Vanilla,0.457666907093994,0.3365919700478408,0.9981420136514958,0.23359564337239472,866,405,397,8,469,202,0,0.0,0,0,0.0,0.0,0,0.0,0,0.0,202,100.0,19.92,94.432,20.207,21.958,401.15,11.173,221.89,2.364,46.86,6.67,132.4,54.3,56.0,56.6,57.5,57.5,49.1,7.8,11.2,4420.0,4435,160
b1c81faa-c80764c5,Adaptive,0.46251882357572427,0.3016126148340715,0.9890996909209491,0.24749454414475497,866,436,404,32,462,123,79,39.11,8,71,3.96,35.15,6,2.97,29,14.36,88,43.56,13.73,63.797,20.887,23.744,283.85,9.997,136.31,4.327,58.33,6.563,89.21,53.9,55.3,57.0,59.2,59.2,49.4,28.1,9.8,4437.0,4449,114
b1c9c847-3bda4659,Vanilla,0.7408483701268738,0.5722538890136288,0.9824032108480606,0.3981260116940807,2937,2408,2209,199,728,203,0,0.0,0,0,0.0,0.0,0,0.0,0,0.0,203,100.0,21.1,98.574,19.677,21.858,413.02,10.733,225.5,2.345,49.16,6.599,138.35,53.7,55.1,56.1,56.9,56.9,55.2,7.8,10.6,4451.0,4465,173
b1c9c847-3bda4659,Adaptive,0.732488315066719,0.5016325523395919,0.9455814274545908,0.43848066023665105,2937,2825,2233,592,704,197,6,2.96,0,6,0.0,2.96,1,0.49,171,84.24,25,12.32,22.28,104.221,19.827,21.365,440.34,9.839,218.7,3.511,77.8,6.477,143.85,53.2,54.3,56.1,56.9,56.9,37.3,22.0,10.0,4483.0,4494,186
b1ca2e5d-84cf9134,Vanilla,0.578877289434123,0.38075490820464036,0.9817915944514204,0.30607578912498223,3944,2486,2322,164,1622,203,0,0.0,0,0,0.0,0.0,0,0.0,0,0.0,203,100.0,21.29,99.415,19.606,21.36,416.63,10.638,226.24,2.387,50.61,6.581,139.78,53.3,55.1,55.5,55.9,55.9,47.8,7.8,10.4,4509.0,4525,173
b1ca2e5d-84cf9134,Adaptive,0.5952621118228862,0.3755973917925895,0.961557710387957,0.34373439424417646,3944,2892,2414,478,1530,198,5,2.46,0,5,0.0,2.46,1,0.49,170,83.74,27,13.3,22.12,103.269,20.123,21.757,443.19,10.03,221.11,3.601,79.09,6.492,142.99,53.0,54.8,55.7,57.0,57.0,42.3,22.4,10.1,4535.0,4547,186
b1cac6a7-04e33135,Vanilla,0.6925209559781992,0.5013905007464763,0.9917463549767981,0.3555736818333096,1368,984,955,29,413,106,0,0.0,0,0,0.0,0.0,0,0.0,0,0.0,106,100.0,11.4,101.262,19.14,20.563,215.78,10.3,116.28,2.328,26.13,6.512,73.37,52.8,54.4,55.1,55.5,55.5,50.9,7.7,9.6,4553.0,4563,92
b1cac6a7-04e33135,Adaptive,0.7143890498086463,0.49154696113581925,0.9881592188722329,0.3752156572785732,1368,1044,988,56,380,80,26,24.53,0,26,0.0,24.53,1,0.94,40,37.74,39,36.79,9.05,79.042,19.954,21.359,177.73,9.873,88.19,3.63,32.12,6.45,57.42,52.7,54.2,55.5,56.2,56.2,50.0,22.5,9.1,4563.0,4573,75
b1cd1e94-549d0bfe,Vanilla,0.7154103695279141,0.5564511195556405,0.9891343863341813,0.3736482081932933,1763,1340,1274,66,489,203,0,0.0,0,0,0.0,0.0,0,0.0,0,0.0,203,100.0,21.64,101.078,19.356,20.564,417.7,10.46,225.89,2.355,50.73,6.542,141.08,52.6,53.8,55.1,55.7,55.6,44.6,7.8,10.3,4583.0,4598,175
b1cd1e94-549d0bfe,Adaptive,0.7007620666403918,0.49444271032679143,0.9694886774945737,0.39662940888179216,1763,1471,1264,207,499,161,42,20.69,0,42,0.0,20.69,1,0.49,87,42.86,73,35.96,17.83,82.253,20.117,21.365,357.84,10.063,179.14,3.551,63.09,6.502,115.62,52.5,54.1,55.4,56.1,56.1,43.5,22.4,10.0,4617.0,4635,148
b1ceb32e-3f481b43,Vanilla,0.37602692332972637,0.2599120183867135,0.8963326292234376,0.22680408596638962,715,382,295,87,420,138,0,0.0,0,0,0.0,0.0,0,0.0,0,0.0,138,100.0,14.37,99.831,19.522,21.858,278.85,10.597,151.57,2.347,33.42,6.577,93.86,52.5,54.0,54.9,55.6,55.6,53.2,7.8,10.4,4632.0,4644,114
b1ceb32e-3f481b43,Adaptive,0.36182897532578273,0.21029748262877218,0.8285640388514866,0.24426665038018752,715,458,300,158,415,95,43,31.16,23,20,16.67,14.49,20,14.49,42,30.43,33,23.91,13.17,91.096,21.388,24.741,277.94,8.73,113.82,6.247,80.74,6.411,83.38,52.2,53.7,56.1,58.6,58.6,47.6,42.0,8.6,4649.0,4657,110
b1ceb32e-51852abe,Vanilla,0.6076498131674796,0.47244954997144156,0.9857059634321674,0.3277567732258963,2164,1453,1330,123,834,203,0,0.0,0,0,0.0,0.0,0,0.0,0,0.0,203,100.0,21.94,102.255,19.197,20.169,419.77,10.314,225.71,2.362,51.57,6.522,142.48,52.3,53.4,54.8,55.2,55.2,47.6,7.8,10.3,4643.0,4655,178
b1ceb32e-51852abe,Adaptive,0.611680214598371,0.44190571639580034,0.9633240688685761,0.34451667786926565,2164,1584,1364,220,800,154,49,24.14,0,49,0.0,24.14,1,0.49,86,42.36,67,33.0,17.63,80.907,19.911,21.354,349.65,9.912,174.25,3.545,62.04,6.454,113.36,52.2,53.4,55.0,56.2,56.2,44.4,22.2,9.5,4650.0,4658,147
b1cebfb7-284f5117,Vanilla,0.5969274472108729,0.4409318492613942,0.969197450084069,0.32894068622783273,1956,1353,1199,154,757,202,0,0.0,0,0,0.0,0.0,0,0.0,0,0.0,202,100.0,21.74,102.206,19.36,20.563,418.02,10.46,225.91,2.365,51.03,6.535,141.08,52.2,53.4,54.6,55.1,55.0,46.8,7.7,10.3,4652.0,4660,173
b1cebfb7-284f5117,Adaptive,0.5922625436258205,0.3816030833330205,0.9271158495015125,0.35747186356014954,1956,1577,1226,351,730,180,22,10.89,0,22,0.0,10.89,1,0.5,103,50.99,76,37.62,20.45,95.726,19.804,20.963,402.66,9.861,200.72,3.482,70.59,6.461,131.35,51.8,53.2,54.9,56.5,56.5,36.1,21.6,9.8,4657.0,4665,169
b1d0091f-75824d0d,Vanilla,0.6952677588286986,0.587770643580566,0.9941506147590171,0.35947802710865717,1641,1191,1147,44,494,202,0,0.0,0,0,0.0,0.0,0,0.0,0,0.0,202,100.0,21.68,102.269,19.373,20.563,418.39,10.475,226.37,2.364,50.95,6.534,141.07,52.0,53.2,54.5,55.0,55.0,47.3,7.8,10.3,4658.0,4666,175
b1d0091f-75824d0d,Adaptive,0.6959152632756779,0.5531358231034693,0.9864875898178245,0.37226661280273454,1641,1249,1155,94,486,147,55,27.23,0,55,0.0,27.23,1,0.5,55,27.23,91,45.05,16.47,76.45,20.126,21.365,329.75,10.092,165.59,3.572,58.3,6.463,105.86,51.8,53.2,54.7,56.2,56.2,40.6,22.5,9.9,4661.0,4670,137
b1d0091f-f2c2d2ae,Vanilla,0.5942867138944128,0.4787771150923447,0.9881962564173093,0.3084399724542632,2451,1541,1473,68,978,202,0,0.0,0,0,0.0,0.0,0,0.0,0,0.0,202,100.0,21.94,102.597,19.258,20.961,421.62,10.381,227.37,2.357,51.55,6.52,142.7,51.8,53.1,54.3,55.2,55.2,51.4,7.7,10.3,4660.0,4668,177
b1d0091f-f2c2d2ae,Adaptive,0.6114894609956179,0.468716627177308,0.979090470185774,0.3292797988749863,2451,1667,1527,140,924,160,42,20.79,0,42,0.0,20.79,1,0.5,85,42.08,74,36.63,18.34,84.72,19.723,21.359,359.39,9.773,178.29,3.515,63.86,6.435,117.24,51.5,53.0,54.6,55.7,55.7,33.7,22.0,9.6,4659.0,4668,153
b1d0a191-03dcecc2,Vanilla,0.6660451439889161,0.4949647224874938,0.9909851817130649,0.34489149741292763,3220,2252,2163,89,1057,202,0,0.0,0,0,0.0,0.0,0,0.0,0,0.0,202,100.0,22.03,103.402,19.212,20.563,420.58,10.34,226.52,2.36,51.56,6.512,142.51,51.7,53.3,54.3,55.0,55.0,45.6,7.9,10.2,4661.0,4669,179
b1d0a191-03dcecc2,Adaptive,0.6865416356985888,0.47854173459496413,0.9819784250441883,0.3767863041118956,3220,2501,2241,260,979,190,12,5.94,0,12,0.0,5.94,1,0.5,145,71.78,44,21.78,21.92,102.717,19.653,21.359,429.91,9.729,213.06,3.491,76.16,6.433,140.7,51.6,53.2,54.7,56.0,56.0,36.5,21.9,9.6,4659.0,4671,185
b1d0a191-06deb55d,Vanilla,0.7149042234181632,0.5108311719286187,0.9486139161052568,0.40341473877857054,2441,2120,1830,290,611,202,0,0.0,0,0,0.0,0.0,0,0.0,0,0.0,202,100.0,22.04,102.9,19.243,20.563,422.07,10.376,227.67,2.355,51.59,6.512,142.8,51.8,53.5,54.3,55.1,55.1,50.6,7.8,10.3,4660.0,4669,179
b1d0a191-06deb55d,Adaptive,0.7213262825632228,0.47985725459975426,0.9253870449245641,0.4303273989706563,2441,2344,1880,464,561,169,33,16.34,0,33,0.0,16.34,1,0.5,114,56.44,54,26.73,19.56,90.551,19.84,21.359,385.16,9.876,191.8,3.517,68.19,6.447,125.17,51.8,53.0,54.5,55.0,55.0,46.7,22.0,9.5,4660.0,4667,164
b1d0a191-28f0e779,Vanilla,0.7297163118098793,0.5473774105474745,0.9924453232920699,0.38302180031083294,1615,1253,1186,67,429,190,0,0.0,0,0,0.0,0.0,0,0.0,0,0.0,190,100.0,20.55,102.7,19.228,20.165,394.3,10.342,212.18,2.367,48.49,6.519,133.63,51.8,53.1,54.2,55.0,55.0,48.1,7.8,10.3,4661.0,4672,167
b1d0a191-28f0e779,Adaptive,0.7167467153694895,0.4831009962116009,0.9768941796958194,0.40245298259343415,1615,1353,1176,177,439,153,37,19.47,2,35,1.05,18.42,1,0.53,79,41.58,73,38.42,17.25,85.256,20.188,21.359,347.7,10.077,173.74,3.632,62.39,6.479,111.57,51.8,53.1,54.5,56.2,56.2,47.4,22.7,9.9,4664.0,4674,146
b1d0a191-2ed2269e,Vanilla,0.6719922382192116,0.49723816637786084,0.9906449747678291,0.35226589868364555,3126,2238,2118,120,1008,203,0,0.0,0,0,0.0,0.0,0,0.0,0,0.0,203,100.0,22.13,103.164,19.19,20.563,424.43,10.297,227.86,2.377,52.52,6.516,144.05,51.8,53.1,54.3,54.8,54.8,51.7,7.7,10.2,4664.0,4672,181
b1d0a191-2ed2269e,Adaptive,0.6816843797243943,0.47026043970759623,0.9751417699070245,0.38167911569502583,3126,2490,2170,320,956,182,21,10.34,0,21,0.0,10.34,1,0.49,137,67.49,44,21.67,21.06,97.716,19.685,21.259,413.14,9.734,204.5,3.52,73.67,6.431,134.97,51.7,53.2,54.6,56.2,56.2,36.6,21.7,9.5,4663.0,4671,176
b1d0a191-5490450b,Vanilla,0.7127263752801452,0.523865842307282,0.9842929766356618,0.3790605350036234,1778,1383,1285,98,493,204,0,0.0,0,0,0.0,0.0,0,0.0,0,0.0,204,100.0,22.2,103.139,19.147,20.563,425.07,10.291,228.72,2.343,51.9,6.513,144.46,51.8,53.2,54.2,55.0,55.0,51.2,7.9,10.2,4667.0,4677,182
b1d0a191-5490450b,Adaptive,0.7007100637501773,0.4710920674821792,0.9600841925812498,0.39847604257938973,1778,1511,1287,224,491,161,43,21.08,0,43,0.0,21.08,1,0.49,91,44.61,69,33.82,18.09,82.883,20.193,21.757,363.24,10.151,182.82,3.562,63.87,6.48,116.55,51.9,53.5,54.7,56.2,56.2,48.0,22.4,9.9,4672.0,4680,150
b1d0a191-65deaeef,Vanilla,0.7069445008000163,0.49707009125556867,0.9904567199552515,0.3698176935981814,3276,2460,2336,124,940,202,0,0.0,0,0,0.0,0.0,0,0.0,0,0.0,202,100.0,22.25,104.157,19.083,20.564,423.6,10.255,227.76,2.316,51.36,6.512,144.48,51.8,53.0,54.2,55.1,55.1,56.4,7.7,10.1,4664.0,4679,181
b1d0a191-65deaeef,Adaptive,0.7252225775972865,0.4979914908613061,0.9787201304449521,0.40450588120773784,3276,2747,2412,335,864,178,24,11.88,0,24,0.0,11.88,1,0.5,131,64.85,46,22.77,20.61,95.871,19.743,20.961,406.57,9.818,202.43,3.508,72.01,6.417,132.13,51.7,52.9,54.5,55.3,55.3,40.3,21.8,9.5,4664.0,4675,173
b1d0a191-de8948f6,Vanilla,0.7078757348883786,0.5705780644184133,0.9922412534728603,0.37023775876448634,2478,1859,1766,93,712,202,0,0.0,0,0,0.0,0.0,0,0.0,0,0.0,202,100.0,21.83,102.248,19.372,20.563,421.91,10.469,228.14,2.38,51.74,6.523,142.03,51.9,53.1,54.1,55.0,55.0,54.2,7.8,10.2,4668.0,4675,177
b1d0a191-de8948f6,Adaptive,0.7213623441980743,0.5526680483987116,0.9824307943785521,0.39626398914500993,2478,2023,1811,212,667,175,27,13.37,0,27,0.0,13.37,1,0.5,106,52.48,68,33.66,19.78,91.966,20.074,21.359,394.87,10.052,197.94,3.559,69.8,6.463,127.13,51.8,53.3,54.7,55.8,55.8,40.7,22.2,9.8,4668.0,4678,166
b1d10d08-5b108225,Vanilla,0.587154504409408,0.43047548111559203,0.9987470999161987,0.29723172069617276,2123,1264,1248,16,875,202,0,0.0,0,0,0.0,0.0,0,0.0,0,0.0,202,100.0,21.46,101.608,19.428,20.664,415.73,10.494,224.67,2.391,51.08,6.543,139.98,51.9,53.1,54.2,54.6,54.6,47.6,7.7,10.4,4673.0,4682,176
b1d10d08-5b108225,Adaptive,0.5798744900903633,0.3910567959281472,0.9842242792576834,0.31315006237286036,2123,1365,1247,118,876,151,51,25.25,0,51,0.0,25.25,1,0.5,75,37.13,75,37.13,16.7,77.981,20.351,21.359,338.7,10.265,170.91,3.58,59.5,6.507,108.29,51.9,53.0,54.6,55.2,55.2,50.6,22.5,10.1,4671.0,4681,139
b1d10d08-743fd86c,Vanilla,0.3605443710462866,0.2963775016149997,0.9979560714493746,0.18384458292980757,1016,374,367,7,649,202,0,0.0,0,0,0.0,0.0,0,0.0,0,0.0,202,100.0,21.54,102.325,19.391,20.563,416.4,10.487,225.39,2.359,50.6,6.544,140.41,51.9,53.1,54.2,54.7,54.7,53.8,7.6,10.3,4671.0,4680,176
b1d10d08-743fd86c,Adaptive,0.3498875207314318,0.250503004335275,0.9850951221553709,0.1876034726428427,1016,390,360,30,656,122,80,39.6,10,70,4.95,34.65,3,1.49,19,9.41,100,49.5,14.65,68.215,19.811,22.854,290.09,9.369,137.54,4.004,58.35,6.438,94.2,51.7,53.2,54.6,57.6,57.6,39.3,25.6,9.3,4672.0,4677,123
b1d10d08-c35503b8,Vanilla,0.6929013794993703,0.5474034599806604,0.9943337975603185,0.35773167202232936,3127,2257,2178,79,949,202,0,0.0,0,0,0.0,0.0,0,0.0,0,0.0,202,100.0,21.79,102.487,19.281,21.359,419.41,10.395,226.16,2.357,51.22,6.529,142.03,51.9,53.5,54.3,54.8,54.8,51.5,7.6,10.3,4669.0,4678,178
b1d10d08-c35503b8,Adaptive,0.6892108367539604,0.5076398671849549,0.974372379280878,0.3909405335827637,3127,2556,2192,364,935,190,12,5.94,0,12,0.0,5.94,1,0.5,152,75.25,37,18.32,21.73,101.981,19.836,21.365,429.98,9.841,213.57,3.551,76.74,6.444,139.67,51.7,53.2,54.4,55.9,55.9,33.6,22.0,9.7,4675.0,4682,181
b1d10d08-da110fcb,Vanilla,0.7554962301671128,0.6284687739357415,0.9978961030487926,0.3865039159503343,2250,1745,1703,42,547,194,0,0.0,0,0,0.0,0.0,0,0.0,0,0.0,194,100.0,20.72,101.552,19.385,20.664,399.2,10.482,215.96,2.365,48.66,6.537,134.59,51.8,53.2,54.1,54.6,54.5,52.0,7.8,10.3,4673.0,4682,167
b1d10d08-da110fcb,Adaptive,0.7346744087181163,0.5392631373604603,0.9732214596873401,0.4149515378504143,2250,1958,1684,274,566,175,19,9.79,0,19,0.0,9.79,1,0.52,127,65.46,47,24.23,19.23,93.783,20.241,21.365,388.43,10.179,195.56,3.566,68.23,6.495,124.64,51.8,53.2,54.7,55.8,55.8,41.5,22.4,10.2,4679.0,4687,162
b1d10d08-ec660956,Vanilla,0.7005266918170171,0.5357884277958299,0.9898182840106007,0.36595495370777714,2117,1573,1497,76,620,202,0,0.0,0,0,0.0,0.0,0,0.0,0,0.0,202,100.0,21.68,100.902,19.329,20.563,416.56,10.43,224.88,2.361,50.82,6.537,140.85,51.8,53.0,54.4,55.2,55.2,54.5,7.7,10.3,4680.0,4689,175
b1d10d08-ec660956,Adaptive,0.6969744216826328,0.48129895311441323,0.9725432018996681,0.39008134048285203,2117,1729,1507,222,610,166,36,17.82,0,36,0.0,17.82,1,0.5,106,52.48,59,29.21,18.55,85.376,20.102,21.757,371.56,10.063,186.26,3.573,65.81,6.466,119.48,51.8,53.2,54.6,55.1,55.1,38.3,22.3,9.9,4688.0,4695,154
b1d22449-117aa773,Vanilla,0.3905537428367609,0.28465145435215866,0.9557326083701191,0.21073020112615493,1193,531,487,44,706,202,0,0.0,0,0,0.0,0.0,0,0.0,0,0.0,202,100.0,20.98,99.485,19.621,21.46,410.54,10.676,223.55,2.372,49.57,6.573,137.42,51.9,53.5,54.2,54.6,54.6,47.4,7.7,10.7,4685.0,4694,171
b1d22449-117aa773,Adaptive,0.38712017109907515,0.26038447731167313,0.9393614893471814,0.22595588015546264,1193,589,487,102,706,149,53,26.24,0,53,0.0,26.24,2,0.99,52,25.74,95,47.03,16.18,75.728,20.41,22.062,329.97,10.286,166.48,3.607,58.2,6.517,105.3,51.9,53.0,54.7,56.3,56.3,40.3,22.7,10.1,4685.0,4698,136
b1d22449-15fb948f,Vanilla,0.24676775798763412,0.1632445911863585,0.9837705798219031,0.13421897810218977,500,137,125,12,375,183,0,0.0,0,0,0.0,0.0,0,0.0,0,0.0,183,100.0,19.24,101.327,19.441,21.062,371.99,10.554,202.1,2.322,44.38,6.564,125.51,51.9,53.2,54.4,55.0,55.0,52.9,7.7,10.4,4677.0,4685,155
b1d22449-15fb948f,Adaptive,0.1591965188834154,0.08765300744446079,0.9808622419017312,0.08517241379310346,500,87,81,6,419,38,145,79.23,131,14,71.58,7.65,5,2.73,10,5.46,23,12.57,12.5,64.444,22.112,24.049,273.76,5.854,73.28,10.127,124.47,6.131,76.01,51.3,52.7,56.9,58.5,58.5,16.7,72.3,6.0,4679.0,4689,107
b1d22ed6-f1cac061,Vanilla,0.6325406301859091,0.43430385516590847,0.9711956587635345,0.33844824177864863,4610,3259,2997,262,1613,203,0,0.0,0,0,0.0,0.0,0,0.0,0,0.0,203,100.0,21.82,101.741,19.325,20.568,420.13,10.429,226.8,2.362,51.32,6.534,142.01,52.0,53.1,54.5,55.0,55.0,49.8,7.7,10.4,4673.0,4685,176
b1d22ed6-f1cac061,Adaptive,0.6394237556543457,0.41226215823327256,0.9361171510504728,0.38356827438133606,4610,3920,3096,824,1514,203,0,0.0,0,0,0.0,0.0,1,0.49,185,91.13,17,8.37,24.67,115.528,19.125,20.967,469.75,9.36,230.15,3.392,83.0,6.373,156.59,51.6,52.9,54.5,56.4,56.4,42.8,21.4,9.2,4675.0,4686,205
b1d3907b-2278601b,Vanilla,0.31051869840149726,0.23799383463062318,0.9933094358524283,0.15791585176269995,867,276,271,5,596,202,0,0.0,0,0,0.0,0.0,0,0.0,0,0.0,202,100.0,21.27,100.9,19.555,21.068,413.54,10.636,225.12,2.366,49.94,6.553,138.48,51.8,53.2,54.2,54.8,54.8,49.7,7.8,10.4,4681.0,4693,174
b1d3907b-2278601b,Adaptive,0.33229935769869834,0.22133984385244312,0.9717663041968492,0.18384820806966137,867,333,295,38,572,150,52,25.74,0,52,0.0,25.74,12,5.94,44,21.78,94,46.53,17.43,81.901,20.151,23.256,350.31,9.717,168.91,3.955,68.85,6.479,112.54,51.8,53.5,54.8,56.9,56.9,49.2,24.3,9.6,4679.0,4694,146
b1d4b62c-60aab822,Vanilla,0.828162272727073,0.6779664796697984,0.9949309194885051,0.4326876748677816,2214,1933,1841,92,373,203,0,0.0,0,0,0.0,0.0,0,0.0,0,0.0,203,100.0,21.5,101.363,19.471,20.665,416.82,10.558,226.12,2.357,50.42,6.555,140.27,51.9,53.3,54.2,54.8,54.8,49.3,7.6,10.4,4676.0,4682,177
b1d4b62c-60aab822,Adaptive,0.8280197614859154,0.6228268781770805,0.978088338940641,0.46508518434094,2214,2140,1860,280,354,177,26,12.81,0,26,0.0,12.81,1,0.49,126,62.07,50,24.63,19.6,91.813,20.304,21.757,395.78,10.215,199.24,3.591,69.88,6.498,126.66,51.9,53.3,54.6,55.4,55.4,46.3,22.6,10.1,4675.0,4690,163
b1d59b1f-a38aec79,Vanilla,0.5070499815112472,0.3799579756797118,0.6972377333466829,0.3962397719959548,298,365,210,155,88,168,0,0.0,0,0,0.0,0.0,0,0.0,0,0.0,168,100.0,17.85,101.319,19.336,20.664,344.61,10.439,186.21,2.362,41.99,6.536,116.42,51.9,53.2,54.1,54.6,54.6,51.6,7.6,10.2,4675.0,4682,147
b1d59b1f-a38aec79,Adaptive,0.4199332605934136,0.27691468457202223,0.6184540418480959,0.36280492958936994,298,397,191,206,107,116,52,30.95,0,52,0.0,30.95,1,0.6,27,16.07,88,52.38,12.83,71.47,20.11,21.365,256.12,10.089,128.68,3.524,44.71,6.497,82.73,51.8,53.0,54.5,55.6,55.6,43.8,22.2,9.8,4677.0,4687,107
b1d7b3ac-0bdb47dc,Vanilla,0.763672095213934,0.6048644036402564,0.9927476078422186,0.3942186461270431,1480,1179,1138,41,342,202,0,0.0,0,0,0.0,0.0,0,0.0,0,0.0,202,100.0,21.3,100.996,19.512,21.062,413.43,10.588,224.48,2.358,49.92,6.566,139.04,51.9,53.1,54.1,54.5,54.5,51.5,7.8,10.4,4675.0,4686,183
b1d7b3ac-0bdb47dc,Adaptive,0.7111053281960544,0.49190847816685707,0.9630038275150028,0.406981806299279,1480,1282,1082,200,398,164,38,18.81,0,38,0.0,18.81,1,0.5,76,37.62,87,43.07,17.96,84.399,20.411,21.763,364.35,10.33,184.49,3.557,63.4,6.524,116.46,51.9,53.2,54.6,55.2,55.2,45.7,22.5,10.1,4681.0,4691,149
b1d7b3ac-36f2d3b7,Vanilla,0.8760575162960116,0.668251280222962,0.9892567675566736,0.46507843690769046,724,685,640,45,84,176,0,0.0,0,0,0.0,0.0,0,0.0,0,0.0,176,100.0,18.71,101.35,19.353,20.563,359.47,10.444,194.11,2.373,44.02,6.535,121.34,51.8,53.2,54.2,54.8,54.8,48.2,7.6,10.2,4681.0,4690,154
b1d7b3ac-36f2d3b7,Adaptive,0.7857090913441155,0.519464759828769,0.952399020462839,0.4587176464242508,724,717,590,127,134,120,56,31.82,13,43,7.39,24.43,2,1.14,44,25.0,74,42.05,14.34,76.515,20.175,24.149,288.17,9.57,137.05,4.16,59.07,6.445,92.04,51.7,52.8,54.7,57.7,57.7,48.4,26.8,9.3,4685.0,4699,121
b1d7b3ac-5744370e,Vanilla,0.6785373540177473,0.5387499055453553,0.9896820382479737,0.366198345671289,556,414,380,34,176,198,0,0.0,0,0,0.0,0.0,0,0.0,0,0.0,198,100.0,20.91,101.174,19.462,20.665,405.55,10.547,219.95,2.364,49.18,6.552,136.42,51.8,53.2,54.3,54.8,54.8,44.7,7.6,10.4,4685.0,4692,173
b1d7b3ac-5744370e,Adaptive,0.5934978906575565,0.41659860190581927,0.9355417965739826,0.34961614042099654,556,432,348,84,208,142,56,28.28,9,47,4.55,23.74,3,1.52,28,14.14,111,56.06,16.35,78.123,19.948,22.854,323.26,9.846,160.11,3.618,58.05,6.483,105.1,51.6,53.2,54.6,57.7,57.7,37.4,23.4,9.9,4682.0,4695,138
b1d7b3ac-995f9d8a,Vanilla,0.828703332264874,0.6457305156205175,0.9800871003251916,0.44547716571603574,755,692,637,55,118,189,0,0.0,0,0,0.0,0.0,0,0.0,0,0.0,189,100.0,20.31,101.993,19.297,20.563,389.76,10.416,210.5,2.347,47.34,6.534,131.92,51.8,53.1,54.1,54.5,54.5,51.4,7.7,10.2,4682.0,4689,164
b1d7b3ac-995f9d8a,Adaptive,0.7630738748184106,0.5158225505728791,0.9424014325230914,0.4617594999007054,755,767,599,168,156,143,46,24.34,0,46,0.0,24.34,1,0.53,66,34.92,76,40.21,15.87,78.562,20.076,21.757,315.48,10.084,158.73,3.496,54.72,6.496,102.03,51.7,53.2,54.4,55.4,55.4,43.5,22.1,9.9,4685.0,4692,132
b1d7b3ac-9e14f05f,Vanilla,0.8048523405024544,0.668888063816431,0.9929714420227403,0.4140938824652123,1312,1099,1063,36,249,202,0,0.0,0,0,0.0,0.0,0,0.0,0,0.0,202,100.0,21.47,101.818,19.43,20.664,414.46,10.513,224.31,2.365,50.38,6.552,139.77,51.8,53.0,54.2,54.8,54.8,50.9,7.8,10.4,4679.0,4687,181
b1d7b3ac-9e14f05f,Adaptive,0.7808066560734626,0.5658765264704804,0.9669318887245372,0.4415114877251714,1312,1224,1051,173,261,154,48,23.76,0,48,0.0,23.76,1,0.5,82,40.59,71,35.15,16.85,78.927,20.36,21.757,341.93,10.267,172.66,3.581,59.92,6.512,109.34,51.8,53.6,54.7,55.9,55.9,46.8,22.6,10.0,4681.0,4690,142
b1d7b3ac-afa57f22,Vanilla,0.7997256712205737,0.6498381806062663,0.9995655562636804,0.4059027777777777,400,324,320,4,80,170,0,0.0,0,0,0.0,0.0,0,0.0,0,0.0,170,100.0,18.07,101.81,19.444,20.962,348.66,10.557,189.39,2.345,41.98,6.542,117.3,51.8,53.3,54.4,54.9,54.9,52.1,7.9,10.2,4681.0,4694,143
b1d7b3ac-afa57f22,Adaptive,0.7468360067333082,0.517891850892846,0.983449605337314,0.4009954407294833,400,329,303,26,97,99,71,41.76,3,68,1.76,40.0,2,1.18,12,7.06,85,50.0,11.36,62.429,19.968,21.365,224.4,9.761,109.78,3.749,42.06,6.458,72.55,51.6,52.8,54.6,56.9,56.9,37.0,23.7,9.4,4676.0,4698,94
b1d968b9-563405f4,Vanilla,0.7237352149160358,0.5778782065018886,0.9355033031674088,0.3805029743807746,2656,2239,2054,185,602,203,0,0.0,0,0,0.0,0.0,0,0.0,0,0.0,203,100.0,21.54,100.566,19.505,21.36,418.05,10.585,226.98,2.376,50.85,6.545,140.22,51.8,53.4,54.1,54.6,54.6,50.0,7.6,10.4,4684.0,4692,181
b1d968b9-563405f4,Adaptive,0.751082605487305,0.5742083873157712,0.9322607751665932,0.4172174353150306,2656,2440,2135,305,521,174,29,14.29,0,29,0.0,14.29,1,0.49,109,53.69,64,31.53,19.74,91.494,19.86,20.967,389.25,9.862,193.52,3.553,69.39,6.445,126.34,51.7,53.2,54.3,56.1,56.1,35.8,22.1,9.7,4691.0,4699,166
b1d968b9-ce42734f,Vanilla,0.7055012296370902,0.5384299448664606,0.9936133491275596,0.36375205692849,3559,2613,2526,87,1033,203,0,0.0,0,0,0.0,0.0,0,0.0,0,0.0,203,100.0,21.79,101.597,19.351,20.568,418.3,10.457,226.03,2.364,51.07,6.53,141.2,51.7,53.0,54.2,55.1,55.1,51.5,7.7,10.3,4695.0,4706,177
b1d968b9-ce42734f,Adaptive,0.7085668133244835,0.4913895981363079,0.9765446607631119,0.3946880973420884,3559,2924,2566,358,993,183,20,9.85,0,20,0.0,9.85,1,0.49,139,68.47,43,21.18,20.6,95.545,20.057,21.757,411.54,10.0,205.38,3.593,73.55,6.465,132.6,51.8,53.2,54.3,54.9,54.9,42.0,22.2,9.9,4702.0,4713,173
b1d971b4-ac67ca0d,Vanilla,0.7296332067300767,0.5642622421168291,0.9945045730955016,0.38326357364451247,2503,1937,1834,103,669,199,0,0.0,0,0,0.0,0.0,0,0.0,0,0.0,199,100.0,21.2,100.783,19.374,21.062,409.8,10.49,222.06,2.347,49.55,6.537,138.19,51.8,53.2,54.1,55.0,54.9,51.7,7.8,10.2,4697.0,4707,172
b1d971b4-ac67ca0d,Adaptive,0.7268142640173701,0.5092622940548337,0.974204829081708,0.4139346292977703,2503,2169,1849,320,654,176,23,11.56,0,23,0.0,11.56,1,0.5,139,69.85,36,18.09,19.55,92.42,20.125,21.757,392.14,10.083,196.74,3.564,69.23,6.477,126.17,51.7,53.3,54.5,55.5,55.5,36.3,22.4,10.1,4700.0,4710,163
b1d9e136-6c94ea3f,Vanilla,0.7147378427503589,0.5867364928361823,0.9980058319185585,0.3637449100282375,2342,1709,1677,32,665,202,0,0.0,0,0,0.0,0.0,0,0.0,0,0.0,202,100.0,21.37,100.028,19.516,20.568,414.45,10.592,225.07,2.375,50.33,6.55,139.06,51.8,53.4,54.1,54.5,54.5,54.1,7.8,10.3,4708.0,4715,171
b1d9e136-6c94ea3f,Adaptive,0.7237691148209346,0.555554972703979,0.9891943137129713,0.39118136614313864,2342,1867,1708,159,634,167,35,17.33,0,35,0.0,17.33,1,0.5,107,52.97,59,29.21,18.62,86.298,20.101,21.365,372.43,10.051,186.45,3.576,66.04,6.474,119.94,51.8,54.0,54.5,55.6,55.6,38.7,22.3,10.0,4704.0,4715,156
b1d9e136-9ab25cb3,Vanilla,0.694028287316887,0.5032101009726526,0.9828998324660777,0.3706989607584274,2942,2242,2073,169,869,202,0,0.0,0,0,0.0,0.0,0,0.0,0,0.0,202,100.0,21.55,100.757,19.395,21.46,416.89,10.485,225.53,2.371,50.89,6.539,140.46,51.8,53.1,54.2,54.8,54.8,47.4,7.6,10.4,4706.0,4713,176
b1d9e136-9ab25cb3,Adaptive,0.7101095390800267,0.49115020057302444,0.9620597595225134,0.40851034551279136,2942,2559,2149,410,793,183,19,9.41,0,19,0.0,9.41,1,0.5,132,65.35,50,24.75,20.53,95.575,20.115,22.256,411.26,10.086,206.37,3.551,72.49,6.477,132.4,51.7,53.4,54.6,55.2,55.3,42.6,22.4,9.9,4703.0,4713,171
b1dac7f7-6b2e0382,Vanilla,0.5599232353254991,0.4003784811776144,0.886891504573913,0.3152230440158925,3637,2634,2295,339,1342,202,0,0.0,0,0,0.0,0.0,0,0.0,0,0.0,202,100.0,21.57,101.031,19.367,20.568,416.26,10.466,225.06,2.364,50.73,6.537,140.47,51.7,53.4,54.2,55.1,55.1,51.5,7.7,10.3,4704.0,4716,174
b1dac7f7-6b2e0382,Adaptive,0.570878667052766,0.37897405821606234,0.873209433545245,0.3511865277056368,3637,3003,2363,640,1274,197,5,2.48,0,5,0.0,2.48,1,0.5,165,81.68,31,15.35,22.37,104.719,20.033,21.365,445.34,10.026,223.01,3.545,78.71,6.462,143.62,51.6,53.3,54.4,55.5,55.5,44.8,22.2,9.8,4708.0,4716,186
b1db7e22-cfa74dc3,Vanilla,0.4636869175171681,0.3640478552838468,0.9752534373131833,0.2517458722726669,1420,743,673,70,747,203,0,0.0,0,0,0.0,0.0,0,0.0,0,0.0,203,100.0,21.29,100.385,19.527,20.669,414.48,10.595,225.09,2.363,50.04,6.569,139.34,51.7,53.4,54.3,55.1,55.1,52.8,7.8,10.4,4707.0,4715,170
b1db7e22-cfa74dc3,Adaptive,0.4758167690355428,0.34315433243500787,0.9577855774036914,0.2709311900636462,1420,821,700,121,720,158,45,22.17,0,45,0.0,22.17,1,0.49,69,33.99,88,43.35,17.15,79.972,20.406,21.466,348.55,10.293,176.0,3.584,61.08,6.529,111.46,51.8,53.2,54.5,55.0,55.0,44.1,22.5,10.1,4707.0,4720,144
b1dce572-c6a8cb5e,Vanilla,0.7153501709566272,0.5702015157609501,0.9982029256975531,0.36755002615609517,2542,1874,1821,53,721,202,0,0.0,0,0,0.0,0.0,0,0.0,0,0.0,202,100.0,21.71,101.393,19.271,20.17,416.37,10.38,224.37,2.358,50.91,6.533,141.09,51.7,52.8,54.0,54.4,54.4,44.7,7.7,10.3,4705.0,4713,180
b1dce572-c6a8cb5e,Adaptive,0.7058455954054648,0.5145964522525828,0.9836329601524134,0.3864205542823173,2542,2021,1816,205,726,165,37,18.32,0,37,0.0,18.32,1,0.5,91,45.05,73,36.14,18.74,86.56,19.838,21.365,369.75,9.874,184.24,3.512,65.28,6.452,120.22,51.6,53.2,54.4,55.0,55.0,40.0,22.0,9.8,4705.0,4714,156
b1dd58c1-8b546ba7,Vanilla,0.7446136954782596,0.6014895035285883,0.9986716832409551,0.37794998423873066,2456,1860,1831,29,625,197,0,0.0,0,0,0.0,0.0,0,0.0,0,0.0,197,100.0,21.15,101.56,19.337,20.564,406.96,10.453,220.14,2.356,49.51,6.528,137.31,51.7,53.1,54.2,54.8,54.8,49.4,7.8,10.2,4704.0,4715,171
b1dd58c1-8b546ba7,Adaptive,0.739667725240294,0.5419996433178964,0.9809996635465984,0.41153020432336396,2456,2090,1840,250,616,173,24,12.18,0,24,0.0,12.18,1,0.51,127,64.47,45,22.84,19.28,91.921,20.148,21.763,388.15,10.086,194.6,3.597,69.05,6.465,124.5,51.6,52.6,54.3,55.6,55.6,36.8,22.5,10.0,4708.0,4717,160
b1df722f-57d21f3f,Vanilla,0.5695629989205192,0.4195571155747725,0.971008160513897,0.31086646429942144,1935,1259,1131,128,804,202,0,0.0,0,0,0.0,0.0,0,0.0,0,0.0,202,100.0,21.34,100.964,19.439,21.062,413.18,10.525,223.89,2.364,50.13,6.551,139.16,51.7,53.2,54.0,54.4,54.4,49.0,7.7,10.3,4714.0,4722,172
b1df722f-57d21f3f,Adaptive,0.5395711816778443,0.3586463190413269,0.9350316987694194,0.32393980848153214,1935,1394,1097,297,838,167,35,17.33,0,35,0.0,17.33,1,0.5,95,47.03,71,35.15,18.19,85.317,20.528,22.855,372.15,10.291,186.81,3.673,66.38,6.564,118.96,51.8,53.2,54.4,56.2,56.2,43.5,23.3,10.2,4720.0,4751,152
b1df722f-5bcc3db7,Vanilla,0.6287967879110241,0.4108878263570149,0.9595958978237863,0.34906800916653136,1365,1015,890,125,475,202,0,0.0,0,0,0.0,0.0,0,0.0,0,0.0,202,100.0,21.4,101.185,19.403,21.062,415.12,10.506,224.92,2.344,50.08,6.553,140.13,51.8,53.1,54.2,54.8,54.8,55.7,7.9,10.3,4730.0,4743,170
b1df722f-5bcc3db7,Adaptive,0.6096715608113195,0.3238621418290028,0.8870468142911715,0.3850328507471365,1365,1260,914,346,451,183,19,9.41,0,19,0.0,9.41,1,0.5,129,63.86,53,26.24,19.87,93.58,20.373,21.763,404.11,10.284,204.25,3.565,70.49,6.524,129.37,51.8,53.2,54.5,55.2,55.2,42.3,22.4,10.2,4731.0,4746,166
b1e0c01d-dd9e6e2f,Vanilla,0.7131829045139239,0.509366753124025,0.9841206404499431,0.38771357932402156,2054,1636,1483,153,571,202,0,0.0,0,0,0.0,0.0,0,0.0,0,0.0,202,100.0,21.39,100.234,19.44,20.568,412.69,10.532,223.65,2.362,50.09,6.546,138.95,51.8,53.2,54.2,54.8,54.8,46.7,7.8,10.4,4733.0,4741,176
b1e0c01d-dd9e6e2f,Adaptive,0.7002910273984572,0.4663480300507887,0.9508359070399426,0.4168499885799464,2054,1863,1486,377,568,176,26,12.87,0,26,0.0,12.87,1,0.5,121,59.9,54,26.73,19.57,91.105,20.199,21.365,395.27,10.148,198.84,3.557,69.42,6.494,127.02,51.8,53.1,54.5,56.0,55.5,44.6,22.2,10.1,4736.0,4747,164
b1e1a7b8-0aec80e8,Vanilla,0.650213396489094,0.476096609371757,0.9837153397909618,0.340162476042529,1982,1381,1309,72,673,203,0,0.0,0,0,0.0,0.0,0,0.0,0,0.0,203,100.0,21.53,100.287,19.467,20.568,416.64,10.536,225.62,2.38,50.87,6.551,140.14,51.8,52.9,54.2,54.7,54.7,54.4,7.7,10.3,4739.0,4746,179
b1e1a7b8-0aec80e8,Adaptive,0.6667236936247216,0.46421735779295414,0.9692098396113003,0.3736258241808192,1982,1554,1355,199,627,163,40,19.7,0,40,0.0,19.7,1,0.49,94,46.31,68,33.5,18.06,83.1,20.255,21.759,365.0,10.184,183.78,3.578,64.26,6.493,116.96,51.8,53.0,54.5,55.5,55.4,46.6,22.6,10.0,4744.0,4754,150
b1e1a7b8-65ec7612,Vanilla,0.6599819691593669,0.501106117793678,0.9858662689039768,0.35024441594269534,1860,1333,1243,90,617,202,0,0.0,0,0,0.0,0.0,0,0.0,0,0.0,202,100.0,21.4,100.525,19.43,20.669,413.91,10.514,224.03,2.366,50.37,6.549,139.51,51.8,53.1,54.2,54.6,54.6,50.9,7.7,10.4,4743.0,4753,176
b1e1a7b8-65ec7612,Adaptive,0.6583591248706676,0.454667866391929,0.9581536332019119,0.37831244117395396,1860,1508,1265,243,595,172,30,14.85,0,30,0.0,14.85,1,0.5,118,58.42,53,26.24,18.88,87.9,20.309,21.763,382.1,10.204,192.22,3.599,67.54,6.505,122.34,51.9,53.1,54.5,55.1,55.1,40.8,22.6,10.1,4748.0,4758,157
b1e1a7b8-a7426a97,Vanilla,0.638118517598307,0.502842383572845,0.9968633126764268,0.3288988299144266,1838,1215,1176,39,662,203,0,0.0,0,0,0.0,0.0,0,0.0,0,0.0,203,100.0,21.17,99.584,19.606,21.062,412.75,10.666,224.72,2.371,49.83,6.568,138.2,51.9,53.0,54.1,54.6,54.6,49.6,7.7,10.6,4746.0,4752,176
b1e1a7b8-a7426a97,Adaptive,0.6438347976223346,0.4697074576736968,0.977405715635904,0.3602787310621913,1838,1378,1202,176,636,182,21,10.34,0,21,0.0,10.34,1,0.49,112,55.17,69,33.99,19.55,91.474,20.62,21.864,399.83,10.489,203.49,3.582,69.34,6.549,126.99,51.9,53.2,54.6,55.1,55.1,47.4,22.8,10.3,4746.0,4755,163
b1e1a7b8-b397c445,Vanilla,0.5721623163312413,0.4367398201674847,0.9824583162085598,0.3058659609257441,1561,983,907,76,654,202,0,0.0,0,0,0.0,0.0,0,0.0,0,0.0,202,100.0,21.26,100.445,19.495,20.669,414.45,10.571,224.92,2.369,50.26,6.556,139.27,51.9,53.1,54.2,54.6,54.7,53.3,7.9,10.4,4743.0,4750,172
b1e1a7b8-b397c445,Adaptive,0.5713059979294219,0.3982675181849457,0.956186897657613,0.33274471693362784,1561,1117,921,196,640,170,32,15.84,0,32,0.0,15.84,1,0.5,95,47.03,74,36.63,18.41,86.295,20.399,21.763,374.1,10.275,188.73,3.602,65.82,6.522,119.54,51.8,53.5,54.5,55.1,55.1,39.8,22.7,10.1,4744.0,4755,155
b1e2346e-c5f98707,Vanilla,0.5472238710957413,0.42996578768339644,0.9995626440545673,0.27753865773951863,369,204,202,2,167,140,0,0.0,0,0,0.0,0.0,0,0.0,0,0.0,140,100.0,14.64,100.333,19.5,21.062,282.81,10.585,153.56,2.345,33.99,6.571,95.27,51.8,53.2,54.1,54.4,54.4,49.8,7.6,10.4,4745.0,4754,117
b1e2346e-c5f98707,Adaptive,0.2520715294331901,0.1615038863510101,0.9120906780531637,0.15153220762976857,369,130,100,30,269,40,100,71.43,88,12,62.86,8.57,2,1.43,13,9.29,25,17.86,10.13,68.027,21.545,23.948,215.6,6.256,63.06,9.145,90.98,6.145,61.56,51.2,52.5,56.2,58.0,58.0,25.4,63.0,5.9,4750.0,4757,86
b1e3e9f5-92377424,Vanilla,0.5928380854779994,0.4522915978495264,0.9093067963477154,0.31356301489616967,3358,2437,2189,248,1169,203,0,0.0,0,0,0.0,0.0,0,0.0,0,0.0,203,100.0,21.61,100.405,19.457,21.062,419.98,10.567,228.19,2.348,50.66,6.542,141.14,51.8,53.6,54.2,54.6,54.6,48.7,7.7,10.4,4742.0,4751,175
b1e3e9f5-92377424,Adaptive,0.5921320461922688,0.4224379541979923,0.895539894605405,0.3377746952384607,3358,2623,2216,407,1142,171,32,15.76,0,32,0.0,15.76,1,0.49,109,53.69,61,30.05,19.53,89.981,19.924,21.365,386.42,9.921,192.57,3.552,68.72,6.451,125.13,51.7,53.0,54.5,55.4,55.4,41.3,22.1,9.6,4743.0,4750,163
b1e62c91-eca210a9,Vanilla,0.6745306957799724,0.49580152645968295,0.9916751116137252,0.3491329400285669,1571,1111,1068,43,503,181,0,0.0,0,0,0.0,0.0,0,0.0,0,0.0,181,100.0,19.07,100.87,19.457,21.068,368.28,10.574,200.23,2.334,44.1,6.549,123.96,51.7,53.5,54.0,54.5,54.5,50.3,7.8,10.4,4743.0,4753,152
b1e62c91-eca210a9,Adaptive,0.6714456195943501,0.45038182828229,0.9741531032161688,0.3792054276942269,1571,1245,1074,171,497,149,32,17.68,9,23,4.97,12.71,2,1.1,82,45.3,65,35.91,16.95,89.049,20.387,23.65,341.95,10.059,168.8,3.825,64.01,6.503,109.15,51.7,53.2,54.5,57.4,57.4,49.2,24.3,9.9,4747.0,4757,139
b1e6efc0-2552cc5d,Vanilla,0.605842591603869,0.4610024045359419,0.9871102203801668,0.318149692418248,884,573,542,31,342,203,0,0.0,0,0,0.0,0.0,0,0.0,0,0.0,203,100.0,21.16,99.433,19.614,21.062,413.5,10.655,224.86,2.387,50.22,6.572,138.42,51.8,53.2,54.1,54.5,54.5,53.0,7.7,10.6,4750.0,4758,170
b1e6efc0-2552cc5d,Adaptive,0.5859922323381832,0.40241486961285994,0.9682463437747529,0.33580425513400625,884,624,530,94,354,137,66,32.51,0,66,0.0,32.51,1,0.49,47,23.15,89,43.84,15.05,69.227,20.288,21.759,301.98,10.216,152.09,3.555,52.87,6.517,97.02,51.8,53.0,54.4,55.0,55.0,46.3,22.6,10.0,4746.0,4755,124
b1e88fd2-c1e4fd2b,Vanilla,0.4546799624429071,0.3261092562715639,0.9985884236784309,0.23063790530915085,1241,573,565,8,676,193,0,0.0,0,0,0.0,0.0,0,0.0,0,0.0,193,100.0,20.03,99.309,19.685,22.256,393.91,10.745,215.22,2.364,47.23,6.575,131.46,51.8,53.5,54.1,54.5,54.5,46.7,7.8,10.6,4753.0,4760,161
b1e88fd2-c1e4fd2b,Adaptive,0.4572109362767799,0.3061259695921511,0.9929096322345805,0.2379315324945976,1241,597,571,26,670,90,103,53.37,59,44,30.57,22.8,7,3.63,23,11.92,60,31.09,13.89,67.492,21.309,24.94,295.07,8.283,114.85,6.689,92.55,6.337,87.68,51.6,53.2,55.5,57.9,57.9,35.4,45.3,8.0,4760.0,4770,119
b1e8ad72-c3c79240,Vanilla,0.7761799648884824,0.6633679509333166,0.998299187939239,0.3965787974193278,979,778,761,17,218,203,0,0.0,0,0,0.0,0.0,0,0.0,0,0.0,203,100.0,21.58,101.709,19.357,21.068,416.01,10.479,225.38,2.329,49.95,6.549,140.68,51.8,53.5,54.1,54.5,54.5,51.3,7.8,10.3,4756.0,4763,173
b1e8ad72-c3c79240,Adaptive,0.7652655274226985,0.585875696893913,0.9871167637129853,0.4168203741399118,979,834,756,78,223,150,53,26.11,0,53,0.0,26.11,1,0.49,50,24.63,99,48.77,16.28,75.596,20.425,21.858,329.21,10.329,166.62,3.567,57.38,6.529,105.22,51.8,53.2,54.4,54.9,54.9,51.3,22.5,10.1,4757.0,4764,134
b1e9ee0e-67e26f2e,Vanilla,0.4282875379480202,0.30263936797446395,0.992750001831951,0.22482276780519794,4556,2075,1963,112,2593,203,0,0.0,0,0,0.0,0.0,0,0.0,0,0.0,203,100.0,21.67,101.321,19.417,20.568,419.96,10.511,227.57,2.367,51.1,6.54,141.29,51.8,53.2,54.1,54.5,54.5,48.5,7.8,10.3,4754.0,4761,176
b1e9ee0e-67e26f2e,Adaptive,0.4288059377490654,0.29166800202238313,0.981552565256027,0.22749854871093078,4556,2137,1987,150,2569,137,66,32.51,0,66,0.0,32.51,1,0.49,43,21.18,93,45.81,15.71,71.826,19.883,21.359,311.19,9.892,154.94,3.539,55.28,6.452,100.96,51.8,53.1,54.4,55.0,55.0,56.8,21.9,9.5,4759.0,4768,132
b1ea0ae4-4f770228,Vanilla,0.8236487252555759,0.6815881081275091,0.9959228401431134,0.42450407331508705,1598,1365,1321,44,277,200,0,0.0,0,0,0.0,0.0,0,0.0,0,0.0,200,100.0,21.33,101.739,19.378,20.669,412.76,10.483,223.4,2.353,50.07,6.542,139.3,51.7,53.1,54.0,54.4,54.4,51.1,7.8,10.3,4766.0,4776,176
b1ea0ae4-4f770228,Adaptive,0.8011037969624637,0.5978798809289102,0.9743004025061632,0.4550128450036229,1598,1520,1302,218,296,158,42,21.0,0,42,0.0,21.0,2,1.0,86,43.0,70,35.0,17.67,83.382,20.13,21.763,353.21,10.043,176.35,3.6,63.06,6.488,113.8,51.7,53.6,54.5,56.4,56.4,43.9,22.4,9.9,4765.0,4775,147
b1eb9133-5cc75c18,Vanilla,0.363438911124634,0.23882626094781378,0.940059896689424,0.20537016206307543,567,254,218,36,349,121,0,0.0,0,0,0.0,0.0,0,0.0,0,0.0,121,100.0,12.96,102.413,19.183,20.568,245.1,10.294,131.53,2.363,30.14,6.527,83.42,51.6,52.9,54.1,54.5,54.5,46.5,7.6,9.9,4767.0,4773,106
b1eb9133-5cc75c18,Adaptive,0.24149989196678448,0.1304038227135235,0.8898526219116367,0.15201101217361385,567,205,150,55,417,43,78,64.46,73,5,60.33,4.13,4,3.31,22,18.18,17,14.05,9.6,74.617,21.132,24.346,202.44,6.602,63.58,8.348,79.64,6.182,59.21,51.1,52.3,55.9,57.9,57.9,27.0,57.6,6.4,4770.0,4778,83
b1ebfc3c-740ec84a,Vanilla,0.5697873339906949,0.416901533863272,0.9978810372854573,0.29109562233991737,2272,1327,1297,30,975,203,0,0.0,0,0,0.0,0.0,0,0.0,0,0.0,203,100.0,21.62,101.588,19.402,20.564,417.83,10.498,226.14,2.36,50.78,6.544,140.91,51.7,53.1,54.0,54.5,54.5,49.2,7.7,10.4,4766.0,4775,179
b1ebfc3c-740ec84a,Adaptive,0.5842792775410168,0.40411927681526355,0.9915289679790605,0.3142353517238698,2272,1449,1335,114,937,163,40,19.7,0,40,0.0,19.7,1,0.49,94,46.31,68,33.5,18.3,85.156,20.042,21.365,364.19,10.041,182.64,3.514,63.68,6.488,117.87,51.7,53.1,54.5,55.6,55.6,49.1,22.1,9.9,4762.0,4771,154
b1ebfc3c-cc9c2bb8,Vanilla,0.6313741917739668,0.46526785731016346,0.9940460569606232,0.3247073986920866,1849,1211,1174,37,675,202,0,0.0,0,0,0.0,0.0,0,0.0,0,0.0,202,100.0,21.56,101.885,19.336,20.568,416.54,10.44,225.06,2.358,50.72,6.538,140.75,51.7,52.8,54.1,54.7,54.7,50.8,7.7,10.3,4763.0,4772,179
b1ebfc3c-cc9c2bb8,Adaptive,0.6524681770106882,0.4372649016744191,0.9795385170105354,0.36301403441876035,1849,1390,1224,166,625,163,39,19.31,0,39,0.0,19.31,3,1.49,96,47.52,64,31.68,18.24,85.394,20.173,23.162,366.43,10.035,182.61,3.66,66.18,6.478,117.63,51.6,53.6,54.4,56.6,56.6,42.4,23.1,9.9,4764.0,4773,152
b1ee702d-0ae1fc10,Vanilla,0.5727122716635229,0.4074183282477658,0.9765941729991909,0.31178689557410616,1400,907,818,89,582,203,0,0.0,0,0,0.0,0.0,0,0.0,0,0.0,203,100.0,21.58,101.403,19.445,20.669,417.97,10.545,226.78,2.357,50.59,6.543,140.6,51.8,53.3,54.1,54.5,54.6,50.7,7.8,10.3,4760.0,4768,174
b1ee702d-0ae1fc10,Adaptive,0.5794096632859154,0.3762848048923394,0.9496792077978409,0.33903907440764863,1400,1031,843,188,557,159,44,21.67,0,44,0.0,21.67,1,0.49,82,40.39,76,37.44,17.41,80.854,20.317,21.763,351.38,10.232,177.13,3.57,61.55,6.515,112.71,51.8,53.4,54.6,56.1,56.1,44.3,22.6,10.1,4761.0,4770,146
b1ee702d-4a193906,Vanilla,0.34012760121736346,0.2314784919588178,0.9891110313134527,0.17901172749483102,1622,591,557,34,1065,203,0,0.0,0,0,0.0,0.0,0,0.0,0,0.0,203,100.0,21.28,100.819,19.567,20.669,413.92,10.629,224.92,2.362,49.92,6.575,139.08,51.8,53.3,54.2,54.7,54.7,50.4,7.9,10.5,4762.0,4772,173
b1ee702d-4a193906,Adaptive,0.3397629723211917,0.2122998441801475,0.9599157764241386,0.19557685802516284,1622,678,568,110,1054,123,80,39.41,60,20,29.56,9.85,4,1.97,67,33.0,52,25.62,17.13,80.308,21.076,24.051,358.99,8.883,152.63,5.79,97.09,6.403,109.27,51.7,53.1,55.2,58.3,58.3,39.5,40.0,9.1,4765.0,4773,145
b1f022d3-45162c67,Vanilla,0.7060088074622994,0.5196115274684596,0.9981497724205899,0.35929897481178613,1373,989,971,18,402,202,0,0.0,0,0,0.0,0.0,0,0.0,0,0.0,202,100.0,21.54,101.121,19.438,20.568,418.31,10.528,226.69,2.367,50.88,6.543,140.74,51.9,53.1,54.3,55.2,55.2,50.3,7.8,10.3,4765.0,4775,177
b1f022d3-45162c67,Adaptive,0.7026584709041894,0.4894469302605815,0.9851317880835414,0.3808585894272265,1373,1072,976,96,397,141,61,30.2,0,61,0.0,30.2,1,0.5,64,31.68,76,37.62,15.76,72.484,20.067,21.763,314.2,9.984,156.6,3.611,56.33,6.472,101.28,51.7,53.2,54.7,56.8,56.8,35.4,22.6,9.9,4769.0,4776,133
b1f0efd9-37a14dda,Vanilla,0.7409706071597232,0.5626015665017499,0.9974317250581145,0.37972594308832963,1667,1271,1238,33,429,203,0,0.0,0,0,0.0,0.0,0,0.0,0,0.0,203,100.0,21.59,101.215,19.445,20.568,418.74,10.539,227.14,2.36,50.74,6.546,140.86,51.9,53.2,54.4,54.9,54.9,49.7,7.8,10.3,4767.0,4777,176
b1f0efd9-37a14dda,Adaptive,0.7346518862555165,0.5078116917631411,0.9833208137080451,0.40199574298338303,1667,1379,1240,139,427,158,45,22.17,0,45,0.0,22.17,3,1.48,82,40.39,73,35.96,17.55,81.264,20.289,23.148,353.49,10.162,177.25,3.633,63.14,6.495,113.09,51.9,53.2,54.7,56.8,56.8,47.2,22.9,10.0,4773.0,4782,147
b1f0efd9-e900c6e5,Vanilla,0.72695733344871,0.5744419853649728,0.9958395714656233,0.3720575955223544,2006,1502,1464,38,542,202,0,0.0,0,0,0.0,0.0,0,0.0,0,0.0,202,100.0,21.39,100.541,19.527,21.466,417.3,10.604,226.76,2.366,50.49,6.557,140.05,52.0,53.9,54.4,54.9,54.9,52.8,7.7,10.4,4770.0,4779,173
b1f0efd9-e900c6e5,Adaptive,0.7020836991241768,0.48996626406758975,0.9731583029570152,0.3911230398882476,2006,1643,1438,205,568,174,28,13.86,0,28,0.0,13.86,1,0.5,91,45.05,82,40.59,19.46,90.929,20.021,21.365,387.28,10.009,193.77,3.515,67.85,6.496,125.66,51.9,53.2,54.8,55.3,55.3,49.0,22.0,9.9,4771.0,4780,163
b1f20aa0-3401c3bf,Vanilla,0.49865341563082777,0.34480022485890893,0.9941999774343867,0.25462024876659023,2050,1053,1028,25,1022,202,0,0.0,0,0,0.0,0.0,0,0.0,0,0.0,202,100.0,21.4,101.641,19.411,20.568,412.69,10.491,223.09,2.366,50.24,6.554,139.35,52.0,53.5,54.4,55.0,55.0,50.4,7.7,10.4,4769.0,4779,174
b1f20aa0-3401c3bf,Adaptive,0.5114261983659472,0.33158762932393265,0.9854179978641476,0.27529200776436824,2050,1156,1061,95,989,152,50,24.75,3,47,1.49,23.27,4,1.98,68,33.66,80,39.6,17.5,82.246,19.897,23.554,346.97,9.68,169.09,3.747,65.08,6.469,112.8,51.9,52.9,54.8,57.2,57.2,43.4,23.4,9.6,4774.0,4782,146
b1f20aa0-50213047,Vanilla,0.2484660202046763,0.20344135042821138,0.995249522462723,0.12840096310459598,1046,270,261,9,785,203,0,0.0,0,0,0.0,0.0,0,0.0,0,0.0,203,100.0,21.63,101.443,19.398,20.568,418.6,10.496,226.68,2.364,50.93,6.538,140.99,52.0,53.3,54.2,54.7,54.7,50.8,7.7,10.3,4770.0,4779,174
b1f20aa0-50213047,Adaptive,0.24344916210407314,0.19029354027114767,0.986784854683708,0.13308916597096923,1046,284,257,27,789,113,90,44.33,0,90,0.0,44.33,1,0.49,13,6.4,99,48.77,12.82,58.105,19.879,21.365,251.88,9.878,125.27,3.55,44.87,6.451,81.73,51.8,52.9,54.6,56.5,56.3,43.5,22.2,9.6,4771.0,4778,107
b1f20aa0-6ef1db42,Vanilla,0.5307216260986392,0.3756972100123547,0.9832029027289526,0.28247456529570836,2129,1236,1147,89,982,202,0,0.0,0,0,0.0,0.0,0,0.0,0,0.0,202,100.0,21.25,101.201,19.47,20.669,413.59,10.565,224.63,2.35,49.85,6.556,139.11,52.0,53.6,54.2,54.7,54.7,47.6,7.7,10.4,4771.0,4779,174
b1f20aa0-6ef1db42,Adaptive,0.542966020991331,0.3288906769175612,0.9545006847599173,0.3177887786760139,2129,1459,1195,264,934,176,26,12.87,0,26,0.0,12.87,1,0.5,120,59.41,55,27.23,20.15,95.642,19.817,21.365,400.23,9.909,201.3,3.437,69.01,6.471,129.91,51.9,53.6,54.6,55.6,55.6,42.8,21.5,9.7,4771.0,4779,168
b1f25ff6-1ddb7e43,Vanilla,0.7885357569319914,0.6373189965827368,0.9929912122239829,0.40877081777607976,1294,1068,1027,41,267,203,0,0.0,0,0,0.0,0.0,0,0.0,0,0.0,203,100.0,21.87,102.466,19.225,20.568,420.38,10.354,226.6,2.346,51.2,6.525,142.58,51.9,53.2,54.2,54.9,54.9,47.3,7.9,10.2,4773.0,4782,177
b1f25ff6-1ddb7e43,Adaptive,0.7475321578430294,0.5309735781309811,0.9694554531812848,0.4294741413104165,1294,1171,987,184,307,155,48,23.65,0,48,0.0,23.65,1,0.49,80,39.41,74,36.45,17.28,79.855,20.141,21.365,345.23,10.076,172.8,3.576,61.18,6.489,111.25,51.8,52.9,54.7,55.6,55.6,45.8,22.5,10.0,4772.0,4780,147
b1f4491b-07b32e8c,Vanilla,0.6410337324757847,0.485471312324822,0.9656010347563667,0.3585270483570096,1818,1380,1199,181,619,203,0,0.0,0,0,0.0,0.0,0,0.0,0,0.0,203,100.0,21.67,101.558,19.401,20.568,418.93,10.475,226.29,2.387,51.5,6.539,141.14,51.8,53.2,54.3,54.8,54.8,48.7,7.7,10.4,4774.0,4783,182
b1f4491b-07b32e8c,Adaptive,0.6301235298997002,0.4305693373132547,0.9223107932726187,0.3849353469015876,1818,1589,1216,373,602,176,27,13.3,0,27,0.0,13.3,1,0.49,112,55.17,63,31.03,19.64,91.386,20.084,21.763,393.05,10.04,196.81,3.565,69.5,6.48,126.73,51.8,53.0,54.5,55.3,55.2,39.0,22.3,9.9,4780.0,4786,163
b1f4491b-09593e90,Vanilla,0.6012265323608146,0.4834399878240475,0.9883873557690193,0.3151586709157551,1142,732,694,38,448,202,0,0.0,0,0,0.0,0.0,0,0.0,0,0.0,202,100.0,21.28,100.581,19.526,20.967,414.99,10.608,225.55,2.367,50.25,6.552,139.2,51.9,53.2,54.2,54.6,54.6,49.5,7.8,10.4,4778.0,4786,176
b1f4491b-09593e90,Adaptive,0.6204956869872705,0.4568597168973586,0.9821257848205394,0.3377660925391396,1142,793,719,74,423,142,60,29.7,0,60,0.0,29.7,1,0.5,48,23.76,93,46.04,15.87,73.735,19.988,21.365,315.74,10.053,158.99,3.447,54.29,6.489,102.46,51.8,53.2,54.4,54.9,55.0,60.9,21.9,9.8,4783.0,4789,131
b1f4491b-16256d7c,Vanilla,0.6574341291129305,0.4743884942025387,0.9448370071459151,0.3729406247210518,2797,2271,1933,338,864,202,0,0.0,0,0,0.0,0.0,0,0.0,0,0.0,202,100.0,21.71,102.179,19.286,20.568,416.9,10.41,225.13,2.348,50.72,6.528,141.05,51.8,53.4,54.2,54.6,54.6,45.0,7.7,10.3,4777.0,4787,176
b1f4491b-16256d7c,Adaptive,0.6524531475597791,0.43232340279657533,0.9128601626597095,0.402242702890419,2797,2581,1958,623,839,186,16,7.92,0,16,0.0,7.92,1,0.5,133,65.84,52,25.74,21.24,99.653,19.848,21.365,420.25,9.842,208.61,3.553,75.02,6.454,136.62,51.7,53.1,54.6,55.7,55.7,39.9,22.1,9.7,4774.0,4783,179
b1f4491b-33824f31,Vanilla,0.6273801604540503,0.4410489811113762,0.9046176375076144,0.3559056741470535,2610,2100,1806,294,804,202,0,0.0,0,0,0.0,0.0,0,0.0,0,0.0,202,100.0,21.78,101.886,19.299,20.568,419.35,10.406,226.24,2.373,51.53,6.52,141.59,51.8,53.0,54.2,54.8,54.9,45.9,7.7,10.3,4779.0,4787,177
b1f4491b-33824f31,Adaptive,0.6264794867975256,0.4053121459580102,0.8832970376359187,0.38852376975449,2610,2381,1829,552,781,176,26,12.87,0,26,0.0,12.87,1,0.5,126,62.38,49,24.26,20.51,95.474,19.538,21.365,399.98,9.631,197.36,3.494,71.31,6.414,131.31,51.6,53.3,54.5,56.1,56.1,30.9,21.6,9.5,4778.0,4789,172
b1f4491b-846d8cb2,Vanilla,0.5803671100593352,0.48832128065275243,0.9219090736796364,0.33443233068594386,1567,1190,976,214,591,202,0,0.0,0,0,0.0,0.0,0,0.0,0,0.0,202,100.0,21.62,101.67,19.381,20.568,417.83,10.471,225.88,2.374,51.08,6.536,140.87,51.8,53.3,54.2,54.6,54.6,52.8,7.8,10.3,4787.0,4794,176
b1f4491b-846d8cb2,Adaptive,0.5559214943142275,0.4344828196126739,0.8859170313218027,0.3407340813039496,1567,1277,966,311,601,156,46,22.77,0,46,0.0,22.77,1,0.5,60,29.7,95,47.03,17.38,80.632,20.062,21.365,346.52,10.008,173.07,3.576,61.59,6.478,111.86,51.7,53.1,54.4,55.4,55.4,37.6,22.3,10.0,4789.0,4796,146
b1f4491b-97465266,Vanilla,0.5751224426745432,0.4333337976063218,0.9395701010667797,0.33043525531837786,1845,1346,1118,228,727,203,0,0.0,0,0,0.0,0.0,0,0.0,0,0.0,203,100.0,21.69,101.369,19.418,20.568,421.02,10.505,227.91,2.371,51.34,6.542,141.78,51.8,53.0,54.2,54.7,54.7,49.6,7.9,10.3,4789.0,4797,177
b1f4491b-97465266,Adaptive,0.581393340675685,0.41935241622471536,0.9130945539240569,0.3476997953653006,1845,1470,1158,312,687,162,41,20.2,0,41,0.0,20.2,1,0.49,87,42.86,74,36.45,18.15,83.89,20.043,21.763,361.53,10.026,181.04,3.545,63.76,6.472,116.72,51.7,54.0,54.4,54.9,54.9,40.1,22.0,9.9,4786.0,4796,153
b1f4491b-9958bd99,Vanilla,0.6636994334750784,0.4691340900960218,0.9363365502667379,0.372743104337818,2775,2270,1958,312,817,202,0,0.0,0,0,0.0,0.0,0,0.0,0,0.0,202,100.0,21.83,102.385,19.31,20.568,418.99,10.418,226.11,2.367,51.3,6.526,141.58,51.8,53.1,54.3,55.0,55.1,51.1,7.7,10.3,4785.0,4793,177
b1f4491b-9958bd99,Adaptive,0.663743197595786,0.4433611024084347,0.9122945390339796,0.40358104583456694,2775,2556,1988,568,787,192,10,4.95,0,10,0.0,4.95,1,0.5,157,77.72,34,16.83,21.62,101.266,20.04,21.359,432.3,9.996,215.9,3.584,77.11,6.459,139.3,51.7,53.0,54.7,55.8,55.8,37.2,22.3,9.9,4788.0,4800,181
b1f4491b-bf7d513f,Vanilla,0.6224605291831181,0.4941201883889814,0.9029802193980581,0.36440064197273353,1359,1143,929,214,430,203,0,0.0,0,0,0.0,0.0,0,0.0,0,0.0,203,100.0,21.64,101.753,19.423,20.669,417.96,10.517,226.33,2.354,50.62,6.553,141.0,51.8,53.2,54.3,54.9,54.9,55.4,7.8,10.3,4785.0,4796,178
b1f4491b-bf7d513f,Adaptive,0.6009863253259051,0.43159540645922095,0.8651584816119081,0.387734565218009,1359,1295,920,375,439,169,34,16.75,0,34,0.0,16.75,1,0.49,94,46.31,74,36.45,18.59,86.669,20.307,21.763,375.75,10.223,189.33,3.574,65.96,6.51,120.46,51.9,53.2,54.5,55.7,55.7,47.9,22.5,10.1,4787.0,4796,155
b1f4491b-cf446195,Vanilla,0.5934849080935629,0.45317749332674584,0.9439531369513167,0.3255156733535397,2910,2051,1825,226,1085,202,0,0.0,0,0,0.0,0.0,0,0.0,0,0.0,202,100.0,21.61,102.045,19.392,20.966,416.07,10.486,225.04,2.362,50.64,6.544,140.39,51.9,53.3,54.1,54.5,54.5,47.0,7.8,10.3,4786.0,4794,176
b1f4491b-cf446195,Adaptive,0.5861632857448841,0.3967009336738624,0.8936696952617159,0.3596612904574376,2910,2466,1877,589,1033,200,2,0.99,0,2,0.0,0.99,1,0.5,166,82.18,33,16.34,22.34,105.51,20.189,21.365,448.06,10.116,224.71,3.599,79.71,6.474,143.63,51.8,53.2,54.6,55.5,55.5,35.6,22.2,10.1,4785.0,4793,187
b1f4491b-d8d1459c,Vanilla,0.7028272948445351,0.5611490492420602,0.9420888269360296,0.40809841966275945,1508,1353,1112,241,396,203,0,0.0,0,0,0.0,0.0,0,0.0,0,0.0,203,100.0,21.63,101.226,19.423,20.568,417.39,10.503,225.84,2.378,51.0,6.543,140.55,51.9,53.2,54.3,55.4,55.4,48.7,7.7,10.3,4789.0,4800,174
b1f4491b-d8d1459c,Adaptive,0.6834931754523931,0.5107398035932273,0.9055643755001422,0.4174244430978239,1508,1462,1117,345,391,164,39,19.21,0,39,0.0,19.21,1,0.49,82,40.39,81,39.9,18.32,84.853,20.151,21.763,367.41,10.101,184.43,3.56,64.69,6.49,118.29,51.9,52.9,54.7,55.8,55.8,48.6,22.6,10.0,4795.0,4802,151
b1f4491b-dd8dfed5,Vanilla,0.5604270263018134,0.4287191761557339,0.9092525318384791,0.31312008090971566,2330,1655,1432,223,898,203,0,0.0,0,0,0.0,0.0,0,0.0,0,0.0,203,100.0,21.75,102.173,19.273,20.568,419.01,10.395,226.17,2.342,50.81,6.536,142.03,51.9,53.2,54.4,55.0,55.0,47.4,7.7,10.3,4793.0,4801,176
b1f4491b-dd8dfed5,Adaptive,0.5517199426654528,0.3870447566607485,0.8825787832458585,0.33742360261611365,2330,1863,1439,424,891,183,20,9.85,0,20,0.0,9.85,1,0.49,115,56.65,67,33.0,20.22,94.555,20.291,21.365,407.92,10.202,205.37,3.601,72.14,6.488,130.41,51.9,53.2,54.8,56.4,56.4,44.3,22.6,10.1,4796.0,4803,168
b1f6c103-5ce1f3c6,Vanilla,0.5139166657131204,0.3720286912878368,0.9862000053162004,0.26458933486972663,762,410,397,13,365,179,0,0.0,0,0,0.0,0.0,0,0.0,0,0.0,179,100.0,18.86,101.184,19.507,21.062,366.56,10.606,199.43,2.349,44.05,6.552,123.07,51.8,53.1,54.4,55.3,55.3,51.4,7.8,10.3,4797.0,4805,150
b1f6c103-5ce1f3c6,Adaptive,0.5015872123377363,0.32046182545826546,0.9776132013440432,0.2779755270317238,762,438,389,49,373,86,93,51.96,68,25,37.99,13.97,8,4.47,38,21.23,40,22.35,14.0,74.058,21.426,24.346,297.94,7.931,111.09,7.175,98.88,6.32,87.97,51.5,53.2,55.9,58.2,58.2,26.3,48.8,7.7,4802.0,4809,119
b1f6c103-8b75ea3e,Vanilla,0.4470994255657607,0.33771842892350956,0.9946009423027474,0.23242181526923214,2420,1135,1087,48,1333,202,0,0.0,0,0,0.0,0.0,0,0.0,0,0.0,202,100.0,21.45,101.753,19.371,20.664,414.32,10.463,223.96,2.355,50.33,6.553,140.03,51.8,53.0,54.3,55.2,55.2,50.9,7.8,10.4,4795.0,4803,176
b1f6c103-8b75ea3e,Adaptive,0.4547541635137369,0.3124100474000005,0.973020356500643,0.2533734210238143,2420,1283,1124,159,1296,171,31,15.35,0,31,0.0,15.35,1,0.5,107,52.97,63,31.19,18.67,87.926,20.378,21.763,380.41,10.288,192.29,3.576,66.56,6.514,121.56,51.8,53.1,54.6,56.0,56.0,45.5,22.7,10.1,4795.0,4804,157
b1f6c103-b00e8aad,Vanilla,0.4609578412574141,0.3365164246610321,0.9968063110951266,0.2348684253764204,2271,1072,1050,22,1221,202,0,0.0,0,0,0.0,0.0,0,0.0,0,0.0,202,100.0,21.54,101.966,19.425,20.961,416.33,10.506,225.34,2.382,50.97,6.537,140.02,51.8,53.1,54.2,54.7,54.7,53.6,7.9,10.3,4796.0,4805,178
b1f6c103-b00e8aad,Adaptive,0.4788047838838685,0.323034047231631,0.983301630959762,0.25700388962278,2271,1200,1103,97,1168,168,34,16.83,0,34,0.0,16.83,1,0.5,93,46.04,74,36.63,18.47,86.756,20.277,21.365,372.28,10.208,187.58,3.55,65.03,6.518,119.67,51.8,53.0,54.6,55.2,55.2,41.7,22.4,10.1,4800.0,4806,152
b1f85377-44885085,Vanilla,0.6202303368530424,0.43728504226605364,0.8966688213518699,0.38652511627808245,1434,1314,966,348,468,203,0,0.0,0,0,0.0,0.0,0,0.0,0,0.0,203,100.0,21.64,102.048,19.349,20.568,418.25,10.464,226.32,2.349,50.71,6.536,141.21,51.8,53.2,54.2,54.8,54.8,50.7,7.6,10.3,4797.0,4806,178
b1f85377-44885085,Adaptive,0.5865849732842743,0.37225788109935726,0.8310923938126648,0.39128402485239977,1434,1471,974,497,460,170,33,16.26,0,33,0.0,16.26,1,0.49,105,51.72,64,31.53,18.86,88.238,20.211,21.763,379.6,10.161,191.04,3.557,66.6,6.494,121.97,51.7,52.9,54.5,55.5,55.5,42.1,22.5,10.1,4797.0,4807,157
b1fbaab8-68db7df7,Vanilla,0.711800238023361,0.5868756669893909,0.9995341195287153,0.359782170504011,1108,797,789,8,319,202,0,0.0,0,0,0.0,0.0,0,0.0,0,0.0,202,100.0,21.46,101.848,19.409,20.568,414.07,10.496,224.0,2.365,50.4,6.548,139.68,51.7,53.0,54.2,54.7,54.7,52.5,7.7,10.4,4797.0,4805,179
b1fbaab8-68db7df7,Adaptive,0.7082851847357018,0.5236763875893112,0.9926032551550017,0.3772509836051583,1108,846,789,57,319,132,70,34.65,0,70,0.0,34.65,1,0.5,37,18.32,94,46.53,14.68,68.279,20.091,21.763,292.78,10.051,146.67,3.545,51.48,6.494,94.62,51.7,53.2,54.6,56.1,56.1,45.8,22.4,9.8,4796.0,4804,123
b1fbf878-b31a8293,Vanilla,0.5121975398209182,0.39867636562492076,0.9959206828822835,0.26077479864637526,2215,1162,1139,23,1076,201,0,0.0,0,0,0.0,0.0,0,0.0,0,0.0,201,100.0,21.41,101.818,19.418,20.568,412.15,10.517,223.32,2.357,49.97,6.544,138.85,51.7,53.4,54.3,54.8,54.8,48.8,7.8,10.3,4797.0,4805,172
b1fbf878-b31a8293,Adaptive,0.5388544193274925,0.3776942735011561,0.9840964718293822,0.2961146351755966,2215,1348,1207,141,1008,168,33,16.42,0,33,0.0,16.42,2,1.0,99,49.25,67,33.33,18.47,87.127,20.367,22.062,373.75,10.277,188.72,3.572,65.43,6.519,119.61,51.8,53.2,54.3,56.3,56.3,49.5,22.7,10.1,4801.0,4808,155
b1fc95c9-644e3c3f,Vanilla,0.755227683652419,0.6156631464914282,0.9340103587122863,0.4257802947422614,1516,1435,1217,218,299,202,0,0.0,0,0,0.0,0.0,0,0.0,0,0.0,202,100.0,21.66,101.387,19.404,20.568,418.02,10.493,226.19,2.376,51.09,6.535,140.73,51.8,53.1,54.1,54.8,54.8,50.2,7.7,10.3,4803.0,4811,175
b1fc95c9-644e3c3f,Adaptive,0.7207232838959924,0.5311337285324829,0.8910737097376822,0.4454532722981663,1516,1592,1205,387,311,158,44,21.78,0,44,0.0,21.78,1,0.5,92,45.54,65,32.18,17.8,82.201,20.006,21.365,354.76,9.996,177.4,3.552,62.87,6.458,114.48,51.6,52.8,54.6,55.1,55.1,36.2,22.2,9.9,4802.0,4815,151
b1fc95c9-cb2882c7,Vanilla,0.628876286832005,0.4769732071860349,0.9102883473395892,0.3444845879744421,3158,2439,2181,258,977,202,0,0.0,0,0,0.0,0.0,0,0.0,0,0.0,202,100.0,21.69,101.504,19.311,20.564,416.75,10.416,224.96,2.367,51.0,6.528,140.79,51.7,52.9,54.2,54.8,54.8,50.3,7.7,10.3,4805.0,4812,180
b1fc95c9-cb2882c7,Adaptive,0.6227180362291896,0.44263331080841617,0.8958923530958423,0.3641268404200705,3158,2619,2189,430,969,171,31,15.35,0,31,0.0,15.35,1,0.5,113,55.94,57,28.22,19.5,90.503,20.012,21.365,388.53,9.98,193.97,3.589,69.5,6.443,125.06,51.7,53.2,54.4,55.2,55.3,41.3,21.9,9.6,4806.0,4811,163
b1ff4656-0435391e,Vanilla,0.7212614602900195,0.5682813997650011,0.9948403707589494,0.37091848255386933,2561,1916,1856,60,705,202,0,0.0,0,0,0.0,0.0,0,0.0,0,0.0,202,100.0,21.43,100.996,19.479,20.568,416.1,10.549,225.49,2.382,50.78,6.548,139.83,51.7,53.1,54.1,54.8,54.8,53.4,7.8,10.3,4806.0,4816,174
b1ff4656-0435391e,Adaptive,0.7254614603803603,0.5176687605191674,0.9759571395971581,0.4063533649909939,2561,2170,1890,280,671,182,20,9.9,0,20,0.0,9.9,1,0.5,132,65.35,49,24.26,20.21,94.846,20.202,21.763,406.22,10.129,203.94,3.57,71.55,6.502,130.72,51.7,52.9,54.5,55.6,55.6,51.3,22.4,10.1,4808.0,4817,172
b1ff4656-94ee8536,Vanilla,0.6656813531338297,0.5718273963337976,0.9934890093607911,0.3399853136878117,1439,988,964,24,475,203,0,0.0,0,0,0.0,0.0,0,0.0,0,0.0,203,100.0,21.62,101.064,19.411,20.669,416.4,10.508,225.5,2.359,50.56,6.544,140.34,51.6,53.6,54.1,54.8,54.8,50.3,7.8,10.3,4807.0,4817,174
b1ff4656-94ee8536,Adaptive,0.6867369951596896,0.5614668518237104,0.9832939036506347,0.36675014774418213,1439,1083,1003,80,436,158,45,22.17,0,45,0.0,22.17,1,0.49,75,36.95,82,40.39,17.28,79.652,20.341,21.763,348.99,10.244,175.95,3.595,61.52,6.501,111.52,51.6,53.0,54.4,55.3,55.3,41.0,22.5,10.1,4808.0,4819,146
b1ff4656-ebcfeb35,Vanilla,0.5403853075372209,0.3459112609158958,0.969532890034008,0.29242846727109806,1326,813,737,76,589,203,0,0.0,0,0,0.0,0.0,0,0.0,0,0.0,203,100.0,21.37,99.982,19.52,21.472,415.88,10.609,226.1,2.36,50.23,6.551,139.55,51.7,53.5,54.1,55.2,55.2,49.2,7.7,10.4,4811.0,4820,177
b1ff4656-ebcfeb35,Adaptive,0.5347549480082707,0.32490245229581427,0.9339652888743198,0.3249130613384007,1326,962,743,219,583,177,26,12.81,0,26,0.0,12.81,1,0.49,102,50.25,74,36.45,19.19,89.21,20.384,21.365,390.77,10.293,197.57,3.574,68.35,6.516,124.86,51.7,52.9,54.4,55.2,55.2,45.9,22.6,10.2,4808.0,4817,161
b200b84e-4a792877,Vanilla,0.5051364229334325,0.3413918500485196,0.968918179948424,0.277614901234534,1765,1031,916,115,849,200,0,0.0,0,0,0.0,0.0,0,0.0,0,0.0,200,100.0,20.97,100.581,19.524,20.669,409.5,10.597,222.44,2.371,49.65,6.557,137.42,51.7,53.1,54.1,55.0,55.0,49.2,8.0,10.5,4809.0,4817,170
b200b84e-4a792877,Adaptive,0.5006884228455184,0.3008950531596631,0.9252370790108737,0.3038756350525601,1765,1210,937,273,828,162,38,19.0,0,38,0.0,19.0,2,1.0,103,51.5,57,28.5,17.78,84.565,20.314,22.062,359.8,10.189,180.68,3.622,63.98,6.504,115.13,51.6,53.1,54.4,55.6,55.6,42.5,22.7,10.1,4809.0,4817,149
b200e97a-bf074435,Vanilla,0.6706550095512748,0.498653661517686,0.9272911007031746,0.3891179129386676,2442,2120,1751,369,691,202,0,0.0,0,0,0.0,0.0,0,0.0,0,0.0,202,100.0,21.66,101.476,19.382,20.962,418.44,10.497,226.77,2.355,50.79,6.529,140.88,51.6,53.0,54.0,54.5,54.5,47.1,7.8,10.3,4806.0,4819,176
b200e97a-bf074435,Adaptive,0.6422131799997433,0.43110750988549773,0.8866754900708161,0.402211056370576,2442,2332,1734,598,708,176,26,12.87,0,26,0.0,12.87,1,0.5,125,61.88,50,24.75,19.73,91.866,20.118,21.371,395.58,10.078,198.42,3.58,70.14,6.461,127.02,51.5,53.2,54.4,55.9,55.9,42.7,22.4,10.0,4813.0,4823,165
b20234fd-822029be,Vanilla,0.4962565413825236,0.3662323721752247,0.9870179030107338,0.26360716917265814,1921,1035,964,71,957,202,0,0.0,0,0,0.0,0.0,0,0.0,0,0.0,202,100.0,21.37,101.062,19.494,20.967,415.87,10.559,225.47,2.387,50.82,6.547,139.59,51.6,53.2,54.0,54.4,54.4,51.2,7.7,10.3,4815.0,4825,176
b20234fd-822029be,Adaptive,0.5058496477216596,0.3475583641803892,0.9715987788365993,0.28453066429647944,1921,1145,993,152,928,166,36,17.82,0,36,0.0,17.82,1,0.5,85,42.08,80,39.6,18.12,84.888,20.367,21.763,366.75,10.282,185.24,3.569,64.15,6.517,117.36,51.6,53.2,54.3,55.3,55.3,44.0,22.6,10.2,4815.0,4825,151
b202cae2-672e61c5,Vanilla,0.7575017275996477,0.6293455082682243,0.990966364935267,0.4062271400175212,2487,2053,1896,157,591,203,0,0.0,0,0,0.0,0.0,0,0.0,0,0.0,203,100.0,21.67,101.089,19.399,20.564,419.71,10.483,227.0,2.375,51.3,6.542,141.41,51.6,53.2,54.0,54.4,54.4,49.0,7.8,10.3,4815.0,4825,175
b202cae2-672e61c5,Adaptive,0.742886916876484,0.5606049248978964,0.9582907951915242,0.4319228486615907,2487,2311,1902,409,585,183,20,9.85,0,20,0.0,9.85,1,0.49,129,63.55,53,26.11,20.82,96.708,19.821,21.757,409.99,9.824,203.4,3.542,73.08,6.455,133.51,51.5,53.0,54.3,55.2,55.2,37.7,21.9,9.8,4821.0,4830,174
b202cae2-f46c74a6,Vanilla,0.6970375431377687,0.582790519493588,0.9925013477599608,0.37260276047836305,2328,1758,1631,127,697,202,0,0.0,0,0,0.0,0.0,0,0.0,0,0.0,202,100.0,21.5,100.885,19.432,20.967,416.2,10.515,225.36,2.387,51.02,6.531,139.82,51.6,52.8,54.1,54.6,54.6,49.7,7.8,10.3,4819.0,4828,174
b202cae2-f46c74a6,Adaptive,0.6944989869857989,0.5406217088575831,0.9686932735369644,0.39507647507220384,2328,1943,1653,290,675,179,23,11.39,0,23,0.0,11.39,1,0.5,124,61.39,54,26.73,19.84,92.523,20.244,22.155,400.1,10.187,201.49,3.567,70.32,6.49,128.28,51.5,53.3,54.4,55.8,55.8,43.5,22.6,10.1,4823.0,4831,166
b2036451-aa924fd1,Vanilla,0.7702495096364834,0.5834493592064498,0.9926952834642941,0.3999178830889994,1941,1571,1505,66,436,202,0,0.0,0,0,0.0,0.0,0,0.0,0,0.0,202,100.0,21.47,101.13,19.464,20.669,414.91,10.546,224.9,2.368,50.42,6.55,139.59,51.7,53.2,54.1,54.7,54.7,52.1,7.8,10.3,4822.0,4831,173
b2036451-aa924fd1,Adaptive,0.769459170343935,0.5286206728722831,0.9714004698196942,0.43501174024234085,1941,1772,1525,247,416,166,36,17.82,0,36,0.0,17.82,1,0.5,102,50.5,63,31.19,18.42,85.977,20.198,21.365,370.75,10.125,186.07,3.579,65.5,6.494,119.18,51.7,53.1,54.5,55.2,55.2,45.3,22.3,10.0,4820.0,4830,155
b204a5c1-05981158,Vanilla,0.6314320335286232,0.4974694545198071,0.950556412984081,0.36594626427512406,922,733,605,128,317,102,0,0.0,0,0,0.0,0.0,0,0.0,0,0.0,102,100.0,11.09,102.285,19.073,20.568,210.42,10.237,113.02,2.349,25.85,6.487,71.55,51.6,53.1,54.2,54.7,54.7,49.9,7.7,9.6,4824.0,4832,89
b204a5c1-05981158,Adaptive,0.5997609813555915,0.4486528093718138,0.8995451138566256,0.3567621755407418,922,766,608,158,314,70,32,31.37,0,32,0.0,31.37,1,0.98,27,26.47,42,41.18,8.41,76.027,19.002,20.867,157.99,9.226,76.86,3.393,28.05,6.384,53.08,51.3,52.4,54.2,55.8,55.8,66.0,21.8,8.4,4820.0,4831,71
b204a5c1-064b0040,Vanilla,0.646780014112503,0.45617645016518527,0.979690090913217,0.3473695667607848,2247,1611,1480,131,767,202,0,0.0,0,0,0.0,0.0,0,0.0,0,0.0,202,100.0,21.74,101.287,19.313,20.867,417.49,10.45,225.99,2.346,50.61,6.518,140.88,51.5,52.8,54.0,54.8,54.8,47.2,7.8,10.3,4819.0,4828,174
b204a5c1-064b0040,Adaptive,0.6418971854322534,0.41980580103974063,0.9611506049331633,0.36949177685753004,2247,1770,1485,285,762,170,32,15.84,0,32,0.0,15.84,1,0.5,104,51.49,65,32.18,19.19,88.584,19.923,21.365,380.24,9.953,190.16,3.514,66.91,6.455,123.16,51.5,53.2,54.5,55.1,55.1,39.5,22.1,9.8,4825.0,4830,160
b204a5c1-fa3d5b88,Vanilla,0.656349126763311,0.49235096864983063,0.9594335557103835,0.36166663409661254,2527,1944,1722,222,805,202,0,0.0,0,0,0.0,0.0,0,0.0,0,0.0,202,100.0,21.7,101.208,19.345,20.568,417.48,10.453,225.75,2.366,50.97,6.526,140.76,51.7,53.0,54.2,55.0,55.0,50.3,7.7,10.3,4827.0,4834,176
b204a5c1-fa3d5b88,Adaptive,0.6527708477751994,0.45279992071977687,0.9370575582390633,0.3863072862365854,2527,2151,1738,413,789,178,24,11.88,0,24,0.0,11.88,1,0.5,129,63.86,48,23.76,20.24,93.851,19.826,21.757,399.29,9.861,198.7,3.513,70.6,6.452,129.98,51.5,53.2,54.4,55.2,55.2,38.0,22.0,9.8,4827.0,4836,169
b205eb4d-f84aaa1a,Vanilla,0.711061144135582,0.5806686860861368,0.9559114476933979,0.39762211517324614,2005,1713,1482,231,523,202,0,0.0,0,0,0.0,0.0,0,0.0,0,0.0,202,100.0,21.54,100.791,19.345,20.564,415.36,10.451,224.58,2.367,50.75,6.527,140.04,51.7,52.8,54.0,54.4,54.4,49.1,7.7,10.3,4831.0,4838,179
b205eb4d-f84aaa1a,Adaptive,0.688787041035177,0.4931317368401661,0.9148096450840122,0.411914014436205,2005,1895,1486,409,519,181,21,10.4,0,21,0.0,10.4,1,0.5,117,57.92,63,31.19,20.86,97.294,19.412,20.967,403.15,9.549,198.49,3.424,70.89,6.44,133.77,51.4,52.9,54.4,56.0,56.0,31.0,21.7,9.7,4825.0,4838,177
b2064e61-2beadd45,Vanilla,0.63146048465398,0.47165529699966047,0.993628323463093,0.3294857322203267,2109,1405,1339,66,770,203,0,0.0,0,0,0.0,0.0,0,0.0,0,0.0,203,100.0,21.31,100.595,19.585,21.36,417.05,10.668,227.36,2.362,50.21,6.555,139.48,51.8,53.4,54.1,55.2,55.2,49.1,7.7,10.3,4826.0,4837,176
b2064e61-2beadd45,Adaptive,0.6423202647858617,0.44291413160028653,0.9778983396234023,0.3502151663825431,2109,1532,1380,152,729,156,47,23.15,0,47,0.0,23.15,1,0.49,90,44.33,65,32.02,16.97,79.133,20.462,21.763,346.28,10.343,175.27,3.601,60.76,6.517,110.26,51.9,53.4,54.4,55.3,55.3,47.6,22.7,10.0,4831.0,4838,143
b206a78b-99f405ab,Vanilla,0.6015221863974842,0.47970600275216724,0.997672480408092,0.30604637307390964,2188,1344,1319,25,869,202,0,0.0,0,0,0.0,0.0,0,0.0,0,0.0,202,100.0,21.3,100.77,19.484,20.568,413.32,10.564,224.15,2.371,50.26,6.55,138.91,51.8,53.5,54.2,54.9,54.9,48.4,7.6,10.4,4837.0,4845,176
b206a78b-99f405ab,Adaptive,0.6159728293639555,0.4528351870305892,0.9864655219849722,0.33748748585357363,2188,1512,1360,152,828,174,28,13.86,0,28,0.0,13.86,1,0.5,109,53.96,64,31.68,18.85,88.545,20.484,21.763,383.6,10.342,193.95,3.617,67.5,6.524,122.15,51.9,53.3,54.7,56.1,55.4,44.6,22.8,10.2,4841.0,4850,156
b2080dc7-f9b98a5f,Vanilla,0.22674700002883535,0.15861084191842345,0.9919474833249216,0.1177545741205793,1055,251,241,10,814,202,0,0.0,0,0,0.0,0.0,0,0.0,0,0.0,202,100.0,21.1,100.503,19.624,21.068,412.74,10.68,224.72,2.371,49.85,6.573,138.17,51.9,53.2,54.4,55.0,55.0,48.5,7.7,10.5,4837.0,4846,175
b2080dc7-f9b98a5f,Adaptive,0.026711427066877305,0.01740960381313136,0.9616017804923516,0.015500418176749372,1055,34,29,5,1026,19,183,90.59,175,8,86.63,3.96,2,0.99,4,1.98,13,6.44,12.85,59.602,22.753,24.346,289.39,4.848,62.26,11.864,150.2,6.041,76.93,51.2,52.4,57.5,58.6,58.6,9.7,86.3,5.0,4838.0,4843,110
b20841f9-cef732d5,Vanilla,0.7100257654381266,0.5634114411944658,0.9771668334530236,0.3792424546653735,2083,1633,1511,122,572,203,0,0.0,0,0,0.0,0.0,0,0.0,0,0.0,203,100.0,21.71,101.528,19.354,20.568,419.2,10.463,226.79,2.346,50.79,6.544,141.62,52.1,53.3,54.6,55.1,55.1,51.8,7.7,10.3,4830.0,4841,177
b20841f9-cef732d5,Adaptive,0.7055501362035723,0.5220476880351528,0.9618567908654514,0.40185377265996364,2083,1775,1516,259,567,168,35,17.24,0,35,0.0,17.24,1,0.49,99,48.77,68,33.5,18.63,86.282,20.2,21.759,374.7,10.122,187.98,3.597,66.54,6.481,120.18,51.9,53.4,54.8,55.6,55.6,39.5,22.4,10.1,4834.0,4843,156
b20b69d2-64b9cdb8,Vanilla,0.6878944712572483,0.5669114742012129,0.9872774560413015,0.37124356373849277,1300,986,903,83,397,203,0,0.0,0,0,0.0,0.0,0,0.0,0,0.0,203,100.0,21.67,100.957,19.43,20.664,418.31,10.514,226.49,2.371,50.98,6.545,140.84,52.0,53.3,54.5,54.9,54.9,50.8,7.9,10.3,4838.0,4846,175
b20b69d2-64b9cdb8,Adaptive,0.6593252749683747,0.49075472276141496,0.9480881761932485,0.39003825288635413,1300,1106,890,216,410,166,37,18.23,0,37,0.0,18.23,1,0.49,82,40.39,83,40.89,18.3,84.299,20.298,21.763,368.77,10.241,186.29,3.556,64.41,6.502,118.06,52.0,53.2,54.7,55.8,55.7,48.3,22.5,10.1,4837.0,4849,153
b20b69d2-650e674d,Vanilla,0.6627081330470285,0.49056858241511037,0.9768096234911723,0.35423915210031715,3258,2393,2206,187,1052,202,0,0.0,0,0,0.0,0.0,0,0.0,0,0.0,202,100.0,21.98,102.465,19.157,20.568,419.93,10.287,225.57,2.359,51.64,6.511,142.72,51.9,53.3,54.5,55.0,55.0,49.8,7.7,10.3,4838.0,4847,183
b20b69d2-650e674d,Adaptive,0.6907651188641808,0.46938545805982335,0.9576062209427819,0.3949023326303635,3258,2756,2329,427,929,197,5,2.48,0,5,0.0,2.48,1,0.5,170,84.16,26,12.87,22.29,103.815,20.125,21.365,446.44,10.064,223.43,3.595,79.58,6.466,143.43,51.9,53.2,54.8,56.2,56.2,44.0,22.2,9.9,4843.0,4853,188
b20b69d2-6e2b9e73,Vanilla,0.4488667328307582,0.3349459684410464,0.9609420830462245,0.24629840546697038,1317,688,613,75,704,203,0,0.0,0,0,0.0,0.0,0,0.0,0,0.0,203,100.0,21.76,101.324,19.381,20.967,421.23,10.49,228.08,2.36,51.2,6.531,141.95,51.9,53.4,54.6,55.4,55.4,46.9,7.8,10.3,4843.0,4852,176
b20b69d2-6e2b9e73,Adaptive,0.44303932135977875,0.2911181013181564,0.9293138256110609,0.26452909140836245,1317,777,619,158,698,150,53,26.11,0,53,0.0,26.11,2,0.99,62,30.54,86,42.36,16.79,76.889,20.132,21.562,336.56,10.065,168.53,3.589,59.78,6.477,108.25,51.9,53.2,54.9,56.2,56.4,39.3,22.6,9.9,4842.0,4850,141
b20b69d2-7767e6b6,Vanilla,0.7509238664421538,0.585306913161354,0.9605781988366722,0.42250771026089856,1032,930,801,129,231,203,0,0.0,0,0,0.0,0.0,0,0.0,0,0.0,203,100.0,21.75,101.196,19.366,20.568,419.92,10.444,226.55,2.387,51.71,6.535,141.66,52.0,53.2,54.6,55.1,55.1,44.1,7.9,10.4,4839.0,4846,176
b20b69d2-7767e6b6,Adaptive,0.7055986032107582,0.4821559731699031,0.9188070231917127,0.4324249388305778,1032,1017,776,241,256,159,44,21.67,2,42,0.99,20.69,2,0.99,79,38.92,78,38.42,18.04,82.895,20.059,22.75,359.53,9.932,178.19,3.647,65.29,6.48,116.06,51.9,53.2,54.8,57.1,57.1,47.0,23.1,9.8,4841.0,4850,151
b20b69d2-bd242bf0,Vanilla,0.5712974921947503,0.40476551397748023,0.9201935334417806,0.31360614574040424,2122,1459,1317,142,805,160,0,0.0,0,0,0.0,0.0,0,0.0,0,0.0,160,100.0,17.26,102.299,19.221,20.568,329.7,10.345,177.57,2.355,40.3,6.521,111.83,51.9,53.0,54.5,55.0,55.0,48.1,7.8,10.1,4843.0,4851,141
b20b69d2-bd242bf0,Adaptive,0.5458051260708077,0.33461047250243064,0.8715333775161725,0.34925787535623093,2122,1773,1307,466,815,150,10,6.25,0,10,0.0,6.25,1,0.62,106,66.25,43,26.88,17.25,102.076,19.607,21.359,336.74,9.667,166.31,3.509,59.98,6.432,110.45,51.7,53.2,54.6,55.6,55.6,34.6,21.7,9.5,4850.0,4857,144
b20b69d2-ca16c907,Vanilla,0.7167837476730499,0.5739563656882573,0.974303278208246,0.4049617900192613,891,754,650,104,241,198,0,0.0,0,0,0.0,0.0,0,0.0,0,0.0,198,100.0,21.28,101.406,19.287,20.564,409.56,10.391,220.85,2.373,50.3,6.522,138.42,51.9,53.3,54.3,54.9,54.9,47.9,7.7,10.3,4850.0,4858,177
b20b69d2-ca16c907,Adaptive,0.6738272330547719,0.5016972075353204,0.9243858226884959,0.41121711688659823,891,829,636,193,255,142,56,28.28,0,56,0.0,28.28,1,0.51,50,25.25,91,45.96,15.93,74.353,20.024,21.363,316.51,10.053,159.14,3.5,55.11,6.471,102.26,51.9,53.2,54.7,55.9,55.9,45.2,22.1,9.9,4844.0,4854,134
b20b69d2-e31380a7,Vanilla,0.6360477025451996,0.5277388503093174,0.8132380729912985,0.4157495403578735,529,584,404,180,125,174,0,0.0,0,0,0.0,0.0,0,0.0,0,0.0,174,100.0,18.8,102.246,19.219,20.563,359.75,10.35,193.82,2.344,43.8,6.525,122.13,51.9,53.2,54.2,54.6,54.6,52.3,7.9,10.2,4845.0,4853,150
b20b69d2-e31380a7,Adaptive,0.5578520761974347,0.3937718606615209,0.7460435644574315,0.4008509675090695,529,618,384,234,145,116,58,33.33,0,58,0.0,33.33,1,0.57,27,15.52,88,50.57,13.08,69.428,19.976,21.365,260.7,9.995,130.61,3.525,45.86,6.456,84.23,51.7,53.0,54.5,56.2,56.2,49.3,22.2,9.6,4841.0,4854,110
b20b69d2-ffc1d6af,Vanilla,0.6649631250815352,0.4994209720210974,0.9784340968822822,0.356436859293501,1622,1195,1100,95,522,199,0,0.0,0,0,0.0,0.0,0,0.0,0,0.0,199,100.0,21.39,101.519,19.318,20.563,410.98,10.434,222.05,2.359,50.13,6.526,138.81,51.8,53.1,54.3,55.2,55.2,51.9,7.9,10.3,4844.0,4852,172
b20b69d2-ffc1d6af,Adaptive,0.6306041061548813,0.41388558909835,0.9406505911118419,0.37377895257573635,1622,1336,1071,265,551,161,38,19.1,1,37,0.5,18.59,2,1.01,96,48.24,63,31.66,18.22,85.516,20.011,22.453,363.2,9.923,180.3,3.628,65.7,6.461,117.2,51.7,53.0,54.7,56.4,56.4,35.6,22.7,9.8,4842.0,4852,152
b20b9c19-91e01a50,Vanilla,0.7559044156076031,0.5708944918609455,0.9502481954180556,0.44254920465347264,1745,1679,1369,310,376,202,0,0.0,0,0,0.0,0.0,0,0.0,0,0.0,202,100.0,21.7,102.135,19.272,20.563,416.46,10.38,224.4,2.361,50.96,6.531,141.1,51.8,53.1,54.2,54.6,54.6,47.2,7.8,10.3,4840.0,4847,174
b20b9c19-91e01a50,Adaptive,0.722391566399267,0.4781623040676595,0.8948899435600873,0.4585114131612531,1745,1904,1365,539,380,176,26,12.87,0,26,0.0,12.87,1,0.5,118,58.42,57,28.22,19.9,93.086,19.837,21.757,394.07,9.881,196.49,3.502,69.37,6.454,128.2,51.7,53.1,54.5,55.5,55.5,38.7,22.1,9.9,4846.0,4853,167
b20d494a-cdebe83e,Vanilla,0.5582941798676603,0.40664507067476474,0.9874191755056185,0.2961543870722094,1203,727,679,48,524,198,0,0.0,0,0,0.0,0.0,0,0.0,0,0.0,198,100.0,20.98,101.379,19.441,20.568,406.03,10.535,220.23,2.358,49.12,6.548,136.68,51.8,53.0,54.2,54.8,54.8,51.5,7.7,10.3,4847.0,4857,168
b20d494a-cdebe83e,Adaptive,0.539512367177844,0.32463291016283335,0.9381669087678253,0.3225986256709797,1203,859,680,179,523,159,39,19.7,0,39,0.0,19.7,4,2.02,79,39.9,76,38.38,17.83,85.361,20.158,22.055,356.95,10.008,177.47,3.656,64.53,6.493,114.95,51.7,53.2,54.6,56.8,56.8,50.9,23.1,10.0,4851.0,4861,148
b20e291a-32ac11c1,Vanilla,0.6515426371060741,0.5028411270795569,0.9557599149744577,0.3668353456295264,2599,2054,1758,296,841,202,0,0.0,0,0,0.0,0.0,0,0.0,0,0.0,202,100.0,21.77,101.668,19.321,20.563,419.3,10.414,226.1,2.377,51.52,6.53,141.68,51.8,53.0,54.4,54.9,54.9,49.1,7.8,10.4,4854.0,4863,179
b20e291a-32ac11c1,Adaptive,0.641324382490511,0.4608929797376756,0.9186690514455932,0.3911929733106613,2599,2325,1776,549,823,190,12,5.94,0,12,0.0,5.94,1,0.5,148,73.27,41,20.3,21.63,100.747,19.937,21.359,428.11,9.977,214.33,3.489,74.83,6.471,138.95,51.8,52.9,54.5,55.1,55.1,48.8,21.9,9.7,4854.0,4864,181
b20e291a-6012d836,Vanilla,0.6597315289974368,0.52227065301712,0.9703004033140371,0.3594720564304479,2245,1693,1521,172,724,203,0,0.0,0,0,0.0,0.0,0,0.0,0,0.0,203,100.0,21.53,100.34,19.434,20.563,416.07,10.504,225.09,2.384,50.91,6.546,140.07,51.8,53.2,54.4,55.0,55.0,51.2,7.8,10.3,4854.0,4863,173
b20e291a-6012d836,Adaptive,0.6432854092160973,0.4652611464130961,0.9355477515751736,0.38106328947476553,2245,1897,1522,375,723,173,30,14.78,0,30,0.0,14.78,1,0.49,110,54.19,62,30.54,19.28,89.14,20.27,21.757,389.28,10.194,196.01,3.598,68.9,6.478,124.37,51.9,53.2,54.8,56.0,56.0,45.2,22.5,9.9,4853.0,4864,163
b20eae11-149766ce,Vanilla,0.3005835033989488,0.20714916952255122,0.9852225061276967,0.1573622040869199,1752,564,534,30,1218,203,0,0.0,0,0,0.0,0.0,0,0.0,0,0.0,203,100.0,21.25,100.385,19.557,21.46,415.0,10.636,225.84,2.356,49.91,6.565,139.24,52.0,53.3,54.5,55.1,55.1,51.9,7.8,10.5,4859.0,4869,171
b20eae11-149766ce,Adaptive,0.3013825634888899,0.178516312569132,0.9362153073261238,0.176824154319262,1752,686,557,129,1195,172,31,15.27,7,24,3.45,11.82,22,10.84,82,40.39,68,33.5,20.73,97.809,20.791,24.741,429.06,9.515,196.93,4.812,98.69,6.464,133.43,51.9,53.0,55.1,57.7,57.7,42.7,31.2,9.6,4857.0,4867,174
b20eae11-18cd8ca2,Vanilla,0.45512175651396836,0.2953785608086378,0.9932146994367507,0.23212546785465868,1135,532,520,12,615,202,0,0.0,0,0,0.0,0.0,0,0.0,0,0.0,202,100.0,21.32,101.215,19.471,20.962,413.86,10.543,224.2,2.369,50.28,6.56,139.38,52.0,53.6,54.4,55.0,55.0,51.6,7.6,10.4,4856.0,4864,176
b20eae11-18cd8ca2,Adaptive,0.49177214178691653,0.28709518517931265,0.9876225051261401,0.26235185682456513,1135,607,564,43,571,148,54,26.73,1,53,0.5,26.24,2,0.99,61,30.2,85,42.08,16.2,75.889,20.342,22.055,327.63,10.266,165.55,3.557,57.09,6.519,104.99,52.0,53.7,54.7,56.5,56.5,48.0,22.2,10.0,4860.0,4869,133
b20eae11-6817ba7a,Vanilla,0.432321606595824,0.2992334949219536,0.9745854602793798,0.22965432864626414,1560,744,691,53,869,202,0,0.0,0,0,0.0,0.0,0,0.0,0,0.0,202,100.0,21.51,101.366,19.422,20.669,416.68,10.5,225.46,2.371,50.78,6.551,140.44,52.0,53.6,54.3,54.9,54.9,53.5,7.7,10.3,4857.0,4868,176
b20eae11-6817ba7a,Adaptive,0.48598628971351976,0.304932845225819,0.9663818514429793,0.2690623457327874,1560,883,781,102,779,163,39,19.31,3,36,1.49,17.82,4,1.98,91,45.05,68,33.66,18.28,85.298,20.351,23.845,369.24,10.028,182.1,3.823,69.21,6.499,117.92,51.9,53.5,54.8,57.5,57.5,44.2,24.1,10.0,4856.0,4865,152
b20ff95c-b9444127,Vanilla,0.45496212474028735,0.26256450382797647,0.7959022833739103,0.2897790628322486,787,588,449,139,338,102,0,0.0,0,0,0.0,0.0,0,0.0,0,0.0,102,100.0,11.03,102.737,19.066,20.563,208.7,10.243,112.21,2.321,25.35,6.502,71.15,51.8,52.9,54.1,54.5,54.5,53.8,7.8,9.7,4854.0,4864,88
b20ff95c-b9444127,Adaptive,0.45076329873553156,0.24311875193499924,0.7705103080293738,0.30765149394141705,787,649,458,191,329,82,20,19.61,0,20,0.0,19.61,1,0.98,39,38.24,42,41.18,9.33,86.046,19.604,20.967,182.21,9.65,89.91,3.516,32.51,6.438,59.79,51.6,52.9,54.4,55.0,55.0,37.0,22.0,9.1,4861.0,4869,77
b2102d00-5eb86b71,Vanilla,0.6431074745087516,0.45871003452611586,0.9942679061854794,0.3321779753607354,2413,1617,1560,57,853,202,0,0.0,0,0,0.0,0.0,0,0.0,0,0.0,202,100.0,21.35,101.319,19.467,20.664,414.88,10.555,225.12,2.359,50.22,6.553,139.53,51.9,53.7,54.2,54.9,54.9,55.7,7.8,10.4,4858.0,4868,171
b2102d00-5eb86b71,Adaptive,0.6546785773204122,0.43156321039284495,0.9837455927817226,0.357993768737656,2413,1776,1599,177,814,170,32,15.84,2,30,0.99,14.85,1,0.5,105,51.98,64,31.68,18.7,88.056,20.419,21.757,380.3,10.243,190.96,3.667,68.11,6.509,121.22,51.9,53.3,54.9,56.6,56.6,45.2,23.0,10.1,4857.0,4864,158
b2102d00-a8c09be1,Vanilla,0.6880349342620942,0.5309882827712522,0.9981997411219561,0.3508360626050184,1943,1367,1339,28,604,202,0,0.0,0,0,0.0,0.0,0,0.0,0,0.0,202,100.0,21.29,101.183,19.51,21.46,413.6,10.595,224.79,2.363,50.03,6.551,138.78,51.9,53.3,54.5,55.0,55.0,50.2,7.7,10.4,4857.0,4868,171
b2102d00-a8c09be1,Adaptive,0.7009799937991423,0.4891724018284102,0.9875234717204036,0.3836873871208713,1943,1524,1373,151,570,168,34,16.83,0,34,0.0,16.83,1,0.5,109,53.96,58,28.71,18.22,85.933,20.433,21.757,370.98,10.295,187.15,3.615,65.43,6.523,118.4,51.9,53.2,54.6,55.8,55.8,43.5,22.7,10.2,4861.0,4871,152
b2131b7b-e58faab7,Vanilla,0.4590067366330015,0.2957368414430141,0.9931992854307292,0.23778372638378834,970,466,448,18,522,202,0,0.0,0,0,0.0,0.0,0,0.0,0,0.0,202,100.0,21.34,101.145,19.42,20.664,412.81,10.497,223.23,2.371,50.33,6.552,139.25,51.8,53.2,54.2,54.7,54.7,50.5,7.5,10.3,4864.0,4872,177
b2131b7b-e58faab7,Adaptive,0.44853891423575387,0.2606750242919401,0.9750779485052327,0.24209058644583406,970,488,445,43,525,111,91,45.05,39,52,19.31,25.74,1,0.5,30,14.85,80,39.6,14.53,67.394,20.796,23.948,300.69,9.272,135.45,5.115,72.39,6.408,92.85,51.7,52.8,55.0,58.0,58.0,40.3,35.4,9.3,4862.0,4873,123
b213e4eb-09c01a17,Vanilla,0.674269326948014,0.5218214545946702,0.9781491146002788,0.36240727419862423,1885,1416,1296,120,589,202,0,0.0,0,0,0.0,0.0,0,0.0,0,0.0,202,100.0,21.73,102.064,19.293,20.664,417.41,10.399,225.18,2.357,50.92,6.536,141.32,51.8,53.4,54.2,55.2,55.2,51.6,7.8,10.2,4853.0,4866,175
b213e4eb-09c01a17,Adaptive,0.6822702515885631,0.5045146552608202,0.9600283685994712,0.3834475868958628,1885,1540,1331,209,554,165,37,18.32,0,37,0.0,18.32,1,0.5,86,42.57,78,38.61,18.33,85.18,20.132,21.763,368.03,10.064,184.3,3.594,65.45,6.473,118.28,51.7,52.8,54.7,56.2,56.2,36.1,22.4,10.0,4860.0,4866,155
b214d1e1-f248c616,Vanilla,0.557938916406983,0.4242985625769948,0.9784336014156175,0.3047016418637348,2069,1307,1175,132,894,200,0,0.0,0,0,0.0,0.0,0,0.0,0,0.0,200,100.0,21.16,100.942,19.521,20.669,409.99,10.6,222.62,2.366,49.68,6.555,137.68,51.8,53.1,54.1,54.4,54.4,51.0,7.8,10.4,4862.0,4870,172
b214d1e1-f248c616,Adaptive,0.5421269891013405,0.3791375059332429,0.9423489164786477,0.31777833712005077,2069,1444,1175,269,894,163,37,18.5,0,37,0.0,18.5,1,0.5,95,47.5,67,33.5,17.93,84.698,20.313,21.371,362.65,10.226,182.83,3.592,63.91,6.494,115.92,51.7,52.9,54.5,56.1,56.1,41.4,22.5,10.1,4863.0,4871,150
b21547c1-73e457f8,Vanilla,0.628332383339175,0.4593197710335934,0.9953323642518196,0.3231297243219209,2076,1352,1310,42,766,203,0,0.0,0,0,0.0,0.0,0,0.0,0,0.0,203,100.0,21.24,100.505,19.569,20.967,414.28,10.634,225.25,2.371,50.11,6.564,138.92,51.8,53.2,54.4,55.0,55.0,50.6,7.8,10.5,4866.0,4875,176
b21547c1-73e457f8,Adaptive,0.6371581846853046,0.43009794226488873,0.9804846571157672,0.34737820445631484,2076,1489,1344,145,732,156,47,23.15,0,47,0.0,23.15,1,0.49,83,40.89,72,35.47,17.05,79.736,20.289,21.763,343.39,10.204,172.97,3.579,60.34,6.507,110.08,51.8,53.2,54.7,55.8,55.8,48.4,22.6,10.0,4866.0,4874,142
b21547c1-796757ac,Vanilla,0.3271930021182884,0.2152815318668483,0.9984286308757803,0.1650443650205739,2365,782,775,7,1590,202,0,0.0,0,0,0.0,0.0,0,0.0,0,0.0,202,100.0,21.45,101.576,19.423,20.574,415.06,10.53,225.14,2.349,50.16,6.544,139.76,51.7,53.5,54.1,54.7,54.9,51.3,7.7,10.3,4861.0,4871,176
b21547c1-796757ac,Adaptive,0.34047913868488383,0.20946118835040153,0.9880944429968596,0.178519495252337,2365,861,814,47,1551,155,47,23.27,0,47,0.0,23.27,1,0.5,56,27.72,98,48.51,16.82,78.655,20.393,21.365,340.65,10.309,172.32,3.564,59.41,6.52,108.93,51.8,53.2,54.5,55.0,55.0,49.3,22.3,10.1,4866.0,4874,141
b2156f8e-72e1547c,Vanilla,0.48382395936625544,0.3327152763793661,0.978020519348592,0.2558665808665809,840,444,415,29,425,191,0,0.0,0,0,0.0,0.0,0,0.0,0,0.0,191,100.0,20.33,101.292,19.336,20.664,392.63,10.437,212.07,2.36,47.87,6.539,132.7,51.7,53.2,54.2,55.2,55.2,47.8,7.7,10.3,4865.0,4875,165
b2156f8e-72e1547c,Adaptive,0.4685222233563606,0.2844774658993955,0.9532987944125202,0.26850382128159905,840,486,409,77,431,136,55,28.8,23,32,12.04,16.75,19,9.95,46,24.08,71,37.17,17.46,86.256,21.083,24.25,365.45,9.192,159.95,5.461,94.02,6.43,111.48,51.7,54.0,55.2,57.8,57.8,43.1,36.0,9.1,4866.0,4877,145
b215943a-10e44587,Vanilla,0.5962041229021819,0.4484816205598755,0.9760238111558924,0.3252525252525253,792,535,482,53,310,191,0,0.0,0,0,0.0,0.0,0,0.0,0,0.0,191,100.0,20.1,100.272,19.562,21.068,390.98,10.636,212.71,2.367,47.23,6.559,131.04,51.8,53.2,54.3,55.0,55.0,51.0,7.9,10.5,4869.0,4877,161
b215943a-10e44587,Adaptive,0.5907402189124796,0.3850329318785432,0.9533180057631623,0.3426306581170062,792,586,485,101,307,150,41,21.47,5,36,2.62,18.85,19,9.95,51,26.7,80,41.88,18.1,89.763,20.598,23.55,372.12,9.557,173.02,4.592,82.59,6.449,116.5,51.6,53.5,54.9,57.4,57.4,42.8,29.5,9.5,4864.0,4877,152
b216243d-55963da2,Vanilla,0.6161913190731283,0.47465247767336133,0.996948308500599,0.3198116874061844,1713,1101,1058,43,655,103,0,0.0,0,0,0.0,0.0,0,0.0,0,0.0,103,100.0,11.07,102.179,19.142,20.568,210.72,10.327,113.77,2.314,25.4,6.502,71.55,51.7,52.9,54.1,54.7,54.6,45.6,7.7,9.7,4862.0,4873,90
b216243d-55963da2,Adaptive,0.6377593527322276,0.4615010502977633,0.992013291184318,0.3395275464231761,1713,1179,1099,80,614,88,15,14.56,0,15,0.0,14.56,1,0.97,53,51.46,34,33.01,9.9,90.813,19.976,21.365,195.87,9.903,97.31,3.632,35.4,6.441,63.16,51.5,52.7,54.4,55.6,55.6,42.0,22.5,9.4,4866.0,4876,83
b216243d-ad4306b9,Vanilla,0.7163810977983132,0.5510472345933877,0.9945489083789631,0.3684756105805416,1093,812,787,25,306,103,0,0.0,0,0,0.0,0.0,0,0.0,0,0.0,103,100.0,11.09,102.677,19.103,20.568,211.47,10.253,113.63,2.341,25.86,6.51,71.98,51.5,52.8,54.1,54.7,54.7,56.8,7.8,9.7,4871.0,4879,91
b216243d-ad4306b9,Adaptive,0.7151052924384118,0.5068621685982566,0.981452844992076,0.38713953632499065,1093,871,794,77,299,76,27,26.21,0,27,0.0,26.21,1,0.97,38,36.89,37,35.92,8.88,81.183,19.209,20.967,168.43,9.355,82.18,3.456,30.16,6.398,56.08,51.2,52.4,54.1,56.0,55.7,44.3,21.9,8.7,4867.0,4876,75
b2169b74-fa197951,Vanilla,0.5897371100110417,0.41739318700444733,0.8460029692110622,0.3371856193689776,2040,1691,1422,269,618,203,0,0.0,0,0,0.0,0.0,0,0.0,0,0.0,203,100.0,21.73,101.468,19.349,20.563,417.26,10.45,225.45,2.366,50.96,6.533,140.86,51.5,52.8,54.1,54.5,54.5,50.5,7.7,10.3,4867.0,4876,175
b2169b74-fa197951,Adaptive,0.6007963346376384,0.38178019999519214,0.8436814496450629,0.3635657785403649,2040,1817,1450,367,590,161,42,20.69,0,42,0.0,20.69,1,0.49,75,36.95,85,41.87,18.32,84.582,19.788,21.365,359.82,9.823,178.77,3.516,63.8,6.448,117.24,51.3,52.7,54.3,54.9,54.9,41.3,21.9,9.7,4868.0,4879,153
b21742c2-0e7a2b57,Vanilla,0.47377236060396627,0.35111207442296777,0.9604690742303286,0.25895423285175395,2128,1172,1046,126,1082,202,0,0.0,0,0,0.0,0.0,0,0.0,0,0.0,202,100.0,21.46,100.602,19.483,21.466,416.76,10.572,226.25,2.374,50.72,6.538,139.79,51.5,52.7,54.0,54.5,54.5,50.3,7.9,10.4,4870.0,4880,175
b21742c2-0e7a2b57,Adaptive,0.4895353180074764,0.3395800000581027,0.9400936515072557,0.28661173347238345,2128,1341,1095,246,1033,175,27,13.37,0,27,0.0,13.37,1,0.5,105,51.98,69,34.16,19.26,89.644,20.266,21.365,389.26,10.185,195.86,3.594,68.83,6.486,124.58,51.4,52.8,54.4,55.5,55.4,40.7,22.5,10.1,4867.0,4875,161
b21742c2-18d3463a,Vanilla,0.6614687919678932,0.43464144731380816,0.9569429484038761,0.37345422369042,3260,2600,2239,361,1021,202,0,0.0,0,0,0.0,0.0,0,0.0,0,0.0,202,100.0,21.68,101.17,19.333,20.568,417.71,10.438,225.68,2.371,51.16,6.523,140.86,51.5,52.7,54.0,54.5,54.5,49.7,7.8,10.3,4871.0,4878,177
b21742c2-18d3463a,Adaptive,0.6750581950983837,0.425839579221059,0.9293632774994348,0.41020220399900004,3260,2994,2323,671,937,189,13,6.44,0,13,0.0,6.44,1,0.5,156,77.23,32,15.84,22.52,104.936,19.24,20.967,432.58,9.469,213.08,3.372,75.59,6.399,143.91,51.2,52.5,54.1,55.8,55.8,48.0,21.5,9.4,4874.0,4885,188
b2194b15-1825056a,Vanilla,0.4521038730451063,0.3424884961794131,0.9958623230582176,0.2318680138572722,1798,839,816,23,982,203,0,0.0,0,0,0.0,0.0,0,0.0,0,0.0,203,100.0,21.39,100.505,19.477,21.068,415.19,10.561,225.29,2.373,50.47,6.543,139.43,51.4,52.8,53.8,54.2,54.2,49.8,7.8,10.3,4879.0,4887,171
b2194b15-1825056a,Adaptive,0.4622153467491639,0.32824599104846963,0.9789857583961532,0.2586506907167484,1798,964,843,121,955,164,39,19.21,0,39,0.0,19.21,1,0.49,85,41.87,78,38.42,17.9,83.249,20.29,21.858,360.98,10.216,181.93,3.557,63.12,6.517,115.93,51.5,52.7,54.1,55.1,55.1,52.3,22.5,10.1,4879.0,4885,150
b21bfb83-ea32f716,Vanilla,0.4580004876444505,0.34886390462663774,0.8576248313090419,0.23700200728064505,2380,1482,1271,211,1109,202,0,0.0,0,0,0.0,0.0,0,0.0,0,0.0,202,100.0,21.39,100.582,19.473,20.568,414.15,10.553,224.59,2.368,50.29,6.552,139.27,51.5,52.7,53.8,54.1,54.1,51.0,7.8,10.4,4882.0,4891,172
b21bfb83-ea32f716,Adaptive,0.4709464310874184,0.3497132352108669,0.8536155611177585,0.2656633677295774,2380,1553,1313,240,1067,142,60,29.7,0,60,0.0,29.7,1,0.5,52,25.74,89,44.06,15.87,73.197,20.054,21.365,316.46,10.004,158.0,3.581,56.39,6.469,102.07,51.4,52.4,54.0,54.4,54.5,40.0,22.3,9.9,4884.0,4890,132
b21c68e6-65674a17,Vanilla,0.5101265802406922,0.3339262625373488,0.9875110738987998,0.26733802818605357,1742,949,899,50,843,203,0,0.0,0,0,0.0,0.0,0,0.0,0,0.0,203,100.0,21.36,100.443,19.535,21.46,415.4,10.612,225.78,2.366,50.25,6.557,139.37,51.5,53.0,53.9,54.7,54.7,53.6,7.8,10.5,4884.0,4892,171
b21c68e6-65674a17,Adaptive,0.4899296304855953,0.2960181222360012,0.9528126489735992,0.2844538787120654,1742,1072,885,187,857,172,31,15.27,0,31,0.0,15.27,1,0.49,92,45.32,79,38.92,18.78,87.711,20.346,21.759,378.57,10.261,191.07,3.564,66.18,6.521,121.32,51.5,53.4,54.2,54.8,54.8,44.8,22.3,10.1,4886.0,4905,159
b21c86ac-0dc77d82,Vanilla,0.6482423266777346,0.4990171316175912,0.9945881064099846,0.32760708442142444,1832,1209,1194,15,638,202,0,0.0,0,0,0.0,0.0,0,0.0,0,0.0,202,100.0,21.51,100.797,19.437,21.365,415.13,10.534,225.15,2.364,50.43,6.54,139.55,51.5,52.9,53.8,54.5,54.5,50.6,7.9,10.3,4901.0,4911,171
b21c86ac-0dc77d82,Adaptive,0.6544038935699339,0.485685951013875,0.9948065611906434,0.3329609867288736,1832,1228,1205,23,627,121,81,40.1,0,81,0.0,40.1,1,0.5,20,9.9,100,49.5,14.2,64.623,19.269,20.967,272.01,9.442,133.42,3.437,48.38,6.39,90.2,51.1,52.2,54.4,55.2,55.2,34.2,21.7,9.1,4904.0,4912,119
b21c86ac-2eb7ba16,Vanilla,0.7001514829854814,0.5649579482660857,0.9963014571119442,0.3560016885230645,2889,2068,2030,38,859,203,0,0.0,0,0,0.0,0.0,0,0.0,0,0.0,203,100.0,21.93,103.249,19.235,20.669,419.08,10.383,226.39,2.321,50.54,6.531,142.15,51.4,53.0,53.9,54.4,54.4,54.5,7.9,10.2,4906.0,4918,174
b21c86ac-2eb7ba16,Adaptive,0.69573045810389,0.5021555403894311,0.9776070212805782,0.38664210319992326,2889,2324,2043,281,846,187,16,7.88,0,16,0.0,7.88,1,0.49,141,69.46,45,22.17,20.86,97.945,20.143,21.365,419.24,10.08,210.07,3.593,74.57,6.469,134.61,51.4,52.7,54.2,55.4,55.4,40.0,22.4,10.0,4913.0,4923,175
b21c86ac-71205084,Vanilla,0.6796628882353544,0.5361453516976674,0.9828240686641694,0.3526275546247122,1914,1383,1323,60,591,202,0,0.0,0,0,0.0,0.0,0,0.0,0,0.0,202,100.0,21.6,102.131,19.367,20.563,416.58,10.464,225.19,2.374,50.98,6.529,140.41,51.4,52.7,53.8,54.2,54.2,47.3,7.6,10.3,4918.0,4926,181
b21c86ac-71205084,Adaptive,0.7107676187466043,0.5300693577902051,0.9726067977100933,0.3912564421301084,1914,1561,1393,168,521,166,36,17.82,0,36,0.0,17.82,1,0.5,102,50.5,63,31.19,18.55,86.935,20.109,21.365,371.76,10.064,186.31,3.559,65.58,6.486,119.87,51.4,52.8,54.1,55.3,55.3,48.1,22.3,10.0,4917.0,4926,156
b21d5efb-5e2cd743,Vanilla,0.42613087711414277,0.28460181465254847,0.9662740980206275,0.23667709190672154,1350,675,592,83,758,202,0,0.0,0,0,0.0,0.0,0,0.0,0,0.0,202,100.0,21.5,102.488,19.367,20.568,414.03,10.476,224.06,2.355,50.28,6.536,139.68,51.4,53.0,53.7,54.2,54.2,48.9,7.7,10.3,4918.0,4927,177
b21d5efb-5e2cd743,Adaptive,0.21216359779277888,0.12346371549184791,0.9187673633775826,0.13135802469135804,1350,405,304,101,1046,79,123,60.89,104,19,51.49,9.41,2,0.99,46,22.77,31,15.35,15.48,72.573,21.635,23.85,333.05,7.299,113.45,8.11,123.63,6.226,95.96,51.1,52.5,55.6,57.8,57.8,29.0,56.4,6.9,4913.0,4920,131
b2208b0f-2796a692,Vanilla,0.6795765232208281,0.4673159607228218,0.9931099061793628,0.3501950504865159,4174,2956,2855,101,1319,203,0,0.0,0,0,0.0,0.0,0,0.0,0,0.0,203,100.0,22.02,102.677,19.231,20.563,421.05,10.344,226.62,2.373,51.89,6.513,142.53,51.5,53.1,53.9,54.7,54.7,51.5,7.8,10.3,4910.0,4919,180
b2208b0f-2796a692,Adaptive,0.6975473519453995,0.45427871685229304,0.9784194935496985,0.3882602054391405,4174,3364,2957,407,1217,195,8,3.94,0,8,0.0,3.94,1,0.49,168,82.76,26,12.81,23.03,107.444,19.456,20.961,445.33,9.608,220.14,3.454,78.83,6.394,146.36,51.2,52.9,54.1,55.4,55.4,36.9,21.5,9.5,4911.0,4920,194
b229488e-e4714bb7,Vanilla,0.6170794050127508,0.4388868860111699,0.9956941653050106,0.3145699073922463,1354,857,839,18,515,202,0,0.0,0,0,0.0,0.0,0,0.0,0,0.0,202,100.0,21.64,102.916,19.236,21.068,416.18,10.384,224.85,2.325,50.24,6.527,141.09,51.3,53.0,53.7,54.2,54.2,52.3,7.7,10.2,4920.0,4929,179
b229488e-e4714bb7,Adaptive,0.646415383910778,0.4158537166219216,0.9907584798010841,0.34209513183946705,1354,940,882,58,472,149,53,26.24,0,53,0.0,26.24,1,0.5,67,33.17,81,40.1,16.53,77.595,20.089,21.763,329.63,10.069,165.41,3.535,57.81,6.485,106.42,51.3,52.4,54.1,55.4,55.4,42.0,22.4,9.9,4923.0,4930,138
b22a4d9f-48b2e986,Vanilla,0.7053350455113218,0.5614490659026148,0.9966529668887316,0.36580962354477203,1414,1040,1000,40,414,203,0,0.0,0,0,0.0,0.0,0,0.0,0,0.0,203,100.0,22.31,103.669,19.058,20.961,424.47,10.222,227.78,2.336,52.0,6.5,144.69,51.3,52.6,53.7,54.6,54.6,53.0,7.7,10.2,4920.0,4934,181
b22a4d9f-48b2e986,Adaptive,0.692005121226368,0.4915582837560712,0.9807057206596095,0.3891476895618259,1414,1138,990,148,424,152,51,25.12,0,51,0.0,25.12,1,0.49,74,36.45,77,37.93,17.41,79.52,19.764,21.365,342.78,9.852,171.13,3.458,59.75,6.453,111.9,51.2,52.5,54.0,55.7,55.7,55.2,21.9,9.6,4921.0,4931,146
b22a4d9f-73cc8810,Vanilla,0.7178454966993935,0.5411098337696074,0.9976582493816111,0.3682475921667107,2255,1667,1622,45,633,203,0,0.0,0,0,0.0,0.0,0,0.0,0,0.0,203,100.0,22.27,103.204,19.151,20.17,423.83,10.301,228.07,2.351,51.93,6.5,143.83,51.3,52.3,53.8,54.6,54.6,51.6,7.8,10.3,4920.0,4931,177
b22a4d9f-73cc8810,Adaptive,0.6992418540771539,0.4757477188714064,0.9794799630716028,0.3898673393555857,2255,1823,1599,224,656,170,33,16.26,0,33,0.0,16.26,2,0.99,101,49.75,67,33.0,19.46,89.287,19.952,21.259,387.08,9.93,192.83,3.586,69.38,6.437,124.87,51.4,52.6,54.0,55.8,55.8,47.1,22.3,9.6,4920.0,4928,162
b22e02cd-6af68e18,Vanilla,0.48693119641146676,0.35653798780136575,0.9418126769390924,0.28310591572297306,865,538,442,96,423,202,0,0.0,0,0,0.0,0.0,0,0.0,0,0.0,202,100.0,21.45,102.129,19.469,20.664,414.76,10.533,224.48,2.382,50.68,6.555,139.6,51.4,53.1,53.7,54.5,54.5,52.5,7.9,10.3,4921.0,4930,173
b22e02cd-6af68e18,Adaptive,0.470140594191547,0.29065285654391004,0.8933506113348423,0.29727552351658404,865,607,444,163,421,133,69,34.16,33,36,16.34,17.82,6,2.97,55,27.23,72,35.64,17.18,80.942,20.511,24.346,349.83,9.156,156.49,4.939,83.92,6.417,109.42,51.3,52.8,54.8,57.7,57.7,43.3,32.6,9.1,4920.0,4930,144
b22f385b-5d7e5202,Vanilla,0.8251821624835789,0.6619295499597714,0.9989401381015591,0.4202964984162709,1281,1078,1058,20,223,202,0,0.0,0,0,0.0,0.0,0,0.0,0,0.0,202,100.0,21.84,102.208,19.304,20.568,418.0,10.414,225.58,2.364,51.16,6.525,141.25,51.5,52.7,54.0,54.6,54.6,47.4,7.9,10.4,4924.0,4933,178
b22f385b-5d7e5202,Adaptive,0.8188131682488866,0.6294919021497833,0.990581653157284,0.42695247941149583,1281,1110,1058,52,223,128,74,36.63,0,74,0.0,36.63,1,0.5,30,14.85,97,48.02,14.72,66.928,19.681,20.967,287.99,9.746,142.84,3.518,51.26,6.417,93.89,51.3,52.7,54.4,55.0,55.0,33.3,21.9,9.3,4923.0,4934,121
b230132b-ff8f2719,Vanilla,0.5802561753388908,0.4535939992582757,0.9984417331912163,0.2955470115977115,1616,957,939,18,677,203,0,0.0,0,0,0.0,0.0,0,0.0,0,0.0,203,100.0,21.78,102.705,19.292,20.664,418.59,10.423,226.23,2.333,50.54,6.536,141.82,51.5,52.7,54.0,54.5,54.5,54.0,7.7,10.3,4918.0,4929,178
b230132b-ff8f2719,Adaptive,0.5872359835242565,0.41026064198846024,0.9843561740910775,0.3209727838981081,1616,1065,960,105,656,150,53,26.11,0,53,0.0,26.11,1,0.49,70,34.48,79,38.92,16.8,78.135,19.876,21.365,332.84,9.921,166.34,3.483,58.12,6.472,108.37,51.4,52.9,54.1,55.9,55.9,41.3,22.0,9.8,4919.0,4926,139
b230a7b2-c881c382,Vanilla,0.4101671856385584,0.2782792669056018,0.9709124619149825,0.2207064478385985,830,381,350,31,480,203,0,0.0,0,0,0.0,0.0,0,0.0,0,0.0,203,100.0,21.69,102.617,19.397,20.568,418.36,10.507,226.64,2.348,50.63,6.542,141.08,51.5,52.9,53.8,54.4,54.4,48.4,7.8,10.3,4923.0,4932,176
b230a7b2-c881c382,Adaptive,0.4070283525439855,0.2461858146884352,0.944376590027805,0.2405179338041822,830,435,353,82,477,136,67,33.0,0,67,0.0,33.0,1,0.49,39,19.21,96,47.29,14.96,69.569,20.107,21.359,299.54,10.106,150.81,3.504,51.98,6.497,96.75,51.4,52.7,54.1,55.6,55.6,42.4,22.1,9.9,4924.0,4933,126
b231a630-c4522992,Vanilla,0.5276942393974493,0.3765251634824096,0.9843642709862789,0.2753536083303575,3209,1809,1719,90,1490,202,0,0.0,0,0,0.0,0.0,0,0.0,0,0.0,202,100.0,21.87,102.283,19.275,21.461,419.8,10.405,226.73,2.35,51.13,6.52,141.94,51.5,53.4,53.8,54.3,54.3,50.2,7.6,10.3,4925.0,4932,175
b231a630-c4522992,Adaptive,0.549848377084392,0.3672350892430123,0.971767502560746,0.30497771868742146,3209,2049,1806,243,1403,174,28,13.86,0,28,0.0,13.86,1,0.5,117,57.92,56,27.72,19.81,91.97,19.924,21.265,391.85,9.919,195.31,3.567,69.92,6.438,126.62,51.4,52.7,54.3,55.7,55.3,39.6,22.1,9.6,4928.0,4937,162
b232c7c9-d251d9ee,Vanilla,0.7420319938242097,0.5506516223951583,0.9929928235812611,0.3857750345446991,3174,2478,2370,108,804,202,0,0.0,0,0,0.0,0.0,0,0.0,0,0.0,202,100.0,21.76,102.587,19.301,20.564,419.43,10.406,226.27,2.382,51.68,6.514,141.48,51.4,52.9,53.7,54.2,54.2,48.8,7.7,10.3,4926.0,4934,175
b232c7c9-d251d9ee,Adaptive,0.7538626840055807,0.5222950697364432,0.9785718397970162,0.4237339758118825,3174,2794,2426,368,748,193,9,4.46,0,9,0.0,4.46,1,0.5,157,77.72,35,17.33,22.39,105.484,19.588,20.967,437.09,9.686,216.36,3.483,77.51,6.42,143.22,51.2,52.7,54.1,55.5,55.5,42.6,21.7,9.5,4931.0,4942,189
b2331b83-648e56ca,Vanilla,0.47845362523803636,0.3856926412074396,0.9981731749090162,0.24246298327697305,1521,739,729,10,792,202,0,0.0,0,0,0.0,0.0,0,0.0,0,0.0,202,100.0,21.63,102.561,19.301,20.568,415.47,10.417,224.35,2.36,50.74,6.524,140.38,51.3,52.7,53.8,54.3,54.4,48.8,7.7,10.3,4929.0,4938,178
b2331b83-648e56ca,Adaptive,0.4818993596515613,0.3479878160039907,0.9828633806361077,0.2653655086312682,1521,831,742,89,779,151,51,25.25,0,51,0.0,25.25,1,0.5,67,33.17,83,41.09,16.74,78.308,20.116,21.365,334.75,10.096,168.19,3.525,58.5,6.495,108.06,51.3,52.7,54.0,54.8,54.8,44.2,22.2,10.0,4924.0,4937,142
b2331b83-a28e6b57,Vanilla,0.6293952238997348,0.47232913967684353,0.9718112754320783,0.343435213086526,3230,2323,2084,239,1146,203,0,0.0,0,0,0.0,0.0,0,0.0,0,0.0,203,100.0,22.03,102.936,19.18,20.17,421.65,10.312,226.88,2.354,51.66,6.514,143.11,51.3,52.4,53.7,54.7,54.7,49.6,7.8,10.3,4929.0,4938,179
b2331b83-a28e6b57,Adaptive,0.6234167599308709,0.42462286759682255,0.9384721430816156,0.3688834522707733,3230,2636,2114,522,1116,192,11,5.42,0,11,0.0,5.42,1,0.49,161,79.31,30,14.78,22.16,103.439,19.716,21.365,434.88,9.754,215.48,3.532,77.62,6.43,141.78,51.2,52.7,54.2,55.7,55.7,36.9,21.9,9.5,4936.0,4942,184
b23493b1-3200de1c,Vanilla,0.707214592450987,0.544112209026844,0.9928814609903155,0.3697850388975974,3179,2380,2262,118,917,202,0,0.0,0,0,0.0,0.0,0,0.0,0,0.0,202,100.0,21.98,102.983,19.237,20.568,420.74,10.366,226.82,2.356,51.46,6.516,142.45,51.3,52.5,53.6,54.1,54.1,53.3,7.8,10.3,4936.0,4945,179
b23493b1-3200de1c,Adaptive,0.7148423954912686,0.4974750962450982,0.9740964317742455,0.4026348255706161,3179,2679,2314,365,865,194,8,3.96,0,8,0.0,3.96,1,0.5,150,74.26,43,21.29,22.77,106.725,19.376,21.359,440.44,9.528,216.81,3.452,78.24,6.396,145.39,51.0,52.5,53.9,55.5,55.5,33.8,21.5,9.5,4935.0,4947,190
b237db93-fab44bf2,Vanilla,0.6642192793532502,0.5095727999193099,0.9933334501498108,0.35072968959041645,1017,721,679,42,338,203,0,0.0,0,0,0.0,0.0,0,0.0,0,0.0,203,100.0,21.71,101.952,19.426,20.568,418.91,10.521,226.96,2.373,51.09,6.531,140.86,51.3,52.7,53.5,54.0,54.0,48.5,7.9,10.3,4942.0,4951,176
b237db93-fab44bf2,Adaptive,0.6513745663961414,0.45398917227237295,0.9747258705101982,0.36507918359465313,1017,774,675,99,342,144,59,29.06,0,59,0.0,29.06,1,0.49,55,27.09,88,43.35,16.19,74.692,19.946,21.365,321.97,9.953,160.86,3.525,56.73,6.468,104.39,51.2,52.6,54.0,54.5,54.5,41.5,22.3,9.8,4941.0,4948,135
b23a79d1-43dfeecd,Vanilla,0.5183598143852449,0.3896884529296431,0.9932425819733253,0.2715332330136707,1690,928,881,47,809,203,0,0.0,0,0,0.0,0.0,0,0.0,0,0.0,203,100.0,21.59,102.225,19.403,20.664,417.79,10.493,226.14,2.366,50.87,6.543,140.78,51.3,52.8,53.6,54.0,54.0,48.0,7.8,10.3,4935.0,4943,175
b23a79d1-43dfeecd,Adaptive,0.49991091572956836,0.33457737112513286,0.9716372008008652,0.2787635052583667,1690,988,864,124,826,155,48,23.65,0,48,0.0,23.65,1,0.49,58,28.57,96,47.29,17.02,79.671,20.229,21.763,343.32,10.161,172.74,3.564,60.24,6.504,110.34,51.3,52.7,54.0,55.6,55.6,44.6,22.3,10.1,4934.0,4942,142
b23a79d1-e434acaa,Vanilla,0.7205612573270646,0.5845011534999991,0.9861499583375566,0.4027224781638907,1078,890,782,108,296,203,0,0.0,0,0,0.0,0.0,0,0.0,0,0.0,203,100.0,21.94,103.128,19.187,20.17,417.93,10.32,224.92,2.342,50.93,6.525,142.08,51.3,52.5,53.7,54.2,54.2,49.4,7.6,10.3,4937.0,4946,178
b23a79d1-e434acaa,Adaptive,0.6212742958968133,0.4550252649924002,0.9568463763298287,0.3662916075521117,1078,850,689,161,389,121,82,40.39,43,39,21.18,19.21,1,0.49,55,27.09,65,32.02,16.3,75.197,20.544,23.85,332.91,8.969,145.53,5.197,84.04,6.378,103.34,51.2,52.6,54.5,57.2,57.4,43.9,34.9,8.8,4941.0,4951,138
b23adb0d-72704b27,Vanilla,0.5601464187271963,0.40655640328213016,0.9958261276999304,0.2907795273377858,1208,707,679,28,529,202,0,0.0,0,0,0.0,0.0,0,0.0,0,0.0,202,100.0,21.55,102.572,19.362,20.961,415.68,10.477,225.04,2.345,50.28,6.539,140.36,51.3,52.7,53.7,54.4,54.4,49.9,7.8,10.3,4939.0,4948,173
b23adb0d-72704b27,Adaptive,0.574119732134246,0.3816635706067832,0.9830111479748603,0.3070116545862231,1208,762,704,58,504,144,58,28.71,0,58,0.0,28.71,1,0.5,48,23.76,95,47.03,15.78,74.007,20.316,21.365,319.35,10.216,160.8,3.59,56.27,6.51,102.28,51.3,52.5,54.1,55.8,55.8,47.0,22.9,10.0,4941.0,4950,133
b23adb0d-8a7aaced,Vanilla,0.5558537797960603,0.41822390101600054,0.9708585051707258,0.30506870984123585,2147,1373,1224,149,923,203,0,0.0,0,0,0.0,0.0,0,0.0,0,0.0,203,100.0,21.67,102.356,19.388,20.568,417.95,10.494,226.37,2.355,50.72,6.539,140.86,51.4,53.2,53.8,54.2,54.2,54.0,7.7,10.3,4942.0,4951,175
b23adb0d-8a7aaced,Adaptive,0.5454551827651759,0.3627910829442891,0.9250186471987506,0.3294468088325095,2147,1601,1242,359,905,186,17,8.37,0,17,0.0,8.37,1,0.49,126,62.07,59,29.06,20.47,96.333,20.282,21.757,412.44,10.216,207.83,3.558,72.27,6.508,132.34,51.3,52.7,54.2,54.8,54.8,43.8,22.4,10.2,4942.0,4951,171
b23b2649-1a78948d,Vanilla,0.7618329505548342,0.5849205440761146,0.9917486125968611,0.3995065501089598,1332,1079,1022,57,310,190,0,0.0,0,0,0.0,0.0,0,0.0,0,0.0,190,100.0,20.51,102.374,19.277,20.961,393.93,10.386,212.25,2.37,48.4,6.521,133.28,51.3,52.7,53.9,54.6,54.6,50.9,7.8,10.3,4939.0,4951,166
b23b2649-1a78948d,Adaptive,0.7292334282253145,0.47699414401001683,0.959132681981349,0.4185162149597296,1332,1195,1002,193,330,154,36,18.95,0,36,0.0,18.95,1,0.53,76,40.0,77,40.53,17.68,87.352,19.585,20.965,343.66,9.732,170.89,3.414,59.77,6.439,112.99,51.1,52.6,54.2,55.0,55.0,38.5,21.3,9.6,4944.0,4954,146
b23b2649-6af03cd5,Vanilla,0.8422226968574623,0.6970008117032828,0.994809648864823,0.43562039250452506,1469,1290,1243,47,226,203,0,0.0,0,0,0.0,0.0,0,0.0,0,0.0,203,100.0,21.97,102.557,19.248,20.17,419.89,10.371,226.24,2.354,51.27,6.523,142.38,51.3,52.7,53.9,54.4,54.4,51.1,7.6,10.3,4938.0,4949,184
b23b2649-6af03cd5,Adaptive,0.8255044130480136,0.6236399023703788,0.9755282661078589,0.46386878110048996,1469,1420,1234,186,235,158,45,22.17,0,45,0.0,22.17,1,0.49,86,42.36,71,34.98,17.82,82.034,19.969,21.757,355.78,9.966,177.86,3.559,63.16,6.443,114.76,51.2,52.5,54.0,55.5,55.5,29.8,22.2,9.8,4941.0,4948,148
b23b2649-8349d2a1,Vanilla,0.4734584229836063,0.2987260574908366,0.9339980137231112,0.261760605952294,1493,862,754,108,739,92,0,0.0,0,0,0.0,0.0,0,0.0,0,0.0,92,100.0,10.15,104.903,18.805,20.17,188.96,9.994,100.5,2.35,23.59,6.461,64.87,51.0,52.2,53.5,53.9,53.9,47.1,7.6,9.4,4941.0,4949,82
b23b2649-8349d2a1,Adaptive,0.48420602579744326,0.28935307018560347,0.9232474646473082,0.27502901581425787,1493,917,779,138,714,77,15,16.3,0,15,0.0,16.3,1,1.09,42,45.65,34,36.96,8.81,90.151,19.686,20.867,171.18,9.688,84.46,3.6,31.1,6.399,55.62,51.0,52.0,53.8,55.7,55.7,40.5,22.4,8.8,4945.0,4953,73
b23bb45f-ddeea1d8,Vanilla,0.7226034559470766,0.5918775839890504,0.96233567999178,0.4281344911229336,1035,948,763,185,272,203,0,0.0,0,0,0.0,0.0,0,0.0,0,0.0,203,100.0,21.96,102.311,19.248,20.166,421.15,10.381,227.13,2.358,51.59,6.509,142.44,51.1,52.7,53.5,54.0,54.0,49.7,7.6,10.4,4947.0,4956,184
b23bb45f-ddeea1d8,Adaptive,0.6770050857024528,0.5085733969923991,0.9114915650308634,0.4179249690541901,1035,1003,750,253,285,141,62,30.54,0,62,0.0,30.54,1,0.49,42,20.69,98,48.28,16.12,73.476,19.663,21.259,314.56,9.783,156.72,3.445,54.93,6.435,102.9,51.0,52.2,53.8,55.5,55.5,41.3,21.6,9.5,4945.0,4952,135
b23c9e00-b425de1b,Vanilla,0.46008568691378593,0.3508887867287617,0.995773692370338,0.23562901513985582,2717,1289,1255,34,1462,202,0,0.0,0,0,0.0,0.0,0,0.0,0,0.0,202,100.0,21.8,103.499,19.16,20.169,416.25,10.307,224.03,2.337,50.71,6.516,141.51,51.0,52.3,53.5,54.1,54.1,51.5,7.8,10.3,4940.0,4950,176
b23c9e00-b425de1b,Adaptive,0.4696915698094886,0.3274264680469049,0.9837512324120864,0.2544238933786747,2717,1420,1293,127,1424,155,47,23.27,0,47,0.0,23.27,1,0.5,78,38.61,76,37.62,17.21,80.746,20.177,21.365,346.19,10.111,173.67,3.581,61.26,6.485,111.26,51.1,52.3,53.8,55.4,55.4,43.7,22.5,10.0,4943.0,4953,146
b23f7012-32d284ce,Vanilla,0.45799330368381563,0.33064523076509855,0.9919933316227758,0.23689077919719076,1660,796,766,30,894,203,0,0.0,0,0,0.0,0.0,0,0.0,0,0.0,203,100.0,21.73,102.293,19.385,20.563,420.03,10.493,227.48,2.359,51.07,6.533,141.48,51.1,52.4,53.5,53.9,53.9,47.7,7.8,10.3,4948.0,4957,176
b23f7012-32d284ce,Adaptive,0.45725525368547826,0.29113686063888056,0.9744197212533612,0.2552247451343837,1660,884,774,110,886,164,39,19.21,0,39,0.0,19.21,5,2.46,74,36.45,85,41.87,18.29,85.312,20.381,22.757,371.3,10.13,184.73,3.757,68.3,6.494,118.27,51.2,52.7,53.9,56.2,56.2,44.7,24.0,10.1,4950.0,4958,154
b23f7012-fab06dac,Vanilla,0.3740242879191109,0.2581244322574193,0.9888853746781685,0.19315019566163458,1714,673,648,25,1066,202,0,0.0,0,0,0.0,0.0,0,0.0,0,0.0,202,100.0,21.69,102.518,19.357,20.568,417.0,10.463,225.47,2.36,50.76,6.535,140.77,51.2,52.6,53.5,53.9,53.9,52.5,7.8,10.3,4947.0,4955,177
b23f7012-fab06dac,Adaptive,0.400679701872179,0.2571771494706375,0.9790461419707688,0.21504329668979918,1714,760,700,60,1014,148,54,26.73,0,54,0.0,26.73,5,2.48,59,29.21,84,41.58,16.78,78.251,20.185,23.453,338.5,9.922,166.6,3.799,63.55,6.464,108.35,51.1,52.3,53.9,56.4,56.4,42.7,24.3,9.8,4951.0,4960,141
b23fe89b-c704fe97,Vanilla,0.6315359324657193,0.46990960803576004,0.9931986797700209,0.32687843888529994,1166,770,741,29,425,203,0,0.0,0,0,0.0,0.0,0,0.0,0,0.0,203,100.0,21.73,102.464,19.368,20.568,418.27,10.479,226.46,2.353,50.7,6.536,141.11,51.2,52.7,53.7,54.2,54.2,51.8,7.9,10.3,4951.0,4960,176
b23fe89b-c704fe97,Adaptive,0.6060232579509679,0.39289732671041006,0.9710367122747078,0.34207463148424794,1166,837,722,115,444,141,62,30.54,0,62,0.0,30.54,1,0.49,54,26.6,86,42.36,15.74,72.946,20.03,21.365,314.08,10.024,157.42,3.53,55.13,6.476,101.53,51.2,52.5,53.9,54.8,54.8,47.0,22.1,9.8,4950.0,4959,131
b24071b8-b3ee1196,Vanilla,0.545123622862923,0.37847539628533355,0.9920052243682941,0.2828097855440451,4862,2786,2670,116,2192,202,0,0.0,0,0,0.0,0.0,0,0.0,0,0.0,202,100.0,21.88,102.178,19.282,20.568,421.49,10.393,227.31,2.382,52.01,6.507,142.17,51.2,53.0,53.6,54.2,54.2,50.7,7.9,10.3,4948.0,4956,176
b24071b8-b3ee1196,Adaptive,0.557110542187763,0.3614597573498094,0.9741706874362382,0.31276240921338344,4862,3179,2760,419,2102,198,4,1.98,0,4,0.0,1.98,1,0.5,172,85.15,25,12.38,23.88,111.807,18.997,21.259,451.6,9.262,220.39,3.362,79.69,6.373,151.53,50.7,52.2,53.8,54.9,54.9,38.2,21.0,9.3,4956.0,4969,199
b2408e45-984ba5aa,Vanilla,0.695499476241918,0.5345533738115169,0.9963387714526568,0.35898818944460203,1945,1405,1357,48,588,203,0,0.0,0,0,0.0,0.0,0,0.0,0,0.0,203,100.0,21.63,101.714,19.363,20.568,418.4,10.461,226.25,2.372,51.13,6.53,141.01,51.0,52.6,53.4,53.9,53.9,47.3,7.6,10.3,4966.0,4974,180
b2408e45-984ba5aa,Adaptive,0.7074103997586252,0.47506510440376165,0.9785577373484032,0.3958830310074903,1945,1599,1396,203,549,183,20,9.85,0,20,0.0,9.85,1,0.49,119,58.62,63,31.03,20.32,95.159,20.16,21.763,407.15,10.109,204.24,3.563,71.88,6.488,131.03,51.0,52.1,53.8,54.3,54.3,39.2,22.2,10.2,4970.0,4979,168
b242929f-3051abca,Vanilla,0.6220043557178978,0.4818616815851485,0.9726480470796379,0.34326034881950956,1863,1340,1185,155,678,202,0,0.0,0,0,0.0,0.0,0,0.0,0,0.0,202,100.0,21.83,102.769,19.22,20.568,417.96,10.357,225.36,2.343,50.9,6.519,141.7,51.1,52.5,53.4,53.9,53.9,49.8,7.7,10.3,4963.0,4973,181
b242929f-3051abca,Adaptive,0.602308664916487,0.4276791787214698,0.941365002037694,0.35786537812958225,1863,1469,1173,296,690,164,38,18.81,0,38,0.0,18.81,1,0.5,90,44.55,73,36.14,18.62,86.733,19.846,21.365,367.04,9.917,183.57,3.472,64.04,6.457,119.43,51.0,52.2,53.7,54.2,54.2,46.2,22.1,9.9,4961.0,4972,155
b242f6b2-0033bdfb,Vanilla,0.44053865701548756,0.32116353732110403,0.99087122671309,0.2324289466039723,2809,1326,1247,79,1562,202,0,0.0,0,0,0.0,0.0,0,0.0,0,0.0,202,100.0,21.72,102.704,19.315,20.17,417.67,10.425,225.55,2.356,50.9,6.533,141.22,51.1,52.2,53.4,54.0,54.0,51.5,7.6,10.3,4962.0,4974,181
b242f6b2-0033bdfb,Adaptive,0.4649485605160347,0.3228261950047784,0.984371798242034,0.25261971704343794,2809,1457,1322,135,1487,164,38,18.81,0,38,0.0,18.81,1,0.5,81,40.1,82,40.59,18.42,86.187,19.98,21.365,365.63,9.987,182.93,3.53,64.42,6.463,118.29,51.0,52.2,53.8,55.6,55.1,43.0,22.3,9.9,4967.0,4977,155
b242f6b2-99d2f2c1,Vanilla,0.4334477562687814,0.3061461845708111,0.9784983757719358,0.23066913150645207,1520,726,672,54,848,203,0,0.0,0,0,0.0,0.0,0,0.0,0,0.0,203,100.0,21.65,102.499,19.376,20.568,417.43,10.483,225.98,2.359,50.76,6.534,140.69,51.1,52.2,53.5,53.9,53.9,51.3,7.9,10.3,4974.0,4982,174
b242f6b2-99d2f2c1,Adaptive,0.4321796665445354,0.2670484641883485,0.9430549522449299,0.25323796591121933,1520,843,688,155,832,164,39,19.21,10,29,4.93,14.29,2,0.99,92,45.32,70,34.48,18.81,88.53,20.146,23.152,376.07,9.798,183.14,3.88,72.24,6.468,120.68,51.0,52.6,54.0,56.8,56.8,39.9,24.8,9.8,4970.0,4978,156
b242f6b2-eaa39345,Vanilla,0.5166026274236861,0.40175459847571665,0.9863057850168118,0.27776256634822005,1683,957,879,78,804,202,0,0.0,0,0,0.0,0.0,0,0.0,0,0.0,202,100.0,21.66,102.647,19.295,20.568,416.55,10.421,225.03,2.344,50.54,6.53,140.98,51.2,52.3,53.6,54.2,54.2,46.1,7.8,10.3,4969.0,4976,177
b242f6b2-eaa39345,Adaptive,0.5020686771168487,0.36290853505672593,0.9572025141318059,0.2882540726243049,1683,1041,874,167,809,161,41,20.3,0,41,0.0,20.3,1,0.5,72,35.64,88,43.56,17.81,83.521,20.226,21.769,357.94,10.224,181.23,3.509,61.86,6.493,114.85,51.2,52.4,54.1,55.6,55.6,50.6,22.3,10.0,4970.0,4978,148
b242f6b2-f5da110f,Vanilla,0.510497404193638,0.3654736849782575,0.9859079982450317,0.27159360204734484,1875,1042,969,73,906,201,0,0.0,0,0,0.0,0.0,0,0.0,0,0.0,201,100.0,21.5,102.683,19.316,20.563,413.9,10.427,223.55,2.352,50.35,6.537,140.0,51.2,52.7,53.7,54.2,54.2,54.0,7.8,10.3,4972.0,4982,173
b242f6b2-f5da110f,Adaptive,0.5143838479460563,0.33573686350832577,0.9571889305593421,0.29777703641923825,1875,1199,996,203,879,169,32,15.92,5,27,2.49,13.43,3,1.49,102,50.75,64,31.84,19.1,90.631,20.293,23.453,384.77,10.048,190.66,3.759,71.17,6.486,122.95,51.2,52.7,53.9,56.6,56.6,46.9,23.6,10.0,4974.0,4981,159
b24380ab-63272e5a,Vanilla,0.06737080214598733,0.04382603141660224,0.9918733225908766,0.035822101279816325,811,58,55,3,756,200,0,0.0,0,0,0.0,0.0,0,0.0,0,0.0,200,100.0,21.18,102.051,19.406,20.568,408.31,10.506,221.17,2.352,49.41,6.548,137.74,51.2,52.8,53.5,54.0,54.0,51.9,7.7,10.3,4975.0,4983,172
b24380ab-63272e5a,Adaptive,0.04781100527093128,0.024337502534196233,0.9891774981823658,0.026582169586786338,811,43,39,4,772,46,154,77.0,143,11,71.5,5.5,22,11.0,8,4.0,16,8.0,15.55,73.829,22.495,24.346,347.95,5.768,89.62,10.606,163.63,6.121,94.7,50.7,52.2,56.2,57.8,57.8,21.7,75.5,5.9,4981.0,4984,134
b24380ab-6dbeb908,Vanilla,0.5531774556227411,0.4053363204230845,0.9915315401987753,0.29200430846980796,1481,877,825,52,656,202,0,0.0,0,0,0.0,0.0,0,0.0,0,0.0,202,100.0,21.49,102.277,19.424,20.669,416.04,10.536,225.81,2.343,50.13,6.545,140.1,51.4,53.2,53.8,54.5,54.5,46.9,7.8,10.3,4972.0,4982,174
b24380ab-6dbeb908,Adaptive,0.5663028331087239,0.364800921549684,0.9660913762367125,0.3232548110218743,1481,1013,860,153,621,164,38,18.81,7,31,3.47,15.35,8,3.96,92,45.54,64,31.68,18.99,89.863,20.533,23.353,387.86,9.831,186.07,4.231,79.56,6.472,122.23,51.3,52.8,54.3,56.8,56.8,43.7,27.2,9.7,4971.0,4978,163
b24c9ee6-e43a6e8b,Vanilla,0.4100627833791818,0.3007067874981458,0.9890752893659266,0.21812335036249506,1061,471,439,32,622,202,0,0.0,0,0,0.0,0.0,0,0.0,0,0.0,202,100.0,21.34,101.782,19.484,20.568,414.34,10.557,224.65,2.375,50.44,6.552,139.25,51.3,52.5,53.6,54.1,54.1,51.9,7.9,10.3,4976.0,4984,170
b24c9ee6-e43a6e8b,Adaptive,0.4140812454379912,0.2802410224892934,0.9763858126541636,0.22741510381687144,1061,501,448,53,613,139,63,31.19,24,39,11.88,19.31,17,8.42,42,20.79,80,39.6,18.12,85.862,20.666,24.149,370.84,9.031,162.29,5.213,93.26,6.421,115.29,51.3,53.2,54.6,57.3,57.3,50.5,33.8,9.0,4979.0,4989,152
b24ca67a-594d7d3c,Vanilla,0.491184216387911,0.39869948985672615,0.9990017950482166,0.24781235729068493,1019,505,501,4,518,202,0,0.0,0,0,0.0,0.0,0,0.0,0,0.0,202,100.0,21.66,102.703,19.294,20.17,415.51,10.414,224.38,2.345,50.45,6.535,140.69,51.4,52.9,53.7,54.2,54.2,54.9,7.6,10.3,4976.0,4986,179
b24ca67a-594d7d3c,Adaptive,0.5092047451969569,0.38720601478656147,0.9973027317992819,0.2631251573267763,1019,538,520,18,499,128,74,36.63,0,74,0.0,36.63,1,0.5,30,14.85,97,48.02,14.27,66.12,20.042,21.365,285.46,10.046,143.3,3.524,50.01,6.473,92.15,51.3,52.8,54.0,55.7,55.7,42.7,22.4,9.8,4974.0,4985,119
b24d283f-33783d1b,Vanilla,0.6181000222718993,0.4735063700763636,0.9937132164670894,0.31623474262228224,2991,1910,1860,50,1131,202,0,0.0,0,0,0.0,0.0,0,0.0,0,0.0,202,100.0,21.79,102.228,19.322,20.867,419.66,10.444,226.95,2.358,51.14,6.519,141.57,51.3,52.7,53.7,54.1,54.1,46.8,7.7,10.3,4977.0,4985,181
b24d283f-33783d1b,Adaptive,0.6251492657178165,0.4478896768353525,0.9841613179523152,0.341685848397981,2991,2099,1892,207,1099,176,26,12.87,0,26,0.0,12.87,1,0.5,118,58.42,57,28.22,19.82,92.39,20.013,21.365,395.25,9.992,197.64,3.579,70.43,6.442,127.18,51.2,52.2,54.0,54.8,54.8,36.7,22.2,9.8,4981.0,4989,165
b24f03f7-ff66eaca,Vanilla,0.7929063873332384,0.6783190721289372,0.999703825688789,0.39847750480982685,1165,928,924,4,241,202,0,0.0,0,0,0.0,0.0,0,0.0,0,0.0,202,100.0,21.6,102.171,19.34,20.568,417.0,10.447,225.44,2.367,50.96,6.526,140.6,51.4,53.1,53.6,54.1,54.1,49.0,7.7,10.3,4981.0,4989,180
b24f03f7-ff66eaca,Adaptive,0.7967296878091169,0.6545972814251656,0.9971578600358423,0.4154126706582596,1165,972,930,42,235,124,78,38.61,0,78,0.0,38.61,1,0.5,34,16.83,89,44.06,14.02,64.635,19.885,21.365,276.9,9.874,137.7,3.557,49.34,6.454,89.86,51.1,53.0,53.9,55.7,55.7,35.4,22.3,9.6,4981.0,4988,117
b24f7455-e8c55d6a,Vanilla,0.5913304899812011,0.4040154856292479,0.9456466420766979,0.3219452095683361,2734,1892,1707,185,1027,202,0,0.0,0,0,0.0,0.0,0,0.0,0,0.0,202,100.0,22.03,103.106,19.156,20.563,420.72,10.311,226.58,2.333,51.2,6.512,142.93,51.2,52.8,53.6,54.1,54.2,54.1,7.7,10.2,4980.0,4990,177
b24f7455-e8c55d6a,Adaptive,0.5934503286870388,0.36718080956827776,0.9193802533775777,0.35604881915800657,2734,2199,1741,458,993,187,15,7.43,0,15,0.0,7.43,1,0.5,146,72.28,40,19.8,21.4,99.875,19.796,21.359,421.0,9.882,210.39,3.481,73.79,6.433,136.82,51.1,52.7,53.9,54.8,54.8,38.2,21.9,9.7,4984.0,4994,178
b2505382-1423f56a,Vanilla,0.7695025514816307,0.5760745168468203,0.9976786466190829,0.3939158552447637,2040,1613,1573,40,467,202,0,0.0,0,0,0.0,0.0,0,0.0,0,0.0,202,100.0,21.59,102.757,19.301,20.563,415.75,10.421,224.62,2.35,50.55,6.53,140.57,51.2,52.4,53.6,54.2,54.2,49.5,7.8,10.3,4982.0,4994,176
b2505382-1423f56a,Adaptive,0.7709452569840367,0.5382815553599133,0.9867477596375083,0.4098194195711071,2040,1708,1591,117,449,139,63,31.19,0,63,0.0,31.19,1,0.5,59,29.21,79,39.11,15.55,72.792,20.043,21.757,309.49,9.983,154.4,3.599,55.38,6.461,99.72,51.1,52.3,54.0,55.1,55.1,37.0,22.5,9.8,4981.0,4991,129
b2505382-272e7823,Vanilla,0.3739628212327341,0.2543390001331527,0.9963322398863014,0.1883393861033471,1119,423,420,3,699,202,0,0.0,0,0,0.0,0.0,0,0.0,0,0.0,202,100.0,21.49,102.158,19.375,20.961,414.52,10.48,224.34,2.361,50.43,6.534,139.74,51.2,52.5,53.7,54.3,54.3,48.9,7.9,10.3,4979.0,4989,173
b2505382-272e7823,Adaptive,0.40636137022086005,0.2622352266554117,0.9870133877226945,0.2152471019913401,1119,491,460,31,659,141,61,30.2,0,61,0.0,30.2,1,0.5,50,24.75,90,44.55,15.42,72.09,20.251,21.759,309.55,10.245,156.8,3.497,53.26,6.509,99.49,51.2,52.9,54.0,54.9,54.9,47.9,22.3,10.0,4980.0,4987,129
b2505382-2905b23c,Vanilla,0.5324115001319428,0.4139437132261203,0.9964413964643708,0.2696248464389317,846,458,452,6,394,179,0,0.0,0,0,0.0,0.0,0,0.0,0,0.0,179,100.0,19.16,103.048,19.251,20.568,367.18,10.395,198.38,2.322,44.21,6.535,124.59,51.2,52.8,53.6,54.2,54.2,53.4,7.7,10.2,4980.0,4988,154
b2505382-2905b23c,Adaptive,0.5664578792010347,0.39098460397375623,0.9871585987613194,0.3057861415574182,846,528,484,44,362,111,68,37.99,33,35,18.44,19.55,4,2.23,53,29.61,54,30.17,14.38,76.312,20.671,23.948,294.41,9.286,133.14,4.958,69.61,6.427,91.66,51.0,52.4,54.5,57.5,57.6,39.4,34.5,9.3,4980.0,4986,122
b2505382-549785d3,Vanilla,0.43415011504219353,0.2900431789879623,0.9822206057474592,0.23176436335403727,805,384,355,29,450,200,0,0.0,0,0,0.0,0.0,0,0.0,0,0.0,200,100.0,21.18,101.963,19.434,20.568,411.51,10.531,223.17,2.359,49.87,6.544,138.47,51.3,52.3,53.8,54.3,54.3,49.7,7.8,10.3,4980.0,4988,170
b2505382-549785d3,Adaptive,0.21573839137461043,0.12908672262656784,0.9361123504280278,0.13245800246350603,805,237,181,56,624,66,134,67.0,109,25,54.5,12.5,6,3.0,26,13.0,34,17.0,15.02,71.098,21.362,23.948,319.06,6.729,101.72,8.479,125.25,6.154,92.1,50.8,52.9,55.5,57.6,57.6,20.5,59.9,6.8,4982.0,4992,128
b2505382-de5238f0,Vanilla,0.3802606875052949,0.2675175314831312,0.9862630491176725,0.20262423408297725,2004,831,771,60,1233,202,0,0.0,0,0,0.0,0.0,0,0.0,0,0.0,202,100.0,21.69,102.809,19.277,20.564,415.16,10.393,223.87,2.347,50.48,6.537,140.81,51.3,52.2,53.7,54.2,54.2,52.8,7.7,10.3,4983.0,4990,180
b2505382-de5238f0,Adaptive,0.38744598104723266,0.25283469716211066,0.964328627120898,0.21507423748993243,2004,912,801,111,1203,151,51,25.25,0,51,0.0,25.25,1,0.5,67,33.17,83,41.09,16.69,78.08,20.143,21.365,335.03,10.096,168.19,3.555,58.91,6.492,107.92,51.3,52.7,54.0,55.9,55.9,44.8,22.5,10.0,4980.0,4989,141
b250fb0c-01a1b8d3,Vanilla,0.6336764170453353,0.4842069520805904,0.9163138090168389,0.34945564807715107,2389,1861,1650,211,739,202,0,0.0,0,0,0.0,0.0,0,0.0,0,0.0,202,100.0,21.83,102.378,19.227,20.563,416.48,10.357,224.47,2.355,50.95,6.514,141.06,51.3,52.4,53.6,54.5,54.5,47.7,7.8,10.3,4984.0,4993,178
b250fb0c-01a1b8d3,Adaptive,0.6378192917255951,0.44499669186986246,0.9041590572740916,0.3786933627374494,2389,2056,1674,382,715,169,33,16.34,0,33,0.0,16.34,1,0.5,106,52.48,62,30.69,19.19,89.187,19.89,21.365,380.49,9.916,189.9,3.534,67.42,6.439,123.18,51.2,52.7,54.2,55.0,55.0,38.0,22.0,9.6,4987.0,4994,161
b251064f-30002542,Vanilla,0.7324014159499498,0.6159490062805175,0.993907282859273,0.38622249244409557,1828,1427,1345,82,483,202,0,0.0,0,0,0.0,0.0,0,0.0,0,0.0,202,100.0,21.72,102.455,19.285,20.17,417.56,10.397,225.18,2.362,51.12,6.526,141.26,51.2,53.0,53.8,54.4,54.4,48.3,7.8,10.3,4987.0,4995,177
b251064f-30002542,Adaptive,0.7219568833308506,0.5555147824302827,0.9714769945365592,0.40839492252043047,1828,1568,1347,221,481,169,33,16.34,0,33,0.0,16.34,1,0.5,92,45.54,76,37.62,18.89,88.3,20.102,21.365,377.3,10.076,189.35,3.548,66.4,6.477,121.55,51.2,52.7,53.9,55.8,55.8,48.9,22.3,10.0,4985.0,4994,158
b251064f-4696b75e,Vanilla,0.7198250890850488,0.5153825113729305,0.9808310217234305,0.3905065412169382,886,714,648,66,238,179,0,0.0,0,0,0.0,0.0,0,0.0,0,0.0,179,100.0,19.19,102.275,19.308,20.568,369.92,10.427,199.94,2.356,45.07,6.525,124.91,51.2,52.8,53.5,54.0,54.0,54.0,7.7,10.2,4989.0,5001,156
b251064f-4696b75e,Adaptive,0.5831123099813014,0.36231867693100417,0.925427435053426,0.3574105396857335,886,718,545,173,341,130,49,27.37,23,26,12.85,14.53,6,3.35,54,30.17,70,39.11,16.09,84.935,20.598,24.25,328.74,9.441,150.92,4.72,75.12,6.438,102.71,51.1,52.3,54.2,56.8,56.8,43.9,30.9,9.3,4992.0,5003,136
b251064f-5f6b663e,Vanilla,0.7886234307930683,0.6055419826861039,0.9933802145599606,0.4124137435307648,1184,987,939,48,245,203,0,0.0,0,0,0.0,0.0,0,0.0,0,0.0,203,100.0,21.85,102.006,19.299,20.568,421.39,10.425,227.76,2.351,51.27,6.523,142.37,51.3,52.6,53.6,54.1,54.1,51.0,7.8,10.3,4987.0,4995,177
b251064f-5f6b663e,Adaptive,0.7531974876296974,0.4993735706132891,0.9710012523625302,0.4255136220814387,1184,1058,911,147,273,145,58,28.57,0,58,0.0,28.57,1,0.49,58,28.57,86,42.36,16.35,74.941,19.932,21.663,324.62,9.954,162.36,3.529,57.28,6.449,104.98,51.1,52.3,53.9,55.0,55.0,41.1,22.0,9.7,4989.0,4998,138
b251064f-8d92db81,Vanilla,0.6687628402335775,0.5244961909835728,0.9922118481412856,0.34763007325937983,3464,2440,2333,107,1131,202,0,0.0,0,0,0.0,0.0,0,0.0,0,0.0,202,100.0,21.71,102.036,19.391,20.568,418.38,10.501,226.55,2.367,51.04,6.523,140.8,51.2,52.4,53.7,54.5,54.5,47.6,7.7,10.4,4989.0,4996,176
b251064f-8d92db81,Adaptive,0.6704841573754354,0.4723755826515931,0.9755444771048684,0.3792194323741559,3464,2743,2360,383,1104,194,8,3.96,0,8,0.0,3.96,1,0.5,153,75.74,40,19.8,22.19,104.221,19.824,21.361,436.73,9.835,216.82,3.554,78.13,6.435,141.78,51.1,52.3,54.0,54.6,54.6,34.7,21.9,9.7,4993.0,5004,184
b251064f-e7a165fd,Vanilla,0.6478010159192902,0.4725454801890785,0.9762068315895047,0.34962150910991635,3840,2790,2541,249,1299,202,0,0.0,0,0,0.0,0.0,0,0.0,0,0.0,202,100.0,21.94,102.271,19.25,20.568,420.64,10.351,226.26,2.392,52.2,6.507,142.18,51.2,52.3,53.7,54.7,54.7,47.9,7.8,10.3,5000.0,5010,176
b251064f-e7a165fd,Adaptive,0.6576379392915292,0.45036064523410835,0.9520116425772545,0.38887400563793634,3840,3237,2611,626,1229,196,6,2.97,0,6,0.0,2.97,1,0.5,178,88.12,17,8.42,23.15,108.033,19.336,20.867,445.76,9.514,219.55,3.441,79.09,6.382,147.12,50.9,51.8,53.8,55.2,55.2,29.3,21.4,9.4,4999.0,5013,194
b251b746-00138418,Vanilla,0.4567008949671586,0.3771164259016623,0.9807221378261283,0.24908732261673439,1887,972,875,97,1012,203,0,0.0,0,0,0.0,0.0,0,0.0,0,0.0,203,100.0,21.71,102.146,19.344,20.568,418.8,10.469,226.81,2.35,50.79,6.524,141.2,51.1,52.3,53.6,54.3,54.3,49.7,7.8,10.3,4980.0,4993,174
b251b746-00138418,Adaptive,0.465951079767212,0.3676692336166895,0.9606957366185988,0.253795882648795,1887,1021,912,109,975,142,61,30.05,0,61,0.0,30.05,1,0.49,48,23.65,93,45.81,15.89,73.511,19.987,21.365,316.65,10.011,158.77,3.509,55.41,6.468,102.47,51.1,52.7,53.7,54.7,54.7,48.5,22.1,9.8,4988.0,4995,132
b255cd6c-0bdf0ac7,Vanilla,0.7272297509203858,0.59411476821372,0.9981866082858002,0.37300566854127304,692,517,504,13,188,186,0,0.0,0,0,0.0,0.0,0,0.0,0,0.0,186,100.0,19.96,102.584,19.247,20.568,383.26,10.381,206.88,2.342,46.55,6.524,129.82,51.2,52.4,53.7,54.2,54.2,52.4,7.7,10.2,4981.0,4990,162
b255cd6c-0bdf0ac7,Adaptive,0.6937692510507293,0.5088724795472379,0.99018335386939,0.367837457094621,692,517,484,33,208,108,78,41.94,7,71,3.76,38.17,4,2.15,17,9.14,87,46.77,12.9,64.61,19.963,22.456,257.14,9.431,121.91,4.114,52.58,6.418,82.65,51.0,52.3,54.3,57.0,57.0,36.6,26.5,9.1,4984.0,4991,109
b255cd6c-2f889586,Vanilla,0.5849802182561059,0.4351119921125357,0.9849546867537584,0.30560148798384995,2910,1818,1727,91,1183,203,0,0.0,0,0,0.0,0.0,0,0.0,0,0.0,203,100.0,22.12,102.892,19.172,20.17,423.87,10.291,227.69,2.378,52.51,6.502,143.67,51.2,52.2,53.7,54.3,54.3,51.2,7.6,10.3,4984.0,4992,185
b255cd6c-2f889586,Adaptive,0.6015934015235458,0.41184212268560394,0.9676262040411364,0.33788294922315537,2910,2072,1797,275,1113,185,18,8.87,0,18,0.0,8.87,1,0.49,138,67.98,46,22.66,21.25,98.451,19.71,21.759,418.63,9.798,208.33,3.477,73.68,6.435,136.62,51.1,52.4,54.0,55.1,55.1,43.2,21.9,9.6,4983.0,4992,179
b255cd6c-5ccba454,Vanilla,0.36100847744166253,0.27490899045892053,0.9946904303511512,0.1902183406113537,458,175,166,9,292,156,0,0.0,0,0,0.0,0.0,0,0.0,0,0.0,156,100.0,16.65,102.332,19.306,20.568,318.98,10.405,172.1,2.38,39.24,6.521,107.64,51.2,52.7,53.6,54.0,54.1,43.5,7.7,10.1,4982.0,4993,134
b255cd6c-5ccba454,Adaptive,0.3707489908250442,0.2557531741349539,0.9916307972553954,0.195770706169027,458,181,171,10,287,74,82,52.56,37,45,23.72,28.85,11,7.05,8,5.13,55,35.26,11.7,70.509,20.702,24.152,240.7,8.075,94.41,6.334,73.09,6.292,73.2,50.9,52.2,54.8,57.2,57.2,46.1,44.6,7.9,4980.0,4990,97
