sequence,system,ap_50,ap_50_95,avg_precision,avg_recall,total_gt,total_preds,total_tp,total_fp,total_fn,infer_count,skip_count,skip_rate_pct,erd_empty_count,predict_count,erd_empty_rate_pct,predict_rate_pct,erd_infer_count,erd_infer_rate_pct,augmented_infer_count,augmented_infer_rate_pct,pure_infer_count,pure_infer_rate_pct,wall_duration_s,avg_frame_time_ms,avg_power_w,max_power_w,energy_j,avg_power_gpu_w,energy_gpu_j,avg_power_cpu_w,energy_cpu_j,avg_power_io_w,energy_io_j,avg_gpu_temp_c,max_gpu_temp_c,avg_cpu_temp_c,max_cpu_temp_c,max_tj_temp_c,avg_gpu_util_pct,avg_cpu_util_pct,avg_emc_util_pct,avg_ram_used_mb,max_ram_used_mb,n_tegrastats_samples
b1c66a42-6f7d68ca,Statues-25,0.7163709378971357,0.5618584237478154,0.9901771157898736,0.3777333772037639,2612,2006,1887,119,725,202,0,0.0,0,0,0.0,0.0,0,0.0,0,0.0,202,100.0,25.61,119.693,40.752,43.489,1038.5,29.069,740.94,1.639,41.69,10.044,255.86,58.1,60.2,57.5,59.0,60.2,75.5,7.2,48.0,3519.0,3529,210
b1c66a42-6f7d68ca,Statues-75,0.717453039360702,0.5621270455899898,0.9901067595924157,0.3782563075654196,2612,2009,1890,119,722,200,2,0.99,0,2,0.0,0.99,0,0.0,0,0.0,200,99.01,24.49,114.274,42.11,43.489,1029.64,30.242,739.58,1.612,39.34,10.255,250.72,59.8,61.2,58.7,59.7,61.2,93.5,6.9,49.3,3526.0,3532,197
b1c66a42-6f7d68ca,Statues-200,0.7159549964053502,0.5603727504916932,0.9895991805811454,0.37757034910737375,2612,2007,1887,120,725,198,4,1.98,0,4,0.0,1.98,0,0.0,0,0.0,198,98.02,24.5,114.16,41.484,43.489,1010.32,29.696,723.27,1.613,39.22,10.176,247.84,60.3,61.6,59.5,60.5,61.6,75.9,7.1,48.7,3528.0,3531,196
b1c66a42-6f7d68ca,Statues-500,0.7080486419366401,0.5549845763024759,0.9862739972370683,0.3752089913042814,2612,2005,1872,133,740,193,9,4.46,0,9,0.0,4.46,0,0.0,0,0.0,193,95.54,24.01,111.742,41.42,43.501,990.29,29.653,709.17,1.621,38.62,10.146,242.5,60.8,62.3,60.0,60.8,62.3,86.1,7.1,48.5,3529.0,3534,192
b1c81faa-3df17267,Statues-25,0.3660396839651424,0.29779898253605935,0.9922821552229563,0.190162936604551,472,181,174,7,298,177,5,2.75,0,5,0.0,2.75,0,0.0,0,0.0,177,97.25,21.34,111.6,42.359,44.088,901.85,30.404,647.5,1.617,34.33,10.337,220.02,61.3,62.9,60.4,61.3,62.9,84.0,7.2,49.6,3531.0,3535,174
b1c81faa-3df17267,Statues-75,0.32370978226109204,0.25196979963863747,0.9340330577237481,0.17507599484156228,472,184,163,21,309,145,37,20.33,0,37,0.0,20.33,0,0.0,0,0.0,145,79.67,17.8,92.329,41.897,43.988,741.66,30.024,531.53,1.62,28.63,10.253,181.51,61.6,62.8,60.7,61.6,62.8,80.4,7.2,48.8,3532.0,3535,141
b1c81faa-3df17267,Statues-200,0.2521309321924054,0.20557986612034235,0.9909881233176037,0.13132203389830507,472,125,120,5,352,115,67,36.81,0,67,0.0,36.81,0,0.0,0,0.0,115,63.19,14.43,74.112,41.422,43.988,592.61,29.586,423.29,1.63,23.25,10.206,146.08,61.6,62.9,61.0,62.2,62.9,83.4,7.4,48.0,3528.0,3530,115
b1c81faa-3df17267,Statues-500,0.2521309321924054,0.20557986612034235,0.9909881233176037,0.13132203389830507,472,125,120,5,352,112,70,38.46,0,70,0.0,38.46,0,0.0,0,0.0,112,61.54,14.07,72.144,41.102,44.088,578.92,29.311,413.29,1.637,22.85,10.153,142.79,61.5,62.8,60.9,61.8,62.8,77.7,7.3,47.5,3528.0,3532,115
b1c81faa-c80764c5,Statues-25,0.48841780785797273,0.37419213003783397,0.9973666022062447,0.24935862903957032,866,433,424,9,442,198,4,1.98,0,4,0.0,1.98,0,0.0,0,0.0,198,98.02,24.01,113.028,42.123,43.988,1005.53,30.22,721.59,1.602,38.16,10.301,245.78,62.0,63.7,61.3,62.2,63.7,80.4,7.3,49.7,3527.0,3530,193
b1c81faa-c80764c5,Statues-75,0.4975354860751262,0.37174995820711965,0.9971818221786858,0.25387922682544917,866,441,432,9,434,192,10,4.95,0,10,0.0,4.95,0,0.0,0,0.0,192,95.05,23.29,109.622,42.21,43.988,979.9,30.264,702.94,1.613,37.3,10.333,239.66,62.4,63.6,61.7,62.4,63.6,81.7,7.3,49.7,3528.0,3530,187
b1c81faa-c80764c5,Statues-200,0.4572475916298757,0.34662734841805853,0.9796351916189864,0.23661681926632053,866,423,404,19,462,181,21,10.4,0,21,0.0,10.4,0,0.0,0,0.0,181,89.6,21.99,103.352,42.121,44.075,922.46,30.184,661.38,1.621,35.35,10.315,225.73,62.5,63.8,61.8,62.5,63.8,85.2,7.1,49.5,3526.0,3530,177
b1c81faa-c80764c5,Statues-500,0.4582718780237971,0.3347495255178314,0.9813690612837682,0.2479498902611316,866,443,403,40,463,157,45,22.28,0,45,0.0,22.28,0,0.0,0,0.0,157,77.72,19.32,90.276,41.386,43.988,798.28,29.578,570.81,1.623,31.17,10.185,196.31,62.3,63.5,61.8,62.4,63.5,74.6,7.2,48.4,3525.0,3529,156
b1c9c847-3bda4659,Statues-25,0.8182033284252338,0.642037568855103,0.9868890047105372,0.43588495587310594,2937,2617,2430,187,507,203,0,0.0,0,0,0.0,0.0,0,0.0,0,0.0,203,100.0,25.12,116.864,41.732,43.988,1043.94,29.903,748.13,1.611,40.24,10.217,255.57,62.6,63.9,62.0,63.0,63.9,76.2,7.1,48.9,3525.0,3530,205
b1c9c847-3bda4659,Statues-75,0.8182033284252338,0.642037568855103,0.9868890047105372,0.43588495587310594,2937,2617,2430,187,507,203,0,0.0,0,0,0.0,0.0,0,0.0,0,0.0,203,100.0,25.22,117.551,41.664,43.489,1051.45,29.825,753.04,1.625,40.83,10.214,257.58,62.7,63.8,62.0,62.6,63.8,84.4,7.1,48.5,3526.0,3532,205
b1c9c847-3bda4659,Statues-200,0.8182033284252338,0.642037568855103,0.9868890047105372,0.43588495587310594,2937,2617,2430,187,507,203,0,0.0,0,0,0.0,0.0,0,0.0,0,0.0,203,100.0,25.3,117.849,41.47,43.489,1048.9,29.668,750.81,1.625,40.89,10.177,257.19,62.5,63.9,61.9,62.6,63.9,81.9,7.1,48.5,3528.0,3532,204
b1c9c847-3bda4659,Statues-500,0.8182033284252338,0.642037568855103,0.9868890047105372,0.43588495587310594,2937,2617,2430,187,507,203,0,0.0,0,0,0.0,0.0,0,0.0,0,0.0,203,100.0,25.32,117.524,41.383,43.389,1047.67,29.593,749.65,1.62,40.77,10.17,257.25,62.5,63.8,61.8,62.6,63.8,77.4,7.2,48.3,3530.0,3532,204
b1ca2e5d-84cf9134,Statues-25,0.6249276022633814,0.40444740450454386,0.9602743014469358,0.34615385287235206,3944,2903,2555,348,1389,203,0,0.0,0,0,0.0,0.0,0,0.0,0,0.0,203,100.0,25.43,118.251,41.16,43.003,1044.15,29.385,745.56,1.637,41.43,10.138,257.16,62.2,63.7,61.8,62.5,63.7,67.6,7.1,48.2,3534.0,3537,204
b1ca2e5d-84cf9134,Statues-75,0.6249276022633814,0.40444740450454386,0.9602743014469358,0.34615385287235206,3944,2903,2555,348,1389,203,0,0.0,0,0,0.0,0.0,0,0.0,0,0.0,203,100.0,25.37,117.609,41.56,43.49,1053.09,29.735,753.61,1.644,41.58,10.181,257.9,62.4,63.8,61.7,62.5,63.8,84.1,7.1,48.4,3533.0,3536,206
b1ca2e5d-84cf9134,Statues-200,0.6249276022633814,0.40444740450454386,0.9602743014469358,0.34615385287235206,3944,2903,2555,348,1389,203,0,0.0,0,0,0.0,0.0,0,0.0,0,0.0,203,100.0,25.47,118.133,41.281,43.489,1047.74,29.512,749.36,1.621,40.96,10.148,257.42,62.2,63.6,61.6,62.3,63.6,71.2,7.3,48.1,3542.0,3544,204
b1ca2e5d-84cf9134,Statues-500,0.6242196500992756,0.4035606272813025,0.9598637765038429,0.3460494093619209,3944,2904,2553,351,1391,202,1,0.49,0,1,0.0,0.49,0,0.0,0,0.0,202,99.51,25.24,117.354,41.469,43.091,1044.12,29.644,746.53,1.644,41.27,10.181,256.31,62.3,63.3,61.6,62.3,63.3,79.3,7.1,48.3,3542.0,3545,201
b1cac6a7-04e33135,Statues-25,0.7446795914023929,0.5799324755398685,0.9926709282024969,0.3914598553941024,1368,1083,1025,58,343,105,1,0.94,0,1,0.0,0.94,0,0.0,0,0.0,105,99.06,13.11,115.663,41.001,43.489,532.12,29.26,379.91,1.637,21.16,10.103,131.05,61.7,63.2,61.2,61.8,63.2,82.5,6.8,46.3,3544.0,3549,106
b1cac6a7-04e33135,Statues-75,0.7431587393101211,0.5771427269969029,0.9924884072591149,0.3912742382271468,1368,1083,1023,60,345,99,7,6.6,0,7,0.0,6.6,0,0.0,0,0.0,99,93.4,12.39,109.507,40.722,43.489,503.13,28.983,358.44,1.663,20.38,10.075,124.31,61.8,63.0,61.2,61.9,63.0,70.6,6.9,45.9,3545.0,3550,101
b1cac6a7-04e33135,Statues-200,0.7420932953538302,0.5785279295447506,0.9918681259381767,0.39196229524086457,1368,1086,1022,64,346,89,17,16.04,0,17,0.0,16.04,0,0.0,0,0.0,89,83.96,11.23,98.63,40.683,43.39,453.28,28.921,322.41,1.696,18.79,10.066,112.08,61.8,63.1,61.1,61.8,63.1,85.9,6.8,45.6,3550.0,3552,92
b1cac6a7-04e33135,Statues-500,0.7302861723172501,0.5661533597378539,0.9916669122382433,0.38532495017193424,1368,1068,1006,62,362,82,24,22.64,0,24,0.0,22.64,0,0.0,0,0.0,82,77.36,10.53,91.633,40.101,43.091,421.21,28.439,298.94,1.701,17.73,9.96,104.54,61.5,63.2,61.0,61.7,63.0,76.9,7.1,44.3,3549.0,3553,84
b1cd1e94-549d0bfe,Statues-25,0.7053559179914985,0.5415150661815216,0.9852678979797258,0.3742334095917689,1763,1351,1260,91,503,196,7,3.45,0,7,0.0,3.45,0,0.0,0,0.0,196,96.55,24.2,112.407,41.739,43.489,1005.83,29.914,721.02,1.619,38.91,10.207,245.91,62.0,63.3,61.4,62.2,63.3,78.8,6.9,49.0,3549.0,3552,195
b1cd1e94-549d0bfe,Statues-75,0.6983141865785321,0.5358228541159609,0.9788847277026463,0.36997292033115914,1763,1346,1256,90,507,193,10,4.93,0,10,0.0,4.93,0,0.0,0,0.0,193,95.07,23.83,110.458,41.701,43.988,990.78,29.862,709.94,1.629,38.51,10.209,242.33,62.2,63.6,61.6,62.3,63.6,85.2,7.1,48.7,3546.0,3554,193
b1cd1e94-549d0bfe,Statues-200,0.6809526621956439,0.5215778140370192,0.9659743576542936,0.36666210769029395,1763,1352,1241,111,522,185,18,8.87,0,18,0.0,8.87,0,0.0,0,0.0,185,91.13,22.75,105.749,41.743,43.988,948.66,29.873,679.29,1.634,36.94,10.237,232.43,62.4,63.8,61.7,62.5,63.8,79.8,7.2,48.7,3546.0,3550,183
b1cd1e94-549d0bfe,Statues-500,0.6924805813266819,0.5272791033307003,0.9617000422111625,0.3754520248274382,1763,1396,1267,129,496,175,28,13.79,0,28,0.0,13.79,0,0.0,0,0.0,175,86.21,21.7,100.445,41.635,43.988,897.99,29.797,642.88,1.627,34.97,10.211,220.14,62.6,63.7,61.7,62.5,63.7,80.4,7.2,48.4,3547.0,3553,172
b1ceb32e-3f481b43,Statues-25,0.36957113770163663,0.265419514650579,0.9726079350075624,0.19953379953379954,715,297,271,26,444,138,0,0.0,0,0,0.0,0.0,0,0.0,0,0.0,138,100.0,16.66,114.782,42.32,44.088,702.93,30.355,504.29,1.623,26.89,10.341,171.75,62.6,63.8,61.8,62.8,63.8,89.7,6.9,48.9,3548.0,3551,139
b1ceb32e-3f481b43,Statues-75,0.36957113770163663,0.265419514650579,0.9726079350075624,0.19953379953379954,715,297,271,26,444,138,0,0.0,0,0,0.0,0.0,0,0.0,0,0.0,138,100.0,16.78,115.277,41.945,43.975,698.87,30.057,500.95,1.613,26.79,10.275,171.13,62.4,64.0,61.9,62.5,64.0,78.1,7.2,48.7,3547.0,3549,134
b1ceb32e-3f481b43,Statues-200,0.36957113770163663,0.265419514650579,0.9726079350075624,0.19953379953379954,715,297,271,26,444,138,0,0.0,0,0,0.0,0.0,0,0.0,0,0.0,138,100.0,16.81,115.393,41.817,43.988,702.13,29.934,502.89,1.61,26.91,10.273,172.33,62.6,63.8,62.0,62.7,63.8,77.5,7.1,48.4,3551.0,3554,132
b1ceb32e-3f481b43,Statues-500,0.3697314299960075,0.2647933811065506,0.9730047216192649,0.19963269054178145,715,297,271,26,444,134,4,2.9,0,4,0.0,2.9,0,0.0,0,0.0,134,97.1,16.26,111.863,42.078,43.988,679.15,30.174,487.02,1.61,25.97,10.294,166.17,62.6,63.8,62.0,62.7,63.8,80.2,7.0,48.8,3548.0,3550,132
b1ceb32e-51852abe,Statues-25,0.6409108730903197,0.49048267170925214,0.9908231293651434,0.3320073784914943,2164,1457,1399,58,765,197,6,2.96,0,6,0.0,2.96,0,0.0,0,0.0,197,97.04,24.31,112.264,41.807,43.59,1013.9,29.941,726.46,1.624,39.26,10.241,248.19,62.8,63.9,62.2,62.8,63.9,82.7,6.9,49.0,3547.0,3550,197
b1ceb32e-51852abe,Statues-75,0.656631883645457,0.4918620131148711,0.9855467658124605,0.3403569946952793,2164,1506,1441,65,723,148,55,27.09,0,55,0.0,27.09,0,0.0,0,0.0,148,72.91,18.74,85.558,41.221,43.59,772.3,29.413,551.56,1.66,30.87,10.148,189.87,62.6,64.2,62.0,62.7,64.1,86.2,7.1,47.7,3547.0,3551,153
b1ceb32e-51852abe,Statues-200,0.648671425068634,0.48447575070959736,0.9811047769232291,0.33778220557828975,2164,1501,1430,71,734,129,74,36.45,0,74,0.0,36.45,0,0.0,0,0.0,129,63.55,16.62,74.867,40.558,43.59,673.32,28.861,479.33,1.654,27.35,10.043,166.63,62.2,63.8,61.8,62.5,63.8,67.5,7.1,46.9,3547.0,3551,135
b1ceb32e-51852abe,Statues-500,0.5606480654705678,0.415612022190803,0.9092526166758566,0.3161393889811007,2164,1568,1329,239,835,101,102,50.25,0,102,0.0,50.25,0,0.0,0,0.0,101,49.75,13.5,59.842,39.628,43.489,532.15,28.009,376.49,1.735,23.12,9.884,132.54,61.8,63.3,61.5,62.2,63.3,76.1,7.3,44.8,3545.0,3550,109
b1cebfb7-284f5117,Statues-25,0.5815770058044221,0.45797461012777496,0.9772004336193728,0.3110855351923558,1956,1258,1162,96,794,202,0,0.0,0,0,0.0,0.0,0,0.0,0,0.0,202,100.0,24.71,116.099,42.146,43.988,1035.0,30.254,743.02,1.608,39.43,10.284,252.55,62.4,63.8,61.7,62.5,63.8,84.0,7.2,49.4,3549.0,3555,197
b1cebfb7-284f5117,Statues-75,0.5815770058044221,0.45797461012777496,0.9772004336193728,0.3110855351923558,1956,1258,1162,96,794,202,0,0.0,0,0,0.0,0.0,0,0.0,0,0.0,202,100.0,24.49,115.255,42.209,44.088,1033.35,30.286,741.76,1.61,39.29,10.313,252.3,62.5,63.8,61.9,62.7,63.8,79.9,7.0,49.8,3556.0,3561,198
b1cebfb7-284f5117,Statues-200,0.5815770058044221,0.45797461012777496,0.9772004336193728,0.3110855351923558,1956,1258,1162,96,794,202,0,0.0,0,0,0.0,0.0,0,0.0,0,0.0,202,100.0,24.57,115.387,41.967,43.988,1029.25,30.089,738.28,1.616,39.46,10.262,251.51,62.4,63.8,61.9,63.1,63.8,75.4,7.3,49.5,3555.0,3562,198
b1cebfb7-284f5117,Statues-500,0.5815770058044221,0.45797461012777496,0.9772004336193728,0.3110855351923558,1956,1258,1162,96,794,202,0,0.0,0,0,0.0,0.0,0,0.0,0,0.0,202,100.0,24.57,115.382,42.193,43.988,1032.15,30.271,740.73,1.616,39.4,10.306,252.02,62.7,63.8,62.0,62.9,63.8,74.8,7.0,49.7,3555.0,3558,201
b1d0091f-75824d0d,Statues-25,0.7622853723588087,0.6547522573677775,0.9949119610558386,0.3900457746977878,1641,1290,1257,33,384,202,0,0.0,0,0,0.0,0.0,0,0.0,0,0.0,202,100.0,24.45,115.311,42.49,43.988,1036.78,30.515,744.68,1.612,39.29,10.362,252.81,62.9,64.1,62.1,62.9,64.1,89.1,6.9,50.0,3553.0,3557,195
b1d0091f-75824d0d,Statues-75,0.7622853723588087,0.6547522573677775,0.9949119610558386,0.3900457746977878,1641,1290,1257,33,384,202,0,0.0,0,0,0.0,0.0,0,0.0,0,0.0,202,100.0,24.46,115.323,42.469,43.988,1032.06,30.504,741.39,1.612,39.1,10.353,251.56,62.8,63.9,62.1,62.9,63.9,85.7,7.1,50.1,3556.0,3560,199
b1d0091f-75824d0d,Statues-200,0.7622853723588087,0.6547522573677775,0.9949119610558386,0.3900457746977878,1641,1290,1257,33,384,202,0,0.0,0,0,0.0,0.0,0,0.0,0,0.0,202,100.0,24.42,115.209,42.396,44.001,1035.4,30.45,743.87,1.611,39.2,10.335,252.32,62.8,64.0,62.2,63.0,64.0,78.9,6.9,50.0,3558.0,3563,196
b1d0091f-75824d0d,Statues-500,0.7622853723588087,0.6547522573677775,0.9949119610558386,0.3900457746977878,1641,1290,1257,33,384,202,0,0.0,0,0,0.0,0.0,0,0.0,0,0.0,202,100.0,24.52,115.574,42.36,43.988,1036.73,30.42,744.77,1.612,39.32,10.328,252.63,62.9,64.1,62.3,63.1,64.1,86.5,7.0,49.8,3552.0,3556,200
b1d0091f-f2c2d2ae,Statues-25,0.6001122447640742,0.47125241078578795,0.98014276596273,0.31626159514205415,2451,1597,1499,98,952,202,0,0.0,0,0,0.0,0.0,0,0.0,0,0.0,202,100.0,24.92,116.462,41.793,43.489,1039.69,29.939,745.12,1.614,39.98,10.24,254.59,62.8,63.9,62.3,63.2,63.8,83.3,7.1,48.9,3554.0,3557,200
b1d0091f-f2c2d2ae,Statues-75,0.6001122447640742,0.47125241078578795,0.98014276596273,0.31626159514205415,2451,1597,1499,98,952,202,0,0.0,0,0,0.0,0.0,0,0.0,0,0.0,202,100.0,24.89,116.236,41.912,43.59,1038.1,30.04,744.21,1.614,39.89,10.257,254.0,62.8,64.1,62.2,63.0,64.1,83.0,7.1,48.9,3556.0,3558,199
b1d0091f-f2c2d2ae,Statues-200,0.5956434899618881,0.4674499169248246,0.9771993651685148,0.31538479192166463,2451,1600,1492,108,959,194,8,3.96,0,8,0.0,3.96,0,0.0,0,0.0,194,96.04,23.99,111.831,41.626,43.888,995.67,29.812,713.37,1.626,38.74,10.189,243.56,62.6,64.1,62.2,62.9,64.1,71.9,7.2,48.6,3556.0,3559,192
b1d0091f-f2c2d2ae,Statues-500,0.5581889364407319,0.43673079183281793,0.9682077704076079,0.30481147875832904,2451,1571,1408,163,1043,173,29,14.36,0,29,0.0,14.36,0,0.0,0,0.0,173,85.64,21.55,100.038,41.458,43.59,891.92,29.607,637.29,1.653,35.41,10.199,219.23,62.7,63.8,62.0,62.8,63.8,88.7,6.9,48.0,3564.0,3568,176
b1d0a191-03dcecc2,Statues-25,0.7196426403778902,0.5368454162436075,0.9870941543466366,0.3772025155154329,3220,2481,2345,136,875,202,0,0.0,0,0,0.0,0.0,0,0.0,0,0.0,202,100.0,25.15,117.797,41.796,43.489,1044.15,29.974,748.87,1.61,40.17,10.213,255.12,62.7,64.1,62.1,62.9,64.1,87.6,7.1,48.7,3565.0,3567,200
b1d0a191-03dcecc2,Statues-75,0.7196426403778902,0.5368454162436075,0.9870941543466366,0.3772025155154329,3220,2481,2345,136,875,202,0,0.0,0,0,0.0,0.0,0,0.0,0,0.0,202,100.0,25.1,117.654,41.432,43.489,1036.86,29.658,742.44,1.618,40.32,10.157,254.1,62.4,63.8,62.1,63.0,63.9,72.3,7.1,48.6,3568.0,3573,203
b1d0a191-03dcecc2,Statues-200,0.7196426403778902,0.5368454162436075,0.9870941543466366,0.3772025155154329,3220,2481,2345,136,875,202,0,0.0,0,0,0.0,0.0,0,0.0,0,0.0,202,100.0,25.0,117.197,41.691,43.489,1041.38,29.86,746.06,1.609,40.09,10.221,255.23,62.6,64.2,62.0,62.7,64.2,80.5,7.1,48.8,3569.0,3572,205
b1d0a191-03dcecc2,Statues-500,0.7196426403778902,0.5368454162436075,0.9870941543466366,0.3772025155154329,3220,2481,2345,136,875,202,0,0.0,0,0,0.0,0.0,0,0.0,0,0.0,202,100.0,25.7,120.656,40.775,43.489,1055.99,29.05,753.9,1.639,41.76,10.086,260.33,62.4,64.0,61.9,62.7,64.0,74.6,7.1,47.5,3572.0,3574,205
b1d0a191-06deb55d,Statues-25,0.631761800994765,0.4598995384513459,0.9523365368505355,0.35543226185493854,2441,1852,1612,240,829,155,47,23.27,0,47,0.0,23.27,0,0.0,0,0.0,155,76.73,19.77,90.902,40.728,43.489,801.79,29.002,571.2,1.672,32.76,10.054,197.83,62.2,63.5,61.7,62.4,63.5,81.1,7.1,46.7,3570.0,3572,160
b1d0a191-06deb55d,Statues-75,0.6130913330406531,0.4432165131339773,0.9526116134259134,0.3468870890105039,2441,1806,1563,243,878,141,61,30.2,0,61,0.0,30.2,0,0.0,0,0.0,141,69.8,18.16,83.177,40.099,43.489,724.54,28.465,514.67,1.688,30.31,9.946,179.56,61.9,63.2,61.6,62.3,63.2,72.2,7.2,46.1,3570.0,3572,145
b1d0a191-06deb55d,Statues-200,0.6128878458790612,0.4427135395801184,0.9428874833267591,0.36053715861879626,2441,1910,1570,340,871,134,68,33.66,0,68,0.0,33.66,0,0.0,0,0.0,134,66.34,17.46,79.614,39.67,43.489,693.69,28.064,491.27,1.686,29.2,9.92,173.22,61.7,63.3,61.3,62.0,63.3,71.4,7.3,45.7,3571.0,3575,140
b1d0a191-06deb55d,Statues-500,0.6044746485203976,0.4282572238263511,0.9392597261886599,0.3590037985462142,2441,1910,1553,357,888,122,80,39.6,0,80,0.0,39.6,0,0.0,0,0.0,122,60.4,16.05,72.695,39.771,43.489,634.46,28.181,449.73,1.694,26.94,9.896,157.78,61.4,62.8,61.2,61.8,62.8,68.0,7.2,45.8,3574.0,3579,129
b1d0a191-28f0e779,Statues-25,0.7474391992359057,0.587253042870534,0.9838218870287314,0.40740425473492,1615,1353,1222,131,393,190,0,0.0,0,0,0.0,0.0,0,0.0,0,0.0,190,100.0,23.27,116.236,42.124,43.988,977.2,30.225,701.28,1.613,37.36,10.285,238.56,62.2,63.5,61.5,62.3,63.5,83.6,7.1,49.2,3576.0,3579,187
b1d0a191-28f0e779,Statues-75,0.7474391992359057,0.587253042870534,0.9838218870287314,0.40740425473492,1615,1353,1222,131,393,190,0,0.0,0,0,0.0,0.0,0,0.0,0,0.0,190,100.0,23.39,116.639,41.925,43.59,976.67,30.062,700.66,1.614,37.42,10.25,238.6,62.4,63.6,61.6,62.4,63.6,83.9,7.1,48.9,3580.0,3582,184
b1d0a191-28f0e779,Statues-200,0.7474354664425565,0.5870864608643594,0.9838174134122707,0.40740196650488875,1615,1353,1222,131,393,189,1,0.53,0,1,0.0,0.53,0,0.0,0,0.0,189,99.47,23.15,115.751,41.876,43.59,970.49,29.994,695.45,1.618,37.29,10.265,237.75,62.4,63.5,61.7,62.5,63.5,78.0,7.0,49.0,3582.0,3584,187
b1d0a191-28f0e779,Statues-500,0.7374650840828563,0.5659956389332957,0.9795015594357638,0.4035004976084912,1615,1347,1211,136,404,179,11,5.79,0,11,0.0,5.79,0,0.0,0,0.0,179,94.21,22.0,109.666,41.863,43.59,920.03,29.992,659.49,1.623,35.5,10.248,225.05,62.4,63.5,61.7,62.4,63.5,85.7,7.0,48.7,3581.0,3584,180
b1d0a191-2ed2269e,Statues-25,0.714812626228351,0.5184879929655717,0.9794591633648143,0.38526796274650166,3126,2491,2275,216,851,203,0,0.0,0,0,0.0,0.0,0,0.0,0,0.0,203,100.0,25.2,117.371,41.687,43.091,1043.76,29.859,747.62,1.61,40.28,10.218,255.86,62.4,63.6,61.7,62.5,63.6,79.3,7.1,48.8,3585.0,3587,202
b1d0a191-2ed2269e,Statues-75,0.7150696724609081,0.5181969624607385,0.9789596319446409,0.38548447175332123,3126,2494,2277,217,849,198,5,2.46,0,5,0.0,2.46,0,0.0,0,0.0,198,97.54,24.63,114.511,41.605,43.489,1019.37,29.804,730.34,1.62,39.63,10.18,249.4,62.2,63.5,61.6,62.2,63.5,84.1,7.2,48.6,3610.0,3618,199
b1d0a191-2ed2269e,Statues-200,0.7112126352942629,0.5169003888593079,0.9763817802612198,0.3853163150861269,3126,2502,2270,232,856,190,13,6.4,0,13,0.0,6.4,0,0.0,0,0.0,190,93.6,23.75,110.183,41.323,43.489,979.98,29.558,701.22,1.627,38.47,10.137,240.29,62.1,63.7,61.6,62.5,63.7,79.5,7.2,48.2,3628.0,3632,192
b1d0a191-2ed2269e,Statues-500,0.7016845090925666,0.503908837017803,0.9654250925647628,0.3830462118894357,3126,2522,2265,257,861,183,20,9.85,0,20,0.0,9.85,0,0.0,0,0.0,183,90.15,23.02,106.627,41.172,43.489,948.8,29.413,678.26,1.638,37.51,10.122,233.04,62.2,63.6,61.5,62.4,63.6,78.3,7.3,47.6,3640.0,3653,183
b1d0a191-5490450b,Statues-25,0.690652963406158,0.538447355842808,0.9671630304655872,0.38410986048781326,1778,1443,1262,181,516,198,6,2.94,0,6,0.0,2.94,0,0.0,0,0.0,198,97.06,24.38,112.889,41.831,43.59,1018.65,29.979,730.23,1.622,39.38,10.23,249.04,62.2,63.7,61.7,62.5,63.7,85.3,7.1,48.9,3663.0,3668,198
b1d0a191-5490450b,Statues-75,0.6778918255134114,0.5233103162206343,0.9620276184774411,0.3787200622950742,1778,1433,1245,188,533,162,42,20.59,0,42,0.0,20.59,0,0.0,0,0.0,162,79.41,20.28,93.072,41.029,43.59,828.49,29.253,591.12,1.652,33.16,10.124,204.22,62.1,63.5,61.6,62.5,63.5,80.8,6.9,47.5,3665.0,3669,166
b1d0a191-5490450b,Statues-200,0.5540907533805548,0.4275419625997519,0.8752797157018998,0.3319849289451926,1778,1419,1117,302,661,137,67,32.84,0,67,0.0,32.84,0,0.0,0,0.0,137,67.16,17.37,79.047,40.648,43.489,702.39,28.91,499.89,1.691,29.05,10.047,173.45,62.0,63.2,61.6,62.3,63.3,74.6,7.1,46.3,3666.0,3670,145
b1d0a191-5490450b,Statues-500,0.5487965608891223,0.422737515494621,0.8718125744405285,0.32929402932913643,1778,1413,1111,302,667,129,75,36.76,0,75,0.0,36.76,0,0.0,0,0.0,129,63.24,16.57,75.107,39.93,43.59,662.84,28.277,469.87,1.695,27.92,9.957,165.06,61.6,63.1,61.3,62.0,63.1,74.8,7.1,45.6,3665.0,3668,135
b1d0a191-65deaeef,Statues-25,0.7206546410497385,0.5076606048276384,0.9601228580994046,0.39414410493021096,3276,2735,2452,283,824,196,6,2.97,0,6,0.0,2.97,0,0.0,0,0.0,196,97.03,24.49,114.286,41.385,43.489,1012.14,29.603,724.42,1.629,39.61,10.153,248.1,62.2,63.4,61.5,62.7,63.7,82.0,7.2,48.3,3667.0,3669,196
b1d0a191-65deaeef,Statues-75,0.7206927569961823,0.5076305194347338,0.9601718723207835,0.3941771411606878,3276,2735,2452,283,824,195,7,3.47,0,7,0.0,3.47,0,0.0,0,0.0,195,96.53,24.38,113.675,41.229,43.489,1002.41,29.471,716.76,1.62,39.27,10.138,246.38,62.1,63.5,61.7,62.9,63.5,65.7,7.1,48.1,3670.0,3672,198
b1d0a191-65deaeef,Statues-200,0.7161124560417214,0.5041882981807856,0.960276262481276,0.39186235692304094,3276,2719,2436,283,840,194,8,3.96,0,8,0.0,3.96,0,0.0,0,0.0,194,96.04,24.19,112.983,41.679,43.59,1002.95,29.816,717.64,1.635,39.23,10.228,246.08,62.5,63.6,61.7,62.4,63.6,90.0,7.1,48.4,3671.0,3674,195
b1d0a191-65deaeef,Statues-500,0.706266156769851,0.49689240843908483,0.9558217482031843,0.3894267857817195,3276,2716,2413,303,863,187,15,7.43,0,15,0.0,7.43,0,0.0,0,0.0,187,92.57,23.69,109.737,40.989,42.991,969.67,29.259,692.24,1.634,38.58,10.096,238.85,62.3,63.6,61.7,62.4,63.6,72.9,7.2,47.6,3677.0,3680,191
b1d0a191-de8948f6,Statues-25,0.7040321344961546,0.5724291770598376,0.9866292009897695,0.3736944243450069,2478,1894,1765,129,713,202,0,0.0,0,0,0.0,0.0,0,0.0,0,0.0,202,100.0,25.31,117.718,41.303,43.091,1041.98,29.532,745.37,1.62,40.68,10.151,255.93,62.2,63.5,61.7,62.4,63.5,81.5,7.3,48.3,3677.0,3680,202
b1d0a191-de8948f6,Statues-75,0.7040321344961546,0.5724291770598376,0.9866292009897695,0.3736944243450069,2478,1894,1765,129,713,202,0,0.0,0,0,0.0,0.0,0,0.0,0,0.0,202,100.0,25.25,117.52,41.426,43.489,1045.27,29.656,748.54,1.616,40.58,10.155,256.15,62.3,63.7,61.8,62.7,63.7,81.7,7.2,48.4,3678.0,3681,202
b1d0a191-de8948f6,Statues-200,0.7040321344961546,0.5724291770598376,0.9866292009897695,0.3736944243450069,2478,1894,1765,129,713,202,0,0.0,0,0,0.0,0.0,0,0.0,0,0.0,202,100.0,25.06,116.963,41.774,43.489,1044.11,29.92,747.96,1.623,40.46,10.231,255.69,62.5,63.8,61.8,62.5,63.8,85.1,6.8,48.8,3676.0,3679,208
b1d0a191-de8948f6,Statues-500,0.7044063723798601,0.5728763355536544,0.9865983268903463,0.37387415589642675,2478,1895,1766,129,712,201,1,0.5,0,1,0.0,0.5,0,0.0,0,0.0,201,99.5,25.05,116.722,41.756,43.489,1041.35,29.91,746.24,1.62,40.23,10.227,254.88,62.5,63.6,61.8,62.6,63.6,95.1,7.0,48.6,3677.0,3680,201
b1d10d08-5b108225,Statues-25,0.5706525906677209,0.43777969883114054,0.9793095767872875,0.29117053740016396,2123,1277,1237,40,886,160,42,20.79,0,42,0.0,20.79,0,0.0,0,0.0,160,79.21,20.17,93.647,41.198,43.489,827.62,29.422,591.17,1.632,32.68,10.145,203.77,62.2,63.5,61.8,62.7,63.5,78.0,7.4,48.0,3678.0,3680,162
b1d10d08-5b108225,Statues-75,0.5706541245856389,0.43704291782348204,0.9793121931065117,0.2911727505476618,2123,1277,1237,40,886,157,45,22.28,0,45,0.0,22.28,0,0.0,0,0.0,157,77.72,20.33,94.624,40.329,43.489,825.83,28.636,588.12,1.671,33.35,10.023,204.37,61.9,63.5,61.7,62.3,63.5,77.1,7.3,46.7,3679.0,3682,162
b1d10d08-5b108225,Statues-200,0.5613980455042735,0.4292790903145628,0.9712270920797395,0.2893873022982001,2123,1281,1227,54,896,144,58,28.71,0,58,0.0,28.71,0,0.0,0,0.0,144,71.29,18.19,84.224,41.061,43.59,745.47,29.301,532.38,1.644,29.65,10.115,183.44,62.0,63.4,61.5,62.3,63.4,76.9,7.1,47.6,3678.0,3684,145
b1d10d08-5b108225,Statues-500,0.4855614990109061,0.344896116370545,0.9647220453915938,0.25723013052264115,2123,1155,1067,88,1056,129,73,36.14,0,73,0.0,36.14,0,0.0,0,0.0,129,63.86,16.3,75.525,41.101,44.101,672.51,29.315,480.27,1.665,26.94,10.12,165.3,62.1,63.4,61.4,62.6,63.4,86.0,7.2,47.5,3678.0,3683,131
b1d10d08-743fd86c,Statues-25,0.3440531720879883,0.28049125816671844,0.9946380788086575,0.18075920408597573,1016,370,351,19,665,198,4,1.98,0,4,0.0,1.98,0,0.0,0,0.0,198,98.02,23.77,112.745,42.48,43.988,1008.86,30.533,725.36,1.616,38.25,10.331,245.24,62.2,63.5,61.6,62.6,63.5,81.4,7.0,50.1,3673.0,3676,195
b1d10d08-743fd86c,Statues-75,0.34591932762090616,0.28115260611487913,0.9936841845060382,0.183848869023998,1016,377,353,24,663,194,8,3.96,0,8,0.0,3.96,0,0.0,0,0.0,194,96.04,23.43,110.446,42.304,44.088,985.54,30.372,707.68,1.611,37.46,10.321,240.4,62.4,63.7,61.9,62.5,63.7,75.8,7.2,49.9,3676.0,3682,189
b1d10d08-743fd86c,Statues-200,0.33961911726283256,0.27567623798368984,0.9837186952359117,0.18132108486439197,1016,378,350,28,666,190,12,5.94,0,12,0.0,5.94,0,0.0,0,0.0,190,94.06,23.05,108.517,42.113,43.988,968.31,30.197,694.55,1.614,37.0,10.302,236.75,62.5,63.8,61.9,62.6,63.8,72.7,7.2,49.7,3677.0,3681,184
b1d10d08-743fd86c,Statues-500,0.30974525549937715,0.24712952335787355,0.9231146800217644,0.17186244576570786,1016,392,340,52,676,172,30,14.85,0,30,0.0,14.85,0,0.0,0,0.0,172,85.15,20.97,98.436,42.044,44.088,880.91,30.126,631.35,1.625,33.96,10.293,215.61,62.7,63.8,62.0,62.6,63.8,82.8,7.2,49.1,3675.0,3680,168
b1d10d08-c35503b8,Statues-25,0.731485523712645,0.5690229202726365,0.987889318228654,0.386261493942578,3127,2464,2312,152,815,202,0,0.0,0,0,0.0,0.0,0,0.0,0,0.0,202,100.0,25.0,117.476,41.694,43.489,1038.44,29.87,744.0,1.606,39.95,10.218,254.48,62.6,63.8,62.0,62.7,63.8,81.2,7.1,49.0,3678.0,3681,204
b1d10d08-c35503b8,Statues-75,0.731485523712645,0.5690229202726365,0.987889318228654,0.386261493942578,3127,2464,2312,152,815,202,0,0.0,0,0,0.0,0.0,0,0.0,0,0.0,202,100.0,25.05,117.184,41.745,43.489,1046.48,29.9,750.02,1.62,40.38,10.225,256.09,62.8,63.9,61.9,62.7,63.9,88.5,7.2,48.6,3677.0,3680,202
b1d10d08-c35503b8,Statues-200,0.731485523712645,0.5690229202726365,0.987889318228654,0.386261493942578,3127,2464,2312,152,815,202,0,0.0,0,0,0.0,0.0,0,0.0,0,0.0,202,100.0,25.02,117.584,41.665,43.489,1041.38,29.835,746.04,1.619,40.28,10.211,255.06,62.7,63.9,62.0,63.0,63.9,79.4,7.3,48.7,3678.0,3682,204
b1d10d08-c35503b8,Statues-500,0.7031901767762381,0.5367832624307388,0.9722843356156381,0.37766196980871014,3127,2450,2258,192,869,187,15,7.43,0,15,0.0,7.43,0,0.0,0,0.0,187,92.57,23.1,108.227,41.774,43.59,960.01,29.91,687.66,1.624,37.19,10.239,235.16,62.7,63.8,62.1,62.9,63.8,80.9,6.8,48.7,3685.0,3691,187
b1d10d08-da110fcb,Statues-25,0.8225897386089323,0.687762985671901,0.9934804403566808,0.43028192032686413,2250,1958,1861,97,389,194,0,0.0,0,0,0.0,0.0,0,0.0,0,0.0,194,100.0,23.78,116.798,41.939,43.59,993.41,30.056,712.24,1.618,38.16,10.264,243.01,62.5,63.9,62.1,62.8,63.9,76.3,6.7,49.1,3688.0,3691,198
b1d10d08-da110fcb,Statues-75,0.8225897386089323,0.687762985671901,0.9934804403566808,0.43028192032686413,2250,1958,1861,97,389,194,0,0.0,0,0,0.0,0.0,0,0.0,0,0.0,194,100.0,23.72,116.531,41.986,43.887,993.24,30.111,712.52,1.612,38.04,10.263,242.68,62.6,63.9,62.0,62.9,63.9,83.7,6.8,49.3,3688.0,3690,196
b1d10d08-da110fcb,Statues-200,0.8225897386089323,0.687762985671901,0.9934804403566808,0.43028192032686413,2250,1958,1861,97,389,194,0,0.0,0,0,0.0,0.0,0,0.0,0,0.0,194,100.0,23.75,116.46,41.904,43.988,992.64,30.033,711.77,1.617,38.12,10.254,242.75,62.6,64.1,62.0,62.8,64.1,80.8,7.1,49.2,3687.0,3693,192
b1d10d08-da110fcb,Statues-500,0.8225897386089323,0.687762985671901,0.9934804403566808,0.43028192032686413,2250,1958,1861,97,389,194,0,0.0,0,0,0.0,0.0,0,0.0,0,0.0,194,100.0,23.87,116.794,41.997,43.988,998.34,30.109,715.94,1.611,38.18,10.278,244.22,62.9,64.0,62.1,62.8,64.0,86.3,7.2,48.9,3685.0,3688,194
b1d10d08-ec660956,Statues-25,0.7258325952297244,0.5892585953457604,0.9921716577605043,0.37492315954989297,2117,1606,1548,58,569,201,1,0.5,0,1,0.0,0.5,0,0.0,0,0.0,201,99.5,24.97,115.93,41.764,43.59,1042.17,29.935,747.36,1.614,40.09,10.215,254.72,62.9,64.1,62.1,62.8,64.1,87.5,7.2,48.6,3683.0,3688,201
b1d10d08-ec660956,Statues-75,0.726266720535026,0.5882597916208483,0.9921263470304733,0.37513694074018994,2117,1607,1549,58,568,194,8,3.96,0,8,0.0,3.96,0,0.0,0,0.0,194,96.04,24.23,112.46,41.282,43.489,997.02,29.516,713.02,1.617,38.94,10.149,245.06,62.5,63.8,62.3,63.1,63.8,70.9,7.1,48.3,3683.0,3687,195
b1d10d08-ec660956,Statues-200,0.7202689457191405,0.5833350285360547,0.9916179488468213,0.37204152679532604,2117,1595,1537,58,580,190,12,5.94,0,12,0.0,5.94,0,0.0,0,0.0,190,94.06,23.61,109.499,41.643,43.489,982.61,29.803,703.48,1.632,38.34,10.208,240.78,62.9,63.9,62.3,62.9,64.0,79.9,7.0,48.3,3684.0,3691,191
b1d10d08-ec660956,Statues-500,0.7184471446560028,0.5817009839358519,0.9910176150134962,0.37144724933901274,2117,1594,1534,60,583,188,14,6.93,0,14,0.0,6.93,0,0.0,0,0.0,188,93.07,23.47,108.585,41.345,43.489,966.46,29.554,691.0,1.632,38.03,10.16,237.43,62.7,64.1,62.2,62.8,64.1,71.6,7.3,48.2,3688.0,3693,191
b1d22449-117aa773,Statues-25,0.41046540632747675,0.3223849406199916,0.9733997632864212,0.2203928767904182,1193,547,502,45,691,202,0,0.0,0,0,0.0,0.0,0,0.0,0,0.0,202,100.0,24.32,115.14,42.348,44.486,1026.14,30.392,736.83,1.613,38.89,10.343,250.42,62.9,64.2,62.2,62.9,64.2,80.3,7.3,49.9,3685.0,3689,193
b1d22449-117aa773,Statues-75,0.41046540632747675,0.3223849406199916,0.9733997632864212,0.2203928767904182,1193,547,502,45,691,202,0,0.0,0,0,0.0,0.0,0,0.0,0,0.0,202,100.0,24.15,114.519,42.612,44.486,1025.65,30.632,737.6,1.607,38.52,10.373,249.53,63.0,64.3,62.5,63.2,64.3,79.4,7.0,50.5,3683.0,3689,196
b1d22449-117aa773,Statues-200,0.41046540632747675,0.3223849406199916,0.9733997632864212,0.2203928767904182,1193,547,502,45,691,202,0,0.0,0,0,0.0,0.0,0,0.0,0,0.0,202,100.0,24.3,114.972,42.598,44.101,1027.53,30.614,738.59,1.607,38.68,10.377,250.27,63.1,64.2,62.5,63.3,64.2,82.5,7.3,50.2,3681.0,3687,192
b1d22449-117aa773,Statues-500,0.41046540632747675,0.3223849406199916,0.9733997632864212,0.2203928767904182,1193,547,502,45,691,202,0,0.0,0,0,0.0,0.0,0,0.0,0,0.0,202,100.0,24.31,115.049,42.419,44.399,1028.26,30.453,738.57,1.611,38.86,10.356,250.83,63.1,64.4,62.5,63.2,64.4,76.0,7.2,50.0,3685.0,3687,196
b1d22449-15fb948f,Statues-25,0.1635217391304348,0.11962160966436615,0.9498840006874035,0.08497826086956521,500,92,86,6,414,143,40,21.86,0,40,0.0,21.86,0,0.0,0,0.0,143,78.14,17.31,90.211,42.064,44.5,724.09,30.092,518.35,1.636,27.98,10.336,177.76,63.1,64.2,62.4,63.2,64.2,90.2,7.3,48.7,3681.0,3689,138
b1d22449-15fb948f,Statues-75,0.14152653824911013,0.09950734661876973,0.8781859048341338,0.08677358490566038,500,106,79,27,421,128,55,30.05,0,55,0.0,30.05,0,0.0,0,0.0,128,69.95,15.68,81.323,41.633,44.486,652.1,29.74,466.02,1.646,25.72,10.247,160.36,62.9,64.2,62.3,62.9,64.2,82.6,7.2,47.8,3688.0,3693,126
b1d22449-15fb948f,Statues-200,0.0808623343336806,0.048692263065409525,0.6770648836418978,0.05604123711340206,500,97,59,38,441,98,85,46.45,0,85,0.0,46.45,0,0.0,0,0.0,98,53.55,12.43,63.545,39.99,44.499,495.58,28.298,350.89,1.657,20.46,10.035,124.23,62.3,63.8,62.0,62.7,63.8,68.6,7.3,45.3,3688.0,3691,98
b1d22449-15fb948f,Statues-500,0.028948319422512973,0.017323219284331337,0.5421908401569263,0.028645161290322584,500,62,24,38,476,57,126,68.85,0,126,0.0,68.85,0,0.0,0,0.0,57,31.15,7.83,38.661,37.008,43.602,286.34,25.684,198.86,1.753,13.5,9.571,73.98,61.5,63.2,61.6,62.4,63.2,62.0,7.4,38.9,3687.0,3691,62
b1d22ed6-f1cac061,Statues-25,0.7950353177804979,0.5522778093022473,0.9818455564865762,0.4293720075105201,4610,4077,3722,355,888,203,0,0.0,0,0,0.0,0.0,0,0.0,0,0.0,203,100.0,25.38,118.3,41.42,43.59,1050.95,29.638,752.32,1.606,40.61,10.176,258.03,62.4,63.6,61.9,62.7,63.6,82.6,7.2,48.5,3689.0,3692,204
b1d22ed6-f1cac061,Statues-75,0.7950353177804979,0.5522778093022473,0.9818455564865762,0.4293720075105201,4610,4077,3722,355,888,203,0,0.0,0,0,0.0,0.0,0,0.0,0,0.0,203,100.0,25.65,119.055,41.378,43.091,1057.93,29.605,757.1,1.627,41.5,10.146,259.32,62.2,63.7,61.7,62.5,63.7,88.5,7.1,47.9,3694.0,3698,205
b1d22ed6-f1cac061,Statues-200,0.7950353177804979,0.5522778093022473,0.9818455564865762,0.4293720075105201,4610,4077,3722,355,888,203,0,0.0,0,0,0.0,0.0,0,0.0,0,0.0,203,100.0,25.44,118.69,41.512,43.103,1053.01,29.714,753.67,1.629,41.29,10.169,258.05,62.2,63.4,61.6,62.6,63.4,83.6,7.0,48.3,3697.0,3703,208
b1d22ed6-f1cac061,Statues-500,0.788458433925947,0.5440848561446837,0.9781661423094246,0.42712833193299227,4610,4074,3705,369,905,198,5,2.46,0,5,0.0,2.46,0,0.0,0,0.0,198,97.54,24.84,115.149,41.431,43.389,1024.49,29.64,733.14,1.634,40.29,10.157,251.06,62.2,63.4,61.5,62.4,63.4,87.7,7.1,48.2,3703.0,3709,201
b1d3907b-2278601b,Statues-25,0.29339274745092814,0.2206170171613982,0.9809045330899197,0.1549236915567591,867,276,259,17,608,199,3,1.49,0,3,0.0,1.49,0,0.0,0,0.0,199,98.51,23.99,113.526,42.411,44.101,1013.67,30.443,727.91,1.613,38.41,10.355,247.35,62.3,63.7,61.6,62.5,63.7,79.3,7.2,49.8,3704.0,3707,193
b1d3907b-2278601b,Statues-75,0.29103339358887537,0.21687029779634925,0.9807402446709809,0.15323354077679335,867,273,257,16,610,195,7,3.47,0,7,0.0,3.47,0,0.0,0,0.0,195,96.53,23.42,110.706,42.548,44.102,993.44,30.566,714.02,1.608,37.4,10.374,242.02,62.6,63.8,61.9,62.7,63.8,87.7,7.1,50.1,3701.0,3707,186
b1d3907b-2278601b,Statues-200,0.26936432797919274,0.1999500640035972,0.9498250833097283,0.14742657506310283,867,276,245,31,622,180,22,10.89,0,22,0.0,10.89,0,0.0,0,0.0,180,89.11,21.9,102.908,42.178,44.5,920.09,30.245,660.0,1.607,34.95,10.326,225.14,62.7,63.8,62.0,62.8,63.8,85.1,7.2,49.5,3697.0,3705,175
b1d3907b-2278601b,Statues-500,0.17825169283399633,0.11837228670954167,0.7273416169188766,0.11300990984629146,867,294,212,82,655,141,61,30.2,0,61,0.0,30.2,0,0.0,0,0.0,141,69.8,17.51,81.427,41.197,44.102,718.24,29.374,512.4,1.637,28.41,10.186,177.44,62.5,63.7,62.0,62.6,63.7,73.9,7.4,47.7,3697.0,3702,137
b1d4b62c-60aab822,Statues-25,0.8148880438547531,0.681854030233299,0.9949318078288962,0.4231437270280992,2214,1890,1812,78,402,203,0,0.0,0,0,0.0,0.0,0,0.0,0,0.0,203,100.0,24.9,116.345,42.029,43.603,1046.35,30.147,750.91,1.608,39.87,10.274,255.58,62.9,63.9,62.1,63.1,63.9,87.8,7.0,49.3,3699.0,3706,203
b1d4b62c-60aab822,Statues-75,0.8148880438547531,0.681854030233299,0.9949318078288962,0.4231437270280992,2214,1890,1812,78,402,203,0,0.0,0,0,0.0,0.0,0,0.0,0,0.0,203,100.0,24.5,115.569,42.654,44.386,1039.23,30.678,747.65,1.614,39.22,10.361,252.35,63.0,64.2,62.3,63.1,64.2,90.8,6.8,50.1,3696.0,3699,199
b1d4b62c-60aab822,Statues-200,0.8148880438547531,0.681854030233299,0.9949318078288962,0.4231437270280992,2214,1890,1812,78,402,203,0,0.0,0,0,0.0,0.0,0,0.0,0,0.0,203,100.0,25.26,119.332,41.561,43.988,1056.84,29.683,756.27,1.643,41.03,10.235,259.55,62.9,64.2,62.4,63.2,64.2,84.5,7.0,48.7,3694.0,3699,205
b1d4b62c-60aab822,Statues-500,0.8115882066377055,0.6721087466550327,0.9936487859725242,0.42173665774813546,2214,1887,1807,80,407,199,4,1.97,0,4,0.0,1.97,0,0.0,0,0.0,199,98.03,24.41,113.975,41.939,43.59,1018.15,30.057,729.83,1.612,39.06,10.269,249.25,63.0,64.3,62.4,63.2,64.3,74.4,7.1,49.2,3703.0,3709,196
b1d59b1f-a38aec79,Statues-25,0.7114752167300458,0.5581825674886243,0.9932662813589084,0.37940068291534207,298,228,213,15,85,168,0,0.0,0,0,0.0,0.0,0,0.0,0,0.0,168,100.0,20.37,114.76,42.328,43.988,858.49,30.387,616.48,1.623,32.82,10.318,209.18,63.0,64.2,62.4,63.1,64.2,85.8,6.9,49.4,3705.0,3708,166
b1d59b1f-a38aec79,Statues-75,0.7114752167300458,0.5581825674886243,0.9932662813589084,0.37940068291534207,298,228,213,15,85,168,0,0.0,0,0,0.0,0.0,0,0.0,0,0.0,168,100.0,20.5,115.095,42.02,43.988,860.73,30.128,617.34,1.609,32.86,10.283,210.53,63.2,64.3,62.6,63.3,64.3,80.5,7.2,49.1,3708.0,3714,167
b1d59b1f-a38aec79,Statues-200,0.7114752167300458,0.5581825674886243,0.9932662813589084,0.37940068291534207,298,228,213,15,85,168,0,0.0,0,0,0.0,0.0,0,0.0,0,0.0,168,100.0,20.45,115.024,42.04,43.988,857.99,30.121,614.9,1.609,32.75,10.31,210.34,63.2,64.4,62.5,63.2,64.4,82.5,6.9,49.3,3706.0,3710,165
b1d59b1f-a38aec79,Statues-500,0.7114752167300458,0.5581825674886243,0.9932662813589084,0.37940068291534207,298,228,213,15,85,168,0,0.0,0,0,0.0,0.0,0,0.0,0,0.0,168,100.0,20.45,115.145,41.952,43.988,854.19,30.051,611.86,1.607,32.69,10.295,209.64,63.0,63.9,62.6,63.2,63.9,73.5,6.8,49.2,3707.0,3710,167
b1d7b3ac-0bdb47dc,Statues-25,0.7618309130662897,0.6173844831966017,0.9935558123823501,0.3960452428780131,1480,1184,1134,50,346,202,0,0.0,0,0,0.0,0.0,0,0.0,0,0.0,202,100.0,24.78,116.228,41.973,43.988,1036.07,30.09,743.01,1.606,39.54,10.277,253.52,63.1,64.3,62.6,63.2,64.3,79.5,7.1,49.1,3702.0,3706,198
b1d7b3ac-0bdb47dc,Statues-75,0.7618309130662897,0.6173844831966017,0.9935558123823501,0.3960452428780131,1480,1184,1134,50,346,202,0,0.0,0,0,0.0,0.0,0,0.0,0,0.0,202,100.0,24.78,116.219,42.048,43.988,1038.13,30.17,744.98,1.606,39.58,10.272,253.57,63.1,64.3,62.5,63.3,64.3,77.6,7.2,49.3,3702.0,3708,197
b1d7b3ac-0bdb47dc,Statues-200,0.7618309130662897,0.6173844831966017,0.9935558123823501,0.3960452428780131,1480,1184,1134,50,346,202,0,0.0,0,0,0.0,0.0,0,0.0,0,0.0,202,100.0,24.53,115.391,42.276,43.988,1037.64,30.33,744.84,1.612,39.38,10.333,253.42,63.2,64.3,62.6,63.3,64.3,86.1,6.9,49.7,3702.0,3706,198
b1d7b3ac-0bdb47dc,Statues-500,0.7618309130662897,0.6173844831966017,0.9935558123823501,0.3960452428780131,1480,1184,1134,50,346,202,0,0.0,0,0,0.0,0.0,0,0.0,0,0.0,202,100.0,24.62,115.672,42.34,44.088,1040.72,30.388,747.11,1.612,39.52,10.34,254.09,63.3,64.3,62.5,63.3,64.3,86.9,7.0,49.5,3706.0,3709,198
b1d7b3ac-36f2d3b7,Statues-25,0.8595229076661337,0.6942756176856657,0.9948406309096063,0.4473784403475671,724,653,625,28,99,173,3,1.7,0,3,0.0,1.7,0,0.0,0,0.0,173,98.3,21.17,113.571,41.856,43.988,886.2,29.987,635.29,1.618,34.08,10.251,216.84,62.8,64.3,62.4,63.1,64.3,75.4,7.1,48.8,3717.0,3725,172
b1d7b3ac-36f2d3b7,Statues-75,0.8594923303439606,0.6942436346265305,0.9948063844609646,0.44735305813373044,724,653,625,28,99,168,8,4.55,0,8,0.0,4.55,0,0.0,0,0.0,168,95.45,20.49,110.203,42.055,43.988,858.6,30.173,616.16,1.605,32.68,10.278,209.76,62.9,64.0,62.3,63.1,64.0,80.8,7.2,49.1,3734.0,3746,163
b1d7b3ac-36f2d3b7,Statues-200,0.8594617451660209,0.6937994183780922,0.9947721280239625,0.44732767591989375,724,653,625,28,99,162,14,7.95,0,14,0.0,7.95,0,0.0,0,0.0,162,92.05,19.79,106.264,42.015,44.001,830.67,30.105,595.45,1.622,31.94,10.288,203.28,62.9,63.9,62.3,63.1,63.9,84.9,7.0,48.8,3751.0,3765,159
b1d7b3ac-36f2d3b7,Statues-500,0.8676762224742118,0.6867921031822188,0.9947486150618593,0.4514227148114924,724,659,631,28,93,153,23,13.07,0,23,0.0,13.07,0,0.0,0,0.0,153,86.93,18.8,100.615,41.836,44.088,783.6,29.94,560.91,1.641,30.65,10.256,192.04,62.8,64.1,62.2,63.0,64.1,82.0,7.1,48.6,3768.0,3773,148
b1d7b3ac-5744370e,Statues-25,0.5940663973802404,0.4844056688677713,0.9796903678744416,0.3220931363017694,556,370,336,34,220,198,0,0.0,0,0,0.0,0.0,0,0.0,0,0.0,198,100.0,23.71,114.535,42.597,44.486,1010.21,30.596,726.01,1.613,38.07,10.388,246.14,63.1,64.4,62.6,63.5,64.4,81.2,7.0,50.2,3763.0,3769,192
b1d7b3ac-5744370e,Statues-75,0.5940663973802404,0.4844056688677713,0.9796903678744416,0.3220931363017694,556,370,336,34,220,198,0,0.0,0,0,0.0,0.0,0,0.0,0,0.0,198,100.0,23.84,114.657,42.519,44.486,1010.08,30.542,725.89,1.611,38.1,10.366,246.09,63.3,64.5,62.7,63.2,64.5,84.7,7.2,50.0,3765.0,3769,194
b1d7b3ac-5744370e,Statues-200,0.5940663973802404,0.4844056688677713,0.9796903678744416,0.3220931363017694,556,370,336,34,220,198,0,0.0,0,0,0.0,0.0,0,0.0,0,0.0,198,100.0,23.79,114.489,42.664,44.486,1012.28,30.674,728.13,1.605,37.93,10.385,246.22,63.4,64.7,62.8,63.5,64.7,88.6,7.3,50.1,3764.0,3771,193
b1d7b3ac-5744370e,Statues-500,0.5940663973802404,0.4844056688677713,0.9796903678744416,0.3220931363017694,556,370,336,34,220,198,0,0.0,0,0,0.0,0.0,0,0.0,0,0.0,198,100.0,23.7,114.427,42.86,44.486,1012.12,30.832,728.32,1.606,37.84,10.421,245.96,63.6,64.7,62.9,63.7,64.7,89.4,7.1,50.4,3770.0,3774,196
b1d7b3ac-995f9d8a,Statues-25,0.8063713397489952,0.622036402175157,0.9857420585094514,0.4241047432633896,755,653,617,36,138,189,0,0.0,0,0,0.0,0.0,0,0.0,0,0.0,189,100.0,22.99,115.097,42.115,43.988,963.84,30.207,691.62,1.607,36.64,10.302,235.58,63.5,64.8,63.0,63.8,64.8,74.6,7.2,49.4,3768.0,3772,185
b1d7b3ac-995f9d8a,Statues-75,0.8063713397489952,0.622036402175157,0.9857420585094514,0.4241047432633896,755,653,617,36,138,189,0,0.0,0,0,0.0,0.0,0,0.0,0,0.0,189,100.0,22.87,114.903,42.599,43.988,971.78,30.603,698.23,1.611,36.66,10.386,236.89,63.8,64.9,63.0,63.8,64.9,89.5,6.9,49.8,3771.0,3774,188
b1d7b3ac-995f9d8a,Statues-200,0.8063700626491894,0.6218068907319305,0.9857405195308385,0.42410271492753776,755,653,617,36,138,187,2,1.06,0,2,0.0,1.06,0,0.0,0,0.0,187,98.94,22.6,113.574,42.489,44.088,960.11,30.518,689.81,1.607,36.2,10.364,234.09,63.7,64.8,63.1,63.8,64.8,85.5,6.9,49.8,3771.0,3776,184
b1d7b3ac-995f9d8a,Statues-500,0.8063601384251045,0.6216198835345307,0.9857289328700654,0.42409662991998215,755,653,617,36,138,186,3,1.59,0,3,0.0,1.59,0,0.0,0,0.0,186,98.41,22.47,112.833,42.465,44.088,952.9,30.495,684.49,1.616,36.16,10.354,232.26,63.7,64.8,63.1,63.8,64.8,85.5,7.0,49.8,3773.0,3775,185
b1d7b3ac-9e14f05f,Statues-25,0.7942096025530886,0.6759007652807584,0.9954146881607628,0.4126654333683575,1312,1091,1046,45,266,200,2,0.99,0,2,0.0,0.99,0,0.0,0,0.0,200,99.01,24.03,113.973,42.602,44.486,1020.85,30.602,733.39,1.608,38.46,10.391,248.99,63.7,64.9,63.2,63.9,64.9,83.1,6.8,50.3,3769.0,3771,196
b1d7b3ac-9e14f05f,Statues-75,0.785706126766591,0.6558066206013843,0.9884651004999601,0.41036557548513436,1312,1096,1042,54,270,184,18,8.91,0,18,0.0,8.91,0,0.0,0,0.0,184,91.09,22.17,104.784,42.645,44.587,943.06,30.62,677.39,1.629,35.89,10.396,229.78,63.9,65.1,63.2,63.9,64.9,83.8,6.7,49.7,3772.0,3776,183
b1d7b3ac-9e14f05f,Statues-200,0.7531215546385281,0.6380441568330226,0.9698597835920647,0.3963106676521311,1312,1089,1018,71,294,177,25,12.38,0,25,0.0,12.38,0,0.0,0,0.0,177,87.62,21.47,101.224,42.493,44.486,906.24,30.494,650.58,1.629,34.6,10.371,221.06,63.9,64.9,63.2,64.0,65.1,90.0,6.9,49.4,3771.0,3776,173
b1d7b3ac-9e14f05f,Statues-500,0.7502730269061841,0.634914535099907,0.9646752327097139,0.39129719422194226,1312,1084,1020,64,292,169,33,16.34,0,33,0.0,16.34,0,0.0,0,0.0,169,83.66,20.57,96.968,42.022,44.486,865.83,30.078,620.17,1.643,33.65,10.301,212.01,63.7,65.0,63.2,63.8,65.0,79.1,6.8,49.0,3771.0,3777,172
b1d7b3ac-afa57f22,Statues-25,0.7334889686066646,0.5999223882348454,0.9976736210146488,0.37586378737541526,400,301,294,7,106,170,0,0.0,0,0,0.0,0.0,0,0.0,0,0.0,170,100.0,20.35,114.707,42.531,44.486,864.52,30.514,620.61,1.616,32.68,10.401,211.23,63.7,64.8,63.1,63.8,64.8,84.4,6.8,49.9,3770.0,3774,165
b1d7b3ac-afa57f22,Statues-75,0.7334889686066646,0.5999223882348454,0.9976736210146488,0.37586378737541526,400,301,294,7,106,170,0,0.0,0,0,0.0,0.0,0,0.0,0,0.0,170,100.0,20.25,114.18,42.706,44.486,865.71,30.684,622.23,1.611,32.56,10.412,210.92,63.7,64.9,63.1,63.7,64.9,80.1,6.9,50.2,3766.0,3770,168
b1d7b3ac-afa57f22,Statues-200,0.7334889686066646,0.5999223882348454,0.9976736210146488,0.37586378737541526,400,301,294,7,106,170,0,0.0,0,0,0.0,0.0,0,0.0,0,0.0,170,100.0,20.43,114.826,42.44,44.101,866.61,30.451,622.07,1.609,32.76,10.379,211.78,63.6,64.7,63.0,63.8,64.7,80.6,7.2,49.6,3768.0,3773,163
b1d7b3ac-afa57f22,Statues-500,0.7334889686066646,0.5999223882348454,0.9976736210146488,0.37586378737541526,400,301,294,7,106,170,0,0.0,0,0,0.0,0.0,0,0.0,0,0.0,170,100.0,20.17,113.161,42.99,44.587,860.83,30.937,619.62,1.607,32.11,10.445,209.09,63.6,64.8,63.0,63.7,64.8,86.9,7.2,50.5,3777.0,3779,160
b1d968b9-563405f4,Statues-25,0.7749149497249185,0.6157698633946282,0.935331512559764,0.4176320310022986,2656,2432,2199,233,457,197,6,2.96,0,6,0.0,2.96,0,0.0,0,0.0,197,97.04,24.39,112.755,41.728,43.988,1017.53,29.889,729.12,1.607,39.03,10.232,249.38,63.5,64.9,63.0,63.7,64.9,81.1,7.1,48.9,3774.0,3777,195
b1d968b9-563405f4,Statues-75,0.7584693709797448,0.599764005108135,0.9250776059910172,0.4146834879493374,2656,2439,2176,263,480,182,21,10.34,0,21,0.0,10.34,0,0.0,0,0.0,182,89.66,22.5,103.82,41.82,43.887,936.92,29.956,671.32,1.619,36.15,10.246,229.45,63.3,64.3,62.7,63.3,64.3,76.0,7.1,48.5,3769.0,3776,180
b1d968b9-563405f4,Statues-200,0.6938134487255533,0.5453454100930097,0.8917032478059148,0.3968084594703992,2656,2411,2064,347,592,122,81,39.9,0,81,0.0,39.9,0,0.0,0,0.0,122,60.1,15.67,70.913,40.18,43.988,624.1,28.486,442.7,1.699,26.26,9.995,155.14,62.6,64.1,62.3,63.1,64.1,70.2,7.2,45.4,3762.0,3769,127
b1d968b9-563405f4,Statues-500,0.5708216836418629,0.420074588959545,0.8483878557593038,0.3495602134505835,2656,2299,1776,523,880,94,109,53.69,0,109,0.0,53.69,0,0.0,0,0.0,94,46.31,12.63,56.069,38.378,43.988,483.46,26.893,339.18,1.748,21.8,9.738,122.49,61.7,63.4,61.7,62.8,63.4,66.9,7.3,42.2,3759.0,3763,100
b1d968b9-ce42734f,Statues-25,0.8180053136829633,0.6504687632651049,0.9765867660219179,0.45483767631273725,3559,3369,2963,406,596,173,30,14.78,0,30,0.0,14.78,0,0.0,0,0.0,173,85.22,21.53,99.287,41.577,43.988,892.5,29.745,638.85,1.636,34.96,10.196,218.69,62.5,63.8,61.8,62.6,63.8,81.5,7.1,48.2,3767.0,3769,172
b1d968b9-ce42734f,Statues-75,0.8149229854194442,0.645766725656314,0.9765181227272185,0.4534703938257848,3559,3358,2952,406,607,161,42,20.69,0,42,0.0,20.69,0,0.0,0,0.0,161,79.31,20.08,92.282,41.577,43.59,832.02,29.737,595.37,1.646,32.76,10.194,203.89,62.3,63.5,61.7,62.6,63.5,78.5,7.3,48.3,3770.0,3771,162
b1d968b9-ce42734f,Statues-200,0.8132499193423488,0.6426484384668321,0.9758746631685087,0.45363870432053294,3559,3363,2947,416,612,159,44,21.67,0,44,0.0,21.67,0,0.0,0,0.0,159,78.33,19.79,91.058,41.691,43.988,823.09,29.84,589.47,1.636,32.12,10.215,201.5,62.3,63.7,61.7,62.7,63.7,88.5,7.0,48.3,3772.0,3774,163
b1d968b9-ce42734f,Statues-500,0.8132499193423488,0.6426484384668321,0.9758746631685087,0.45363870432053294,3559,3363,2947,416,612,159,44,21.67,0,44,0.0,21.67,0,0.0,0,0.0,159,78.33,19.92,91.387,41.488,43.59,822.71,29.683,588.94,1.64,32.36,10.165,201.42,62.2,63.5,61.6,62.4,63.5,82.0,7.3,48.0,3777.0,3779,160
b1d971b4-ac67ca0d,Statues-25,0.7946220041260564,0.6448152709154044,0.9903120200198928,0.42341064562969705,2503,2156,2004,152,499,199,0,0.0,0,0,0.0,0.0,0,0.0,0,0.0,199,100.0,24.2,114.738,42.26,43.988,1016.58,30.355,730.18,1.613,38.76,10.292,247.64,62.4,63.8,61.8,62.6,63.8,83.1,7.2,49.7,3781.0,3785,192
b1d971b4-ac67ca0d,Statues-75,0.7946161453827548,0.6442542111136811,0.9903047867832026,0.4234047158252398,2503,2156,2004,152,499,198,1,0.5,0,1,0.0,0.5,0,0.0,0,0.0,198,99.5,24.09,114.162,42.129,43.988,1012.0,30.229,726.46,1.619,38.72,10.281,246.82,62.5,63.7,61.9,62.8,63.7,76.7,7.3,49.4,3782.0,3785,192
b1d971b4-ac67ca0d,Statues-200,0.7946161453827548,0.6442542111136811,0.9903047867832026,0.4234047158252398,2503,2156,2004,152,499,198,1,0.5,0,1,0.0,0.5,0,0.0,0,0.0,198,99.5,24.08,114.145,42.35,44.386,1017.24,30.414,730.92,1.614,38.6,10.322,247.71,62.7,63.9,62.0,62.8,63.9,84.9,7.0,49.5,3779.0,3782,196
b1d971b4-ac67ca0d,Statues-500,0.7946161453827548,0.6442542111136811,0.9903047867832026,0.4234047158252398,2503,2156,2004,152,499,198,1,0.5,0,1,0.0,0.5,0,0.0,0,0.0,198,99.5,23.85,113.456,42.599,43.988,1012.4,30.625,727.98,1.615,38.28,10.359,246.14,62.8,64.0,62.0,62.8,64.0,87.2,6.8,50.1,3783.0,3785,193
b1d9e136-6c94ea3f,Statues-25,0.7328035115249639,0.5887500403925403,0.99560400065062,0.3776971728864698,2342,1782,1723,59,619,202,0,0.0,0,0,0.0,0.0,0,0.0,0,0.0,202,100.0,24.37,113.964,42.472,43.988,1032.46,30.512,742.05,1.61,38.99,10.35,251.41,62.9,64.1,62.1,62.8,64.1,83.5,7.0,50.0,3785.0,3786,195
b1d9e136-6c94ea3f,Statues-75,0.732676482801287,0.5876802750851376,0.9954185773062287,0.37778779851266325,2342,1783,1723,60,619,196,6,2.97,0,6,0.0,2.97,0,0.0,0,0.0,196,97.03,23.88,111.16,42.152,43.988,1000.51,30.25,718.11,1.613,38.23,10.288,244.18,62.7,63.9,62.2,62.9,63.9,72.6,7.1,49.6,3786.0,3789,193
b1d9e136-6c94ea3f,Statues-200,0.7270477014526957,0.573993456858548,0.9952028244306271,0.3757103989016798,2342,1774,1710,64,632,173,29,14.36,0,29,0.0,14.36,0,0.0,0,0.0,173,85.64,21.25,98.415,41.879,43.988,885.08,29.986,634.06,1.649,34.65,10.245,216.37,62.8,63.8,62.1,62.8,63.8,80.2,7.2,48.7,3788.0,3790,170
b1d9e136-6c94ea3f,Statues-500,0.6345582134592733,0.4930385158208644,0.9601851540228719,0.3616263726548716,2342,1816,1532,284,810,148,54,26.73,0,54,0.0,26.73,0,0.0,0,0.0,148,73.27,18.41,84.636,41.732,44.001,767.65,29.865,550.03,1.643,29.88,10.224,187.73,62.6,63.9,62.0,62.7,63.9,87.3,7.1,48.5,3782.0,3784,148
b1d9e136-9ab25cb3,Statues-25,0.7329976988690987,0.5217742360110915,0.9646895820425151,0.40784648964430453,2942,2534,2224,310,718,194,8,3.96,0,8,0.0,3.96,0,0.0,0,0.0,194,96.04,24.0,111.215,41.736,43.59,996.97,29.885,713.93,1.627,38.8,10.225,244.23,62.6,63.7,61.9,62.7,63.7,78.4,6.8,48.7,3787.0,3795,198
b1d9e136-9ab25cb3,Statues-75,0.7336227153199313,0.5219384518142769,0.9650694059391086,0.40794709288818226,2942,2534,2225,309,717,193,9,4.46,0,9,0.0,4.46,0,0.0,0,0.0,193,95.54,23.5,109.686,42.065,44.001,985.29,30.153,706.27,1.622,37.93,10.29,241.1,62.5,63.8,61.9,62.7,63.8,80.7,6.9,49.6,3797.0,3799,190
b1d9e136-9ab25cb3,Statues-200,0.7325770097075219,0.5204293821049302,0.9645545561723389,0.40746765402331636,2942,2533,2223,310,719,190,12,5.94,0,12,0.0,5.94,0,0.0,0,0.0,190,94.06,23.71,109.458,41.421,43.501,975.66,29.644,698.37,1.622,38.14,10.154,239.15,62.1,63.7,61.7,62.4,63.7,82.5,7.3,48.4,3794.0,3800,189
b1d9e136-9ab25cb3,Statues-500,0.7230616312158816,0.5139011125065351,0.9584954436647782,0.40492169872624717,2942,2539,2207,332,735,182,20,9.9,0,20,0.0,9.9,0,0.0,0,0.0,182,90.1,22.41,104.029,41.803,44.001,931.45,29.924,667.13,1.637,36.25,10.243,228.07,62.4,63.6,61.7,62.4,63.6,84.2,7.2,48.7,3798.0,3802,180
b1dac7f7-6b2e0382,Statues-25,0.6904880787593823,0.5156192248597854,0.9712497898264766,0.37644370146506234,3637,2863,2577,286,1060,202,0,0.0,0,0,0.0,0.0,0,0.0,0,0.0,202,100.0,24.71,115.328,42.014,43.988,1034.54,30.133,742.36,1.619,39.66,10.262,252.53,62.3,63.8,61.7,62.4,63.8,80.0,7.2,49.2,3799.0,3802,195
b1dac7f7-6b2e0382,Statues-75,0.6904880787593823,0.5156192248597854,0.9712497898264766,0.37644370146506234,3637,2863,2577,286,1060,202,0,0.0,0,0,0.0,0.0,0,0.0,0,0.0,202,100.0,25.14,116.624,41.476,43.489,1037.65,29.698,743.14,1.61,40.19,10.167,254.32,62.1,63.7,61.7,62.6,63.7,73.9,7.0,48.5,3799.0,3804,201
b1dac7f7-6b2e0382,Statues-200,0.6904880787593823,0.5156192248597854,0.9712497898264766,0.37644370146506234,3637,2863,2577,286,1060,202,0,0.0,0,0,0.0,0.0,0,0.0,0,0.0,202,100.0,24.94,116.021,41.624,43.59,1034.24,29.82,741.18,1.616,40.01,10.188,253.05,62.1,63.2,61.7,62.4,63.2,74.5,6.9,48.9,3805.0,3809,203
b1dac7f7-6b2e0382,Statues-500,0.6904880787593823,0.5156192248597854,0.9712497898264766,0.37644370146506234,3637,2863,2577,286,1060,202,0,0.0,0,0,0.0,0.0,0,0.0,0,0.0,202,100.0,25.07,116.36,41.6,43.489,1040.51,29.807,745.71,1.61,40.17,10.183,254.63,62.2,63.6,61.7,62.6,63.6,77.5,7.1,48.6,3807.0,3812,206
b1db7e22-cfa74dc3,Statues-25,0.3731496985337591,0.28166251285883936,0.9809989909525975,0.19914840673543838,1420,583,539,44,881,190,13,6.4,0,13,0.0,6.4,0,0.0,0,0.0,190,93.6,23.09,107.379,42.049,43.988,967.92,30.134,693.99,1.62,37.14,10.294,236.79,62.3,63.4,61.8,62.6,63.4,83.9,7.1,49.4,3807.0,3810,185
b1db7e22-cfa74dc3,Statues-75,0.36844307427013495,0.2759558627905039,0.9897411816980568,0.19339820283709427,1420,558,528,30,892,185,18,8.87,0,18,0.0,8.87,0,0.0,0,0.0,185,91.13,22.53,104.78,42.003,44.101,943.31,30.074,675.66,1.623,36.34,10.305,231.31,62.5,63.8,61.9,62.7,63.8,79.1,7.1,49.3,3809.0,3811,181
b1db7e22-cfa74dc3,Statues-200,0.3651705060816066,0.27121676161167485,0.9884613744758884,0.19161920984390093,1420,554,524,30,896,176,27,13.3,0,27,0.0,13.3,0,0.0,0,0.0,176,86.7,21.55,99.961,41.8,44.088,898.78,29.921,643.57,1.632,34.97,10.247,220.24,62.5,63.8,62.0,62.9,63.7,80.2,7.2,48.9,3811.0,3812,172
b1db7e22-cfa74dc3,Statues-500,0.3590028110299725,0.25289961927826415,0.9833813901831021,0.18795078161275344,1420,546,518,28,902,160,43,21.18,0,43,0.0,21.18,0,0.0,0,0.0,160,78.82,19.75,91.253,41.56,44.386,816.91,29.691,583.65,1.638,32.14,10.231,201.12,62.4,63.8,61.9,62.7,63.6,78.6,7.2,48.4,3811.0,3814,157
b1dce572-c6a8cb5e,Statues-25,0.7206833588249215,0.5734389088679004,0.9880975690018036,0.37758306015627946,2542,1958,1852,106,690,184,18,8.91,0,18,0.0,8.91,0,0.0,0,0.0,184,91.09,22.92,105.586,41.523,43.489,949.53,29.709,679.54,1.63,37.15,10.184,232.85,62.4,63.6,62.0,62.7,63.6,85.8,7.1,48.3,3809.0,3813,181
b1dce572-c6a8cb5e,Statues-75,0.7043793722587086,0.5625331113729894,0.9873153286559232,0.3710393974890751,2542,1927,1811,116,731,179,23,11.39,0,23,0.0,11.39,0,0.0,0,0.0,179,88.61,22.38,102.892,41.542,43.602,923.7,29.739,661.31,1.621,36.0,10.182,226.39,62.4,63.8,61.8,62.7,63.8,90.0,7.0,48.1,3808.0,3811,178
b1dce572-c6a8cb5e,Statues-200,0.7055211721682146,0.5610159265612791,0.9867710469637827,0.37156526440725895,2542,1931,1815,116,727,169,33,16.34,0,33,0.0,16.34,0,0.0,0,0.0,169,83.66,21.38,97.94,40.765,43.489,870.05,29.045,620.27,1.634,34.71,10.085,215.07,62.1,63.6,61.8,62.7,63.5,72.2,7.1,47.2,3798.0,3805,171
b1dce572-c6a8cb5e,Statues-500,0.6951933188232104,0.5453498967145434,0.9773850035754345,0.3699747728913998,2542,1948,1805,143,737,158,44,21.78,0,44,0.0,21.78,0,0.0,0,0.0,158,78.22,19.99,91.497,40.991,43.489,814.29,29.224,580.57,1.677,33.26,10.09,200.46,62.2,63.3,61.7,62.9,63.3,82.5,7.0,47.2,3798.0,3802,160
b1dd58c1-8b546ba7,Statues-25,0.7668636629554414,0.6274942830304975,0.9951008421947496,0.3940842163961687,2456,1951,1892,59,564,197,0,0.0,0,0,0.0,0.0,0,0.0,0,0.0,197,100.0,24.45,116.241,41.794,43.489,1019.12,29.981,731.05,1.612,39.3,10.2,248.78,62.4,63.8,61.8,62.5,63.8,89.3,6.9,48.8,3802.0,3806,198
b1dd58c1-8b546ba7,Statues-75,0.7668636629554414,0.6274942830304975,0.9951008421947496,0.3940842163961687,2456,1951,1892,59,564,197,0,0.0,0,0,0.0,0.0,0,0.0,0,0.0,197,100.0,24.5,116.477,41.629,43.489,1015.26,29.821,727.65,1.611,39.11,10.198,248.51,62.4,63.7,61.7,62.3,63.7,87.6,7.1,48.5,3797.0,3807,196
b1dd58c1-8b546ba7,Statues-200,0.7668636629554414,0.6274942830304975,0.9951008421947496,0.3940842163961687,2456,1951,1892,59,564,197,0,0.0,0,0,0.0,0.0,0,0.0,0,0.0,197,100.0,24.54,116.617,41.336,43.501,1011.49,29.572,724.06,1.615,39.3,10.149,248.13,62.1,63.5,61.7,62.5,63.5,73.5,7.2,48.3,3802.0,3807,194
b1dd58c1-8b546ba7,Statues-500,0.7664493038114512,0.6247803713658738,0.9950887551700215,0.393871836632423,2456,1950,1891,59,565,193,4,2.03,0,4,0.0,2.03,0,0.0,0,0.0,193,97.97,23.97,113.886,41.403,43.489,992.52,29.63,710.57,1.613,38.51,10.16,243.44,62.1,63.6,61.7,62.7,63.6,69.9,7.2,48.5,3803.0,3809,195
b1df722f-57d21f3f,Statues-25,0.6794518692202431,0.5000125831535013,0.9496630845301686,0.40032847974604924,1935,1685,1364,321,571,202,0,0.0,0,0,0.0,0.0,0,0.0,0,0.0,202,100.0,24.57,115.337,42.119,44.001,1031.96,30.205,740.39,1.618,39.47,10.295,252.1,62.4,63.8,61.8,63.0,63.8,80.5,6.8,49.6,3805.0,3809,198
b1df722f-57d21f3f,Statues-75,0.6794518692202431,0.5000125831535013,0.9496630845301686,0.40032847974604924,1935,1685,1364,321,571,202,0,0.0,0,0,0.0,0.0,0,0.0,0,0.0,202,100.0,24.8,116.096,41.823,43.602,1034.07,29.964,741.1,1.613,39.75,10.246,253.21,62.3,63.6,61.9,62.6,63.6,75.4,7.0,49.1,3807.0,3810,196
b1df722f-57d21f3f,Statues-200,0.6793714433828238,0.4994436088076319,0.9489778411419957,0.4001961739940718,1935,1686,1365,321,570,201,1,0.5,0,1,0.0,0.5,0,0.0,0,0.0,201,99.5,24.61,115.183,41.834,43.59,1027.31,29.981,736.49,1.619,39.62,10.235,251.19,62.3,63.5,61.9,62.5,63.5,67.9,7.2,49.2,3808.0,3811,199
b1df722f-57d21f3f,Statues-500,0.6793714433828238,0.4994436088076319,0.9489778411419957,0.4001961739940718,1935,1686,1365,321,570,201,1,0.5,0,1,0.0,0.5,0,0.0,0,0.0,201,99.5,24.47,114.856,42.274,44.001,1029.29,30.346,739.01,1.616,39.25,10.312,251.03,62.5,63.8,61.8,62.6,63.8,83.9,6.7,49.7,3811.0,3816,206
b1df722f-5bcc3db7,Statues-25,0.6330093640384579,0.4368682205146279,0.9015962277160932,0.3902577058525611,1365,1244,939,305,426,202,0,0.0,0,0,0.0,0.0,0,0.0,0,0.0,202,100.0,24.57,115.11,42.164,43.988,1032.08,30.262,741.06,1.616,39.4,10.286,251.61,62.4,63.8,61.8,62.6,63.9,83.1,6.9,49.6,3808.0,3812,199
b1df722f-5bcc3db7,Statues-75,0.6330093640384579,0.4368682205146279,0.9015962277160932,0.3902577058525611,1365,1244,939,305,426,202,0,0.0,0,0,0.0,0.0,0,0.0,0,0.0,202,100.0,24.51,114.951,42.452,44.001,1034.72,30.496,743.27,1.608,39.18,10.348,252.27,62.7,63.8,61.9,62.7,63.8,85.5,6.9,49.9,3807.0,3810,198
b1df722f-5bcc3db7,Statues-200,0.6330093640384579,0.4368682205146279,0.9015962277160932,0.3902577058525611,1365,1244,939,305,426,202,0,0.0,0,0,0.0,0.0,0,0.0,0,0.0,202,100.0,24.52,115.022,42.355,44.001,1034.28,30.411,742.79,1.61,39.21,10.334,252.28,62.6,63.9,61.9,62.7,63.9,86.2,6.8,49.9,3809.0,3813,202
b1df722f-5bcc3db7,Statues-500,0.6330093640384579,0.4368682205146279,0.9015962277160932,0.3902577058525611,1365,1244,939,305,426,202,0,0.0,0,0,0.0,0.0,0,0.0,0,0.0,202,100.0,24.59,115.215,42.0,43.988,1034.01,30.109,741.67,1.617,39.6,10.275,252.74,62.6,63.8,62.0,62.7,63.8,71.0,7.1,49.5,3809.0,3814,199
b1e0c01d-dd9e6e2f,Statues-25,0.727523777015252,0.5146115319218767,0.983892291379787,0.3868093660020644,2054,1631,1516,115,538,202,0,0.0,0,0,0.0,0.0,0,0.0,0,0.0,202,100.0,24.98,115.893,41.637,43.501,1037.0,29.825,742.96,1.61,40.0,10.202,254.03,62.5,63.8,62.0,62.7,63.8,76.2,7.1,48.9,3803.0,3808,202
b1e0c01d-dd9e6e2f,Statues-75,0.706373808469398,0.48775862776942425,0.9677901753929186,0.38350480202606996,2054,1654,1495,159,559,187,15,7.43,0,15,0.0,7.43,0,0.0,0,0.0,187,92.57,23.29,107.659,41.437,43.59,961.04,29.644,687.88,1.618,37.37,10.175,235.79,62.5,63.8,62.1,62.8,63.8,75.3,7.2,48.3,3800.0,3803,184
b1e0c01d-dd9e6e2f,Statues-200,0.6270735806856564,0.43207423632138175,0.9202818093061792,0.3563739566022197,2054,1647,1392,255,662,170,32,15.84,0,32,0.0,15.84,0,0.0,0,0.0,170,84.16,21.31,98.058,41.401,43.501,878.18,29.583,627.75,1.638,34.63,10.179,215.8,62.6,63.8,62.0,62.7,63.8,80.0,7.0,47.9,3807.0,3811,174
b1e0c01d-dd9e6e2f,Statues-500,0.6197168309335135,0.42131353337930955,0.926149434952422,0.35519745405813546,2054,1621,1367,254,687,164,38,18.81,0,38,0.0,18.81,0,0.0,0,0.0,164,81.19,20.63,94.76,41.013,43.602,845.62,29.252,603.6,1.654,33.87,10.107,208.14,62.2,63.8,61.9,62.6,63.8,71.4,7.1,47.6,3806.0,3814,168
b1e1a7b8-0aec80e8,Statues-25,0.6278410197218747,0.45175280246587696,0.9765699193047067,0.3318987232663931,1982,1358,1273,85,709,198,5,2.46,0,5,0.0,2.46,0,0.0,0,0.0,198,97.54,24.58,113.091,41.949,43.59,1029.05,30.091,738.4,1.61,39.37,10.248,251.28,62.7,63.9,61.8,62.7,63.9,94.5,7.2,48.8,3802.0,3807,199
b1e1a7b8-0aec80e8,Statues-75,0.6210850321637471,0.44541856425819865,0.972754971872001,0.32994706407743324,1982,1358,1264,94,718,173,30,14.78,0,30,0.0,14.78,0,0.0,0,0.0,173,85.22,21.48,98.65,41.67,43.887,889.89,29.815,636.91,1.642,34.94,10.213,218.04,62.5,63.8,61.9,62.5,63.8,82.1,6.9,48.4,3802.0,3807,176
b1e1a7b8-0aec80e8,Statues-200,0.6053242916512936,0.4276157099316727,0.9639253382680427,0.32404380162200547,1982,1350,1243,107,739,156,47,23.15,0,47,0.0,23.15,0,0.0,0,0.0,156,76.85,19.68,89.732,40.988,43.59,804.25,29.224,573.62,1.655,32.36,10.109,198.27,62.3,63.6,61.8,62.4,63.6,78.4,7.1,47.4,3807.0,3810,160
b1e1a7b8-0aec80e8,Statues-500,0.6011497889959606,0.4241751638212726,0.9617431790387504,0.3228015098852637,1982,1350,1237,113,745,150,53,26.11,0,53,0.0,26.11,0,0.0,0,0.0,150,73.89,19.11,86.746,40.66,43.489,777.47,28.942,553.93,1.661,31.52,10.057,192.02,62.2,63.4,61.5,62.2,63.4,76.2,7.3,46.8,3812.0,3817,156
b1e1a7b8-65ec7612,Statues-25,0.6695956259191514,0.4972610323911084,0.9784009086438731,0.359488100513921,1860,1383,1270,113,590,202,0,0.0,0,0,0.0,0.0,0,0.0,0,0.0,202,100.0,24.92,115.791,41.825,43.502,1037.93,29.986,744.28,1.611,39.88,10.228,253.78,62.3,63.6,61.6,62.3,63.6,78.8,7.3,49.1,3815.0,3818,198
b1e1a7b8-65ec7612,Statues-75,0.6695956259191514,0.4972610323911084,0.9784009086438731,0.359488100513921,1860,1383,1270,113,590,202,0,0.0,0,0,0.0,0.0,0,0.0,0,0.0,202,100.0,24.9,115.691,41.972,43.602,1040.61,30.098,746.44,1.62,40.06,10.253,254.11,62.5,63.6,61.7,62.3,63.6,88.4,7.1,49.0,3812.0,3816,199
b1e1a7b8-65ec7612,Statues-200,0.667486720652934,0.49640391107502485,0.9769134826655022,0.3587912173412383,1860,1382,1268,114,592,200,2,0.99,0,2,0.0,0.99,0,0.0,0,0.0,200,99.01,24.66,114.572,41.708,43.59,1024.96,29.888,734.68,1.615,39.56,10.206,250.72,62.2,63.6,61.8,62.5,63.6,78.0,7.1,49.0,3813.0,3819,197
b1e1a7b8-65ec7612,Statues-500,0.6674925440357682,0.495766821132798,0.9769226060752966,0.35880327715792915,1860,1382,1268,114,592,199,3,1.49,0,3,0.0,1.49,0,0.0,0,0.0,199,98.51,24.6,114.209,41.695,43.602,1024.84,29.854,734.08,1.616,39.58,10.224,251.18,62.5,63.8,61.9,62.7,63.8,77.6,7.1,48.8,3811.0,3819,198
b1e1a7b8-a7426a97,Statues-25,0.6408475304044534,0.5080076321862289,0.9942475973930199,0.33146093756911454,1838,1230,1184,46,654,203,0,0.0,0,0,0.0,0.0,0,0.0,0,0.0,203,100.0,24.84,115.696,41.959,43.988,1042.33,30.077,747.4,1.614,39.92,10.268,255.01,62.4,63.8,61.9,62.6,63.8,85.7,7.2,49.3,3813.0,3817,200
b1e1a7b8-a7426a97,Statues-75,0.6408475304044534,0.5080076321862289,0.9942475973930199,0.33146093756911454,1838,1230,1184,46,654,203,0,0.0,0,0,0.0,0.0,0,0.0,0,0.0,203,100.0,24.79,115.449,42.09,43.988,1039.72,30.184,745.93,1.619,39.83,10.287,253.96,62.5,63.7,61.8,62.7,63.7,80.6,7.1,49.2,3815.0,3819,196
b1e1a7b8-a7426a97,Statues-200,0.6408475304044534,0.5080076321862289,0.9942475973930199,0.33146093756911454,1838,1230,1184,46,654,203,0,0.0,0,0,0.0,0.0,0,0.0,0,0.0,203,100.0,24.74,115.288,42.045,43.988,1036.06,30.16,743.61,1.614,39.59,10.27,252.86,62.4,63.7,61.8,62.5,63.6,82.6,7.2,49.5,3819.0,3823,199
b1e1a7b8-a7426a97,Statues-500,0.6408475304044534,0.5080076321862289,0.9942475973930199,0.33146093756911454,1838,1230,1184,46,654,203,0,0.0,0,0,0.0,0.0,0,0.0,0,0.0,203,100.0,24.6,114.889,42.312,43.988,1037.73,30.371,745.18,1.612,39.38,10.329,253.17,62.7,63.9,62.1,62.9,63.9,84.7,6.9,49.7,3817.0,3822,201
b1e1a7b8-b397c445,Statues-25,0.5587918747941475,0.43641955840032354,0.9824445507317504,0.29839017063897,1561,958,886,72,675,202,0,0.0,0,0,0.0,0.0,0,0.0,0,0.0,202,100.0,24.46,114.667,42.318,44.088,1031.54,30.371,740.7,1.615,39.18,10.332,251.66,62.7,63.8,62.1,62.9,63.8,79.6,7.0,49.7,3818.0,3826,197
b1e1a7b8-b397c445,Statues-75,0.5587918747941475,0.43641955840032354,0.9824445507317504,0.29839017063897,1561,958,886,72,675,202,0,0.0,0,0,0.0,0.0,0,0.0,0,0.0,202,100.0,24.61,115.114,42.257,43.988,1035.24,30.317,742.98,1.612,39.35,10.328,252.92,62.9,64.1,62.1,62.9,64.1,86.9,7.2,49.5,3816.0,3823,197
b1e1a7b8-b397c445,Statues-200,0.5587918747941475,0.43641955840032354,0.9824445507317504,0.29839017063897,1561,958,886,72,675,202,0,0.0,0,0,0.0,0.0,0,0.0,0,0.0,202,100.0,24.56,114.958,42.148,44.001,1032.66,30.247,741.28,1.608,39.29,10.293,252.1,62.6,64.0,62.2,62.8,64.0,77.4,7.1,49.7,3825.0,3831,197
b1e1a7b8-b397c445,Statues-500,0.5587918747941475,0.43641955840032354,0.9824445507317504,0.29839017063897,1561,958,886,72,675,202,0,0.0,0,0,0.0,0.0,0,0.0,0,0.0,202,100.0,24.61,115.278,42.061,43.988,1032.51,30.155,740.55,1.61,39.38,10.295,252.59,62.7,64.0,62.1,62.8,64.0,72.1,7.1,49.4,3820.0,3827,199
b1e2346e-c5f98707,Statues-25,0.391584213250352,0.3204817750985501,0.9964129577169599,0.1991962096491713,369,147,145,2,224,140,0,0.0,0,0,0.0,0.0,0,0.0,0,0.0,140,100.0,16.92,114.817,42.004,44.386,710.84,30.085,509.58,1.622,27.24,10.297,174.01,62.7,63.8,62.0,62.7,63.8,74.5,7.2,48.6,3827.0,3830,136
b1e2346e-c5f98707,Statues-75,0.391584213250352,0.3204817750985501,0.9964129577169599,0.1991962096491713,369,147,145,2,224,140,0,0.0,0,0,0.0,0.0,0,0.0,0,0.0,140,100.0,16.9,114.788,42.083,44.386,706.68,30.153,506.67,1.61,26.89,10.321,173.11,62.8,64.0,62.0,62.7,64.0,83.8,7.3,48.8,3830.0,3833,135
b1e2346e-c5f98707,Statues-200,0.3765055189429334,0.3078747832085087,0.9780117226539331,0.1950120852559877,369,148,142,6,227,138,2,1.43,0,2,0.0,1.43,0,0.0,0,0.0,138,98.57,16.7,113.133,41.873,44.001,699.09,29.994,501.12,1.607,26.71,10.272,171.27,62.6,63.9,62.0,62.6,63.9,66.3,7.2,48.6,3829.0,3834,134
b1e2346e-c5f98707,Statues-500,0.3644686199208186,0.2981236465007794,0.9960977637898359,0.18562696575870868,369,137,135,2,234,134,6,4.29,0,6,0.0,4.29,0,0.0,0,0.0,134,95.71,16.14,109.573,42.191,44.486,677.51,30.255,486.16,1.611,25.73,10.325,165.62,62.7,63.9,62.1,63.0,63.9,86.5,7.0,48.9,3827.0,3832,129
b1e3e9f5-92377424,Statues-25,0.8446609306812309,0.6808594597395639,0.9891124437584814,0.44689939084284147,3358,3056,2863,193,495,201,2,0.99,0,2,0.0,0.99,0,0.0,0,0.0,201,99.01,25.07,115.715,41.589,43.489,1040.2,29.784,744.99,1.612,40.28,10.194,254.94,62.8,64.0,62.2,62.8,64.0,83.3,7.2,48.6,3826.0,3830,205
b1e3e9f5-92377424,Statues-75,0.827255605980932,0.6617420834239243,0.9810343086753397,0.44212711481148076,3358,3058,2826,232,532,171,32,15.76,0,32,0.0,15.76,0,0.0,0,0.0,171,84.24,21.68,99.016,40.718,43.103,882.68,29.047,630.0,1.643,35.45,10.028,217.23,62.1,63.7,62.0,62.8,63.7,65.0,7.2,47.3,3826.0,3833,176
b1e3e9f5-92377424,Statues-200,0.7802454178038817,0.6111303347467701,0.9620568146580517,0.4374465493807364,3358,3120,2707,413,651,126,77,37.93,0,77,0.0,37.93,0,0.0,0,0.0,126,62.07,16.51,74.014,39.77,43.401,656.64,28.195,466.11,1.689,27.61,9.886,162.93,61.9,63.3,61.8,62.7,63.3,65.0,7.4,45.7,3826.0,3833,132
b1e3e9f5-92377424,Statues-500,0.7247813080698534,0.5833205535967321,0.9363721465197176,0.40355981892227477,3358,2983,2589,394,769,115,88,43.35,0,88,0.0,43.35,0,0.0,0,0.0,115,56.65,15.22,67.848,40.232,43.489,609.1,28.583,432.99,1.68,25.28,9.969,150.84,61.9,63.6,61.5,62.2,63.6,86.1,7.2,45.9,3821.0,3827,123
b1e62c91-eca210a9,Statues-25,0.5878760076716949,0.45863871619009416,0.9875306948187704,0.3094462896039096,1571,992,934,58,637,181,0,0.0,0,0,0.0,0.0,0,0.0,0,0.0,181,100.0,21.87,114.782,42.419,44.101,925.34,30.472,664.91,1.613,35.08,10.334,225.34,62.4,63.7,61.6,62.5,63.7,83.4,7.1,49.7,3822.0,3826,176
b1e62c91-eca210a9,Statues-75,0.5878760076716949,0.45863871619009416,0.9875306948187704,0.3094462896039096,1571,992,934,58,637,181,0,0.0,0,0,0.0,0.0,0,0.0,0,0.0,181,100.0,22.04,115.409,42.018,44.088,922.57,30.123,661.5,1.612,35.33,10.283,225.75,62.4,63.8,61.9,62.7,63.8,76.5,7.0,49.3,3816.0,3819,179
b1e62c91-eca210a9,Statues-200,0.5878760076716949,0.45863871619009416,0.9875306948187704,0.3094462896039096,1571,992,934,58,637,181,0,0.0,0,0,0.0,0.0,0,0.0,0,0.0,181,100.0,21.94,115.114,42.259,44.499,925.89,30.333,664.96,1.613,35.17,10.313,225.76,62.6,64.0,62.0,62.7,64.0,79.1,7.3,49.5,3829.0,3834,174
b1e62c91-eca210a9,Statues-500,0.5878760076716949,0.45863871619009416,0.9875306948187704,0.3094462896039096,1571,992,934,58,637,180,1,0.55,0,1,0.0,0.55,0,0.0,0,0.0,180,99.45,21.92,114.756,42.171,44.001,920.02,30.247,659.94,1.61,35.06,10.314,225.02,62.8,63.9,62.3,63.0,63.9,80.9,7.2,49.4,3832.0,3836,175
b1e6efc0-2552cc5d,Statues-25,0.5944064139925247,0.4555224900730169,0.9754175868775596,0.3231765011102378,884,593,537,56,347,203,0,0.0,0,0,0.0,0.0,0,0.0,0,0.0,203,100.0,24.65,114.649,42.31,44.101,1041.04,30.368,747.44,1.612,39.55,10.33,254.05,62.9,64.2,62.3,63.1,64.2,81.6,7.1,49.8,3829.0,3832,199
b1e6efc0-2552cc5d,Statues-75,0.583071355282966,0.4475618782729637,0.9734789782674742,0.32196325150893146,884,593,527,66,357,188,15,7.39,0,15,0.0,7.39,0,0.0,0,0.0,188,92.61,22.83,106.346,42.391,44.088,964.1,30.431,692.38,1.616,36.58,10.345,235.14,62.9,64.1,62.3,63.0,64.2,89.4,6.8,49.8,3843.0,3847,188
b1e6efc0-2552cc5d,Statues-200,0.5759997499818539,0.4404609888125532,0.9581174676497484,0.327069276822199,884,619,527,92,357,180,23,11.33,0,23,0.0,11.33,0,0.0,0,0.0,180,88.67,21.91,101.896,42.154,44.088,924.53,30.228,663.31,1.621,35.36,10.305,225.87,62.9,64.1,62.3,63.1,64.1,80.2,6.8,49.7,3846.0,3848,181
b1e6efc0-2552cc5d,Statues-500,0.596714150291469,0.44776061011633955,0.9655927880137428,0.3328428947636438,884,622,543,79,341,173,30,14.78,0,30,0.0,14.78,0,0.0,0,0.0,173,85.22,21.23,98.193,42.163,44.088,892.42,30.224,639.96,1.625,34.24,10.314,218.22,62.9,64.1,62.2,63.0,64.1,85.2,7.2,49.4,3833.0,3844,171
b1e88fd2-c1e4fd2b,Statues-25,0.5403747385210107,0.38167736247653977,0.994724817726508,0.2762314132083855,1241,691,674,17,567,192,1,0.52,0,1,0.0,0.52,0,0.0,0,0.0,192,99.48,23.16,113.97,42.422,44.486,975.79,30.461,700.63,1.605,36.9,10.355,238.26,62.8,64.1,62.3,63.0,64.1,80.7,6.9,50.2,3839.0,3843,185
b1e88fd2-c1e4fd2b,Statues-75,0.539566904159798,0.38098137896995116,0.9947127368198038,0.27582477898842683,1241,690,673,17,568,190,3,1.55,0,3,0.0,1.55,0,0.0,0,0.0,190,98.45,23.02,112.939,42.329,44.088,970.25,30.394,696.9,1.614,36.86,10.321,236.49,62.8,64.2,62.2,62.9,64.2,86.8,7.1,49.8,3835.0,3845,186
b1e88fd2-c1e4fd2b,Statues-200,0.534147563756988,0.3698597280772965,0.9918649813667919,0.2752243901757393,1241,692,668,24,573,184,9,4.66,0,9,0.0,4.66,0,0.0,0,0.0,184,95.34,22.4,109.633,42.089,43.988,943.19,30.186,676.84,1.614,35.99,10.288,230.35,62.9,64.0,62.2,62.9,64.0,79.1,7.2,49.4,3836.0,3840,180
b1e88fd2-c1e4fd2b,Statues-500,0.5072217222157759,0.35325194853329983,0.9781291002712338,0.2648907427596341,1241,680,643,37,598,177,16,8.29,0,16,0.0,8.29,0,0.0,0,0.0,177,91.71,21.55,105.434,42.127,44.001,906.46,30.203,650.28,1.627,34.83,10.297,221.35,62.9,64.2,62.2,62.9,64.2,83.9,7.1,49.2,3835.0,3838,173
b1e8ad72-c3c79240,Statues-25,0.6876835142173106,0.584752445529846,0.9987491929057956,0.34953140028183083,979,685,674,11,305,202,1,0.49,0,1,0.0,0.49,0,0.0,0,0.0,202,99.51,24.48,114.212,42.318,44.088,1033.44,30.375,742.06,1.611,39.18,10.332,252.2,62.9,64.1,62.2,62.9,64.1,82.8,7.3,49.8,3831.0,3837,196
b1e8ad72-c3c79240,Statues-75,0.6876835142173106,0.584752445529846,0.9987491929057956,0.34953140028183083,979,685,674,11,305,202,1,0.49,0,1,0.0,0.49,0,0.0,0,0.0,202,99.51,24.45,114.126,42.353,44.088,1035.23,30.415,743.81,1.611,39.18,10.327,252.23,62.9,64.4,62.3,63.2,64.4,80.6,7.1,49.9,3836.0,3843,197
b1e8ad72-c3c79240,Statues-200,0.6876835142173106,0.584752445529846,0.9987491929057956,0.34953140028183083,979,685,674,11,305,202,1,0.49,0,1,0.0,0.49,0,0.0,0,0.0,202,99.51,24.48,114.247,42.304,43.988,1035.56,30.349,743.32,1.612,39.28,10.343,252.95,63.1,64.2,62.4,63.1,64.2,79.1,7.2,49.7,3847.0,3849,198
b1e8ad72-c3c79240,Statues-500,0.6678989821070956,0.5587612617253401,0.9844109011255879,0.3455946807708625,979,691,664,27,315,190,13,6.4,0,13,0.0,6.4,0,0.0,0,0.0,190,93.6,23.11,107.671,42.352,44.088,972.46,30.403,698.15,1.616,37.05,10.333,237.26,63.2,64.4,62.5,63.1,64.4,88.2,7.2,49.6,3839.0,3851,183
b1e9ee0e-67e26f2e,Statues-25,0.5843840575096666,0.37369408118408315,0.9187178851478494,0.35197395135786347,4556,3654,2849,805,1707,118,85,41.87,0,85,0.0,41.87,0,0.0,0,0.0,118,58.13,15.46,69.64,40.042,43.091,617.82,28.343,437.65,1.723,26.42,9.977,153.75,62.9,64.1,62.3,62.9,64.1,77.9,7.3,45.1,3840.0,3843,125
b1e9ee0e-67e26f2e,Statues-75,0.572159481526811,0.35348948533511126,0.8922637279765995,0.348638889270657,4556,3769,2872,897,1684,28,175,86.21,0,175,0.0,86.21,0,0.0,0,0.0,28,13.79,5.14,19.645,31.398,42.593,157.24,20.674,103.8,2.06,10.14,8.663,43.3,60.4,62.8,61.1,61.6,62.8,59.4,8.0,30.1,3847.0,3850,40
b1e9ee0e-67e26f2e,Statues-200,0.4849492176059312,0.3105718272641659,0.888192506410354,0.30286769074516723,4556,3316,2427,889,2129,20,183,90.15,0,183,0.0,90.15,0,0.0,0,0.0,20,9.85,4.22,15.144,28.521,42.605,119.09,18.187,76.44,2.155,8.71,8.18,33.94,59.2,61.9,60.1,60.9,61.9,56.1,8.3,24.8,3852.0,3855,34
b1e9ee0e-67e26f2e,Statues-500,0.4845151014638215,0.31012860448063656,0.8884499569252439,0.30262033025410034,4556,3312,2424,888,2132,19,184,90.64,0,184,0.0,90.64,0,0.0,0,0.0,19,9.36,4.06,14.428,28.398,42.094,113.24,18.071,72.53,2.209,8.53,8.119,32.17,58.5,61.4,59.5,60.0,61.4,55.5,8.2,24.2,3850.0,3853,31
b1ea0ae4-4f770228,Statues-25,0.8660103185793904,0.739315574991124,0.9967831732034126,0.4430406243925778,1598,1423,1388,35,210,200,0,0.0,0,0,0.0,0.0,0,0.0,0,0.0,200,100.0,24.32,115.011,42.191,43.988,1021.19,30.271,732.65,1.616,39.1,10.305,249.44,61.5,62.8,60.7,61.7,62.8,82.8,6.9,49.7,3853.0,3856,203
b1ea0ae4-4f770228,Statues-75,0.8660103185793904,0.739315574991124,0.9967831732034126,0.4430406243925778,1598,1423,1388,35,210,200,0,0.0,0,0,0.0,0.0,0,0.0,0,0.0,200,100.0,24.46,115.323,42.048,43.988,1023.49,30.17,734.44,1.608,39.09,10.269,249.96,62.0,63.6,61.3,62.2,63.3,83.4,7.2,49.5,3853.0,3857,199
b1ea0ae4-4f770228,Statues-200,0.8660103185793904,0.739315574991124,0.9967831732034126,0.4430406243925778,1598,1423,1388,35,210,200,0,0.0,0,0,0.0,0.0,0,0.0,0,0.0,200,100.0,24.43,115.374,41.996,43.988,1024.98,30.11,735.06,1.619,39.41,10.267,250.51,62.3,63.8,61.7,62.4,63.8,82.6,7.2,49.4,3872.0,3889,198
b1ea0ae4-4f770228,Statues-500,0.8660103185793904,0.739315574991124,0.9967831732034126,0.4430406243925778,1598,1423,1388,35,210,200,0,0.0,0,0,0.0,0.0,0,0.0,0,0.0,200,100.0,24.5,115.535,42.084,43.988,1030.28,30.193,739.47,1.61,39.28,10.281,251.53,62.7,63.9,62.0,62.7,63.9,86.1,7.2,49.3,3887.0,3892,198
b1eb9133-5cc75c18,Statues-25,0.40539510737281675,0.270675746423599,0.9619892545528863,0.2220306627297888,567,267,238,29,329,121,0,0.0,0,0,0.0,0.0,0,0.0,0,0.0,121,100.0,14.73,114.941,41.733,43.988,614.78,29.861,440.13,1.619,23.76,10.253,150.9,62.6,64.0,62.0,62.9,64.0,80.6,7.0,47.8,3887.0,3890,117
b1eb9133-5cc75c18,Statues-75,0.40539510737281675,0.270675746423599,0.9619892545528863,0.2220306627297888,567,267,238,29,329,121,0,0.0,0,0,0.0,0.0,0,0.0,0,0.0,121,100.0,14.7,114.785,42.024,43.988,615.02,30.098,440.69,1.612,23.49,10.313,150.84,62.8,63.8,62.1,62.9,63.8,89.3,7.2,48.2,3885.0,3893,119
b1eb9133-5cc75c18,Statues-200,0.40539510737281675,0.270675746423599,0.9619892545528863,0.2220306627297888,567,267,238,29,329,121,0,0.0,0,0,0.0,0.0,0,0.0,0,0.0,121,100.0,14.76,115.103,41.655,44.001,615.14,29.818,440.6,1.612,23.68,10.225,150.86,62.6,63.9,62.1,62.8,63.9,78.8,7.2,47.9,3885.0,3889,120
b1eb9133-5cc75c18,Statues-500,0.40539510737281675,0.270675746423599,0.9619892545528863,0.2220306627297888,567,267,238,29,329,121,0,0.0,0,0,0.0,0.0,0,0.0,0,0.0,121,100.0,14.73,114.92,41.808,44.001,615.81,29.929,441.07,1.616,23.68,10.263,151.05,62.7,63.8,62.1,62.8,63.8,76.7,7.1,47.9,3886.0,3889,120
b1ebfc3c-740ec84a,Statues-25,0.5711583196553527,0.417543701673866,0.9972220083171224,0.2916711860191955,2272,1331,1301,30,971,202,1,0.49,0,1,0.0,0.49,0,0.0,0,0.0,202,99.51,24.65,114.623,42.255,44.002,1036.3,30.336,744.08,1.606,39.34,10.313,252.88,62.9,64.1,62.4,63.1,64.1,84.8,7.0,49.6,3885.0,3888,200
b1ebfc3c-740ec84a,Statues-75,0.5698182459715757,0.4166049792453891,0.9971811725628069,0.29099341909893095,2272,1328,1298,30,974,200,3,1.48,0,3,0.0,1.48,0,0.0,0,0.0,200,98.52,24.5,113.852,42.176,44.088,1028.85,30.254,737.89,1.61,39.28,10.313,251.69,63.2,64.4,62.5,63.3,64.4,81.9,7.1,49.4,3886.0,3889,206
b1ebfc3c-740ec84a,Statues-200,0.562833136268114,0.4116294205924086,0.9972431935552075,0.28752100062263825,2272,1312,1282,30,990,188,15,7.39,0,15,0.0,7.39,0,0.0,0,0.0,188,92.61,23.06,107.052,41.961,44.001,963.25,30.06,690.41,1.635,37.37,10.266,235.48,63.1,64.4,62.6,63.2,64.4,82.1,7.1,49.0,3887.0,3894,186
b1ebfc3c-740ec84a,Statues-500,0.5575494431909931,0.4055394443616577,0.9972117875270509,0.2848798076923077,2272,1300,1270,30,1002,184,19,9.36,0,19,0.0,9.36,0,0.0,0,0.0,184,90.64,22.78,105.419,41.593,43.988,947.22,29.747,677.79,1.629,36.92,10.218,232.51,63.1,64.3,62.6,63.2,64.4,77.7,7.1,48.5,3890.0,3894,183
b1ebfc3c-cc9c2bb8,Statues-25,0.601851783149829,0.44759934953928304,0.9863818761091729,0.31542762095237403,1849,1192,1127,65,722,202,0,0.0,0,0,0.0,0.0,0,0.0,0,0.0,202,100.0,24.64,115.099,42.137,44.088,1035.85,30.223,743.17,1.61,39.47,10.303,253.21,63.1,64.5,62.5,63.2,64.5,77.7,7.2,49.6,3894.0,3898,198
b1ebfc3c-cc9c2bb8,Statues-75,0.601851783149829,0.44759934953928304,0.9863818761091729,0.31542762095237403,1849,1192,1127,65,722,202,0,0.0,0,0,0.0,0.0,0,0.0,0,0.0,202,100.0,24.65,115.164,42.194,44.088,1034.95,30.27,742.64,1.61,39.4,10.313,252.92,63.2,64.3,62.5,63.1,64.3,81.6,7.1,49.6,3894.0,3900,198
b1ebfc3c-cc9c2bb8,Statues-200,0.600808312564941,0.44639149511319076,0.986416854245697,0.31491335311842417,1849,1190,1125,65,724,198,4,1.98,0,4,0.0,1.98,0,0.0,0,0.0,198,98.02,24.24,113.149,41.944,44.088,1013.18,30.04,725.86,1.613,38.82,10.291,248.49,63.2,64.3,62.6,63.4,64.3,80.0,7.1,49.3,3896.0,3900,194
b1ebfc3c-cc9c2bb8,Statues-500,0.5993334067079448,0.44420742731282453,0.9857671909980753,0.31409097282542386,1849,1188,1123,65,726,194,8,3.96,0,8,0.0,3.96,0,0.0,0,0.0,194,96.04,23.74,110.784,42.03,43.988,997.13,30.136,715.31,1.615,38.15,10.278,243.68,63.1,64.2,62.5,63.1,64.3,82.0,7.1,49.3,3893.0,3897,190
b1ee702d-0ae1fc10,Statues-25,0.48497151948807005,0.34887133288505645,0.9711206189719633,0.2634046692607004,1400,771,697,74,703,203,0,0.0,0,0,0.0,0.0,0,0.0,0,0.0,203,100.0,24.61,114.496,42.495,43.988,1042.73,30.526,749.18,1.608,39.38,10.362,254.17,63.3,64.3,62.5,63.2,64.3,85.6,7.1,49.8,3894.0,3897,202
b1ee702d-0ae1fc10,Statues-75,0.48497151948807005,0.34887133288505645,0.9711206189719633,0.2634046692607004,1400,771,697,74,703,203,0,0.0,0,0,0.0,0.0,0,0.0,0,0.0,203,100.0,24.71,114.786,42.27,44.088,1040.78,30.339,747.15,1.606,39.47,10.325,254.16,63.2,64.4,62.4,63.1,64.4,82.3,7.1,49.6,3897.0,3901,196
b1ee702d-0ae1fc10,Statues-200,0.4435329808110902,0.31941742246709465,0.938227147896212,0.2512460626273856,1400,771,658,113,742,191,12,5.91,0,12,0.0,5.91,0,0.0,0,0.0,191,94.09,23.28,108.058,42.01,44.001,974.17,30.109,698.33,1.612,37.27,10.289,238.56,63.0,64.1,62.4,63.2,64.1,69.9,7.4,49.5,3892.0,3899,188
b1ee702d-0ae1fc10,Statues-500,0.3569457174188586,0.26193101515112654,0.8790213067641675,0.2242489634376178,1400,758,556,202,844,169,34,16.75,0,34,0.0,16.75,0,0.0,0,0.0,169,83.25,20.71,95.709,41.859,43.988,862.56,29.983,617.95,1.626,33.42,10.251,211.19,63.0,64.2,62.5,63.4,64.0,78.9,7.1,48.9,3894.0,3898,165
b1ee702d-4a193906,Statues-25,0.23582935183760823,0.17676441040021712,0.981771330385095,0.1250535946088998,1622,417,389,28,1233,203,0,0.0,0,0,0.0,0.0,0,0.0,0,0.0,203,100.0,24.41,114.231,42.594,44.486,1035.74,30.6,744.41,1.607,38.91,10.388,252.42,63.3,64.5,62.7,63.3,64.5,81.0,7.2,50.2,3893.0,3897,195
b1ee702d-4a193906,Statues-75,0.23582935183760823,0.17676441040021712,0.981771330385095,0.1250535946088998,1622,417,389,28,1233,203,0,0.0,0,0,0.0,0.0,0,0.0,0,0.0,203,100.0,24.3,114.033,42.649,44.486,1032.9,30.649,742.45,1.606,38.8,10.393,251.65,63.3,64.6,62.8,63.4,64.6,80.6,7.3,50.5,3892.0,3898,197
b1ee702d-4a193906,Statues-200,0.2162777624725505,0.15124895516691192,0.9308544796473945,0.1205935904675202,1622,428,376,52,1246,193,10,4.93,0,10,0.0,4.93,0,0.0,0,0.0,193,95.07,23.23,108.765,42.426,44.486,984.83,30.436,706.61,1.612,37.34,10.378,240.87,63.5,64.8,62.8,63.7,64.6,78.7,7.2,50.0,3891.0,3895,185
b1ee702d-4a193906,Statues-500,0.19194955974393507,0.12780713567179877,0.90066824878527,0.10766378129860152,1622,398,345,53,1277,176,27,13.3,0,27,0.0,13.3,0,0.0,0,0.0,176,86.7,21.27,99.302,42.215,44.486,892.76,30.263,640.21,1.618,34.12,10.333,218.43,63.5,64.8,63.0,64.0,64.8,82.6,7.2,49.5,3893.0,3896,168
b1f022d3-45162c67,Statues-25,0.627535766891037,0.4994256093979228,0.9954868514622882,0.32475258606566015,1373,898,865,33,508,140,62,30.69,0,62,0.0,30.69,0,0.0,0,0.0,140,69.31,17.72,80.961,40.816,43.988,722.54,29.028,514.24,1.668,29.32,10.12,178.98,63.2,64.6,62.9,63.7,64.6,79.1,7.2,47.5,3884.0,3897,142
b1f022d3-45162c67,Statues-75,0.5966752454913792,0.47595014119778833,0.9877441664611795,0.3093801421596396,1373,864,829,35,544,127,75,37.13,0,75,0.0,37.13,0,0.0,0,0.0,127,62.87,16.26,73.779,40.933,43.988,663.24,29.163,472.86,1.66,26.72,10.11,163.66,63.1,64.3,62.7,63.3,64.3,78.4,7.4,47.1,3888.0,3892,130
b1f022d3-45162c67,Statues-200,0.5941031294923056,0.46435192667304365,0.9823394680891808,0.32827608182434637,1373,928,826,102,547,121,81,40.1,0,81,0.0,40.1,0,0.0,0,0.0,121,59.9,15.61,70.648,40.368,43.988,631.46,28.67,449.08,1.676,25.9,10.022,156.47,62.8,64.4,62.5,63.3,64.4,75.3,7.4,46.4,3889.0,3892,124
b1f022d3-45162c67,Statues-500,0.5889535275955214,0.4579837678783873,0.9695655568072851,0.3269924532395283,1373,940,830,110,543,117,85,42.08,0,85,0.0,42.08,0,0.0,0,0.0,117,57.92,15.1,68.188,40.416,43.489,608.97,28.713,433.19,1.678,25.01,10.025,150.77,62.5,64.4,62.2,62.9,64.4,71.8,7.2,46.5,3890.0,3896,121
b1f0efd9-37a14dda,Statues-25,0.7435311654173996,0.5911931046148108,0.9882711167057276,0.3991038075570727,1667,1356,1251,105,416,190,13,6.4,0,13,0.0,6.4,0,0.0,0,0.0,190,93.6,23.24,107.698,42.06,43.988,972.36,30.155,697.39,1.614,37.18,10.291,237.79,63.0,64.4,62.4,63.2,64.4,79.4,7.1,49.2,3890.0,3894,185
b1f0efd9-37a14dda,Statues-75,0.7378940990468122,0.5850215607303866,0.9859719539035123,0.3977757138329151,1667,1357,1244,113,423,180,23,11.33,0,23,0.0,11.33,0,0.0,0,0.0,180,88.67,22.06,102.154,41.928,43.988,924.21,30.027,662.02,1.628,35.78,10.273,226.41,63.1,64.2,62.6,63.3,64.2,79.4,7.0,49.2,3889.0,3894,180
b1f0efd9-37a14dda,Statues-200,0.7176287620319878,0.5726193559418918,0.9862877333098254,0.38439726242394534,1667,1311,1210,101,457,160,43,21.18,0,43,0.0,21.18,0,0.0,0,0.0,160,78.82,19.99,91.562,41.355,43.988,824.81,29.53,589.36,1.649,32.7,10.176,202.75,63.0,64.5,62.5,63.2,64.5,73.8,7.2,48.0,3898.0,3900,162
b1f0efd9-37a14dda,Statues-500,0.6456099892389473,0.5217774048705464,0.9534160828459212,0.3631963737321396,1667,1307,1121,186,546,142,61,30.05,0,61,0.0,30.05,0,0.0,0,0.0,142,69.95,17.83,81.48,41.416,43.988,735.84,29.565,525.83,1.655,29.13,10.197,180.88,62.9,64.3,62.4,63.0,64.3,76.0,7.3,48.1,3894.0,3898,141
b1f0efd9-e900c6e5,Statues-25,0.7452374804182846,0.5975429947565762,0.9915216226236772,0.3908049436595873,2006,1590,1506,84,500,202,0,0.0,0,0,0.0,0.0,0,0.0,0,0.0,202,100.0,24.53,114.722,42.275,44.088,1034.51,30.337,742.52,1.61,39.31,10.328,252.68,63.1,64.3,62.5,63.2,64.3,79.9,6.8,49.7,3896.0,3901,200
b1f0efd9-e900c6e5,Statues-75,0.7452374804182846,0.5975429947565762,0.9915216226236772,0.3908049436595873,2006,1590,1506,84,500,202,0,0.0,0,0,0.0,0.0,0,0.0,0,0.0,202,100.0,24.71,115.216,42.034,43.988,1035.31,30.129,742.34,1.618,39.69,10.287,253.29,63.1,64.3,62.5,63.2,64.3,76.0,7.1,49.3,3891.0,3897,198
b1f0efd9-e900c6e5,Statues-200,0.7452374804182846,0.5975429947565762,0.9915216226236772,0.3908049436595873,2006,1590,1506,84,500,202,0,0.0,0,0,0.0,0.0,0,0.0,0,0.0,202,100.0,24.76,115.528,41.868,44.088,1035.76,29.995,742.29,1.608,39.64,10.265,253.83,63.0,64.2,62.5,63.0,64.2,76.5,7.0,49.2,3891.0,3894,199
b1f0efd9-e900c6e5,Statues-500,0.7452374804182846,0.5975429947565762,0.9915216226236772,0.3908049436595873,2006,1590,1506,84,500,202,0,0.0,0,0,0.0,0.0,0,0.0,0,0.0,202,100.0,24.6,114.934,42.222,43.988,1033.79,30.291,741.87,1.613,39.37,10.317,252.55,63.1,64.4,62.6,63.2,64.4,81.8,7.1,49.6,3896.0,3900,195
b1f20aa0-3401c3bf,Statues-25,0.3675395120791103,0.2794048058234263,0.9965259935897388,0.18667829617177834,2050,769,756,13,1294,159,43,21.29,0,43,0.0,21.29,0,0.0,0,0.0,159,78.71,19.49,90.839,41.818,44.088,811.49,29.917,580.65,1.649,31.91,10.252,198.92,62.9,64.1,62.4,63.2,64.1,82.6,7.3,48.6,3895.0,3900,154
b1f20aa0-3401c3bf,Statues-75,0.38999908046086373,0.29232643375125,0.9967832036000535,0.19791351189585518,2050,815,802,13,1248,156,46,22.77,0,46,0.0,22.77,0,0.0,0,0.0,156,77.23,19.15,89.239,41.642,44.486,796.61,29.754,569.65,1.641,31.17,10.248,195.79,62.9,64.2,62.4,63.1,64.2,86.6,7.1,48.3,3892.0,3897,156
b1f20aa0-3401c3bf,Statues-200,0.3889153546642151,0.29099925463501986,0.9964831876329115,0.1975681668364595,2050,814,800,14,1250,151,51,25.25,0,51,0.0,25.25,0,0.0,0,0.0,151,74.75,18.59,86.422,41.628,44.088,770.76,29.743,550.79,1.643,30.36,10.242,189.62,62.8,64.1,62.3,62.8,64.1,85.6,7.2,48.2,3899.0,3904,150
b1f20aa0-3401c3bf,Statues-500,0.3621838901757888,0.24093243131124153,0.9858596021308581,0.18567387477998493,2050,776,753,23,1297,139,63,31.19,0,63,0.0,31.19,0,0.0,0,0.0,139,68.81,17.12,79.532,41.634,44.486,711.51,29.732,508.44,1.658,28.17,10.243,174.9,62.9,64.0,62.1,62.8,64.0,87.8,6.9,48.0,3901.0,3914,139
b1f20aa0-50213047,Statues-25,0.1550215470898773,0.09682631869902722,0.9424529522341089,0.08116842630310084,1046,184,172,12,874,172,31,15.27,0,31,0.0,15.27,0,0.0,0,0.0,172,84.73,20.96,96.779,41.885,43.988,878.37,30.021,629.91,1.623,33.87,10.241,214.59,62.5,64.1,62.2,63.0,64.1,77.6,7.2,49.1,3903.0,3910,169
b1f20aa0-50213047,Statues-75,0.15207723261495543,0.09451466268383141,0.9465916437421696,0.07961694991294316,1046,179,168,11,878,148,55,27.09,0,55,0.0,27.09,0,0.0,0,0.0,148,72.91,18.25,83.608,41.474,44.088,753.71,29.653,539.18,1.628,29.44,10.192,185.08,62.6,64.0,62.2,63.0,64.0,76.0,7.1,48.2,3906.0,3911,145
b1f20aa0-50213047,Statues-200,0.1474822034206622,0.09027864897143474,0.9403108783394196,0.07756279332522162,1046,176,164,12,882,124,79,38.92,0,79,0.0,38.92,0,0.0,0,0.0,124,61.08,15.58,70.651,40.925,43.988,634.66,29.178,452.73,1.627,25.13,10.12,156.8,62.5,63.8,62.2,62.9,63.7,82.2,7.2,46.7,3908.0,3911,124
b1f20aa0-50213047,Statues-500,0.14526436335006798,0.08580825487152707,0.9038862992936603,0.07723336162206931,1046,187,168,19,878,86,117,57.64,0,117,0.0,57.64,0,0.0,0,0.0,86,42.36,11.3,50.026,39.565,43.103,443.99,27.928,313.48,1.752,19.62,9.886,110.89,62.2,63.4,62.0,62.8,63.5,77.8,7.1,43.7,3909.0,3912,90
b1f20aa0-6ef1db42,Statues-25,0.3813076811788789,0.2830813092933325,0.9816608428871896,0.20115344378496092,2129,880,826,54,1303,202,0,0.0,0,0,0.0,0.0,0,0.0,0,0.0,202,100.0,24.23,114.368,42.648,44.486,1032.27,30.664,742.43,1.605,38.73,10.379,251.11,62.9,64.0,62.2,62.9,64.0,84.8,7.1,50.3,3903.0,3913,194
b1f20aa0-6ef1db42,Statues-75,0.3813076811788789,0.2830813092933325,0.9816608428871896,0.20115344378496092,2129,880,826,54,1303,202,0,0.0,0,0,0.0,0.0,0,0.0,0,0.0,202,100.0,24.23,114.509,42.536,44.486,1024.97,30.531,735.91,1.613,38.75,10.392,250.3,63.1,64.3,62.4,63.2,64.3,78.7,7.4,50.2,3898.0,3905,192
b1f20aa0-6ef1db42,Statues-200,0.3813076811788789,0.2830813092933325,0.9816608428871896,0.20115344378496092,2129,880,826,54,1303,202,0,0.0,0,0,0.0,0.0,0,0.0,0,0.0,202,100.0,24.29,114.619,42.434,44.486,1028.94,30.44,738.42,1.611,38.91,10.382,251.61,63.2,64.4,62.5,63.3,64.4,84.1,7.3,50.1,3894.0,3899,191
b1f20aa0-6ef1db42,Statues-500,0.37099317860413966,0.2637228888726821,0.9612947604443947,0.201460447174917,2129,904,820,84,1309,186,16,7.92,0,16,0.0,7.92,0,0.0,0,0.0,186,92.08,22.46,105.698,42.448,44.088,946.16,30.467,679.27,1.612,35.84,10.369,231.05,63.4,64.5,62.7,63.4,64.5,83.4,7.2,49.8,3898.0,3904,179
b1f25ff6-1ddb7e43,Statues-25,0.7783792601782125,0.6422101989385587,0.9930229987080298,0.4091562436411968,1294,1071,1013,58,281,203,0,0.0,0,0,0.0,0.0,0,0.0,0,0.0,203,100.0,24.73,114.818,42.285,44.001,1043.2,30.355,749.08,1.609,39.57,10.321,254.55,63.5,64.9,62.8,63.5,64.9,81.9,7.1,49.7,3903.0,3907,197
b1f25ff6-1ddb7e43,Statues-75,0.7783792601782125,0.6422101989385587,0.9930229987080298,0.4091562436411968,1294,1071,1013,58,281,203,0,0.0,0,0,0.0,0.0,0,0.0,0,0.0,203,100.0,24.52,114.316,42.551,44.088,1041.95,30.557,748.32,1.612,39.42,10.381,254.21,63.7,64.8,63.0,63.8,64.8,89.8,6.9,50.0,3902.0,3908,198
b1f25ff6-1ddb7e43,Statues-200,0.7783792601782125,0.6422101989385587,0.9930229987080298,0.4091562436411968,1294,1071,1013,58,281,203,0,0.0,0,0,0.0,0.0,0,0.0,0,0.0,203,100.0,24.68,114.73,42.261,43.988,1038.5,30.316,745.17,1.614,39.57,10.33,253.75,63.6,64.8,63.0,63.8,64.8,80.2,7.1,49.6,3901.0,3907,199
b1f25ff6-1ddb7e43,Statues-500,0.7783792601782125,0.6422101989385587,0.9930229987080298,0.4091562436411968,1294,1071,1013,58,281,203,0,0.0,0,0,0.0,0.0,0,0.0,0,0.0,203,100.0,24.64,114.605,42.413,44.088,1040.38,30.466,747.62,1.611,39.37,10.336,253.39,63.6,64.9,62.9,63.7,64.9,82.9,7.1,49.7,3906.0,3912,195
b1f4491b-07b32e8c,Statues-25,0.6784962189524639,0.5142454868534477,0.9909496117161387,0.3576520152015201,1818,1320,1243,77,575,203,0,0.0,0,0,0.0,0.0,0,0.0,0,0.0,203,100.0,24.82,115.437,41.869,43.988,1035.29,29.986,741.75,1.612,39.71,10.271,253.83,63.2,64.5,62.8,63.6,64.5,72.4,7.0,49.3,3909.0,3913,202
b1f4491b-07b32e8c,Statues-75,0.6784962189524639,0.5142454868534477,0.9909496117161387,0.3576520152015201,1818,1320,1243,77,575,203,0,0.0,0,0,0.0,0.0,0,0.0,0,0.0,203,100.0,24.73,115.24,42.306,44.001,1041.72,30.361,747.81,1.612,39.58,10.332,254.32,63.5,64.5,62.8,63.5,64.5,83.5,6.8,49.6,3911.0,3915,202
b1f4491b-07b32e8c,Statues-200,0.6763760165568071,0.5115306962358932,0.9902286476843295,0.3567261126719652,1818,1318,1240,78,578,197,6,2.96,0,6,0.0,2.96,0,0.0,0,0.0,197,97.04,24.12,112.14,41.977,43.988,1011.47,30.088,725.22,1.612,38.74,10.276,247.51,63.2,64.5,62.7,63.3,64.5,80.0,7.1,49.2,3913.0,3917,198
b1f4491b-07b32e8c,Statues-500,0.6462236613698826,0.4825094267476536,0.9640404416709861,0.3478297301826714,1818,1326,1217,109,601,176,27,13.3,0,27,0.0,13.3,0,0.0,0,0.0,176,86.7,21.82,100.792,41.28,44.088,897.0,29.499,641.17,1.629,35.28,10.153,220.55,62.8,64.1,62.6,63.6,64.1,64.4,7.1,48.4,3916.0,3919,176
b1f4491b-09593e90,Statues-25,0.6123456001409655,0.49939256546693284,0.9931510896777823,0.3128669317522122,1142,721,704,17,438,202,0,0.0,0,0,0.0,0.0,0,0.0,0,0.0,202,100.0,24.56,115.071,42.181,44.001,1031.09,30.255,739.9,1.619,39.38,10.307,251.81,63.1,64.4,62.6,63.3,64.4,79.4,7.1,49.5,3918.0,3920,197
b1f4491b-09593e90,Statues-75,0.6123456001409655,0.49939256546693284,0.9931510896777823,0.3128669317522122,1142,721,704,17,438,202,0,0.0,0,0,0.0,0.0,0,0.0,0,0.0,202,100.0,24.59,115.186,42.115,43.988,1031.3,30.207,739.86,1.611,39.32,10.297,252.12,63.1,64.2,62.5,63.2,64.2,78.1,7.1,49.6,3918.0,3922,196
b1f4491b-09593e90,Statues-200,0.6123456001409655,0.49939256546693284,0.9931510896777823,0.3128669317522122,1142,721,704,17,438,202,0,0.0,0,0,0.0,0.0,0,0.0,0,0.0,202,100.0,24.55,115.119,42.234,44.088,1032.14,30.297,740.67,1.612,39.26,10.325,252.21,63.2,64.4,62.5,63.2,64.4,79.4,7.1,49.7,3919.0,3921,198
b1f4491b-09593e90,Statues-500,0.6114720532178692,0.49895745191580476,0.9931444973443655,0.31243067717454753,1142,720,703,17,439,201,1,0.5,0,1,0.0,0.5,0,0.0,0,0.0,201,99.5,24.5,114.754,42.17,44.088,1032.04,30.26,740.77,1.611,39.29,10.3,251.98,63.3,64.4,62.7,63.5,64.3,80.2,7.2,49.6,3915.0,3920,196
b1f4491b-16256d7c,Statues-25,0.6823741937272544,0.48482889775957183,0.9689189815283847,0.3719740388248855,2797,2178,1964,214,833,202,0,0.0,0,0,0.0,0.0,0,0.0,0,0.0,202,100.0,24.97,116.611,41.909,43.602,1040.48,30.049,746.08,1.606,39.82,10.254,254.58,63.3,64.5,62.8,63.5,64.5,85.5,7.2,49.0,3920.0,3924,201
b1f4491b-16256d7c,Statues-75,0.6823741937272544,0.48482889775957183,0.9689189815283847,0.3719740388248855,2797,2178,1964,214,833,202,0,0.0,0,0,0.0,0.0,0,0.0,0,0.0,202,100.0,24.96,116.272,41.74,43.489,1037.03,29.898,743.02,1.616,40.02,10.226,253.99,63.1,64.3,62.7,63.5,64.3,76.3,7.2,48.8,3913.0,3922,202
b1f4491b-16256d7c,Statues-200,0.6823741937272544,0.48482889775957183,0.9689189815283847,0.3719740388248855,2797,2178,1964,214,833,202,0,0.0,0,0,0.0,0.0,0,0.0,0,0.0,202,100.0,25.04,116.605,41.888,43.59,1049.23,30.025,752.45,1.616,40.28,10.248,256.49,63.3,64.5,62.7,63.4,64.5,91.2,7.3,48.8,3913.0,3918,203
b1f4491b-16256d7c,Statues-500,0.6823741937272544,0.48482889775957183,0.9689189815283847,0.3719740388248855,2797,2178,1964,214,833,202,0,0.0,0,0,0.0,0.0,0,0.0,0,0.0,202,100.0,25.02,116.525,41.766,43.988,1038.53,29.941,744.53,1.61,39.99,10.215,254.0,63.2,64.4,62.6,63.3,64.4,77.7,7.1,48.8,3913.0,3922,203
b1f4491b-33824f31,Statues-25,0.7242941453029759,0.5171193494529439,0.9808137998864882,0.38767744161125056,2610,2088,1923,165,687,202,0,0.0,0,0,0.0,0.0,0,0.0,0,0.0,202,100.0,25.12,116.411,41.602,44.001,1045.1,29.766,747.97,1.626,40.7,10.211,256.44,63.2,64.5,62.6,63.2,64.5,80.7,7.3,48.5,3918.0,3921,204
b1f4491b-33824f31,Statues-75,0.7242941453029759,0.5171193494529439,0.9808137998864882,0.38767744161125056,2610,2088,1923,165,687,202,0,0.0,0,0,0.0,0.0,0,0.0,0,0.0,202,100.0,25.01,116.118,41.747,43.988,1038.93,29.904,744.31,1.62,40.23,10.223,254.38,63.2,64.3,62.6,63.2,64.3,77.0,7.2,48.8,3931.0,3934,203
b1f4491b-33824f31,Statues-200,0.7242941453029759,0.5171193494529439,0.9808137998864882,0.38767744161125056,2610,2088,1923,165,687,202,0,0.0,0,0,0.0,0.0,0,0.0,0,0.0,202,100.0,25.0,116.039,41.734,43.988,1036.09,29.895,742.29,1.61,39.9,10.229,253.9,63.1,64.4,62.5,63.3,64.4,72.3,7.2,48.8,3933.0,3936,203
b1f4491b-33824f31,Statues-500,0.7242941453029759,0.5171193494529439,0.9808137998864882,0.38767744161125056,2610,2088,1923,165,687,202,0,0.0,0,0,0.0,0.0,0,0.0,0,0.0,202,100.0,25.04,116.226,41.509,43.501,1035.67,29.711,741.59,1.612,40.07,10.185,254.01,62.9,64.4,62.5,63.3,64.4,67.6,7.2,48.6,3936.0,3941,203
b1f4491b-846d8cb2,Statues-25,0.6259414679211132,0.535122681630606,0.9898204363645584,0.3323608385209088,1567,1060,989,71,578,202,0,0.0,0,0,0.0,0.0,0,0.0,0,0.0,202,100.0,24.72,115.242,42.105,43.988,1036.8,30.191,743.66,1.616,39.64,10.298,253.5,63.3,64.4,62.6,63.4,64.4,87.2,7.1,49.2,3932.0,3936,200
b1f4491b-846d8cb2,Statues-75,0.6259414679211132,0.535122681630606,0.9898204363645584,0.3323608385209088,1567,1060,989,71,578,202,0,0.0,0,0,0.0,0.0,0,0.0,0,0.0,202,100.0,24.57,114.662,42.262,44.002,1034.0,30.327,742.1,1.613,39.36,10.322,252.54,63.2,64.6,62.5,63.3,64.6,84.9,7.1,49.6,3931.0,3934,197
b1f4491b-846d8cb2,Statues-200,0.6259414679211132,0.535122681630606,0.9898204363645584,0.3323608385209088,1567,1060,989,71,578,202,0,0.0,0,0,0.0,0.0,0,0.0,0,0.0,202,100.0,24.68,115.147,42.058,44.101,1038.02,30.158,744.7,1.61,39.57,10.289,253.76,63.1,64.3,62.5,63.1,64.3,85.1,7.1,49.4,3931.0,3936,200
b1f4491b-846d8cb2,Statues-500,0.6259414679211132,0.535122681630606,0.9898204363645584,0.3323608385209088,1567,1060,989,71,578,202,0,0.0,0,0,0.0,0.0,0,0.0,0,0.0,202,100.0,24.62,114.918,42.322,44.001,1036.62,30.39,744.52,1.613,39.41,10.32,252.69,63.1,64.3,62.5,63.2,64.3,85.3,7.2,49.6,3934.0,3939,196
b1f4491b-97465266,Statues-25,0.5374382939599247,0.3648651133688058,0.9745100773257188,0.28886838057569764,1845,1110,1015,95,830,203,0,0.0,0,0,0.0,0.0,0,0.0,0,0.0,203,100.0,24.74,114.85,42.194,44.001,1039.9,30.291,746.81,1.614,39.63,10.288,253.45,63.1,64.4,62.4,63.1,64.4,82.2,7.0,49.5,3936.0,3938,203
b1f4491b-97465266,Statues-75,0.5374055460727578,0.36435214103165736,0.9743983100771492,0.2890796396712842,1845,1111,1015,96,830,198,5,2.46,0,5,0.0,2.46,0,0.0,0,0.0,198,97.54,24.28,112.415,42.008,44.001,1016.57,30.115,729.05,1.615,38.92,10.278,248.6,63.0,64.2,62.4,63.1,64.2,83.4,6.9,49.2,3926.0,3936,197
b1f4491b-97465266,Statues-200,0.536832746435044,0.36378285929133425,0.9733366022937885,0.2888235752861126,1845,1112,1015,97,830,189,14,6.9,0,14,0.0,6.9,0,0.0,0,0.0,189,93.1,23.28,107.583,41.704,43.49,966.62,29.848,692.12,1.63,37.62,10.226,236.88,62.7,64.1,62.4,63.1,64.1,81.3,7.1,48.9,3922.0,3930,190
b1f4491b-97465266,Statues-500,0.5250834312667616,0.3514606933223453,0.9654243856773211,0.286470748220027,1845,1116,1000,116,845,161,42,20.69,0,42,0.0,20.69,0,0.0,0,0.0,161,79.31,20.03,92.088,41.352,43.988,827.58,29.525,591.24,1.648,32.8,10.178,203.54,62.7,63.9,62.3,63.2,63.9,80.3,6.8,48.2,3922.0,3927,164
b1f4491b-9958bd99,Statues-25,0.6916999195655222,0.4683688794800779,0.9704828164758251,0.3764968449897446,2775,2183,1972,211,803,202,0,0.0,0,0,0.0,0.0,0,0.0,0,0.0,202,100.0,24.36,114.252,42.562,44.001,1033.06,30.589,742.63,1.61,38.99,10.362,251.43,62.9,64.2,62.3,63.0,64.2,84.8,6.9,50.1,3931.0,3934,197
b1f4491b-9958bd99,Statues-75,0.6916999195655222,0.4683688794800779,0.9704828164758251,0.3764968449897446,2775,2183,1972,211,803,202,0,0.0,0,0,0.0,0.0,0,0.0,0,0.0,202,100.0,24.29,113.97,42.698,44.486,1033.07,30.708,743.13,1.618,39.04,10.372,250.9,62.9,64.1,62.3,63.1,64.1,85.9,6.8,50.2,3934.0,3937,199
b1f4491b-9958bd99,Statues-200,0.6916999195655222,0.4683688794800779,0.9704828164758251,0.3764968449897446,2775,2183,1972,211,803,202,0,0.0,0,0,0.0,0.0,0,0.0,0,0.0,202,100.0,24.56,114.782,42.347,44.001,1034.33,30.42,743.2,1.617,39.36,10.311,251.78,62.9,64.1,62.2,63.0,64.1,83.2,7.2,49.6,3943.0,3946,199
b1f4491b-9958bd99,Statues-500,0.682344887165747,0.46125841314246696,0.966330998165713,0.37387602281180266,2775,2180,1953,227,822,195,7,3.47,0,7,0.0,3.47,0,0.0,0,0.0,195,96.53,23.75,110.829,42.207,43.988,996.74,30.304,715.82,1.616,38.05,10.287,242.87,62.9,64.3,62.3,63.0,64.3,77.8,7.2,49.5,3943.0,3948,190
b1f4491b-bf7d513f,Statues-25,0.6455045685076584,0.5325184019790841,0.9845096963857668,0.3493202015056319,1359,975,888,87,471,203,0,0.0,0,0,0.0,0.0,0,0.0,0,0.0,203,100.0,24.17,113.323,42.707,44.486,1031.58,30.688,741.67,1.617,38.86,10.402,251.05,62.9,64.4,62.4,63.1,64.3,74.9,7.2,50.5,3941.0,3943,194
b1f4491b-bf7d513f,Statues-75,0.6455045685076584,0.5325184019790841,0.9845096963857668,0.3493202015056319,1359,975,888,87,471,203,0,0.0,0,0,0.0,0.0,0,0.0,0,0.0,203,100.0,24.15,113.2,42.942,44.6,1030.82,30.892,741.75,1.609,38.52,10.441,250.55,63.3,64.5,62.6,63.2,64.5,84.9,7.1,50.7,3941.0,3943,194
b1f4491b-bf7d513f,Statues-200,0.6455045685076584,0.5325184019790841,0.9845096963857668,0.3493202015056319,1359,975,888,87,471,203,0,0.0,0,0,0.0,0.0,0,0.0,0,0.0,203,100.0,24.24,113.449,42.773,44.985,1032.58,30.754,742.74,1.611,38.73,10.408,251.11,63.4,64.6,62.6,63.4,64.4,79.5,7.2,50.5,3940.0,3942,192
b1f4491b-bf7d513f,Statues-500,0.6455045685076584,0.5325184019790841,0.9845096963857668,0.3493202015056319,1359,975,888,87,471,203,0,0.0,0,0,0.0,0.0,0,0.0,0,0.0,203,100.0,24.26,113.621,42.797,44.6,1037.33,30.768,745.88,1.612,39.01,10.416,252.44,63.4,64.7,62.7,63.4,64.7,86.4,7.1,50.5,3938.0,3939,199
b1f4491b-cf446195,Statues-25,0.6096152529643775,0.46976729121428196,0.9881308141410629,0.32066045112347485,2910,1903,1793,110,1117,202,0,0.0,0,0,0.0,0.0,0,0.0,0,0.0,202,100.0,24.34,114.479,42.405,44.499,1029.17,30.427,738.87,1.613,38.97,10.365,251.33,63.3,64.6,62.8,63.4,64.6,73.9,7.3,49.9,3938.0,3939,195
b1f4491b-cf446195,Statues-75,0.6096152529643775,0.46976729121428196,0.9881308141410629,0.32066045112347485,2910,1903,1793,110,1117,202,0,0.0,0,0,0.0,0.0,0,0.0,0,0.0,202,100.0,24.26,114.134,42.461,44.386,1029.76,30.506,740.18,1.617,39.01,10.339,250.57,63.1,64.4,62.6,63.2,64.4,79.1,7.1,50.1,3934.0,3938,197
b1f4491b-cf446195,Statues-200,0.6096152529643775,0.46976729121428196,0.9881308141410629,0.32066045112347485,2910,1903,1793,110,1117,202,0,0.0,0,0,0.0,0.0,0,0.0,0,0.0,202,100.0,24.27,114.3,42.551,44.486,1033.28,30.558,742.38,1.615,39.01,10.379,251.88,63.2,64.4,62.5,63.3,64.4,81.2,7.1,50.1,3932.0,3936,196
b1f4491b-cf446195,Statues-500,0.6096152529643775,0.46976729121428196,0.9881308141410629,0.32066045112347485,2910,1903,1793,110,1117,202,0,0.0,0,0,0.0,0.0,0,0.0,0,0.0,202,100.0,24.35,114.475,42.529,44.486,1028.66,30.546,739.02,1.606,38.76,10.377,250.88,63.1,64.2,62.4,63.1,64.2,82.4,7.3,50.0,3939.0,3940,195
b1f4491b-d8d1459c,Statues-25,0.6878885725148366,0.5310351773381088,0.9827679115415934,0.36373708750020595,1508,1127,1054,73,454,203,0,0.0,0,0,0.0,0.0,0,0.0,0,0.0,203,100.0,24.42,113.875,42.55,44.486,1036.81,30.557,744.97,1.614,39.13,10.379,252.71,63.1,64.6,62.4,63.1,64.6,82.8,7.2,50.0,3939.0,3942,199
b1f4491b-d8d1459c,Statues-75,0.687597501296051,0.530830890210926,0.9823642374812771,0.3635011379710459,1508,1127,1054,73,454,202,1,0.49,0,1,0.0,0.49,0,0.0,0,0.0,202,99.51,24.3,113.205,42.513,44.399,1029.58,30.533,739.81,1.613,38.89,10.366,250.89,63.1,64.3,62.5,63.2,64.2,80.6,7.2,50.1,3940.0,3946,195
b1f4491b-d8d1459c,Statues-200,0.6871753873022135,0.5312612273828783,0.982723025730976,0.36306454465075155,1508,1125,1053,72,455,199,4,1.97,0,4,0.0,1.97,0,0.0,0,0.0,199,98.03,23.96,111.692,42.484,44.486,1014.38,30.508,728.62,1.609,38.31,10.367,247.45,63.1,64.2,62.5,63.2,64.2,82.3,7.1,50.1,3938.0,3941,191
b1f4491b-d8d1459c,Statues-500,0.6871334155089466,0.5240726292207475,0.9764660945124235,0.36705600302881297,1508,1149,1059,90,449,189,14,6.9,0,14,0.0,6.9,0,0.0,0,0.0,189,93.1,22.76,105.928,42.663,44.499,970.41,30.667,697.69,1.622,36.81,10.373,235.91,63.1,64.3,62.4,63.0,64.3,82.9,6.9,50.1,3937.0,3941,186
b1f4491b-dd8dfed5,Statues-25,0.5757787766131651,0.4649193523552276,0.9892593731658381,0.3001719151040991,2330,1423,1355,68,975,203,0,0.0,0,0,0.0,0.0,0,0.0,0,0.0,203,100.0,24.25,113.722,42.763,44.486,1035.6,30.75,745.04,1.61,38.82,10.403,251.74,63.1,64.2,62.4,63.2,64.2,85.2,6.9,50.5,3943.0,3945,197
b1f4491b-dd8dfed5,Statues-75,0.5757787766131651,0.4649193523552276,0.9892593731658381,0.3001719151040991,2330,1423,1355,68,975,203,0,0.0,0,0,0.0,0.0,0,0.0,0,0.0,203,100.0,24.35,113.956,42.703,44.486,1039.16,30.698,747.22,1.611,39.09,10.395,252.85,63.1,64.2,62.4,63.1,64.2,82.6,7.2,50.4,3948.0,3951,197
b1f4491b-dd8dfed5,Statues-200,0.5757787766131651,0.4649193523552276,0.9892593731658381,0.3001719151040991,2330,1423,1355,68,975,203,0,0.0,0,0,0.0,0.0,0,0.0,0,0.0,203,100.0,24.35,113.965,42.643,44.486,1037.84,30.648,746.11,1.611,39.09,10.384,252.64,63.0,64.3,62.3,63.0,64.3,85.8,7.2,50.3,3948.0,3950,193
b1f4491b-dd8dfed5,Statues-500,0.5757787766131651,0.4649193523552276,0.9892593731658381,0.3001719151040991,2330,1423,1355,68,975,203,0,0.0,0,0,0.0,0.0,0,0.0,0,0.0,203,100.0,24.11,113.204,42.914,44.5,1034.23,30.869,744.34,1.615,38.74,10.429,251.15,63.2,64.4,62.5,63.3,64.4,85.2,6.9,50.6,3948.0,3951,196
b1f6c103-5ce1f3c6,Statues-25,0.4299137584824351,0.3360165121634854,0.9884103892675694,0.22637234448258078,762,351,331,20,431,179,0,0.0,0,0,0.0,0.0,0,0.0,0,0.0,179,100.0,21.03,112.583,43.09,44.999,901.64,31.003,648.96,1.616,33.67,10.471,219.0,63.2,64.3,62.5,63.2,64.3,81.1,7.0,50.9,3954.0,3956,169
b1f6c103-5ce1f3c6,Statues-75,0.4299137584824351,0.3360165121634854,0.9884103892675694,0.22637234448258078,762,351,331,20,431,178,1,0.56,0,1,0.0,0.56,0,0.0,0,0.0,178,99.44,20.97,112.118,42.987,44.999,900.74,30.9,647.86,1.607,33.52,10.479,219.36,63.4,64.7,62.7,63.5,64.7,81.3,7.1,50.7,3954.0,3957,170
b1f6c103-5ce1f3c6,Statues-200,0.4299137584824351,0.3360165121634854,0.9884103892675694,0.22637234448258078,762,351,331,20,431,178,1,0.56,0,1,0.0,0.56,0,0.0,0,0.0,178,99.44,21.01,112.255,43.003,44.998,902.78,30.921,649.45,1.609,33.64,10.473,219.69,63.5,64.6,62.8,63.5,64.6,83.4,7.2,50.7,3954.0,3957,167
b1f6c103-5ce1f3c6,Statues-500,0.4262815348989394,0.3312882055570256,0.9858050518936964,0.22541893801736326,762,351,329,22,433,169,10,5.59,0,10,0.0,5.59,0,0.0,0,0.0,169,94.41,20.06,106.994,42.843,44.6,854.73,30.775,614.21,1.612,32.06,10.456,208.46,63.5,64.8,62.8,63.5,64.8,84.9,7.1,50.3,3946.0,3952,161
b1f6c103-8b75ea3e,Statues-25,0.42871937459497855,0.3224094545785103,0.9935544440846403,0.2191147533393523,2420,1071,1044,27,1376,195,7,3.47,0,7,0.0,3.47,0,0.0,0,0.0,195,96.53,23.27,109.812,42.674,44.499,992.58,30.643,712.99,1.609,37.3,10.422,242.29,63.6,64.7,62.9,63.7,64.7,78.0,7.3,50.5,3947.0,3949,189
b1f6c103-8b75ea3e,Statues-75,0.4412063188695666,0.32872232045008964,0.9929915445879588,0.2256516498981914,2420,1104,1075,29,1345,185,17,8.42,0,17,0.0,8.42,0,0.0,0,0.0,185,91.58,22.18,104.383,42.601,44.499,942.0,30.597,676.92,1.615,35.53,10.389,229.56,63.6,64.7,62.9,63.6,64.7,83.6,7.2,50.0,3947.0,3950,177
b1f6c103-8b75ea3e,Statues-200,0.41161354111054144,0.3076446464961407,0.9898217022704812,0.2118782797850128,2420,1041,1006,35,1414,174,28,13.86,0,28,0.0,13.86,0,0.0,0,0.0,174,86.14,20.97,98.413,42.231,44.5,884.35,30.27,634.27,1.625,33.85,10.335,216.23,63.4,64.7,62.8,63.4,64.7,79.2,7.3,49.5,3943.0,3947,170
b1f6c103-8b75ea3e,Statues-500,0.36364611919170553,0.25406736068697056,0.9193972564449095,0.19828928703589488,2420,1072,956,116,1464,142,60,29.7,0,60,0.0,29.7,0,0.0,0,0.0,142,70.3,17.36,80.734,41.996,44.499,727.64,30.073,521.15,1.656,28.63,10.267,177.85,63.3,64.5,62.8,63.6,64.5,83.6,7.2,48.9,3953.0,3957,138
b1f6c103-b00e8aad,Statues-25,0.49536166172973006,0.3919077819295599,0.9874063379178112,0.2539477666578001,2271,1177,1139,38,1132,131,71,35.15,0,71,0.0,35.15,0,0.0,0,0.0,131,64.85,16.19,74.93,41.489,44.486,665.59,29.585,474.69,1.67,26.7,10.233,164.19,62.9,64.2,62.7,63.6,64.2,81.2,7.3,48.6,3952.0,3954,133
b1f6c103-b00e8aad,Statues-75,0.5142710807269566,0.4022932472473692,0.9990001885351117,0.26018492566607593,2271,1183,1169,14,1102,120,82,40.59,0,82,0.0,40.59,0,0.0,0,0.0,120,59.41,14.93,68.733,41.686,44.499,621.1,29.794,444.61,1.662,24.42,10.23,152.07,63.0,64.3,62.5,63.2,64.3,79.9,7.4,48.4,3948.0,3950,121
b1f6c103-b00e8aad,Statues-200,0.4781336256594604,0.34945682400699984,0.9979472360635614,0.2419271314075285,2271,1102,1088,14,1183,118,84,41.58,0,84,0.0,41.58,0,0.0,0,0.0,118,58.42,14.7,67.637,41.81,44.897,611.14,29.895,437.31,1.657,24.05,10.258,149.78,62.9,64.2,62.3,63.2,64.2,83.9,7.2,48.5,3950.0,3953,118
b1f6c103-b00e8aad,Statues-500,0.47150939169749445,0.34172964615562884,0.995058242455213,0.23956937199278752,2271,1096,1076,20,1195,114,88,43.56,0,88,0.0,43.56,0,0.0,0,0.0,114,56.44,14.33,65.639,41.334,44.5,590.14,29.481,421.46,1.662,23.42,10.191,145.25,62.5,63.8,62.0,62.7,63.8,79.1,7.4,47.9,3956.0,3960,115
b1f85377-44885085,Statues-25,0.6413021631968074,0.47275272570852084,0.9625979348946125,0.3690621600650447,1434,1127,945,182,489,203,0,0.0,0,0,0.0,0.0,0,0.0,0,0.0,203,100.0,24.17,113.503,42.87,44.5,1030.17,30.829,740.98,1.607,38.52,10.434,250.67,62.9,63.9,62.1,62.9,63.9,85.2,7.2,50.7,3955.0,3958,194
b1f85377-44885085,Statues-75,0.6413021631968074,0.47275272570852084,0.9625979348946125,0.3690621600650447,1434,1127,945,182,489,203,0,0.0,0,0,0.0,0.0,0,0.0,0,0.0,203,100.0,24.15,113.481,42.777,44.587,1028.67,30.738,739.43,1.613,38.65,10.425,250.59,63.0,64.2,62.2,63.0,64.2,79.8,7.1,50.7,3956.0,3958,193
b1f85377-44885085,Statues-200,0.6413021631968074,0.47275272570852084,0.9625979348946125,0.3690621600650447,1434,1127,945,182,489,203,0,0.0,0,0,0.0,0.0,0,0.0,0,0.0,203,100.0,24.18,113.6,42.744,44.499,1030.11,30.715,740.46,1.607,38.6,10.422,251.04,63.0,64.0,62.4,63.1,64.0,78.5,7.1,50.7,3958.0,3960,192
b1f85377-44885085,Statues-500,0.6400593338627591,0.47048197721639884,0.9607392095725313,0.3688642150086535,1434,1129,945,184,489,201,2,0.99,0,2,0.0,0.99,0,0.0,0,0.0,201,99.01,23.87,112.204,42.969,44.6,1019.52,30.905,733.45,1.611,38.14,10.452,247.93,63.1,64.3,62.4,63.2,64.3,83.7,7.1,50.8,3960.0,3961,191
b1fbaab8-68db7df7,Statues-25,0.6816159392773191,0.572597964142692,0.9987121252767401,0.34886169647104914,1108,774,756,18,352,202,0,0.0,0,0,0.0,0.0,0,0.0,0,0.0,202,100.0,23.83,112.906,43.044,44.897,1022.27,30.964,735.7,1.613,38.14,10.467,248.42,63.2,64.2,62.4,63.2,64.2,83.2,7.0,51.0,3961.0,3963,190
b1fbaab8-68db7df7,Statues-75,0.6816159392773191,0.572597964142692,0.9987121252767401,0.34886169647104914,1108,774,756,18,352,202,0,0.0,0,0,0.0,0.0,0,0.0,0,0.0,202,100.0,23.8,112.791,43.067,44.5,1022.26,30.984,735.75,1.607,38.01,10.476,248.5,63.3,64.4,62.6,63.3,64.4,85.4,6.8,51.1,3958.0,3962,194
b1fbaab8-68db7df7,Statues-200,0.6816159392773191,0.572597964142692,0.9987121252767401,0.34886169647104914,1108,774,756,18,352,202,0,0.0,0,0,0.0,0.0,0,0.0,0,0.0,202,100.0,23.97,113.321,42.877,44.5,1026.67,30.826,738.6,1.611,38.38,10.44,249.69,63.3,64.6,62.6,63.4,64.6,82.4,7.2,50.6,3960.0,3962,192
b1fbaab8-68db7df7,Statues-500,0.6825135113706107,0.5715778298864767,0.9987069988787053,0.34930825666705484,1108,775,757,18,351,198,4,1.98,0,4,0.0,1.98,0,0.0,0,0.0,198,98.02,23.5,110.94,43.018,44.5,1004.91,30.952,723.28,1.614,37.58,10.453,244.05,63.4,64.5,62.7,63.5,64.4,84.1,7.2,50.8,3957.0,3962,187
b1fbf878-b31a8293,Statues-25,0.5241678296130907,0.4066970551497753,0.9908039629277642,0.2719361227341271,2215,1223,1171,52,1044,201,0,0.0,0,0,0.0,0.0,0,0.0,0,0.0,201,100.0,23.87,113.348,42.948,44.897,1022.48,30.883,735.53,1.609,38.15,10.457,248.8,63.5,64.6,62.8,63.6,64.6,85.4,6.9,50.8,3960.0,3962,196
b1fbf878-b31a8293,Statues-75,0.5241678296130907,0.4066970551497753,0.9908039629277642,0.2719361227341271,2215,1223,1171,52,1044,201,0,0.0,0,0,0.0,0.0,0,0.0,0,0.0,201,100.0,23.95,113.557,42.846,44.897,1025.5,30.818,737.99,1.611,38.38,10.416,249.13,63.5,64.7,62.8,63.5,64.7,86.8,7.0,50.5,3959.0,3961,193
b1fbf878-b31a8293,Statues-200,0.5241678296130907,0.4066970551497753,0.9908039629277642,0.2719361227341271,2215,1223,1171,52,1044,201,0,0.0,0,0,0.0,0.0,0,0.0,0,0.0,201,100.0,23.95,113.593,42.902,44.499,1025.67,30.845,737.68,1.611,38.38,10.447,249.6,63.6,64.7,62.9,63.8,64.7,87.1,7.1,50.7,3961.0,3964,196
b1fbf878-b31a8293,Statues-500,0.5167382630433259,0.39471726636227816,0.9868097724382585,0.26911270173668367,2215,1217,1159,58,1056,194,7,3.48,0,7,0.0,3.48,0,0.0,0,0.0,194,96.52,23.11,109.596,42.851,44.5,984.06,30.815,707.65,1.612,36.96,10.424,239.45,63.6,64.7,63.0,63.9,64.7,82.4,7.0,50.6,3960.0,3965,187
b1fc95c9-644e3c3f,Statues-25,0.7972326665928275,0.6553977601944965,0.9615424575214031,0.4560762831311419,1516,1477,1244,233,272,182,20,9.9,0,20,0.0,9.9,0,0.0,0,0.0,182,90.1,22.06,102.625,42.565,44.499,933.2,30.57,670.32,1.626,35.55,10.37,227.34,63.7,64.9,63.0,63.7,64.9,88.4,6.8,49.7,3962.0,3965,180
b1fc95c9-644e3c3f,Statues-75,0.7912216415260112,0.644354569941632,0.9595536563129866,0.45573744919061543,1516,1480,1236,244,280,169,33,16.34,0,33,0.0,16.34,0,0.0,0,0.0,169,83.66,20.72,95.789,41.855,44.5,868.84,29.956,622.27,1.646,33.94,10.253,212.62,63.4,64.7,62.9,63.6,64.7,80.1,7.2,48.7,3958.0,3965,166
b1fc95c9-644e3c3f,Statues-200,0.7713633020070012,0.621663643276454,0.9469300507014353,0.45136238412371427,1516,1496,1218,278,298,156,46,22.77,0,46,0.0,22.77,0,0.0,0,0.0,156,77.23,19.31,88.882,41.534,44.002,799.79,29.667,571.46,1.651,31.7,10.215,196.63,63.3,64.5,62.7,63.3,64.5,84.5,7.1,48.1,3956.0,3959,156
b1fc95c9-644e3c3f,Statues-500,0.7409344060090819,0.5770883297148074,0.9360678988206821,0.438532877918765,1516,1477,1182,295,334,138,64,31.68,0,64,0.0,31.68,0,0.0,0,0.0,138,68.32,17.33,79.135,41.134,44.486,712.08,29.338,508.18,1.653,28.44,10.144,175.46,63.2,64.3,62.5,63.2,64.3,83.7,7.2,47.1,3959.0,3966,139
b1fc95c9-cb2882c7,Statues-25,0.8125105178417513,0.6206041477544928,0.9627010729139042,0.45349071697610077,3158,3040,2650,390,508,147,55,27.23,0,55,0.0,27.23,0,0.0,0,0.0,147,72.77,18.46,84.798,41.35,44.088,760.24,29.52,543.17,1.651,30.11,10.18,186.97,63.0,64.2,62.5,63.2,64.2,77.4,7.0,48.0,3965.0,3968,150
b1fc95c9-cb2882c7,Statues-75,0.80146011278953,0.609397459778257,0.9497887285507123,0.4495465046862628,3158,3068,2650,418,508,140,62,30.69,0,62,0.0,30.69,0,0.0,0,0.0,140,69.31,17.61,80.792,41.281,44.399,720.82,29.447,514.37,1.664,28.88,10.17,177.57,62.6,64.2,62.2,62.9,64.2,71.1,7.0,47.8,3970.0,3974,140
b1fc95c9-cb2882c7,Statues-200,0.7818990839390423,0.5759627467257189,0.9423295577952733,0.4405608526268273,3158,3036,2606,430,552,139,63,31.19,0,63,0.0,31.19,0,0.0,0,0.0,139,68.81,17.88,81.516,40.469,43.489,724.61,28.763,515.53,1.661,29.5,10.045,179.59,62.4,63.8,61.9,62.8,63.8,70.6,7.1,46.4,3979.0,3984,145
b1fc95c9-cb2882c7,Statues-500,0.7819009559858288,0.5755990799837303,0.9423586297160537,0.4404338032224846,3158,3035,2606,429,552,138,64,31.68,0,64,0.0,31.68,0,0.0,0,0.0,138,68.32,17.74,80.858,40.488,43.603,718.08,28.785,510.94,1.674,29.45,10.03,177.69,62.1,63.5,61.7,62.4,63.5,77.0,7.2,46.6,3978.0,3982,143
b1ff4656-0435391e,Statues-25,0.7171144752274743,0.5781136030099402,0.9860822596090559,0.38365608768319415,2561,2012,1858,154,703,202,0,0.0,0,0,0.0,0.0,0,0.0,0,0.0,202,100.0,24.36,114.503,42.525,44.4,1031.9,30.568,741.66,1.611,39.08,10.346,251.16,62.6,63.8,61.9,62.7,63.8,82.7,7.2,50.1,3979.0,3982,194
b1ff4656-0435391e,Statues-75,0.7171144752274743,0.5781136030099402,0.9860822596090559,0.38365608768319415,2561,2012,1858,154,703,202,0,0.0,0,0,0.0,0.0,0,0.0,0,0.0,202,100.0,24.9,116.498,41.738,43.602,1034.04,29.895,740.95,1.61,39.77,10.232,253.32,62.5,63.8,62.0,63.1,63.8,79.0,7.3,49.0,3980.0,3985,202
b1ff4656-0435391e,Statues-200,0.7171144752274743,0.5781136030099402,0.9860822596090559,0.38365608768319415,2561,2012,1858,154,703,202,0,0.0,0,0,0.0,0.0,0,0.0,0,0.0,202,100.0,24.3,114.314,42.538,44.399,1028.84,30.564,739.55,1.617,38.93,10.357,250.36,62.9,64.2,62.2,62.9,64.2,81.4,7.0,50.2,3979.0,3983,196
b1ff4656-0435391e,Statues-500,0.7164437109844226,0.5764264298052737,0.9863039236644179,0.38284648789759074,2561,2007,1856,151,705,198,4,1.98,0,4,0.0,1.98,0,0.0,0,0.0,198,98.02,24.23,113.609,42.024,43.602,1016.7,30.122,729.1,1.617,38.92,10.285,248.68,62.9,64.2,62.3,63.1,64.2,85.1,6.8,49.3,3985.0,3988,197
b1ff4656-94ee8536,Statues-25,0.6258489693401144,0.5320291758527241,0.9916512126164424,0.31994157244390625,1439,932,908,24,531,201,2,0.99,0,2,0.0,0.99,0,0.0,0,0.0,201,99.01,23.96,111.812,42.978,44.499,1024.29,30.929,737.27,1.619,38.49,10.43,248.53,63.2,64.3,62.3,63.0,64.3,90.7,6.9,50.7,3977.0,3979,196
b1ff4656-94ee8536,Statues-75,0.6244721723543911,0.5310259615294084,0.9916527202672263,0.3192532149715678,1439,930,906,24,533,199,4,1.97,0,4,0.0,1.97,0,0.0,0,0.0,199,98.03,24.13,112.146,42.457,44.101,1022.24,30.494,734.5,1.615,38.75,10.348,248.98,63.1,64.2,62.4,63.1,64.2,83.8,6.9,50.0,3978.0,3981,195
b1ff4656-94ee8536,Statues-200,0.6244617676529309,0.5307795178242097,0.9916365124023198,0.3192487315713571,1439,930,906,24,533,198,5,2.46,0,5,0.0,2.46,0,0.0,0,0.0,198,97.54,23.78,110.665,42.58,44.386,1010.06,30.603,726.3,1.613,38.09,10.364,245.67,63.1,64.3,62.5,63.3,64.3,83.3,7.2,50.2,3983.0,3986,194
b1ff4656-94ee8536,Statues-500,0.621665331236765,0.5279052786755559,0.9915521634184773,0.318177626947876,1439,927,902,25,537,192,11,5.42,0,11,0.0,5.42,0,0.0,0,0.0,192,94.58,23.14,107.488,42.39,44.499,977.54,30.432,702.11,1.621,37.21,10.338,238.21,63.0,64.3,62.5,63.2,64.3,77.3,7.3,49.8,3986.0,3988,186
b1ff4656-ebcfeb35,Statues-25,0.4366558216870528,0.2972586906342493,0.9819908954547788,0.23032107903372703,1326,626,589,37,737,203,0,0.0,0,0,0.0,0.0,0,0.0,0,0.0,203,100.0,24.29,113.184,42.704,44.5,1031.24,30.706,741.62,1.607,38.76,10.39,250.87,63.1,64.4,62.4,63.2,64.4,83.3,7.2,50.4,3982.0,3988,193
b1ff4656-ebcfeb35,Statues-75,0.4366558216870528,0.2972586906342493,0.9819908954547788,0.23032107903372703,1326,626,589,37,737,203,0,0.0,0,0,0.0,0.0,0,0.0,0,0.0,203,100.0,24.78,114.943,41.992,44.002,1035.89,30.087,742.43,1.611,39.64,10.294,253.82,63.1,64.3,62.4,63.1,64.3,75.4,7.3,49.4,3980.0,3985,197
b1ff4656-ebcfeb35,Statues-200,0.42152062279389835,0.28835673660276706,0.9830837552949343,0.22189233475143189,1326,602,568,34,758,189,14,6.9,0,14,0.0,6.9,0,0.0,0,0.0,189,93.1,23.16,107.149,41.928,44.002,969.56,30.031,694.78,1.621,37.32,10.277,237.46,63.1,64.1,62.5,63.4,64.1,81.6,7.1,48.9,3978.0,3983,187
b1ff4656-ebcfeb35,Statues-500,0.4220420872909031,0.2884552717675957,0.982372309575551,0.223094594527326,1326,606,569,37,757,184,19,9.36,0,19,0.0,9.36,0,0.0,0,0.0,184,90.64,22.17,102.865,42.544,44.5,939.9,30.564,675.54,1.622,35.67,10.358,228.69,63.1,64.3,62.5,63.3,64.3,83.9,7.3,49.9,3980.0,3989,178
b200b84e-4a792877,Statues-25,0.4579259471564067,0.32172115719506067,0.9962921395756048,0.23466633112168378,1765,833,811,22,954,200,0,0.0,0,0,0.0,0.0,0,0.0,0,0.0,200,100.0,23.67,113.106,42.98,44.998,1013.33,30.929,729.4,1.614,37.94,10.437,245.99,63.2,64.3,62.5,63.3,64.3,78.3,7.3,50.8,3986.0,3990,190
b200b84e-4a792877,Statues-75,0.4579259471564067,0.32172115719506067,0.9962921395756048,0.23466633112168378,1765,833,811,22,954,200,0,0.0,0,0,0.0,0.0,0,0.0,0,0.0,200,100.0,24.07,114.606,42.424,44.102,1016.69,30.445,729.98,1.612,38.45,10.368,248.26,63.2,64.4,62.6,63.5,64.4,83.0,7.1,50.0,3991.0,3994,192
b200b84e-4a792877,Statues-200,0.4579259471564067,0.32172115719506067,0.9962921395756048,0.23466633112168378,1765,833,811,22,954,200,0,0.0,0,0,0.0,0.0,0,0.0,0,0.0,200,100.0,24.02,114.458,42.616,44.5,1016.43,30.615,730.3,1.607,38.26,10.393,247.86,63.2,64.5,62.6,63.2,64.5,86.9,7.2,50.3,3988.0,3993,191
b200b84e-4a792877,Statues-500,0.45575614060477826,0.31637375626327546,0.9951771602800035,0.23421402555356424,1765,833,808,25,957,196,4,2.0,0,4,0.0,2.0,0,0.0,0,0.0,196,98.0,23.56,112.303,42.302,44.499,992.41,30.338,711.91,1.609,37.66,10.355,242.84,63.1,64.4,62.7,63.5,64.4,76.3,7.2,50.2,3985.0,3990,191
b200e97a-bf074435,Statues-25,0.7227020980855976,0.5350022921822963,0.9632587088021097,0.41054940632999704,2442,2133,1816,317,626,202,0,0.0,0,0,0.0,0.0,0,0.0,0,0.0,202,100.0,24.97,116.111,41.929,44.002,1040.81,30.051,745.97,1.609,39.89,10.269,254.95,63.4,64.6,62.8,63.4,64.6,86.2,7.1,49.0,3978.0,3986,202
b200e97a-bf074435,Statues-75,0.7223002935788959,0.5352297488187608,0.9638149839681249,0.4100916750047797,2442,2129,1814,315,628,198,4,1.98,0,4,0.0,1.98,0,0.0,0,0.0,198,98.02,24.14,112.493,42.16,44.001,1016.42,30.246,729.42,1.611,38.74,10.303,248.26,63.4,64.5,62.7,63.5,64.5,76.8,7.2,49.4,3983.0,3986,193
b200e97a-bf074435,Statues-200,0.716822945642669,0.5304113070251676,0.9627999315559197,0.40888115088491384,2442,2126,1801,325,641,188,14,6.93,0,14,0.0,6.93,0,0.0,0,0.0,188,93.07,22.96,106.972,42.182,44.399,967.49,30.247,693.93,1.622,37.08,10.313,236.48,63.5,64.6,62.7,63.4,64.6,85.6,7.2,49.2,3984.0,3988,184
b200e97a-bf074435,Statues-500,0.7147477812857992,0.5285578791159339,0.9627734434961351,0.40878233916804,2442,2126,1795,331,647,183,19,9.41,0,19,0.0,9.41,0,0.0,0,0.0,183,90.59,23.75,110.856,40.087,44.001,975.4,28.41,695.45,1.675,38.92,10.002,241.03,62.7,64.2,62.5,63.2,64.2,77.9,7.4,46.5,3987.0,3990,188
b20234fd-822029be,Statues-25,0.49573657465419585,0.357588498428303,0.9880157923351028,0.25910752843840573,1921,1014,963,51,958,202,0,0.0,0,0,0.0,0.0,0,0.0,0,0.0,202,100.0,24.09,113.505,42.812,44.499,1025.84,30.778,737.55,1.613,38.58,10.421,249.71,63.3,64.4,62.6,63.3,64.4,79.1,7.2,50.7,3984.0,3987,191
b20234fd-822029be,Statues-75,0.49573657465419585,0.357588498428303,0.9880157923351028,0.25910752843840573,1921,1014,963,51,958,202,0,0.0,0,0,0.0,0.0,0,0.0,0,0.0,202,100.0,24.11,113.627,42.874,44.5,1032.77,30.839,743.17,1.613,38.69,10.421,250.9,63.5,64.8,62.7,63.5,64.8,89.3,7.0,50.6,3985.0,3990,194
b20234fd-822029be,Statues-200,0.49523945910799155,0.3562609183508097,0.9880866329570231,0.2586319707497536,1921,1012,962,50,959,199,3,1.49,0,3,0.0,1.49,0,0.0,0,0.0,199,98.51,23.69,111.612,42.929,44.5,1015.15,30.871,730.23,1.613,38.02,10.445,246.9,63.7,64.8,62.9,63.6,64.8,84.7,7.1,50.6,3985.0,3988,192
b20234fd-822029be,Statues-500,0.47871707422790566,0.3373282028402109,0.9737680264571634,0.2551695713492379,1921,1018,943,75,978,182,20,9.9,0,20,0.0,9.9,0,0.0,0,0.0,182,90.1,21.86,102.558,42.551,44.6,929.76,30.542,667.67,1.617,35.18,10.392,226.91,63.5,64.7,62.8,63.4,64.7,80.7,7.2,49.9,3988.0,3990,176
b202cae2-672e61c5,Statues-25,0.7858256793245763,0.6647207354525807,0.9963967737717839,0.4078107678793026,2487,2041,1960,81,527,203,0,0.0,0,0,0.0,0.0,0,0.0,0,0.0,203,100.0,24.65,114.468,42.318,44.001,1039.2,30.383,746.37,1.611,39.42,10.325,253.41,63.4,64.6,62.7,63.4,64.6,84.5,7.2,49.7,3992.0,3994,197
b202cae2-672e61c5,Statues-75,0.7858256793245763,0.6647207354525807,0.9963967737717839,0.4078107678793026,2487,2041,1960,81,527,203,0,0.0,0,0,0.0,0.0,0,0.0,0,0.0,203,100.0,24.61,114.311,42.43,44.001,1041.68,30.461,748.24,1.615,39.43,10.354,254.01,63.4,64.5,62.7,63.4,64.5,83.8,7.1,49.7,3990.0,3993,198
b202cae2-672e61c5,Statues-200,0.7858256793245763,0.6647207354525807,0.9963967737717839,0.4078107678793026,2487,2041,1960,81,527,203,0,0.0,0,0,0.0,0.0,0,0.0,0,0.0,203,100.0,24.71,114.665,42.219,44.001,1040.21,30.293,746.63,1.613,39.6,10.313,253.98,63.2,64.4,62.5,63.2,64.4,73.9,7.3,49.6,3994.0,3996,197
b202cae2-672e61c5,Statues-500,0.7858256793245763,0.6647207354525807,0.9963967737717839,0.4078107678793026,2487,2041,1960,81,527,203,0,0.0,0,0,0.0,0.0,0,0.0,0,0.0,203,100.0,24.43,113.912,42.686,44.5,1039.16,30.684,747.16,1.62,39.34,10.382,252.66,63.2,64.3,62.5,63.2,64.3,82.9,6.8,50.2,3997.0,3999,203
b202cae2-f46c74a6,Statues-25,0.707627204013541,0.593081860500706,0.996962223438228,0.3614133140682123,2328,1691,1652,39,676,202,0,0.0,0,0,0.0,0.0,0,0.0,0,0.0,202,100.0,24.76,115.559,41.985,44.002,1035.7,30.105,742.91,1.614,39.66,10.266,253.13,63.0,64.2,62.4,63.2,64.2,80.0,6.9,49.3,4003.0,4005,203
b202cae2-f46c74a6,Statues-75,0.707627204013541,0.593081860500706,0.996962223438228,0.3614133140682123,2328,1691,1652,39,676,202,0,0.0,0,0,0.0,0.0,0,0.0,0,0.0,202,100.0,24.75,115.522,42.247,43.988,1042.96,30.328,748.63,1.606,39.62,10.313,254.71,63.1,64.2,62.4,63.2,64.2,89.5,6.8,49.5,4005.0,4008,207
b202cae2-f46c74a6,Statues-200,0.707627204013541,0.593081860500706,0.996962223438228,0.3614133140682123,2328,1691,1652,39,676,202,0,0.0,0,0,0.0,0.0,0,0.0,0,0.0,202,100.0,24.92,115.992,41.723,43.602,1034.8,29.88,741.21,1.609,39.83,10.234,253.76,62.8,64.1,62.3,63.0,64.1,72.6,7.2,48.9,4001.0,4006,198
b202cae2-f46c74a6,Statues-500,0.707627204013541,0.593081860500706,0.996962223438228,0.3614133140682123,2328,1691,1652,39,676,202,0,0.0,0,0,0.0,0.0,0,0.0,0,0.0,202,100.0,24.95,115.965,41.645,43.602,1035.54,29.81,741.62,1.615,39.97,10.22,253.95,62.9,64.1,62.3,63.1,64.1,71.3,7.2,48.7,4003.0,4005,198
b2036451-aa924fd1,Statues-25,0.7964411361494702,0.6264587136819844,0.9890595045171588,0.42303204546063444,1941,1673,1560,113,381,194,8,3.96,0,8,0.0,3.96,0,0.0,0,0.0,194,96.04,23.55,110.24,42.232,44.5,991.9,30.301,711.96,1.618,37.86,10.313,242.08,63.0,64.2,62.3,63.1,64.2,79.9,7.2,49.4,3998.0,4000,188
b2036451-aa924fd1,Statues-75,0.7945906786599879,0.6250674083641885,0.9876706335467748,0.4242860582180263,1941,1682,1558,124,383,186,16,7.92,0,16,0.0,7.92,0,0.0,0,0.0,186,92.08,22.72,106.087,42.119,44.002,952.33,30.207,683.23,1.629,36.72,10.282,232.38,63.0,64.3,62.3,63.0,64.3,86.6,6.9,49.2,4004.0,4007,186
b2036451-aa924fd1,Statues-200,0.7771271773658592,0.6023432815695153,0.9762700215943837,0.4128967182485739,1941,1660,1543,117,398,173,29,14.36,0,29,0.0,14.36,0,0.0,0,0.0,173,85.64,21.08,98.269,42.016,44.102,883.24,30.113,633.22,1.628,34.11,10.275,215.9,62.8,64.3,62.3,63.2,64.2,82.7,7.2,49.2,4005.0,4008,171
b2036451-aa924fd1,Statues-500,0.7645677483389304,0.5636821830267638,0.9721689651678861,0.41164996905103435,1941,1668,1523,145,418,163,39,19.31,0,39,0.0,19.31,0,0.0,0,0.0,163,80.69,20.04,93.064,41.804,44.5,832.63,29.899,595.68,1.65,32.76,10.255,204.19,62.9,64.1,62.3,63.1,64.1,79.1,7.1,48.5,4002.0,4007,159
b204a5c1-05981158,Statues-25,0.698271598074456,0.5517082417940726,0.9799859941477891,0.36880372780589704,922,702,656,46,266,76,26,25.49,0,26,0.0,25.49,0,0.0,0,0.0,76,74.51,9.79,87.769,40.094,43.501,390.4,28.429,277.06,1.684,16.27,9.98,97.07,62.6,63.8,61.9,62.7,63.8,88.7,7.0,43.3,4005.0,4007,78
b204a5c1-05981158,Statues-75,0.6963848290631532,0.54927747342519,0.9804332822133207,0.36692222588244067,922,698,654,44,268,70,32,31.37,0,32,0.0,31.37,0,0.0,0,0.0,70,68.63,9.05,80.965,39.424,43.489,354.45,27.841,250.58,1.697,15.12,9.886,88.75,62.1,63.5,61.8,62.5,63.5,85.4,7.2,42.9,4004.0,4007,72
b204a5c1-05981158,Statues-200,0.6873437017099733,0.5346524086690647,0.9624635758886729,0.38151594084218293,922,747,655,92,267,50,52,50.98,0,52,0.0,50.98,0,0.0,0,0.0,50,49.02,6.81,59.367,37.678,43.501,254.39,26.265,177.57,1.763,11.77,9.651,65.05,61.7,63.5,61.4,61.9,63.5,77.3,7.3,39.8,4004.0,4007,56
b204a5c1-05981158,Statues-500,0.7315458914089842,0.547006017396467,0.9869724400084601,0.37886721043648625,922,713,683,30,239,42,60,58.82,0,60,0.0,58.82,0,0.0,0,0.0,42,41.18,5.82,50.198,37.399,43.501,216.32,26.04,151.13,1.766,9.96,9.593,55.23,61.2,62.9,61.2,61.8,62.9,70.3,7.4,38.9,4005.0,4006,46
b204a5c1-064b0040,Statues-25,0.6595794296503708,0.4590444606474067,0.9807314903817863,0.35311941576196054,2247,1635,1508,127,739,183,19,9.41,0,19,0.0,9.41,0,0.0,0,0.0,183,90.59,22.47,103.773,41.861,43.988,941.04,30.0,674.69,1.619,36.28,10.242,230.08,62.4,63.6,61.7,62.6,63.6,81.2,7.1,48.9,4002.0,4005,181
b204a5c1-064b0040,Statues-75,0.6581585520744392,0.45787759779423265,0.9805282515171958,0.35255580619024995,2247,1633,1505,128,742,181,21,10.4,0,21,0.0,10.4,0,0.0,0,0.0,181,89.6,22.47,103.402,41.447,43.988,930.14,29.636,665.53,1.632,36.42,10.179,228.2,62.5,63.9,61.9,62.5,63.9,74.7,7.2,48.2,4005.0,4009,179
b204a5c1-064b0040,Statues-200,0.6649555983767834,0.46038780266893653,0.9766924565664639,0.3544572747521312,2247,1652,1527,125,720,178,24,11.88,0,24,0.0,11.88,0,0.0,0,0.0,178,88.12,21.86,100.809,41.773,44.002,911.28,29.909,652.82,1.636,35.52,10.228,222.94,62.5,63.8,61.9,62.8,63.8,79.5,7.2,48.7,4008.0,4011,176
b204a5c1-064b0040,Statues-500,0.6163757438410553,0.4227463933727015,0.9397598639196686,0.33798516684597807,2247,1648,1471,177,776,156,46,22.77,0,46,0.0,22.77,0,0.0,0,0.0,156,77.23,19.5,89.338,41.299,44.002,802.16,29.48,572.78,1.649,31.93,10.169,197.45,62.5,63.9,62.0,62.7,63.9,76.4,6.9,48.1,4011.0,4013,155
b204a5c1-fa3d5b88,Statues-25,0.7038984703129023,0.5380547120453172,0.9930217697188939,0.3653834094986141,2527,1868,1790,78,737,202,0,0.0,0,0,0.0,0.0,0,0.0,0,0.0,202,100.0,24.71,114.87,42.148,43.988,1037.49,30.213,743.83,1.62,39.8,10.315,253.86,62.7,63.9,62.1,62.7,63.9,82.1,7.1,49.4,4033.0,4040,200
b204a5c1-fa3d5b88,Statues-75,0.7038984703129023,0.5380547120453172,0.9930217697188939,0.3653834094986141,2527,1868,1790,78,737,202,0,0.0,0,0,0.0,0.0,0,0.0,0,0.0,202,100.0,24.48,114.042,42.49,44.002,1036.58,30.543,745.26,1.609,39.17,10.337,252.14,63.0,64.0,62.2,62.9,64.0,88.1,7.0,49.9,4028.0,4031,195
b204a5c1-fa3d5b88,Statues-200,0.7038984703129023,0.5380547120453172,0.9930217697188939,0.3653834094986141,2527,1868,1790,78,737,202,0,0.0,0,0,0.0,0.0,0,0.0,0,0.0,202,100.0,24.85,114.907,41.839,43.603,1035.39,29.978,742.2,1.623,39.97,10.239,253.22,62.7,64.0,62.1,62.7,64.0,72.3,6.9,49.0,4029.0,4033,200
b204a5c1-fa3d5b88,Statues-500,0.7054688874892489,0.5386053040886903,0.9930215471309521,0.3661648639141714,2527,1872,1794,78,733,200,2,0.99,0,2,0.0,0.99,0,0.0,0,0.0,200,99.01,24.39,113.249,42.012,43.988,1025.37,30.125,735.56,1.617,39.29,10.27,250.52,62.6,63.9,62.0,62.6,63.9,72.5,7.2,49.3,4030.0,4033,195
b205eb4d-f84aaa1a,Statues-25,0.7670325762757179,0.6539717839152914,0.9969713914276246,0.39413399749995287,2005,1588,1542,46,463,202,0,0.0,0,0,0.0,0.0,0,0.0,0,0.0,202,100.0,24.6,114.559,42.106,44.002,1031.27,30.205,740.08,1.615,39.39,10.285,251.8,62.5,63.9,62.1,62.8,63.9,77.5,7.1,49.6,4032.0,4038,198
b205eb4d-f84aaa1a,Statues-75,0.7670325762757179,0.6539717839152914,0.9969713914276246,0.39413399749995287,2005,1588,1542,46,463,202,0,0.0,0,0,0.0,0.0,0,0.0,0,0.0,202,100.0,24.79,115.021,42.087,43.603,1038.24,30.187,744.82,1.611,39.65,10.29,253.77,62.8,63.8,62.1,62.7,63.8,83.0,7.2,49.2,4024.0,4033,199
b205eb4d-f84aaa1a,Statues-200,0.7670325762757179,0.6539717839152914,0.9969713914276246,0.39413399749995287,2005,1588,1542,46,463,202,0,0.0,0,0,0.0,0.0,0,0.0,0,0.0,202,100.0,24.82,115.156,41.924,43.901,1038.54,30.064,744.98,1.615,39.86,10.245,253.71,62.7,64.0,62.0,62.7,64.0,81.9,7.2,49.2,4026.0,4031,205
b205eb4d-f84aaa1a,Statues-500,0.7670325762757179,0.6539717839152914,0.9969713914276246,0.39413399749995287,2005,1588,1542,46,463,202,0,0.0,0,0,0.0,0.0,0,0.0,0,0.0,202,100.0,24.86,115.417,41.859,44.001,1039.85,29.992,745.22,1.613,39.98,10.254,254.65,62.6,63.8,62.0,62.8,63.8,80.5,7.2,49.1,4024.0,4036,200
b2064e61-2beadd45,Statues-25,0.652553576856366,0.5105801586641309,0.9943715917708386,0.3388990259545025,2109,1443,1383,60,726,166,37,18.23,0,37,0.0,18.23,0,0.0,0,0.0,166,81.77,20.24,94.237,42.115,44.102,845.55,30.152,605.41,1.648,33.05,10.315,207.09,62.7,63.9,61.9,62.7,63.9,84.6,6.9,48.9,4026.0,4031,167
b2064e61-2beadd45,Statues-75,0.6514489731964049,0.5140412400454096,0.9927410469028815,0.33798882589778745,2109,1443,1383,60,726,162,41,20.2,0,41,0.0,20.2,0,0.0,0,0.0,162,79.8,19.58,91.388,42.245,44.5,824.67,30.282,591.54,1.651,32.02,10.312,201.1,62.6,64.0,61.9,62.8,64.0,85.7,7.0,49.2,4028.0,4030,157
b2064e61-2beadd45,Statues-200,0.6343103090969751,0.4890409320168262,0.9821243850032421,0.3323283416549939,2109,1439,1361,78,748,146,57,28.08,0,57,0.0,28.08,0,0.0,0,0.0,146,71.92,17.89,83.011,41.719,44.5,745.73,29.816,533.27,1.652,29.38,10.251,183.08,62.4,63.7,61.9,62.7,63.7,76.0,7.3,48.4,4027.0,4033,143
b2064e61-2beadd45,Statues-500,0.5661776664068925,0.4217722946667104,0.9379755969308163,0.31145450159300575,2109,1425,1271,154,838,109,94,46.31,0,94,0.0,46.31,0,0.0,0,0.0,109,53.69,13.8,63.058,40.706,44.513,562.21,28.93,400.06,1.69,23.09,10.086,139.06,62.1,63.8,61.7,62.7,63.8,79.3,7.3,46.3,4033.0,4035,111
b206a78b-99f405ab,Statues-25,0.5990145583220263,0.482114227827169,0.9919096794047274,0.3067353132276798,2188,1359,1321,38,867,202,0,0.0,0,0,0.0,0.0,0,0.0,0,0.0,202,100.0,24.18,113.916,42.751,44.5,1032.28,30.741,742.65,1.611,38.74,10.399,250.9,62.7,64.0,62.0,62.8,64.0,83.3,7.2,50.3,4035.0,4037,196
b206a78b-99f405ab,Statues-75,0.5967941964022608,0.4802249353180579,0.9912093601459263,0.30593112562796465,2188,1357,1317,40,871,198,4,1.98,0,4,0.0,1.98,0,0.0,0,0.0,198,98.02,23.56,111.256,42.74,44.5,1004.49,30.718,722.06,1.612,37.79,10.411,244.64,62.8,63.9,62.2,63.1,64.2,76.8,6.9,50.6,4041.0,4043,194
b206a78b-99f405ab,Statues-200,0.5919765738481667,0.47644946922393727,0.9898780401464912,0.3045560044178128,2188,1354,1308,46,880,196,6,2.97,0,6,0.0,2.97,0,0.0,0,0.0,196,97.03,23.33,110.173,43.069,44.601,999.95,30.994,719.63,1.608,37.28,10.467,243.04,63.2,64.1,62.3,63.2,64.1,83.0,6.7,50.9,4037.0,4041,190
b206a78b-99f405ab,Statues-500,0.5887958450160178,0.47311133092080776,0.9867574277103058,0.3042216481383258,2188,1358,1305,53,883,186,16,7.92,0,16,0.0,7.92,0,0.0,0,0.0,186,92.08,22.19,104.589,42.752,44.5,945.39,30.72,679.71,1.622,35.7,10.411,229.98,63.1,64.2,62.4,63.1,64.2,84.8,7.0,50.4,4040.0,4047,179
b2080dc7-f9b98a5f,Statues-25,0.14917470174865174,0.10444243318086581,0.8919934436848952,0.08025120818060841,1055,203,176,27,879,177,25,12.38,0,25,0.0,12.38,0,0.0,0,0.0,177,87.62,20.85,98.777,43.015,44.999,897.37,30.926,645.57,1.625,33.73,10.464,218.07,63.2,64.5,62.4,63.2,64.5,86.4,6.8,50.7,4043.0,4051,171
b2080dc7-f9b98a5f,Statues-75,0.13614096006757073,0.09286225677779694,0.8568112687617524,0.07391018722725352,1055,202,167,35,888,168,34,16.83,0,34,0.0,16.83,0,0.0,0,0.0,168,83.17,19.87,93.879,42.991,44.999,850.08,30.893,610.99,1.62,31.95,10.478,207.13,63.4,64.4,62.6,63.3,64.4,89.8,6.7,50.6,4046.0,4047,161
b2080dc7-f9b98a5f,Statues-200,0.13837308781613192,0.09488615956484478,0.9171243461936093,0.07346774841352718,1055,177,159,18,896,155,47,23.27,0,47,0.0,23.27,0,0.0,0,0.0,155,76.73,18.47,86.957,42.52,44.999,780.91,30.491,560.19,1.635,29.94,10.394,190.78,63.1,64.1,62.6,63.4,64.1,75.3,6.9,50.0,4046.0,4055,152
b2080dc7-f9b98a5f,Statues-500,0.09500809608056307,0.0649755773138323,0.7382264465479706,0.06379699075139188,1055,206,133,73,922,139,63,31.19,0,63,0.0,31.19,0,0.0,0,0.0,139,68.81,16.89,78.908,41.923,44.998,708.85,29.978,507.37,1.643,27.56,10.303,173.91,63.2,64.3,62.5,63.2,64.3,83.3,7.2,48.6,4043.0,4047,135
b20841f9-cef732d5,Statues-25,0.7276825571242799,0.5765339584459612,0.9718886736761162,0.3860527199612261,2083,1671,1558,113,525,203,0,0.0,0,0,0.0,0.0,0,0.0,0,0.0,203,100.0,24.31,113.628,42.706,44.499,1035.42,30.706,744.64,1.605,38.83,10.395,251.95,63.3,64.4,62.6,63.2,64.4,80.1,6.9,50.3,4042.0,4044,194
b20841f9-cef732d5,Statues-75,0.7276825571242799,0.5765339584459612,0.9718886736761162,0.3860527199612261,2083,1671,1558,113,525,203,0,0.0,0,0,0.0,0.0,0,0.0,0,0.0,203,100.0,24.46,114.066,42.391,44.001,1032.45,30.436,741.61,1.619,39.25,10.336,251.59,63.1,64.2,62.6,63.3,64.2,80.8,7.1,49.9,4046.0,4051,196
b20841f9-cef732d5,Statues-200,0.7276344313306939,0.5763395607250318,0.971826833425872,0.38601594567518593,2083,1671,1558,113,525,202,1,0.49,0,1,0.0,0.49,0,0.0,0,0.0,202,99.51,24.41,113.795,42.511,44.399,1035.32,30.531,743.77,1.611,39.11,10.369,252.44,63.2,64.3,62.4,63.1,64.3,82.5,7.0,50.0,4050.0,4053,198
b20841f9-cef732d5,Statues-500,0.7272922104545019,0.5761401452848428,0.9719068545975214,0.38641333838757896,2083,1673,1557,116,526,199,4,1.97,0,4,0.0,1.97,0,0.0,0,0.0,199,98.03,24.03,111.864,42.67,44.5,1021.44,30.684,734.66,1.612,38.49,10.375,248.29,63.2,64.3,62.3,63.0,64.3,85.4,7.1,50.0,4046.0,4051,193
b20b69d2-64b9cdb8,Statues-25,0.6718180489641115,0.5540927624232133,0.9874603095268123,0.3612761690863881,1300,959,882,77,418,203,0,0.0,0,0,0.0,0.0,0,0.0,0,0.0,203,100.0,24.45,113.395,42.49,44.102,1035.73,30.542,744.65,1.611,39.18,10.337,251.89,63.0,64.1,62.3,63.0,64.1,76.9,7.4,50.1,4050.0,4054,196
b20b69d2-64b9cdb8,Statues-75,0.6718180489641115,0.5540927624232133,0.9874603095268123,0.3612761690863881,1300,959,882,77,418,203,0,0.0,0,0,0.0,0.0,0,0.0,0,0.0,203,100.0,24.37,113.174,42.733,44.5,1040.06,30.752,748.64,1.603,38.92,10.379,252.5,63.1,64.2,62.4,63.1,64.2,86.6,7.0,50.3,4046.0,4049,198
b20b69d2-64b9cdb8,Statues-200,0.67179417018705,0.5539362089000314,0.9874269847560789,0.36125531402903666,1300,959,882,77,418,202,1,0.49,0,1,0.0,0.49,0,0.0,0,0.0,202,99.51,24.36,113.058,42.503,44.088,1030.34,30.527,740.22,1.609,38.9,10.367,251.23,63.0,64.3,62.4,63.1,64.3,84.3,7.3,50.1,4046.0,4048,197
b20b69d2-64b9cdb8,Statues-500,0.6610160484793288,0.5409861042450351,0.9804048574336218,0.35769391360205555,1300,958,874,84,426,194,9,4.43,0,9,0.0,4.43,0,0.0,0,0.0,194,95.57,23.33,108.284,42.619,44.088,991.27,30.614,712.29,1.628,37.73,10.376,241.25,63.1,64.3,62.4,63.1,64.3,88.4,7.0,50.1,4047.0,4052,187
b20b69d2-650e674d,Statues-25,0.7419324232786353,0.5591339108628623,0.9867907344361602,0.3887651891005661,3258,2588,2447,141,811,180,22,10.89,0,22,0.0,10.89,0,0.0,0,0.0,180,89.11,22.1,102.401,42.078,44.001,927.58,30.173,665.5,1.623,35.61,10.282,226.47,62.9,64.2,62.3,63.1,64.2,81.4,7.1,49.3,4050.0,4052,181
b20b69d2-650e674d,Statues-75,0.7485218633529859,0.5601864334608545,0.9866713514344245,0.39226213810368543,3258,2612,2469,143,789,179,23,11.39,0,23,0.0,11.39,0,0.0,0,0.0,179,88.61,22.06,102.088,42.106,44.001,928.42,30.209,666.57,1.628,35.65,10.269,226.2,62.8,64.2,62.1,63.1,64.2,86.0,6.9,49.0,4052.0,4055,179
b20b69d2-650e674d,Statues-200,0.7485218633529859,0.5601864334608545,0.9866713514344245,0.39226213810368543,3258,2612,2469,143,789,179,23,11.39,0,23,0.0,11.39,0,0.0,0,0.0,179,88.61,22.19,102.354,41.788,43.9,922.8,29.962,662.06,1.621,35.59,10.205,225.15,62.6,64.0,62.0,62.7,64.0,75.8,7.2,48.7,4049.0,4055,180
b20b69d2-650e674d,Statues-500,0.7102836268209443,0.5224924304803545,0.9808226311502497,0.37903540985775175,3258,2543,2355,188,903,165,37,18.32,0,37,0.0,18.32,0,0.0,0,0.0,165,81.68,20.62,94.697,41.286,43.502,850.42,29.514,608.44,1.641,33.52,10.131,208.46,62.2,63.7,61.9,62.7,63.7,70.7,7.2,48.2,4051.0,4053,166
b20b69d2-6e2b9e73,Statues-25,0.5447721265687806,0.40962008410353545,0.9705902971594171,0.2917461752915158,1317,801,738,63,579,187,16,7.88,0,16,0.0,7.88,0,0.0,0,0.0,187,92.12,22.61,104.612,42.299,44.499,952.6,30.362,683.91,1.623,36.44,10.314,232.24,62.4,63.7,61.9,62.8,63.6,75.4,6.9,49.8,4053.0,4056,183
b20b69d2-6e2b9e73,Statues-75,0.5444885701871311,0.4092949836321422,0.9566513383232894,0.2959718554707715,1317,829,748,81,569,183,20,9.85,0,20,0.0,9.85,0,0.0,0,0.0,183,90.15,22.05,102.132,42.455,44.5,932.62,30.472,669.4,1.629,35.74,10.354,227.48,62.7,64.0,62.1,63.0,64.0,85.7,6.8,50.0,4058.0,4062,185
b20b69d2-6e2b9e73,Statues-200,0.5430012556212853,0.40832742712861875,0.9566502987374197,0.2949178281404837,1317,826,746,80,571,182,21,10.34,0,21,0.0,10.34,0,0.0,0,0.0,182,89.66,22.02,101.848,42.17,44.499,928.33,30.222,665.72,1.63,35.69,10.318,226.92,62.7,63.9,62.1,62.8,63.9,78.7,6.9,49.5,4058.0,4059,180
b20b69d2-6e2b9e73,Statues-500,0.5208350131363795,0.38694284493203424,0.9367789579223101,0.2947165422799315,1317,854,728,126,589,179,24,11.82,0,24,0.0,11.82,0,0.0,0,0.0,179,88.18,21.79,100.428,42.016,44.499,914.4,30.111,655.57,1.629,35.3,10.276,223.52,62.7,63.9,62.2,62.9,63.9,75.9,7.2,49.2,4062.0,4065,176
b20b69d2-7767e6b6,Statues-25,0.7219953463994434,0.585854420462858,0.9783764667671028,0.38600699932264615,1032,824,760,64,272,203,0,0.0,0,0,0.0,0.0,0,0.0,0,0.0,203,100.0,24.5,113.536,42.39,44.399,1038.43,30.433,745.93,1.613,39.31,10.344,253.18,62.9,64.1,62.2,62.8,64.1,80.7,7.3,49.8,4067.0,4072,197
b20b69d2-7767e6b6,Statues-75,0.7219953463994434,0.585854420462858,0.9783764667671028,0.38600699932264615,1032,824,760,64,272,203,0,0.0,0,0,0.0,0.0,0,0.0,0,0.0,203,100.0,24.5,113.489,42.486,44.002,1036.57,30.526,744.95,1.606,39.09,10.353,252.52,63.0,64.1,62.4,63.2,64.1,83.5,7.3,50.0,4069.0,4073,199
b20b69d2-7767e6b6,Statues-200,0.7219953463994434,0.585854420462858,0.9783764667671028,0.38600699932264615,1032,824,760,64,272,203,0,0.0,0,0,0.0,0.0,0,0.0,0,0.0,203,100.0,24.48,113.356,42.646,44.001,1039.04,30.664,747.25,1.61,39.15,10.371,252.65,63.2,64.0,62.4,63.1,64.0,87.9,7.2,50.1,4063.0,4065,200
b20b69d2-7767e6b6,Statues-500,0.7219953463994434,0.585854420462858,0.9783764667671028,0.38600699932264615,1032,824,760,64,272,203,0,0.0,0,0,0.0,0.0,0,0.0,0,0.0,203,100.0,24.39,113.257,42.565,44.5,1036.95,30.579,745.11,1.61,39.13,10.376,252.72,63.0,64.1,62.4,63.1,64.1,76.7,6.8,50.3,4063.0,4064,200
b20b69d2-bd242bf0,Statues-25,0.7064751692136554,0.5079297130344207,0.9902412859746624,0.37155252447164894,2122,1602,1512,90,610,160,0,0.0,0,0,0.0,0.0,0,0.0,0,0.0,160,100.0,19.29,114.192,42.523,44.486,817.1,30.538,587.08,1.615,30.88,10.37,199.14,63.1,64.3,62.3,63.1,64.3,92.1,6.9,49.4,4064.0,4066,159
b20b69d2-bd242bf0,Statues-75,0.7064751692136554,0.5079297130344207,0.9902412859746624,0.37155252447164894,2122,1602,1512,90,610,160,0,0.0,0,0,0.0,0.0,0,0.0,0,0.0,160,100.0,19.29,114.102,42.443,44.486,814.84,30.476,585.36,1.623,31.01,10.344,198.46,62.9,64.2,62.1,62.9,64.0,84.1,7.1,49.2,4063.0,4065,155
b20b69d2-bd242bf0,Statues-200,0.7064751692136554,0.5079297130344207,0.9902412859746624,0.37155252447164894,2122,1602,1512,90,610,160,0,0.0,0,0,0.0,0.0,0,0.0,0,0.0,160,100.0,19.33,114.354,42.305,44.5,813.42,30.373,584.37,1.621,30.96,10.311,198.09,62.6,63.9,61.9,62.6,63.8,90.8,7.1,49.1,4066.0,4068,156
b20b69d2-bd242bf0,Statues-500,0.7064751692136554,0.5079297130344207,0.9902412859746624,0.37155252447164894,2122,1602,1512,90,610,160,0,0.0,0,0,0.0,0.0,0,0.0,0,0.0,160,100.0,19.46,114.828,42.046,44.001,814.19,30.153,583.96,1.618,31.3,10.275,198.94,62.5,63.6,61.8,62.4,63.6,82.4,7.2,48.9,4063.0,4064,154
b20b69d2-ca16c907,Statues-25,0.6965062515549719,0.5657405109570035,0.9825768783827205,0.3797499947667332,891,697,629,68,262,171,27,13.64,0,27,0.0,13.64,0,0.0,0,0.0,171,86.36,20.89,98.432,42.163,44.399,878.66,30.237,630.35,1.631,33.87,10.295,214.44,62.6,63.7,61.7,62.5,63.7,82.3,7.2,49.3,4063.0,4067,166
b20b69d2-ca16c907,Statues-75,0.6783981662360443,0.5511894568433133,0.9833132543393346,0.3709001782531194,891,680,612,68,279,163,35,17.68,0,35,0.0,17.68,0,0.0,0,0.0,163,82.32,19.95,93.776,42.3,44.399,840.03,30.359,602.99,1.632,32.35,10.308,204.69,62.6,63.6,61.8,62.5,63.6,86.4,7.3,49.5,4064.0,4066,159
b20b69d2-ca16c907,Statues-200,0.6804335039896521,0.5524526744126271,0.9830909091526884,0.371844874288667,891,682,614,68,277,162,36,18.18,0,36,0.0,18.18,0,0.0,0,0.0,162,81.82,19.79,93.238,42.168,44.486,833.14,30.235,597.81,1.63,31.98,10.303,203.35,62.5,63.7,61.8,62.5,63.7,83.6,7.0,49.4,4063.0,4067,159
b20b69d2-ca16c907,Statues-500,0.7159184406016224,0.57971316510719,0.9821538107248314,0.3893134923437954,891,715,647,68,244,156,42,21.21,0,42,0.0,21.21,0,0.0,0,0.0,156,78.79,19.22,90.051,42.133,44.399,804.36,30.246,577.77,1.621,30.76,10.266,195.84,62.4,63.7,61.7,62.6,63.7,77.7,7.2,49.1,4068.0,4073,152
b20b69d2-e31380a7,Statues-25,0.7389848203064591,0.6165778220682522,0.9965119083967464,0.38406723748100374,529,408,392,16,137,174,0,0.0,0,0,0.0,0.0,0,0.0,0,0.0,174,100.0,20.82,112.806,42.718,44.486,884.72,30.72,636.48,1.611,33.24,10.387,215.0,62.5,63.6,61.8,62.6,63.6,81.9,7.2,50.1,4068.0,4071,167
b20b69d2-e31380a7,Statues-75,0.7389848203064591,0.6165778220682522,0.9965119083967464,0.38406723748100374,529,408,392,16,137,174,0,0.0,0,0,0.0,0.0,0,0.0,0,0.0,174,100.0,20.85,112.896,42.596,44.499,883.3,30.626,635.39,1.607,33.19,10.363,214.72,62.6,63.7,61.9,62.7,63.8,81.2,7.1,49.9,4070.0,4074,169
b20b69d2-e31380a7,Statues-200,0.7389848203064591,0.6165778220682522,0.9965119083967464,0.38406723748100374,529,408,392,16,137,174,0,0.0,0,0,0.0,0.0,0,0.0,0,0.0,174,100.0,20.92,113.117,42.439,44.499,885.86,30.474,636.42,1.613,33.51,10.352,215.92,62.7,63.9,62.1,62.8,63.9,77.2,7.1,49.7,4068.0,4073,171
b20b69d2-e31380a7,Statues-500,0.7389848203064591,0.6165778220682522,0.9965119083967464,0.38406723748100374,529,408,392,16,137,174,0,0.0,0,0,0.0,0.0,0,0.0,0,0.0,174,100.0,20.88,112.928,42.397,44.499,882.51,30.433,633.85,1.614,33.42,10.35,215.24,62.7,64.0,62.2,62.9,64.0,79.1,7.3,49.7,4073.0,4075,167
b20b69d2-ffc1d6af,Statues-25,0.6882150393687276,0.5514432134331692,0.9915726958892659,0.3574945562347509,1622,1175,1125,50,497,199,0,0.0,0,0,0.0,0.0,0,0.0,0,0.0,199,100.0,24.12,113.963,42.451,44.001,1023.23,30.491,735.38,1.607,38.55,10.354,249.3,63.0,63.9,62.2,63.0,63.9,92.5,7.2,49.8,4075.0,4077,194
b20b69d2-ffc1d6af,Statues-75,0.6882150393687276,0.5514432134331692,0.9915726958892659,0.3574945562347509,1622,1175,1125,50,497,199,0,0.0,0,0,0.0,0.0,0,0.0,0,0.0,199,100.0,24.1,113.9,42.294,44.002,1019.17,30.363,731.96,1.618,38.84,10.314,248.36,62.9,64.2,62.3,63.1,64.2,75.6,7.2,49.7,4069.0,4078,194
b20b69d2-ffc1d6af,Statues-200,0.6882150393687276,0.5514432134331692,0.9915726958892659,0.3574945562347509,1622,1175,1125,50,497,199,0,0.0,0,0,0.0,0.0,0,0.0,0,0.0,199,100.0,24.0,113.586,42.447,44.002,1014.89,30.492,729.27,1.611,38.39,10.344,247.23,63.0,64.1,62.4,63.1,64.1,85.4,7.2,50.0,4070.0,4074,198
b20b69d2-ffc1d6af,Statues-500,0.6882150393687276,0.5514432134331692,0.9915726958892659,0.3574945562347509,1622,1175,1125,50,497,199,0,0.0,0,0,0.0,0.0,0,0.0,0,0.0,199,100.0,24.04,113.624,42.492,44.102,1020.51,30.529,733.57,1.609,38.48,10.354,248.46,63.0,64.2,62.3,63.2,64.2,84.2,7.2,49.9,4078.0,4085,194
b20b9c19-91e01a50,Statues-25,0.7961223766495802,0.6043200661084444,0.9609572382536341,0.4539227241629241,1745,1692,1432,260,313,202,0,0.0,0,0,0.0,0.0,0,0.0,0,0.0,202,100.0,24.39,114.31,42.402,44.486,1033.58,30.45,742.45,1.613,39.19,10.34,251.94,62.9,64.3,62.3,63.1,64.3,81.9,7.1,50.0,4077.0,4082,199
b20b9c19-91e01a50,Statues-75,0.7961223766495802,0.6043200661084444,0.9609572382536341,0.4539227241629241,1745,1692,1432,260,313,202,0,0.0,0,0,0.0,0.0,0,0.0,0,0.0,202,100.0,24.33,113.991,42.562,44.102,1030.52,30.585,740.74,1.611,38.89,10.366,250.89,63.0,64.2,62.4,63.1,64.2,84.4,7.3,50.1,4072.0,4075,195
b20b9c19-91e01a50,Statues-200,0.7961223766495802,0.6043200661084444,0.9609572382536341,0.4539227241629241,1745,1692,1432,260,313,202,0,0.0,0,0,0.0,0.0,0,0.0,0,0.0,202,100.0,24.31,113.994,42.618,44.5,1031.62,30.627,741.63,1.615,38.94,10.377,251.05,63.0,64.1,62.4,63.1,64.1,84.1,7.2,50.1,4077.0,4079,196
b20b9c19-91e01a50,Statues-500,0.7961223766495802,0.6043200661084444,0.9609572382536341,0.4539227241629241,1745,1692,1432,260,313,202,0,0.0,0,0,0.0,0.0,0,0.0,0,0.0,202,100.0,24.31,113.952,42.579,44.002,1035.14,30.601,744.32,1.615,39.07,10.363,251.74,63.0,64.0,62.3,62.9,64.0,86.8,7.1,50.0,4078.0,4080,195
b20d494a-cdebe83e,Statues-25,0.6191329029286525,0.4726231674850202,0.96605188197418,0.3473685401009947,1203,882,766,116,437,198,0,0.0,0,0,0.0,0.0,0,0.0,0,0.0,198,100.0,23.51,113.184,42.965,44.5,1007.23,30.921,725.03,1.616,37.8,10.428,244.4,63.0,64.1,62.2,63.0,64.1,86.7,7.2,50.6,4079.0,4081,187
b20d494a-cdebe83e,Statues-75,0.6191329029286525,0.4726231674850202,0.96605188197418,0.3473685401009947,1203,882,766,116,437,198,0,0.0,0,0,0.0,0.0,0,0.0,0,0.0,198,100.0,23.55,113.252,42.852,44.5,1004.32,30.825,722.75,1.612,37.63,10.415,243.94,63.0,64.1,62.3,62.9,64.1,76.2,7.3,50.6,4080.0,4081,190
b20d494a-cdebe83e,Statues-200,0.6199106453385297,0.4716424835775407,0.9660243468120292,0.347745208515141,1203,883,767,116,436,197,1,0.51,0,1,0.0,0.51,0,0.0,0,0.0,197,99.49,23.41,112.755,43.002,44.601,1005.15,30.936,723.5,1.612,37.5,10.454,244.15,63.2,64.1,62.3,63.1,64.1,87.2,7.0,50.6,4089.0,4097,192
b20d494a-cdebe83e,Statues-500,0.6158727617216082,0.46813523787610717,0.9636190902430042,0.3462352442767467,1203,881,764,117,439,196,2,1.01,0,2,0.0,1.01,0,0.0,0,0.0,196,98.99,23.29,112.106,42.988,44.897,996.07,30.939,717.18,1.612,37.2,10.437,241.69,63.1,64.2,62.4,63.3,64.2,89.1,6.9,50.7,4088.0,4091,187
b20e291a-32ac11c1,Statues-25,0.7154695321483926,0.5484817694775816,0.97561571906437,0.3947778310822248,2599,2139,1896,243,703,202,0,0.0,0,0,0.0,0.0,0,0.0,0,0.0,202,100.0,24.45,114.008,42.547,44.102,1038.68,30.58,746.67,1.609,39.2,10.358,252.8,63.1,64.0,62.4,63.1,64.0,86.7,7.0,49.8,4086.0,4089,202
b20e291a-32ac11c1,Statues-75,0.7154695321483926,0.5484817694775816,0.97561571906437,0.3947778310822248,2599,2139,1896,243,703,202,0,0.0,0,0,0.0,0.0,0,0.0,0,0.0,202,100.0,24.6,114.509,42.118,44.002,1035.5,30.201,742.98,1.621,39.63,10.296,252.89,62.9,64.1,62.1,62.7,64.1,80.4,7.2,49.4,4083.0,4086,199
b20e291a-32ac11c1,Statues-200,0.7154695321483926,0.5484817694775816,0.97561571906437,0.3947778310822248,2599,2139,1896,243,703,202,0,0.0,0,0,0.0,0.0,0,0.0,0,0.0,202,100.0,25.05,116.048,41.606,43.489,1037.13,29.779,742.52,1.61,40.05,10.217,254.56,62.7,63.8,62.1,63.2,63.8,84.1,7.2,48.6,4081.0,4090,203
b20e291a-32ac11c1,Statues-500,0.711892787441966,0.5444950514201381,0.9746829411232595,0.393431269277591,2599,2135,1888,247,711,200,2,0.99,0,2,0.0,0.99,0,0.0,0,0.0,200,99.01,24.79,114.807,41.719,43.503,1030.21,29.856,737.33,1.625,40.05,10.238,252.83,62.6,63.9,62.0,62.7,63.9,78.2,7.1,48.9,4069.0,4078,198
b20e291a-6012d836,Statues-25,0.705109864622131,0.5551915654508542,0.9792376226016088,0.3803486797135701,2245,1766,1612,154,633,203,0,0.0,0,0,0.0,0.0,0,0.0,0,0.0,203,100.0,25.06,115.737,41.703,43.602,1045.44,29.869,749.18,1.618,40.35,10.215,255.91,62.5,63.9,62.0,62.9,63.9,73.8,7.2,48.7,4073.0,4081,202
b20e291a-6012d836,Statues-75,0.7047835411638463,0.5548247952924799,0.9793379785367401,0.3803678490265268,2245,1766,1611,155,634,197,6,2.96,0,6,0.0,2.96,0,0.0,0,0.0,197,97.04,23.87,110.805,42.343,44.101,1009.21,30.403,724.82,1.615,38.38,10.325,246.01,62.7,64.1,62.0,63.0,64.1,84.5,7.1,49.7,4074.0,4077,192
b20e291a-6012d836,Statues-200,0.6895421099078882,0.5425462027660226,0.9720109073023526,0.37770293923899745,2245,1775,1586,189,659,165,38,18.72,0,38,0.0,18.72,0,0.0,0,0.0,165,81.28,20.42,93.806,41.744,44.001,851.27,29.876,609.38,1.639,33.34,10.229,208.55,62.6,64.0,62.0,62.8,64.0,80.8,7.2,48.6,4079.0,4086,164
b20e291a-6012d836,Statues-500,0.6837310055736058,0.5346715515189577,0.9710308251620489,0.37526225385719364,2245,1766,1574,192,671,153,50,24.63,0,50,0.0,24.63,0,0.0,0,0.0,153,75.37,19.09,87.333,41.381,44.002,787.34,29.559,562.76,1.658,31.35,10.165,193.23,62.4,63.7,61.9,62.7,63.7,84.0,7.1,47.9,4081.0,4084,154
b20eae11-149766ce,Statues-25,0.25395378591318163,0.18455889715535984,0.9726316456808592,0.13403651096638972,1752,488,457,31,1295,203,0,0.0,0,0,0.0,0.0,0,0.0,0,0.0,203,100.0,23.82,112.379,43.197,44.898,1027.95,31.095,740.26,1.62,38.39,10.482,249.3,62.8,63.8,62.0,62.9,63.8,79.9,7.0,51.2,4083.0,4085,192
b20eae11-149766ce,Statues-75,0.25395378591318163,0.18455889715535984,0.9726316456808592,0.13403651096638972,1752,488,457,31,1295,203,0,0.0,0,0,0.0,0.0,0,0.0,0,0.0,203,100.0,23.98,112.891,43.164,44.999,1027.8,31.067,739.93,1.607,38.18,10.489,249.69,63.0,64.2,62.2,62.9,64.2,88.4,7.2,51.1,4086.0,4089,192
b20eae11-149766ce,Statues-200,0.25395378591318163,0.18455889715535984,0.9726316456808592,0.13403651096638972,1752,488,457,31,1295,203,0,0.0,0,0,0.0,0.0,0,0.0,0,0.0,203,100.0,24.42,113.981,42.571,44.499,1035.76,30.578,744.06,1.607,39.04,10.385,252.66,63.1,64.2,62.4,63.2,64.2,84.4,7.3,50.2,4078.0,4090,193
b20eae11-149766ce,Statues-500,0.2539483862899249,0.18292273087641783,0.9726086353367775,0.13402364510816678,1752,488,457,31,1295,199,4,1.97,0,4,0.0,1.97,0,0.0,0,0.0,199,98.03,23.96,111.757,42.269,44.4,1008.27,30.307,723.18,1.607,38.21,10.355,246.88,63.0,64.3,62.5,63.1,64.3,73.7,7.2,50.0,4079.0,4083,192
b20eae11-18cd8ca2,Statues-25,0.407606000854442,0.24218678674034488,0.9896238880936911,0.21328032663586546,1135,492,467,25,668,202,0,0.0,0,0,0.0,0.0,0,0.0,0,0.0,202,100.0,23.85,112.77,43.111,44.587,1024.8,31.033,737.85,1.609,38.15,10.47,248.8,63.4,64.5,62.6,63.3,64.5,78.4,7.1,51.2,4078.0,4081,193
b20eae11-18cd8ca2,Statues-75,0.407606000854442,0.24218678674034488,0.9896238880936911,0.21328032663586546,1135,492,467,25,668,202,0,0.0,0,0,0.0,0.0,0,0.0,0,0.0,202,100.0,24.3,113.921,42.534,44.101,1029.24,30.537,739.36,1.609,38.75,10.388,251.13,63.4,64.5,62.7,63.3,64.5,82.7,7.3,50.0,4076.0,4080,193
b20eae11-18cd8ca2,Statues-200,0.407606000854442,0.24218678674034488,0.9896238880936911,0.21328032663586546,1135,492,467,25,668,202,0,0.0,0,0,0.0,0.0,0,0.0,0,0.0,202,100.0,23.76,112.529,43.236,44.897,1024.66,31.148,738.33,1.605,37.97,10.482,248.36,63.5,64.8,62.9,63.6,64.8,80.2,7.0,51.2,4078.0,4080,191
b20eae11-18cd8ca2,Statues-500,0.407606000854442,0.24218678674034488,0.9896238880936911,0.21328032663586546,1135,492,467,25,668,202,0,0.0,0,0,0.0,0.0,0,0.0,0,0.0,202,100.0,24.14,113.453,42.844,44.499,1028.72,30.811,739.95,1.607,38.47,10.426,250.3,63.5,64.7,62.8,63.4,64.7,87.0,6.8,50.6,4082.0,4089,198
b20eae11-6817ba7a,Statues-25,0.37125686363099464,0.2609067564776864,0.9626212347476896,0.19820315581854042,1560,650,601,49,959,202,0,0.0,0,0,0.0,0.0,0,0.0,0,0.0,202,100.0,24.0,112.741,43.111,44.5,1028.51,31.056,741.07,1.607,38.25,10.448,249.19,63.6,64.8,62.9,63.8,64.8,84.2,7.1,50.9,4082.0,4084,193
b20eae11-6817ba7a,Statues-75,0.37125686363099464,0.2609067564776864,0.9626212347476896,0.19820315581854042,1560,650,601,49,959,202,0,0.0,0,0,0.0,0.0,0,0.0,0,0.0,202,100.0,24.47,113.875,42.364,44.002,1036.2,30.421,744.45,1.613,39.27,10.33,252.49,63.5,64.8,62.9,63.7,64.8,83.2,7.2,49.9,4079.0,4086,196
b20eae11-6817ba7a,Statues-200,0.37059502742640704,0.2603738509590541,0.9624408008222284,0.19812031558185406,1560,650,600,50,960,201,1,0.5,0,1,0.0,0.5,0,0.0,0,0.0,201,99.5,24.16,112.811,42.664,44.486,1025.52,30.672,737.4,1.611,38.64,10.381,249.48,63.5,64.7,62.9,63.4,64.7,84.3,7.2,50.3,4076.0,4082,192
b20eae11-6817ba7a,Statues-500,0.3694591069093148,0.2593341780013931,0.9627546810015017,0.19736059921531326,1560,647,598,49,962,195,7,3.47,0,7,0.0,3.47,0,0.0,0,0.0,195,96.53,23.54,109.963,42.316,44.499,996.29,30.365,715.11,1.611,37.84,10.34,243.34,63.3,64.7,62.8,63.5,64.7,72.2,7.2,49.8,4075.0,4081,190
b20ff95c-b9444127,Statues-25,0.5483773188476118,0.32203171081676707,0.9739653845653512,0.30126166365048196,787,495,441,54,346,102,0,0.0,0,0,0.0,0.0,0,0.0,0,0.0,102,100.0,12.27,114.184,41.973,44.486,514.03,30.019,367.96,1.627,19.78,10.326,126.29,63.2,64.5,62.4,63.0,64.5,88.4,6.7,47.8,4079.0,4083,102
b20ff95c-b9444127,Statues-75,0.5483773188476118,0.32203171081676707,0.9739653845653512,0.30126166365048196,787,495,441,54,346,102,0,0.0,0,0,0.0,0.0,0,0.0,0,0.0,102,100.0,12.26,114.021,41.803,44.486,511.04,29.915,366.1,1.616,19.61,10.272,125.34,62.8,64.0,62.3,63.0,64.0,77.2,6.8,47.6,4082.0,4084,99
b20ff95c-b9444127,Statues-200,0.5389289364943154,0.3173129420973188,0.9632395446430218,0.2991803174328326,787,499,438,61,349,98,4,3.92,0,4,0.0,3.92,0,0.0,0,0.0,98,96.08,11.78,109.341,41.748,44.486,490.74,29.864,351.35,1.621,18.93,10.263,120.47,62.5,64.1,62.1,62.8,64.1,79.4,7.0,47.4,4085.0,4086,98
b20ff95c-b9444127,Statues-500,0.5183390199502328,0.3043641687729858,0.9499122620311802,0.291979515613569,787,495,427,68,360,94,8,7.84,0,8,0.0,7.84,0,0.0,0,0.0,94,92.16,11.45,105.771,41.499,44.386,472.45,29.684,338.05,1.61,18.26,10.206,116.14,62.4,63.8,61.9,62.8,63.8,76.6,7.1,46.9,4083.0,4088,92
b2102d00-5eb86b71,Statues-25,0.6145816204005234,0.4678989067040834,0.9864655375526544,0.3248723707284234,2413,1603,1501,102,912,195,7,3.47,0,7,0.0,3.47,0,0.0,0,0.0,195,96.53,23.33,110.114,42.665,44.486,993.1,30.649,713.58,1.605,37.26,10.411,242.25,62.9,64.1,62.2,63.0,64.1,85.3,7.1,50.4,4086.0,4089,188
b2102d00-5eb86b71,Statues-75,0.6245992911477826,0.47594301196143507,0.9865582302811465,0.331421669828693,2413,1635,1525,110,888,194,8,3.96,0,8,0.0,3.96,0,0.0,0,0.0,194,96.04,23.07,109.076,43.001,44.499,989.0,30.952,712.19,1.618,37.03,10.431,239.78,63.0,64.1,62.2,63.0,64.1,89.3,7.0,50.6,4082.0,4086,186
b2102d00-5eb86b71,Statues-200,0.6232124676646726,0.47120857901201463,0.982514965959972,0.3316527765131002,2413,1643,1528,115,885,187,15,7.43,0,15,0.0,7.43,0,0.0,0,0.0,187,92.57,22.25,105.229,42.809,44.5,948.39,30.757,681.46,1.62,35.82,10.432,231.11,63.0,63.9,62.2,63.0,63.9,83.0,6.7,50.5,4086.0,4091,187
b2102d00-5eb86b71,Statues-500,0.6167211494363996,0.4511121639146638,0.9741132975731122,0.3311160761655365,2413,1656,1525,131,888,179,23,11.39,0,23,0.0,11.39,0,0.0,0,0.0,179,88.61,21.52,101.276,42.497,44.486,909.72,30.508,653.37,1.624,34.62,10.365,221.73,62.8,64.1,62.2,62.9,64.1,81.5,7.2,49.7,4087.0,4094,175
b2102d00-a8c09be1,Statues-25,0.6241854345473768,0.49482912517852123,0.9963359378822413,0.3185679413485129,1943,1245,1217,28,726,201,1,0.5,0,1,0.0,0.5,0,0.0,0,0.0,201,99.5,24.02,113.572,42.822,44.587,1023.27,30.805,736.16,1.605,38.3,10.412,248.81,62.9,64.1,62.1,62.8,64.1,85.1,7.3,50.5,4089.0,4097,193
b2102d00-a8c09be1,Statues-75,0.6236687532215243,0.4944600467039619,0.9963295978514957,0.31830894314324815,1943,1244,1216,28,727,200,2,0.99,0,2,0.0,0.99,0,0.0,0,0.0,200,99.01,23.71,112.34,42.862,44.6,1013.04,30.821,728.74,1.611,37.94,10.43,246.36,62.9,64.0,62.3,63.1,64.0,79.2,7.2,50.8,4093.0,4096,190
b2102d00-a8c09be1,Statues-200,0.6226511580396338,0.49382769846272057,0.9963417166071382,0.31780337028832184,1943,1242,1214,28,729,199,3,1.49,0,3,0.0,1.49,0,0.0,0,0.0,199,98.51,23.76,112.37,42.644,44.486,1009.01,30.623,724.85,1.611,38.0,10.409,246.16,63.1,64.4,62.4,63.1,64.4,77.0,7.2,50.4,4090.0,4095,187
b2102d00-a8c09be1,Statues-500,0.6201633306528078,0.48437414341703855,0.9956003440390199,0.3171586840589351,1943,1241,1210,31,733,193,9,4.46,0,9,0.0,4.46,0,0.0,0,0.0,193,95.54,23.01,108.851,42.619,44.499,978.42,30.598,702.88,1.614,36.86,10.406,238.67,63.1,64.4,62.4,63.1,64.4,78.1,7.1,50.3,4087.0,4090,182
b2131b7b-e58faab7,Statues-25,0.42234090945794567,0.26755135599658475,0.8960106616826342,0.24058298108371748,970,539,456,83,514,166,36,17.82,0,36,0.0,17.82,0,0.0,0,0.0,166,82.18,20.02,93.71,42.329,44.5,842.9,30.346,604.38,1.636,32.47,10.348,206.04,63.1,64.3,62.3,63.1,64.3,80.0,7.2,49.6,4090.0,4092,157
b2131b7b-e58faab7,Statues-75,0.3728325882407569,0.23695829160460816,0.8781447247401853,0.21627791665805837,970,499,410,89,560,135,67,33.17,0,67,0.0,33.17,0,0.0,0,0.0,135,66.83,16.61,76.983,41.576,44.5,690.32,29.689,493.5,1.652,27.21,10.234,169.61,62.9,64.3,62.3,63.0,64.3,78.0,7.3,48.3,4089.0,4092,134
b2131b7b-e58faab7,Statues-200,0.36597219727720104,0.22707589820775004,0.7932848181286501,0.22887610305903788,970,611,444,167,526,119,83,41.09,0,83,0.0,41.09,0,0.0,0,0.0,119,58.91,14.84,68.193,41.251,44.5,612.61,29.416,437.33,1.66,24.4,10.176,150.88,62.7,64.0,62.2,62.9,64.0,69.6,7.3,47.9,4090.0,4091,119
b2131b7b-e58faab7,Statues-500,0.25796548177592893,0.1647008588624242,0.6669082636898246,0.1721381479033036,970,577,372,205,598,109,93,46.04,0,93,0.0,46.04,0,0.0,0,0.0,109,53.96,13.71,62.885,40.871,44.513,561.31,29.049,399.56,1.679,22.78,10.143,138.97,62.5,64.0,62.1,62.7,64.0,76.0,7.3,47.2,4091.0,4092,112
b213e4eb-09c01a17,Statues-25,0.6360728960575186,0.5020070296254506,0.9862392720577862,0.33014502250781036,1885,1271,1215,56,670,186,16,7.92,0,16,0.0,7.92,0,0.0,0,0.0,186,92.08,22.4,104.681,42.328,44.5,945.16,30.364,678.28,1.626,36.16,10.338,230.72,62.8,64.0,62.2,62.9,64.0,78.4,6.9,49.9,4088.0,4091,184
b213e4eb-09c01a17,Statues-75,0.6406254638345692,0.49908840227253953,0.9877043868788566,0.33137495546141965,1885,1273,1222,51,663,179,23,11.39,0,23,0.0,11.39,0,0.0,0,0.0,179,88.61,21.82,101.496,42.034,44.399,914.95,30.113,655.94,1.637,35.38,10.285,223.63,62.8,64.0,62.1,62.8,64.0,85.4,7.3,49.1,4092.0,4094,172
b213e4eb-09c01a17,Statues-200,0.6412079324803855,0.4974566888520645,0.9878151660819755,0.3314216298099062,1885,1273,1223,50,662,169,33,16.34,0,33,0.0,16.34,0,0.0,0,0.0,169,83.66,20.74,96.122,41.763,44.399,865.85,29.878,619.62,1.636,33.83,10.249,212.4,62.8,64.1,62.1,62.8,64.1,77.8,7.4,48.7,4094.0,4096,166
b213e4eb-09c01a17,Statues-500,0.6385437926540424,0.4925477492195681,0.9877206951366799,0.3303008070432869,1885,1269,1218,51,667,157,45,22.28,0,45,0.0,22.28,0,0.0,0,0.0,157,77.72,19.32,89.34,41.778,44.5,802.67,29.884,574.42,1.652,31.6,10.242,196.66,62.8,64.1,62.1,63.0,64.1,83.2,7.4,48.2,4095.0,4097,155
b214d1e1-f248c616,Statues-25,0.5643238996047073,0.4115733539407427,0.9883553008914858,0.2963728159908303,2069,1249,1180,69,889,200,0,0.0,0,0,0.0,0.0,0,0.0,0,0.0,200,100.0,23.95,113.804,42.488,44.5,1016.84,30.509,730.43,1.613,38.47,10.366,247.93,62.8,64.1,62.3,63.0,64.1,77.1,7.2,50.2,4098.0,4100,193
b214d1e1-f248c616,Statues-75,0.5651754614142837,0.41070543747950017,0.9880304565839563,0.29757586377544437,2069,1255,1182,73,887,198,2,1.0,0,2,0.0,1.0,0,0.0,0,0.0,198,99.0,24.01,113.579,42.458,44.002,1017.69,30.51,731.44,1.607,38.43,10.342,247.82,63.1,64.1,62.4,63.2,64.1,85.6,7.1,49.9,4093.0,4096,195
b214d1e1-f248c616,Statues-200,0.5648141617631186,0.4097204531202069,0.9884511534531177,0.29619513018800114,2069,1248,1181,67,888,196,4,2.0,0,4,0.0,2.0,0,0.0,0,0.0,196,98.0,23.91,112.888,42.08,44.001,1004.93,30.185,721.27,1.609,38.25,10.286,245.42,63.0,64.2,62.5,63.3,64.2,77.6,7.3,49.4,4089.0,4098,191
b214d1e1-f248c616,Statues-500,0.5621435107252841,0.40672126459096863,0.9877854987387564,0.29585471118216405,2069,1248,1176,72,893,190,10,5.0,0,10,0.0,5.0,0,0.0,0,0.0,190,95.0,23.22,109.551,42.025,44.002,972.48,30.12,697.37,1.614,37.17,10.291,237.94,63.1,64.3,62.6,63.3,64.4,78.3,7.2,49.3,4091.0,4094,184
b21547c1-73e457f8,Statues-25,0.6042322995209342,0.47559721691119644,0.9920224326259793,0.3167547667263637,2076,1333,1263,70,813,178,25,12.32,0,25,0.0,12.32,0,0.0,0,0.0,178,87.68,21.54,100.903,42.406,44.5,911.43,30.418,653.94,1.627,34.87,10.362,222.61,63.3,64.6,62.6,63.2,64.6,82.3,7.0,49.6,4087.0,4093,176
b21547c1-73e457f8,Statues-75,0.6076813913524614,0.4773861714803084,0.992261969429983,0.3180800003456111,2076,1338,1270,68,806,174,29,14.29,0,29,0.0,14.29,0,0.0,0,0.0,174,85.71,20.86,97.999,42.624,44.898,883.24,30.589,634.09,1.631,33.67,10.403,215.48,63.3,64.5,62.5,63.3,64.5,84.8,7.0,49.9,4097.0,4101,167
b21547c1-73e457f8,Statues-200,0.607314614485457,0.4747004147790002,0.9924053847526793,0.3181613629752514,2076,1338,1269,69,807,169,34,16.75,0,34,0.0,16.75,0,0.0,0,0.0,169,83.25,20.34,95.336,42.328,44.499,862.33,30.33,618.39,1.638,33.16,10.36,210.78,63.1,64.3,62.5,63.2,64.3,81.7,7.0,49.4,4098.0,4100,165
b21547c1-73e457f8,Statues-500,0.5897538162144836,0.4484852991749636,0.9860452605006667,0.3109359490862381,2076,1320,1240,80,836,153,50,24.63,0,50,0.0,24.63,0,0.0,0,0.0,153,75.37,18.67,87.009,41.875,44.5,777.08,29.96,556.23,1.638,30.25,10.277,190.6,62.9,64.2,62.3,63.2,64.2,85.0,7.4,48.6,4103.0,4105,149
b21547c1-796757ac,Statues-25,0.2596209429032117,0.1780302007618668,0.9901894004113778,0.13247323999933414,2365,635,620,15,1745,199,3,1.49,0,3,0.0,1.49,0,0.0,0,0.0,199,98.51,23.8,111.974,42.63,44.499,1011.48,30.633,727.11,1.611,38.1,10.385,246.28,63.0,64.1,62.4,63.2,64.1,76.4,7.3,50.3,4103.0,4114,191
b21547c1-796757ac,Statues-75,0.2619115586122944,0.17771767046332093,0.9893851471348147,0.13339125264270613,2365,640,626,14,1739,170,32,15.84,0,32,0.0,15.84,0,0.0,0,0.0,170,84.16,20.52,96.041,42.379,44.5,866.13,30.422,621.94,1.61,32.8,10.348,211.39,62.9,64.1,62.4,63.1,64.1,84.1,7.3,49.7,4098.0,4104,163
b21547c1-796757ac,Statues-200,0.2504784255597118,0.1676552492127527,0.9708917181170488,0.1288822848936934,2365,636,610,26,1755,121,81,40.1,0,81,0.0,40.1,0,0.0,0,0.0,121,59.9,15.3,70.218,41.246,43.988,626.69,29.39,446.91,1.67,25.19,10.186,154.59,62.9,64.0,62.1,62.8,64.0,87.1,7.3,47.5,4102.0,4104,123
b21547c1-796757ac,Statues-500,0.20382003455350173,0.12672188656531444,0.9109025142402325,0.10906391975169807,2365,611,527,84,1838,114,88,43.56,0,88,0.0,43.56,0,0.0,0,0.0,114,56.44,14.21,65.213,41.718,44.499,591.94,29.843,423.88,1.656,23.27,10.219,144.79,62.6,63.8,61.9,62.6,63.8,80.3,7.3,48.3,4097.0,4098,113
b2156f8e-72e1547c,Statues-25,0.5219328815784536,0.3923905060712208,0.9899638396385326,0.2779485633916014,840,474,442,32,398,190,1,0.52,0,1,0.0,0.52,0,0.0,0,0.0,190,99.48,22.64,112.517,42.688,44.499,963.11,30.687,692.51,1.61,36.21,10.392,234.39,62.7,64.0,62.0,62.7,64.0,74.7,6.9,50.5,4106.0,4111,185
b2156f8e-72e1547c,Statues-75,0.5203256145493789,0.3905474066794322,0.9890633191429432,0.2776069921639542,840,474,441,33,399,187,4,2.09,0,4,0.0,2.09,0,0.0,0,0.0,187,97.91,22.58,111.723,42.47,44.486,955.53,30.49,686.24,1.614,36.21,10.365,233.09,62.9,63.9,62.1,62.7,63.9,82.3,6.9,49.8,4115.0,4118,183
b2156f8e-72e1547c,Statues-200,0.5157511659200978,0.378377719517262,0.9810375116342018,0.28082255535959244,840,486,440,46,400,171,20,10.47,0,20,0.0,10.47,0,0.0,0,0.0,171,89.53,20.77,102.308,42.11,44.486,870.26,30.184,624.09,1.619,33.3,10.307,212.87,62.8,63.8,62.1,62.7,63.8,82.9,7.2,49.3,4111.0,4116,165
b2156f8e-72e1547c,Statues-500,0.501760324130276,0.3610326064820485,0.9728275088373516,0.27747384374694434,840,487,431,56,409,161,30,15.71,0,30,0.0,15.71,0,0.0,0,0.0,161,84.29,19.59,96.201,42.181,44.486,820.83,30.249,588.83,1.63,31.63,10.301,200.38,62.8,64.1,62.2,62.9,64.1,77.7,7.2,49.3,4107.0,4111,157
b215943a-10e44587,Statues-25,0.6417526754301512,0.4830719406622018,0.9582513984344564,0.34813854042985215,792,587,529,58,263,184,7,3.66,0,7,0.0,3.66,0,0.0,0,0.0,184,96.34,22.25,110.125,42.425,44.101,943.31,30.447,677.27,1.623,35.94,10.355,230.09,63.1,64.3,62.3,63.1,64.3,87.6,7.0,49.5,4110.0,4116,184
b215943a-10e44587,Statues-75,0.6389268799058412,0.4746655282241191,0.958001373507173,0.34537818042972684,792,582,527,55,265,181,10,5.24,0,10,0.0,5.24,0,0.0,0,0.0,181,94.76,21.58,107.084,42.848,44.998,921.38,30.816,662.76,1.617,34.69,10.415,223.93,63.2,64.3,62.4,63.2,64.3,79.3,7.1,50.3,4115.0,4118,175
b215943a-10e44587,Statues-200,0.6278669549412894,0.4689925470558246,0.9503098736371446,0.34068090543994156,792,581,522,59,270,178,13,6.81,0,13,0.0,6.81,0,0.0,0,0.0,178,93.19,21.69,107.089,42.216,44.001,908.5,30.276,651.48,1.622,34.87,10.318,222.15,63.1,64.2,62.4,63.1,64.2,83.5,7.2,49.5,4113.0,4115,177
b215943a-10e44587,Statues-500,0.585505377955275,0.4350440626965681,0.8932299752114807,0.33039897328548645,792,608,518,90,274,176,15,7.85,0,15,0.0,7.85,0,0.0,0,0.0,176,92.15,21.07,104.35,42.56,44.897,896.63,30.558,644.13,1.635,34.27,10.367,218.23,63.2,64.3,62.5,63.2,64.3,81.8,7.1,49.9,4113.0,4116,168
b216243d-55963da2,Statues-25,0.6764560407993911,0.5316527220462766,0.9928204440740943,0.3532954477763084,1713,1225,1166,59,547,103,0,0.0,0,0,0.0,0.0,0,0.0,0,0.0,103,100.0,12.45,114.823,42.068,44.002,522.79,30.123,374.59,1.632,20.15,10.313,128.04,63.2,64.4,62.3,63.0,64.4,90.2,7.1,47.6,4113.0,4115,102
b216243d-55963da2,Statues-75,0.6712843137517928,0.5256187156761053,0.9912238068049699,0.35040648302318694,1713,1218,1159,59,554,98,5,4.85,0,5,0.0,4.85,0,0.0,0,0.0,98,95.15,12.0,110.028,41.295,43.988,493.09,29.482,352.26,1.641,19.46,10.172,121.37,62.8,63.9,62.1,62.9,63.9,70.8,7.3,46.6,4118.0,4119,98
b216243d-55963da2,Statues-200,0.661307585647982,0.5134221507011367,0.9901327340323998,0.34549159306442984,1713,1203,1143,60,570,90,13,12.62,0,13,0.0,12.62,0,0.0,0,0.0,90,87.38,11.21,102.292,41.022,43.602,457.51,29.22,326.11,1.669,18.47,10.133,112.93,62.6,63.8,62.0,62.7,63.8,82.4,6.9,45.6,4119.0,4123,89
b216243d-55963da2,Statues-500,0.650029888007003,0.49201518765517943,0.9811406011953357,0.3454134215646696,1713,1219,1133,86,580,82,21,20.39,0,21,0.0,20.39,0,0.0,0,0.0,82,79.61,10.3,93.746,40.621,43.602,413.19,28.869,293.69,1.667,16.91,10.086,102.59,62.3,63.5,61.7,62.3,63.5,85.7,6.8,44.9,4114.0,4118,86
b216243d-ad4306b9,Statues-25,0.6772736672487657,0.5199804957317343,0.9912174762148203,0.3552048324151264,1093,787,746,41,347,103,0,0.0,0,0,0.0,0.0,0,0.0,0,0.0,103,100.0,12.4,114.385,41.881,44.399,516.28,29.977,369.84,1.637,20.02,10.267,126.42,62.3,63.5,61.7,62.4,63.6,81.1,7.1,47.6,4116.0,4118,99
b216243d-ad4306b9,Statues-75,0.6772736672487657,0.5199804957317343,0.9912174762148203,0.3552048324151264,1093,787,746,41,347,103,0,0.0,0,0,0.0,0.0,0,0.0,0,0.0,103,100.0,12.57,115.574,41.491,44.102,516.61,29.623,368.99,1.624,20.12,10.244,127.49,62.3,63.6,61.6,62.3,63.6,76.4,7.4,47.0,4113.0,4117,101
b216243d-ad4306b9,Statues-200,0.6772736672487657,0.5199804957317343,0.9912174762148203,0.3552048324151264,1093,787,746,41,347,103,0,0.0,0,0,0.0,0.0,0,0.0,0,0.0,103,100.0,12.54,115.526,41.74,44.499,518.75,29.825,370.91,1.624,20.06,10.291,127.78,62.5,63.5,61.7,62.4,63.6,91.3,7.1,47.2,4112.0,4116,102
b216243d-ad4306b9,Statues-500,0.6871834863597602,0.5054914706679527,0.9899405891497581,0.3595321790294584,1093,798,758,40,335,91,12,11.65,0,12,0.0,11.65,0,0.0,0,0.0,91,88.35,11.08,101.621,41.395,44.102,457.91,29.532,326.94,1.647,18.08,10.217,112.89,62.2,63.4,61.7,62.4,63.4,81.2,7.2,46.6,4116.0,4119,89
b2169b74-fa197951,Statues-25,0.7339302690850988,0.5593165098097417,0.98351581173778,0.3980632851943172,2040,1670,1517,153,523,184,19,9.36,0,19,0.0,9.36,0,0.0,0,0.0,184,90.64,22.49,104.104,42.077,44.002,946.64,30.188,679.5,1.621,36.32,10.267,230.83,62.6,63.9,61.9,62.7,63.9,81.4,7.2,49.3,4116.0,4121,184
b2169b74-fa197951,Statues-75,0.7014229898285425,0.5260729185907705,0.9643992558244718,0.3885459858973458,2040,1674,1477,197,563,168,35,17.24,0,35,0.0,17.24,0,0.0,0,0.0,168,82.76,20.8,95.689,41.613,44.002,863.27,29.775,617.87,1.641,33.95,10.197,211.45,62.4,63.7,61.9,62.5,63.7,84.8,7.1,48.6,4117.0,4123,166
b2169b74-fa197951,Statues-200,0.6959673108174889,0.518508123005003,0.9625823252079813,0.38672948221204645,2040,1670,1468,202,572,163,40,19.7,0,40,0.0,19.7,0,0.0,0,0.0,163,80.3,20.3,93.148,41.501,44.001,841.71,29.664,601.89,1.647,33.27,10.19,206.55,62.4,63.7,61.7,62.3,63.7,81.6,7.2,48.2,4114.0,4117,161
b2169b74-fa197951,Statues-500,0.6407906407796709,0.46747371656338255,0.9165342246442747,0.3659873907571427,2040,1667,1422,245,618,151,52,25.62,0,52,0.0,25.62,0,0.0,0,0.0,151,74.38,18.92,86.38,41.29,44.001,781.89,29.504,559.23,1.655,31.07,10.131,191.59,62.1,63.3,61.6,62.3,63.3,77.9,7.2,47.7,4118.0,4122,153
b21742c2-0e7a2b57,Statues-25,0.504647013815597,0.36678514849213506,0.9687545163856941,0.2718606078262433,2128,1213,1106,107,1022,202,0,0.0,0,0,0.0,0.0,0,0.0,0,0.0,202,100.0,24.42,114.03,42.415,44.002,1030.47,30.462,740.15,1.609,39.04,10.344,251.28,62.4,63.6,61.7,62.6,63.6,83.4,7.1,49.9,4120.0,4124,198
b21742c2-0e7a2b57,Statues-75,0.48731827731697197,0.35018843616106643,0.9603509831800234,0.2666825254935184,2128,1207,1076,131,1052,163,39,19.31,0,39,0.0,19.31,0,0.0,0,0.0,163,80.69,19.93,92.355,41.999,44.002,834.62,30.075,597.86,1.661,32.9,10.263,203.86,62.5,63.7,61.8,62.5,63.7,86.4,6.8,48.7,4124.0,4127,165
b21742c2-0e7a2b57,Statues-200,0.34900201234479633,0.2535214588725485,0.8492971466552794,0.21154586267954598,2128,1138,866,272,1262,137,65,32.18,0,65,0.0,32.18,0,0.0,0,0.0,137,67.82,17.16,78.538,40.936,44.002,698.48,29.143,497.5,1.675,28.47,10.117,172.51,62.2,63.8,61.7,62.4,63.8,76.7,7.3,47.1,4124.0,4125,140
b21742c2-0e7a2b57,Statues-500,0.34389098037549887,0.25026956642945886,0.847497894064255,0.195213354648303,2128,1070,859,211,1269,134,68,33.66,0,68,0.0,33.66,0,0.0,0,0.0,134,66.34,16.82,76.911,41.018,44.101,683.28,29.215,486.79,1.657,27.54,10.146,168.95,62.1,63.4,61.6,62.5,63.4,80.4,7.2,47.2,4123.0,4125,135
b21742c2-18d3463a,Statues-25,0.6471861402102645,0.4094742937608971,0.9382781743077818,0.3743710557192216,3260,2651,2234,417,1026,202,0,0.0,0,0,0.0,0.0,0,0.0,0,0.0,202,100.0,24.66,114.76,42.234,44.001,1039.29,30.325,746.41,1.614,39.62,10.295,253.26,62.4,63.8,61.7,62.5,63.8,83.9,7.1,49.5,4121.0,4124,201
b21742c2-18d3463a,Statues-75,0.6471861402102645,0.4094742937608971,0.9382781743077818,0.3743710557192216,3260,2651,2234,417,1026,202,0,0.0,0,0,0.0,0.0,0,0.0,0,0.0,202,100.0,24.77,115.229,41.832,43.59,1036.76,29.991,743.61,1.612,39.78,10.229,253.37,62.2,63.6,61.7,62.7,63.5,77.7,7.1,49.2,4119.0,4122,201
b21742c2-18d3463a,Statues-200,0.6471861402102645,0.4094742937608971,0.9382781743077818,0.3743710557192216,3260,2651,2234,417,1026,202,0,0.0,0,0,0.0,0.0,0,0.0,0,0.0,202,100.0,24.68,114.958,42.027,43.988,1032.96,30.15,741.32,1.614,39.52,10.262,252.11,62.3,63.6,61.7,62.5,63.6,75.4,7.0,49.4,4122.0,4124,197
b21742c2-18d3463a,Statues-500,0.6435146467056024,0.40411692519330955,0.9361914144710805,0.37284077566022134,3260,2649,2226,423,1034,196,6,2.97,0,6,0.0,2.97,0,0.0,0,0.0,196,97.03,23.94,111.438,42.08,43.988,1004.71,30.185,721.03,1.621,38.54,10.274,245.14,62.5,63.6,61.8,62.8,63.7,82.2,6.9,49.2,4123.0,4128,194
b2194b15-1825056a,Statues-25,0.40053689371424983,0.3018000240705762,0.9958099182606965,0.2051028546243355,1798,742,723,19,1075,203,0,0.0,0,0,0.0,0.0,0,0.0,0,0.0,203,100.0,24.21,113.246,42.631,44.499,1031.08,30.623,740.83,1.615,38.93,10.394,251.32,62.5,63.8,61.9,62.8,63.8,77.4,7.3,50.5,4125.0,4127,197
b2194b15-1825056a,Statues-75,0.4003548141085539,0.30070264893690124,0.9952999210923005,0.20546425538531463,1798,744,723,21,1075,198,5,2.46,0,5,0.0,2.46,0,0.0,0,0.0,198,97.54,23.61,110.432,42.919,44.499,1012.36,30.88,728.63,1.611,37.85,10.428,245.88,62.9,64.0,62.0,62.8,64.0,91.0,7.1,50.7,4125.0,4126,194
b2194b15-1825056a,Statues-200,0.38776134055389755,0.2844814620738044,0.9716747629252956,0.20350622885153816,1798,762,717,45,1081,172,31,15.27,0,31,0.0,15.27,0,0.0,0,0.0,172,84.73,20.7,96.168,42.443,44.6,873.82,30.478,627.56,1.609,33.07,10.356,213.19,62.8,63.9,62.1,62.8,63.9,78.5,7.0,49.8,4128.0,4129,165
b2194b15-1825056a,Statues-500,0.3500072836591158,0.24578445236664898,0.8919832774478449,0.20484879235537862,1798,855,702,153,1096,132,71,34.98,0,71,0.0,34.98,0,0.0,0,0.0,132,65.02,16.23,74.645,41.49,44.499,671.52,29.598,479.33,1.683,27.1,10.209,165.08,62.5,63.9,62.1,62.8,63.9,70.3,7.0,47.6,4123.0,4129,132
b21bfb83-ea32f716,Statues-25,0.5338954720650423,0.3688092090094852,0.9839394062789012,0.27517285395170726,2380,1343,1291,52,1089,115,87,43.07,0,87,0.0,43.07,0,0.0,0,0.0,115,56.93,14.56,66.302,40.797,44.486,590.1,29.011,419.8,1.679,24.19,10.107,146.11,62.5,63.7,61.8,62.5,63.7,86.3,6.9,46.2,4129.0,4133,119
b21bfb83-ea32f716,Statues-75,0.5509911755555585,0.3746573126174327,0.9783717836426352,0.28379313043268883,2380,1396,1340,56,1040,89,113,55.94,0,113,0.0,55.94,0,0.0,0,0.0,89,44.06,11.68,52.209,39.517,43.988,457.53,27.839,322.39,1.76,20.28,9.918,114.86,62.0,63.3,61.6,62.2,63.3,85.7,6.9,43.9,4133.0,4136,95
b21bfb83-ea32f716,Statues-200,0.5171225143766317,0.3675129112018517,0.9679607513013857,0.2719657093606674,2380,1365,1270,95,1110,73,129,63.86,0,129,0.0,63.86,0,0.0,0,0.0,73,36.14,10.0,43.741,38.119,44.101,377.49,26.673,264.28,1.744,17.2,9.703,96.01,61.5,62.9,61.3,62.2,62.9,79.2,7.4,41.3,4130.0,4135,79
b21bfb83-ea32f716,Statues-500,0.4188132630400989,0.281708927176014,0.8879659475738839,0.23950260015706062,2380,1359,1116,243,1264,57,145,71.78,0,145,0.0,71.78,0,0.0,0,0.0,57,28.22,8.27,35.243,36.374,43.988,296.37,25.109,204.66,1.816,14.73,9.449,76.98,60.9,62.7,61.0,61.8,62.7,66.7,7.7,38.8,4136.0,4142,66
b21c68e6-65674a17,Statues-25,0.47717609759125446,0.30516043822189415,0.9863714989639261,0.24940232494625128,1742,887,842,45,900,203,0,0.0,0,0,0.0,0.0,0,0.0,0,0.0,203,100.0,24.12,113.164,43.101,44.897,1039.32,31.039,748.72,1.61,38.7,10.452,251.91,62.4,63.8,61.4,62.3,63.8,94.8,7.1,50.8,4133.0,4135,198
b21c68e6-65674a17,Statues-75,0.47717609759125446,0.30516043822189415,0.9863714989639261,0.24940232494625128,1742,887,842,45,900,203,0,0.0,0,0,0.0,0.0,0,0.0,0,0.0,203,100.0,24.19,113.297,42.69,44.499,1030.47,30.692,741.07,1.607,38.7,10.39,250.71,62.5,63.8,61.8,62.9,63.8,79.7,7.3,50.7,4134.0,4138,193
b21c68e6-65674a17,Statues-200,0.4749652299973989,0.3041821956524656,0.983921266477939,0.24955576945626698,1742,891,840,51,902,200,3,1.48,0,3,0.0,1.48,0,0.0,0,0.0,200,98.52,23.73,111.334,43.0,44.6,1016.91,30.936,731.68,1.611,38.03,10.452,247.2,63.0,64.2,62.2,63.1,64.2,82.4,6.9,50.8,4139.0,4141,190
b21c68e6-65674a17,Statues-500,0.4496536139231284,0.2847848599524072,0.9610780819650513,0.24446048592519348,1742,901,813,88,929,178,25,12.32,0,25,0.0,12.32,0,0.0,0,0.0,178,87.68,21.4,99.91,42.584,44.5,910.22,30.577,653.89,1.62,34.47,10.387,221.86,63.2,64.3,62.4,63.2,64.3,92.3,6.9,49.9,4139.0,4144,177
b21c86ac-0dc77d82,Statues-25,0.705476417301303,0.5270940530391641,0.9937431701638814,0.3638643854993284,1832,1346,1300,46,532,137,65,32.18,0,65,0.0,32.18,0,0.0,0,0.0,137,67.82,17.16,78.373,41.133,44.399,705.4,29.307,502.81,1.681,28.72,10.145,173.87,62.9,64.3,62.5,63.3,64.3,78.7,7.2,47.4,4136.0,4141,139
b21c86ac-0dc77d82,Statues-75,0.47229271599892936,0.2971571004157179,0.8843659312734953,0.2875339967750642,1832,1262,965,297,867,73,129,63.86,0,129,0.0,63.86,0,0.0,0,0.0,73,36.14,10.02,43.597,38.623,44.399,385.97,27.104,271.37,1.755,17.28,9.765,97.32,62.1,63.7,62.1,62.8,63.7,74.8,7.3,42.4,4135.0,4137,81
b21c86ac-0dc77d82,Statues-200,0.3835475123045914,0.14390139577047628,0.8180129009161495,0.23588264774899378,1832,1124,854,270,978,37,165,81.68,0,165,0.0,81.68,0,0.0,0,0.0,37,18.32,6.13,24.457,33.945,43.104,202.87,22.905,136.82,1.943,11.65,9.097,54.4,61.0,63.2,61.5,62.3,63.2,61.8,7.8,33.8,4136.0,4139,50
b21c86ac-0dc77d82,Statues-500,0.3004524576746883,0.10225205064569601,0.6939755132412381,0.20979247042862592,1832,1236,783,453,1049,6,196,97.03,0,196,0.0,97.03,0,0.0,0,0.0,6,2.97,2.64,7.451,18.727,28.139,46.61,9.461,23.65,2.616,6.44,6.65,16.51,57.7,59.7,60.5,60.8,60.8,31.8,9.1,10.7,4132.0,4135,21
b21c86ac-2eb7ba16,Statues-25,0.757785573920193,0.6220395434683201,0.9908078382476441,0.3974399849906815,2889,2332,2207,125,682,203,0,0.0,0,0,0.0,0.0,0,0.0,0,0.0,203,100.0,24.51,114.938,42.418,44.499,1038.46,30.462,746.18,1.611,39.25,10.346,253.03,62.3,63.8,61.5,62.5,63.8,85.8,7.2,49.8,4134.0,4137,196
b21c86ac-2eb7ba16,Statues-75,0.757785573920193,0.6220395434683201,0.9908078382476441,0.3974399849906815,2889,2332,2207,125,682,203,0,0.0,0,0,0.0,0.0,0,0.0,0,0.0,203,100.0,24.4,114.526,42.75,44.486,1037.06,30.741,745.95,1.617,39.1,10.393,252.01,62.8,64.0,62.0,62.9,64.0,89.5,7.1,50.2,4132.0,4136,195
b21c86ac-2eb7ba16,Statues-200,0.757785573920193,0.6220395434683201,0.9908078382476441,0.3974399849906815,2889,2332,2207,125,682,203,0,0.0,0,0,0.0,0.0,0,0.0,0,0.0,203,100.0,24.39,114.565,42.595,44.499,1035.55,30.606,744.46,1.615,39.07,10.374,252.03,63.0,64.1,62.3,62.9,64.3,86.1,7.1,50.1,4136.0,4139,194
b21c86ac-2eb7ba16,Statues-500,0.757785573920193,0.6220395434683201,0.9908078382476441,0.3974399849906815,2889,2332,2207,125,682,203,0,0.0,0,0,0.0,0.0,0,0.0,0,0.0,203,100.0,24.51,114.986,42.377,44.499,1037.24,30.422,744.86,1.615,39.37,10.341,253.01,63.1,64.5,62.5,63.3,64.5,77.3,7.3,49.9,4142.0,4145,195
b21c86ac-71205084,Statues-25,0.6755763697084742,0.522886335562746,0.9836159886898453,0.3558031129551382,1914,1397,1313,84,601,197,5,2.48,0,5,0.0,2.48,0,0.0,0,0.0,197,97.52,23.65,111.242,42.625,44.499,1005.12,30.617,722.19,1.613,37.89,10.395,245.03,63.4,64.7,62.7,63.6,64.7,83.3,7.2,50.1,4141.0,4145,192
b21c86ac-71205084,Statues-75,0.6294630689658126,0.45264733944930374,0.9558069863874024,0.3391476665208622,1914,1376,1259,117,655,173,29,14.36,0,29,0.0,14.36,0,0.0,0,0.0,173,85.64,20.95,98.032,42.274,44.5,881.7,30.318,632.47,1.633,33.96,10.322,215.27,63.4,64.8,62.8,63.6,64.8,86.1,7.2,49.4,4139.0,4144,166
b21c86ac-71205084,Statues-200,0.5436653242926079,0.39041567842134667,0.9141353195824067,0.30753820162687157,1914,1323,1135,188,779,157,45,22.28,0,45,0.0,22.28,0,0.0,0,0.0,157,77.72,19.27,89.637,41.526,44.499,798.96,29.665,571.22,1.639,31.32,10.222,196.42,63.4,64.8,62.9,63.7,64.8,70.2,7.3,48.3,4142.0,4145,155
b21c86ac-71205084,Statues-500,0.4291953672348847,0.27534563722892863,0.8120485768201836,0.2702878030400143,1914,1345,1003,342,911,124,78,38.61,0,78,0.0,38.61,0,0.0,0,0.0,124,61.39,15.49,71.265,41.446,44.486,639.11,29.572,456.06,1.676,25.81,10.197,157.24,63.6,64.8,63.0,63.9,64.8,91.2,7.2,47.5,4141.0,4150,128
b21d5efb-5e2cd743,Statues-25,0.2913405283354342,0.20478578612187276,0.9680391316553755,0.15893991769547325,1350,450,405,45,945,202,0,0.0,0,0,0.0,0.0,0,0.0,0,0.0,202,100.0,23.78,112.863,43.124,44.998,1025.42,31.024,738.08,1.611,38.14,10.488,249.2,63.9,65.2,63.3,64.2,65.2,78.5,7.3,51.0,4144.0,4146,190
b21d5efb-5e2cd743,Statues-75,0.28949179627207833,0.1996882285813604,0.9638219093510161,0.1589829122720955,1350,453,404,49,946,195,7,3.47,0,7,0.0,3.47,0,0.0,0,0.0,195,96.53,22.94,108.785,43.384,44.985,993.29,31.257,715.91,1.607,36.66,10.52,240.72,64.2,65.5,63.5,64.1,65.5,87.5,7.3,51.2,4145.0,4149,183
b21d5efb-5e2cd743,Statues-200,0.28889588118728127,0.19685008881960508,0.9692729758631876,0.15760670984886233,1350,446,401,45,949,178,24,11.88,0,24,0.0,11.88,0,0.0,0,0.0,178,88.12,21.17,99.946,42.851,44.985,906.07,30.79,651.39,1.609,33.85,10.452,220.83,64.2,65.3,63.6,64.3,65.3,86.0,7.2,50.4,4139.0,4145,168
b21d5efb-5e2cd743,Statues-500,0.27041511037384763,0.17821577643291017,0.9517448757942953,0.15010642826734782,1350,435,382,53,968,156,46,22.77,0,46,0.0,22.77,0,0.0,0,0.0,156,77.23,18.74,88.016,42.525,44.587,793.45,30.506,569.49,1.621,30.11,10.397,193.84,64.2,65.5,63.6,64.3,65.5,83.1,7.2,49.7,4142.0,4147,150
b2208b0f-2796a692,Statues-25,0.7167728698845617,0.5054702136240303,0.98456387299903,0.3830505627169353,4174,3280,3032,248,1142,203,0,0.0,0,0,0.0,0.0,0,0.0,0,0.0,203,100.0,25.19,116.588,41.878,43.887,1053.84,30.003,755.34,1.614,40.45,10.261,258.05,64.3,65.4,63.7,64.6,65.4,86.1,7.0,48.7,4138.0,4146,202
b2208b0f-2796a692,Statues-75,0.7167728698845617,0.5054702136240303,0.98456387299903,0.3830505627169353,4174,3280,3032,248,1142,203,0,0.0,0,0,0.0,0.0,0,0.0,0,0.0,203,100.0,25.25,116.757,41.683,43.988,1050.64,29.836,752.41,1.62,40.63,10.227,257.6,64.1,65.4,63.5,64.5,65.4,79.1,7.2,48.4,4141.0,4146,200
b2208b0f-2796a692,Statues-200,0.7167728698845617,0.5054702136240303,0.98456387299903,0.3830505627169353,4174,3280,3032,248,1142,203,0,0.0,0,0,0.0,0.0,0,0.0,0,0.0,203,100.0,24.85,115.5,42.186,43.988,1045.66,30.254,750.11,1.618,39.98,10.314,255.57,64.0,65.2,63.5,64.4,65.2,86.0,7.1,49.3,4148.0,4152,200
b2208b0f-2796a692,Statues-500,0.7117036924981694,0.501171177467018,0.9823654489370398,0.38134654001324086,4174,3275,3017,258,1157,200,3,1.48,0,3,0.0,1.48,0,0.0,0,0.0,200,98.52,24.44,113.577,42.304,43.988,1029.47,30.378,739.47,1.621,39.32,10.306,250.69,64.0,65.2,63.5,64.3,65.2,88.3,7.1,49.4,4145.0,4148,197
b229488e-e4714bb7,Statues-25,0.6028105296200047,0.4718379655977484,0.995043957961178,0.30932133681491386,1354,844,820,24,534,202,0,0.0,0,0,0.0,0.0,0,0.0,0,0.0,202,100.0,23.85,112.992,43.164,44.897,1024.14,31.089,737.85,1.607,38.04,10.468,248.25,64.1,65.2,63.5,64.3,65.2,80.0,7.2,51.0,4147.0,4149,190
b229488e-e4714bb7,Statues-75,0.6028105296200047,0.4718379655977484,0.995043957961178,0.30932133681491386,1354,844,820,24,534,202,0,0.0,0,0,0.0,0.0,0,0.0,0,0.0,202,100.0,23.88,113.225,43.163,44.998,1030.39,31.045,741.55,1.611,38.29,10.507,250.55,64.5,65.5,63.7,64.5,65.5,90.2,7.0,50.9,4151.0,4154,195
b229488e-e4714bb7,Statues-200,0.6028105296200047,0.4718379655977484,0.995043957961178,0.30932133681491386,1354,844,820,24,534,202,0,0.0,0,0,0.0,0.0,0,0.0,0,0.0,202,100.0,23.74,112.762,43.395,44.999,1029.33,31.25,741.57,1.609,38.02,10.537,249.74,64.6,65.6,63.9,64.7,65.5,92.2,6.7,51.2,4155.0,4158,198
b229488e-e4714bb7,Statues-500,0.5836499086078226,0.45281484431836994,0.9856622307585645,0.30560531618075853,1354,846,801,45,553,188,14,6.93,0,14,0.0,6.93,0,0.0,0,0.0,188,93.07,22.21,105.151,43.222,44.985,957.69,31.103,689.43,1.616,35.68,10.503,232.58,64.7,65.7,63.9,64.7,65.7,88.7,6.8,50.8,4155.0,4159,182
b22a4d9f-48b2e986,Statues-25,0.7050621710862235,0.5722755536514439,0.996058571649464,0.3675252392761811,1414,1046,1000,46,414,203,0,0.0,0,0,0.0,0.0,0,0.0,0,0.0,203,100.0,24.36,112.961,42.828,44.101,1038.49,30.814,747.3,1.613,39.01,10.402,252.18,64.4,65.7,63.9,64.7,65.7,87.2,6.9,50.4,4155.0,4157,199
b22a4d9f-48b2e986,Statues-75,0.7050621710862235,0.5722755536514439,0.996058571649464,0.3675252392761811,1414,1046,1000,46,414,203,0,0.0,0,0,0.0,0.0,0,0.0,0,0.0,203,100.0,24.41,113.201,42.856,44.486,1042.77,30.839,750.2,1.606,39.1,10.411,253.47,64.6,65.8,64.0,64.7,65.8,84.0,6.8,50.3,4156.0,4159,198
b22a4d9f-48b2e986,Statues-200,0.7042725625282058,0.5706199742839632,0.9959003530074146,0.3674157090661265,1414,1046,999,47,415,202,1,0.49,0,1,0.0,0.49,0,0.0,0,0.0,202,99.51,24.39,112.834,42.584,43.988,1036.39,30.607,745.04,1.612,39.15,10.365,252.2,64.5,65.6,64.0,64.7,65.6,85.8,7.2,50.1,4154.0,4158,202
b22a4d9f-48b2e986,Statues-500,0.6583046807628415,0.5135082432926078,0.9721792202944652,0.35638719506040584,1414,1051,955,96,459,177,26,12.81,0,26,0.0,12.81,0,0.0,0,0.0,177,87.19,21.67,99.508,42.164,44.486,911.22,30.236,653.69,1.637,35.24,10.291,222.29,64.4,65.7,64.0,64.6,65.7,82.5,7.2,49.3,4147.0,4151,178
b22a4d9f-73cc8810,Statues-25,0.7781108049010697,0.6202105562394384,0.997107412939956,0.40030875892601764,2255,1814,1759,55,496,203,0,0.0,0,0,0.0,0.0,0,0.0,0,0.0,203,100.0,24.77,114.22,42.326,44.002,1045.44,30.393,750.9,1.617,39.81,10.317,254.74,64.5,65.6,64.0,64.8,65.6,80.0,7.2,49.4,4149.0,4151,198
b22a4d9f-73cc8810,Statues-75,0.7781108049010697,0.6202105562394384,0.997107412939956,0.40030875892601764,2255,1814,1759,55,496,203,0,0.0,0,0,0.0,0.0,0,0.0,0,0.0,203,100.0,24.83,114.449,42.134,43.988,1045.9,30.223,750.6,1.616,39.93,10.295,255.37,64.4,65.5,63.8,64.6,65.5,76.4,7.2,49.2,4147.0,4151,200
b22a4d9f-73cc8810,Statues-200,0.7781108049010697,0.6202105562394384,0.997107412939956,0.40030875892601764,2255,1814,1759,55,496,203,0,0.0,0,0,0.0,0.0,0,0.0,0,0.0,203,100.0,24.7,114.088,42.409,44.001,1040.62,30.476,747.97,1.607,39.35,10.326,253.3,64.3,65.5,63.8,64.6,65.5,77.4,7.1,49.6,4156.0,4159,195
b22a4d9f-73cc8810,Statues-500,0.7781108049010697,0.6202105562394384,0.997107412939956,0.40030875892601764,2255,1814,1759,55,496,203,0,0.0,0,0,0.0,0.0,0,0.0,0,0.0,203,100.0,24.58,113.868,42.472,44.088,1040.62,30.509,747.82,1.616,39.43,10.347,253.36,64.2,65.4,63.8,64.9,65.4,87.5,6.8,49.9,4163.0,4168,203
b22e02cd-6af68e18,Statues-25,0.4719545989654446,0.3663631399156184,0.9928503118843535,0.24314722883373002,865,425,411,14,454,202,0,0.0,0,0,0.0,0.0,0,0.0,0,0.0,202,100.0,23.79,112.806,43.128,44.985,1021.86,31.032,735.4,1.611,38.09,10.485,248.37,64.2,65.7,63.8,64.5,65.7,81.3,7.0,51.2,4163.0,4166,196
b22e02cd-6af68e18,Statues-75,0.4719545989654446,0.3663631399156184,0.9928503118843535,0.24314722883373002,865,425,411,14,454,202,0,0.0,0,0,0.0,0.0,0,0.0,0,0.0,202,100.0,23.72,112.602,43.261,44.985,1022.93,31.139,736.44,1.611,37.98,10.512,248.51,64.4,65.5,63.9,64.7,65.5,83.4,7.2,51.4,4163.0,4167,195
b22e02cd-6af68e18,Statues-200,0.4707688726562079,0.3649568032556136,0.9927700906935374,0.24254280728541827,865,424,410,14,455,198,4,1.98,0,4,0.0,1.98,0,0.0,0,0.0,198,98.02,23.37,110.696,43.236,45.396,1007.55,31.114,725.27,1.607,37.34,10.515,244.94,64.6,65.8,63.9,64.8,65.8,84.5,7.1,51.0,4157.0,4165,186
b22e02cd-6af68e18,Statues-500,0.4276950841287057,0.3327426801915959,0.9771050134441024,0.22629915430393804,865,406,378,28,487,177,25,12.38,0,25,0.0,12.38,0,0.0,0,0.0,177,87.62,21.08,99.407,43.018,44.985,903.3,30.942,649.79,1.615,33.84,10.461,219.67,64.7,65.6,63.9,64.6,65.6,84.2,6.8,50.5,4151.0,4157,173
b22f385b-5d7e5202,Statues-25,0.7988465764614385,0.705880173043321,0.9968074415283615,0.4132851155993027,1281,1064,1026,38,255,153,49,24.26,0,49,0.0,24.26,0,0.0,0,0.0,153,75.74,18.93,86.893,41.842,44.386,789.92,29.905,564.95,1.65,30.97,10.286,194.0,64.3,65.6,63.8,64.6,65.6,77.2,7.3,48.7,4159.0,4163,151
b22f385b-5d7e5202,Statues-75,0.7713904196979693,0.6792212724221974,0.9924828511654965,0.3999753085862133,1281,1037,995,42,286,130,72,35.64,0,72,0.0,35.64,0,0.0,0,0.0,130,64.36,16.58,74.949,41.29,43.988,681.33,29.477,486.83,1.665,27.25,10.148,167.26,64.0,65.2,63.6,64.2,65.2,79.2,7.3,47.3,4161.0,4162,132
b22f385b-5d7e5202,Statues-200,0.6574909229420096,0.554621462070749,0.9268002778246346,0.3604267999759803,1281,1040,906,134,375,87,115,56.93,0,115,0.0,56.93,0,0.0,0,0.0,87,43.07,11.7,51.313,39.676,43.988,461.18,28.001,325.78,1.77,20.4,9.905,115.0,63.5,64.9,63.2,63.9,64.9,76.2,7.4,44.3,4166.0,4169,94
b22f385b-5d7e5202,Statues-500,0.6270489529572996,0.5100413038262721,0.8524111939384547,0.3997952934409311,1281,1292,925,367,356,46,156,77.23,0,156,0.0,77.23,0,0.0,0,0.0,46,22.77,7.14,29.019,35.086,42.693,251.09,23.92,171.51,1.95,13.77,9.216,65.8,62.2,64.0,62.6,63.2,64.0,60.8,7.4,36.4,4163.0,4166,58
b230132b-ff8f2719,Statues-25,0.5247913140844285,0.4142960065536653,0.9963740300922138,0.2674670156889107,1616,869,851,18,765,202,1,0.49,0,1,0.0,0.49,0,0.0,0,0.0,202,99.51,24.24,113.458,42.693,44.499,1033.73,30.683,743.16,1.613,38.92,10.397,251.65,63.7,65.1,63.1,64.1,65.1,83.9,6.9,50.3,4160.0,4164,195
b230132b-ff8f2719,Statues-75,0.5253941707887692,0.41364419873976255,0.9963488029633001,0.2677655912142939,1616,870,852,18,764,195,8,3.94,0,8,0.0,3.94,0,0.0,0,0.0,195,96.06,23.16,108.691,42.923,44.985,991.14,30.872,713.16,1.612,37.07,10.44,240.91,64.0,65.3,63.4,64.2,65.3,79.9,6.9,50.6,4163.0,4166,187
b230132b-ff8f2719,Statues-200,0.5254196566723994,0.4131824824335199,0.9964163082850122,0.2674876664881678,1616,869,852,17,764,191,12,5.91,0,12,0.0,5.91,0,0.0,0,0.0,191,94.09,22.69,106.379,43.153,44.985,972.18,31.07,700.07,1.612,36.24,10.472,235.87,64.3,65.3,63.6,64.3,65.3,86.8,6.9,50.6,4167.0,4172,182
b230132b-ff8f2719,Statues-500,0.5263495080506198,0.4125634875120691,0.9958306247496191,0.2681662446634571,1616,872,854,18,762,186,17,8.37,0,17,0.0,8.37,0,0.0,0,0.0,186,91.63,22.29,104.192,42.626,44.985,949.15,30.616,682.02,1.617,35.86,10.393,231.27,64.2,65.4,63.7,64.4,65.4,83.7,7.2,50.0,4165.0,4172,178
b230a7b2-c881c382,Statues-25,0.3605564705828671,0.2881048755525462,0.997410193948715,0.18344854829152674,830,305,300,5,530,200,3,1.48,0,3,0.0,1.48,0,0.0,0,0.0,200,98.52,23.6,111.204,43.165,44.998,1015.24,31.058,730.85,1.611,37.72,10.495,246.67,64.4,65.6,63.8,64.6,65.6,86.7,7.1,51.0,4169.0,4171,190
b230a7b2-c881c382,Statues-75,0.3605564705828671,0.2882964979405295,0.997410193948715,0.18344854829152674,830,305,300,5,530,197,6,2.96,0,6,0.0,2.96,0,0.0,0,0.0,197,97.04,23.36,109.842,43.041,44.985,1003.35,30.955,721.9,1.611,37.4,10.475,244.05,64.4,65.4,63.9,64.7,65.5,83.3,7.3,50.9,4166.0,4167,188
b230a7b2-c881c382,Statues-200,0.35456620318028975,0.2844644239475785,0.9975054187710188,0.1798766974251521,830,299,295,4,535,173,30,14.78,0,30,0.0,14.78,0,0.0,0,0.0,173,85.22,20.92,97.51,42.492,44.486,885.2,30.495,635.62,1.611,33.4,10.385,216.18,64.4,65.4,63.8,64.5,65.4,87.1,7.1,49.6,4166.0,4169,168
b230a7b2-c881c382,Statues-500,0.36554018967790197,0.2850922636403288,0.9943948622578516,0.18782902309876448,830,314,305,9,525,133,70,34.48,0,70,0.0,34.48,0,0.0,0,0.0,133,65.52,16.42,75.717,41.781,44.486,685.82,29.841,490.32,1.66,27.04,10.28,168.46,64.2,65.2,63.6,64.5,65.2,86.5,7.0,48.0,4167.0,4172,135
b231a630-c4522992,Statues-25,0.6832608710637931,0.47647899062699084,0.9849393343668598,0.36361097384317903,3209,2390,2222,168,987,201,1,0.5,0,1,0.0,0.5,0,0.0,0,0.0,201,99.5,24.59,114.473,42.222,43.988,1033.09,30.302,741.53,1.606,39.22,10.314,252.34,64.1,65.2,63.7,64.4,65.2,84.8,7.2,49.5,4168.0,4172,202
b231a630-c4522992,Statues-75,0.6794007764489214,0.4701899353236946,0.9815362633019611,0.3625590412095472,3209,2394,2217,177,992,191,11,5.45,0,11,0.0,5.45,0,0.0,0,0.0,191,94.55,23.62,109.481,42.07,44.001,987.74,30.177,708.63,1.624,38.01,10.269,241.09,64.0,65.2,63.5,64.2,65.2,90.9,6.9,48.9,4164.0,4170,191
b231a630-c4522992,Statues-200,0.6146584475963703,0.42430478025600726,0.9393690271356755,0.34265160304805664,3209,2406,2091,315,1118,157,45,22.28,0,45,0.0,22.28,0,0.0,0,0.0,157,77.72,19.57,90.168,41.416,44.386,810.03,29.567,578.7,1.66,32.27,10.189,199.06,63.7,65.0,63.3,63.9,65.0,83.2,7.0,48.1,4166.0,4168,158
b231a630-c4522992,Statues-500,0.5265230384290362,0.3677037303251055,0.89871804957114,0.31447933085801993,3209,2339,1862,477,1347,137,65,32.18,0,65,0.0,32.18,0,0.0,0,0.0,137,67.82,17.42,79.382,41.128,43.602,713.26,29.321,508.92,1.67,28.75,10.137,175.59,63.5,65.0,63.2,64.1,64.8,75.8,6.9,47.3,4165.0,4168,144
b232c7c9-d251d9ee,Statues-25,0.7926172966961115,0.6008943661030575,0.9858184543298741,0.41662304747328976,3174,2705,2549,156,625,201,1,0.5,0,1,0.0,0.5,0,0.0,0,0.0,201,99.5,24.42,114.689,42.465,44.088,1034.23,30.487,742.58,1.613,39.18,10.365,252.47,63.9,65.2,63.2,64.2,65.2,88.4,7.2,49.8,4171.0,4174,196
b232c7c9-d251d9ee,Statues-75,0.7873825775115147,0.5961188396762432,0.9846543192418917,0.41448017927560543,3174,2696,2535,161,639,197,5,2.48,0,5,0.0,2.48,0,0.0,0,0.0,197,97.52,24.28,113.433,41.936,43.602,1014.75,30.032,726.84,1.619,39.05,10.286,248.86,64.0,65.0,63.3,64.1,65.0,84.1,7.1,48.9,4168.0,4175,195
b232c7c9-d251d9ee,Statues-200,0.7719708580446745,0.5797472940926521,0.9779092699627877,0.411831924590626,3174,2705,2501,204,673,180,22,10.89,0,22,0.0,10.89,0,0.0,0,0.0,180,89.11,21.95,102.746,42.121,44.486,923.31,30.162,661.63,1.65,35.92,10.309,225.75,63.9,65.2,63.3,64.0,65.2,80.3,6.9,49.0,4171.0,4173,181
b232c7c9-d251d9ee,Statues-500,0.6925778918329255,0.5108955092492332,0.9516866295909262,0.38378389649834155,3174,2629,2299,330,875,152,50,24.75,0,50,0.0,24.75,0,0.0,0,0.0,152,75.25,19.1,88.25,41.335,43.988,788.8,29.497,563.07,1.657,31.51,10.182,194.22,63.6,64.9,63.2,64.0,64.9,88.1,7.2,48.1,4173.0,4177,154
b2331b83-648e56ca,Statues-25,0.42641369442542615,0.34523951133830355,0.9976643804494031,0.21703800369847315,1521,662,650,12,871,202,0,0.0,0,0,0.0,0.0,0,0.0,0,0.0,202,100.0,24.42,114.553,42.346,44.088,1033.34,30.382,741.57,1.611,39.2,10.354,252.57,63.6,64.9,63.0,63.8,64.9,77.3,7.3,49.8,4170.0,4178,194
b2331b83-648e56ca,Statues-75,0.42641369442542615,0.3452581342095743,0.9976643804494031,0.21703800369847315,1521,662,650,12,871,200,2,0.99,0,2,0.0,0.99,0,0.0,0,0.0,200,99.01,24.06,112.962,42.715,44.386,1023.79,30.685,735.47,1.606,38.45,10.424,249.86,64.1,65.2,63.3,64.1,65.2,85.5,7.2,50.2,4179.0,4183,198
b2331b83-648e56ca,Statues-200,0.4253470230601961,0.33737202474959815,0.996691079555935,0.2167589298660644,1521,662,649,13,872,190,12,5.94,0,12,0.0,5.94,0,0.0,0,0.0,190,94.06,22.97,107.616,42.507,44.101,971.78,30.509,697.68,1.611,36.73,10.386,237.37,64.1,65.1,63.5,64.2,65.1,82.1,7.0,49.9,4168.0,4176,187
b2331b83-648e56ca,Statues-500,0.4010189627280618,0.31814492894653534,0.9742618024312508,0.206947082877604,1521,651,626,25,895,181,21,10.4,0,21,0.0,10.4,0,0.0,0,0.0,181,89.6,21.98,102.784,42.364,44.486,927.86,30.387,665.66,1.619,35.37,10.357,226.83,64.0,65.5,63.5,64.2,65.5,87.3,7.2,49.5,4171.0,4176,178
b2331b83-a28e6b57,Statues-25,0.7123119729441241,0.5432410847882727,0.9819345424534842,0.38263251491161215,3230,2547,2337,210,893,203,0,0.0,0,0,0.0,0.0,0,0.0,0,0.0,203,100.0,25.12,116.254,41.791,43.59,1047.65,29.916,750.38,1.61,40.17,10.265,257.1,64.1,65.1,63.5,64.2,65.1,79.6,7.1,48.7,4170.0,4174,201
b2331b83-a28e6b57,Statues-75,0.7123119729441241,0.5432410847882727,0.9819345424534842,0.38263251491161215,3230,2547,2337,210,893,203,0,0.0,0,0,0.0,0.0,0,0.0,0,0.0,203,100.0,24.94,115.846,42.078,43.59,1043.96,30.148,748.12,1.62,40.08,10.31,255.75,64.1,65.2,63.4,64.1,65.2,81.8,6.9,49.1,4178.0,4181,201
b2331b83-a28e6b57,Statues-200,0.7123119729441241,0.5432410847882727,0.9819345424534842,0.38263251491161215,3230,2547,2337,210,893,203,0,0.0,0,0,0.0,0.0,0,0.0,0,0.0,203,100.0,25.0,116.036,42.027,43.988,1047.12,30.135,751.09,1.616,40.12,10.276,255.91,63.8,65.1,63.4,64.3,65.1,85.8,7.1,49.2,4179.0,4186,205
b2331b83-a28e6b57,Statues-500,0.7123119729441241,0.5432410847882727,0.9819345424534842,0.38263251491161215,3230,2547,2337,210,893,203,0,0.0,0,0,0.0,0.0,0,0.0,0,0.0,203,100.0,24.82,115.411,42.138,43.988,1045.73,30.207,749.96,1.62,40.01,10.312,255.76,64.0,65.3,63.4,64.1,65.3,84.1,6.7,49.2,4179.0,4184,203
b23493b1-3200de1c,Statues-25,0.7760578684653848,0.6065522773732452,0.9884005827902713,0.41515576307430624,3179,2693,2490,203,689,202,0,0.0,0,0,0.0,0.0,0,0.0,0,0.0,202,100.0,25.01,116.283,41.793,43.59,1044.14,29.927,748.19,1.62,40.23,10.246,255.72,63.9,65.2,63.3,64.2,65.2,81.5,7.1,48.7,4184.0,4187,203
b23493b1-3200de1c,Statues-75,0.7760578684653848,0.6065522773732452,0.9884005827902713,0.41515576307430624,3179,2693,2490,203,689,202,0,0.0,0,0,0.0,0.0,0,0.0,0,0.0,202,100.0,25.1,116.511,41.639,43.489,1039.26,29.817,744.32,1.612,40.15,10.21,254.79,63.7,65.1,63.3,64.2,65.1,75.6,7.0,48.7,4185.0,4193,200
b23493b1-3200de1c,Statues-200,0.7760578684653848,0.6065522773732452,0.9884005827902713,0.41515576307430624,3179,2693,2490,203,689,202,0,0.0,0,0,0.0,0.0,0,0.0,0,0.0,202,100.0,25.04,116.373,41.782,43.489,1045.3,29.931,749.12,1.618,40.3,10.234,255.88,63.8,65.0,63.3,64.0,65.0,79.3,7.1,48.7,4185.0,4190,201
b23493b1-3200de1c,Statues-500,0.7760578684653848,0.6065522773732452,0.9884005827902713,0.41515576307430624,3179,2693,2490,203,689,202,0,0.0,0,0,0.0,0.0,0,0.0,0,0.0,202,100.0,24.97,116.266,41.981,43.887,1040.41,30.098,745.92,1.612,39.91,10.271,254.58,63.7,65.1,63.3,64.0,65.1,82.3,6.8,49.1,4189.0,4193,202
b237db93-fab44bf2,Statues-25,0.6309972363353258,0.4992557280941604,0.9834062755607118,0.337894601964897,1017,706,651,55,366,203,0,0.0,0,0,0.0,0.0,0,0.0,0,0.0,203,100.0,24.44,114.001,42.614,44.386,1038.2,30.6,745.62,1.616,39.27,10.398,253.31,64.0,65.2,63.4,64.1,65.2,82.9,6.8,50.1,4192.0,4194,201
b237db93-fab44bf2,Statues-75,0.6309972363353258,0.4992557280941604,0.9834062755607118,0.337894601964897,1017,706,651,55,366,203,0,0.0,0,0,0.0,0.0,0,0.0,0,0.0,203,100.0,24.49,114.082,42.767,44.486,1041.53,30.728,748.66,1.612,39.1,10.426,253.76,64.3,65.2,63.6,64.3,65.2,86.2,7.1,50.1,4191.0,4197,197
b237db93-fab44bf2,Statues-200,0.6309615386985243,0.4992217259691551,0.9832623686943271,0.3382845237747542,1017,707,651,56,366,202,1,0.49,0,1,0.0,0.49,0,0.0,0,0.0,202,99.51,24.44,113.791,42.246,44.088,1029.93,30.299,738.95,1.61,39.11,10.337,251.86,63.9,65.3,63.5,64.2,65.3,72.2,7.1,49.8,4185.0,4198,199
b237db93-fab44bf2,Statues-500,0.6309615386985243,0.4992217259691551,0.9832623686943271,0.3382845237747542,1017,707,651,56,366,202,1,0.49,0,1,0.0,0.49,0,0.0,0,0.0,202,99.51,24.31,113.404,42.524,44.486,1030.78,30.55,740.88,1.612,38.92,10.361,250.98,64.1,65.4,63.6,64.3,65.4,83.3,6.9,50.1,4184.0,4190,197
b23a79d1-43dfeecd,Statues-25,0.47744497349518783,0.37283720210758814,0.9958549708035971,0.24461766044606284,1690,832,810,22,880,203,0,0.0,0,0,0.0,0.0,0,0.0,0,0.0,203,100.0,24.31,114.115,42.758,44.587,1036.86,30.725,745.48,1.615,38.96,10.418,252.42,64.3,65.2,63.6,64.2,65.2,86.1,7.1,50.3,4185.0,4192,194
b23a79d1-43dfeecd,Statues-75,0.47744497349518783,0.37283720210758814,0.9958549708035971,0.24461766044606284,1690,832,810,22,880,203,0,0.0,0,0,0.0,0.0,0,0.0,0,0.0,203,100.0,24.32,114.257,42.653,44.587,1036.64,30.632,744.85,1.606,38.87,10.415,252.92,64.2,65.6,63.6,64.3,65.5,81.7,6.9,50.4,4181.0,4184,198
b23a79d1-43dfeecd,Statues-200,0.47733081180611536,0.37249010433041846,0.9955910645402931,0.24479424906057096,1690,833,810,23,880,202,1,0.49,0,1,0.0,0.49,0,0.0,0,0.0,202,99.51,24.09,113.264,42.984,44.499,1028.62,30.918,739.98,1.61,38.47,10.455,250.18,64.3,65.5,63.6,64.3,65.5,84.3,6.8,50.7,4181.0,4186,201
b23a79d1-43dfeecd,Statues-500,0.46856498525955115,0.3652993404493616,0.9919482303889943,0.24110095033171952,1690,825,798,27,892,192,11,5.42,0,11,0.0,5.42,0,0.0,0,0.0,192,94.58,23.01,107.98,42.798,44.6,981.47,30.757,705.53,1.609,36.81,10.431,239.13,64.3,65.4,63.6,64.3,65.4,87.7,6.8,50.3,4185.0,4192,188
b23a79d1-e434acaa,Statues-25,0.6468797466600196,0.5343179281851369,0.997444802970605,0.32960107414124645,1078,713,699,14,379,192,11,5.42,0,11,0.0,5.42,0,0.0,0,0.0,192,94.58,23.28,108.293,42.355,44.499,984.38,30.374,706.24,1.624,37.57,10.357,240.57,64.2,65.3,63.6,64.2,65.3,84.1,7.0,49.7,4183.0,4186,190
b23a79d1-e434acaa,Statues-75,0.6478104641089876,0.5346274712104514,0.9974532822807166,0.3300670917717736,1078,714,700,14,378,191,12,5.91,0,12,0.0,5.91,0,0.0,0,0.0,191,94.09,23.24,107.911,42.248,44.101,979.71,30.282,702.59,1.624,37.47,10.342,239.65,64.2,65.1,63.5,64.3,65.1,85.3,7.1,49.4,4185.0,4189,187
b23a79d1-e434acaa,Statues-200,0.6478104641089876,0.5346274712104514,0.9974532822807166,0.3300670917717736,1078,714,700,14,378,190,13,6.4,0,13,0.0,6.4,0,0.0,0,0.0,190,93.6,23.17,107.588,42.23,44.088,977.65,30.281,701.23,1.624,37.49,10.325,238.93,64.1,65.2,63.5,64.4,65.2,85.3,7.1,49.3,4182.0,4192,186
b23a79d1-e434acaa,Statues-500,0.6478104641089876,0.5346274712104514,0.9974532822807166,0.3300670917717736,1078,714,700,14,378,189,14,6.9,0,14,0.0,6.9,0,0.0,0,0.0,189,93.1,23.01,106.786,42.326,44.101,970.62,30.368,696.49,1.62,37.1,10.338,237.03,64.0,65.1,63.6,64.2,65.1,82.5,7.1,49.6,4186.0,4189,186
b23adb0d-72704b27,Statues-25,0.5352761291147661,0.41496629014785996,0.9993710525462114,0.26995515581196927,1208,652,647,5,561,202,0,0.0,0,0,0.0,0.0,0,0.0,0,0.0,202,100.0,24.23,114.229,42.555,44.486,1030.42,30.556,740.27,1.613,38.87,10.385,251.28,64.1,65.3,63.6,64.4,65.3,84.7,7.2,50.1,4189.0,4192,195
b23adb0d-72704b27,Statues-75,0.5352761291147661,0.41496629014785996,0.9993710525462114,0.26995515581196927,1208,652,647,5,561,202,0,0.0,0,0,0.0,0.0,0,0.0,0,0.0,202,100.0,24.23,114.301,42.537,44.486,1030.2,30.539,740.01,1.613,38.89,10.386,251.31,64.1,65.3,63.7,64.3,65.3,75.4,7.0,50.3,4186.0,4192,194
b23adb0d-72704b27,Statues-200,0.5352761291147661,0.41496629014785996,0.9993710525462114,0.26995515581196927,1208,652,647,5,561,202,0,0.0,0,0,0.0,0.0,0,0.0,0,0.0,202,100.0,24.21,114.164,42.66,44.486,1029.27,30.634,739.38,1.613,38.76,10.414,251.12,64.1,65.4,63.6,64.2,65.4,82.6,7.2,50.3,4185.0,4190,196
b23adb0d-72704b27,Statues-500,0.5336345433867431,0.40267315773673007,0.9993951341732494,0.26914034640855833,1208,650,645,5,563,191,11,5.45,0,11,0.0,5.45,0,0.0,0,0.0,191,94.55,22.94,108.093,42.626,44.486,977.94,30.595,702.15,1.614,36.92,10.417,238.87,64.2,65.4,63.5,64.2,65.4,87.5,7.0,50.1,4195.0,4200,184
b23adb0d-8a7aaced,Statues-25,0.47989014672920893,0.3698757979847991,0.9951351512861139,0.2463383175267029,2147,1066,1035,31,1112,203,0,0.0,0,0,0.0,0.0,0,0.0,0,0.0,203,100.0,24.32,114.113,42.746,44.486,1038.47,30.706,746.11,1.613,39.1,10.428,253.27,64.2,65.4,63.6,64.2,65.4,81.6,6.8,50.4,4198.0,4201,208
b23adb0d-8a7aaced,Statues-75,0.47989014672920893,0.3698757979847991,0.9951351512861139,0.2463383175267029,2147,1066,1035,31,1112,203,0,0.0,0,0,0.0,0.0,0,0.0,0,0.0,203,100.0,24.36,114.325,42.58,44.088,1033.26,30.571,741.95,1.61,38.98,10.4,252.33,64.0,65.3,63.5,64.2,65.3,79.6,6.8,50.4,4198.0,4203,202
b23adb0d-8a7aaced,Statues-200,0.47989014672920893,0.3698757979847991,0.9951351512861139,0.2463383175267029,2147,1066,1035,31,1112,203,0,0.0,0,0,0.0,0.0,0,0.0,0,0.0,203,100.0,24.52,114.705,42.336,44.486,1032.95,30.377,741.48,1.613,39.19,10.346,252.28,64.0,65.1,63.5,64.2,65.1,75.2,7.3,49.9,4197.0,4205,198
b23adb0d-8a7aaced,Statues-500,0.47989014672920893,0.3698757979847991,0.9951351512861139,0.2463383175267029,2147,1066,1035,31,1112,203,0,0.0,0,0,0.0,0.0,0,0.0,0,0.0,203,100.0,24.46,114.447,42.596,44.486,1038.22,30.593,745.83,1.612,39.19,10.391,253.21,64.2,65.3,63.6,64.2,65.3,83.1,7.1,50.2,4191.0,4195,198
b23b2649-1a78948d,Statues-25,0.7445440300219395,0.5960350054863534,0.985811436878477,0.4013040437697972,1332,1095,1003,92,329,190,0,0.0,0,0,0.0,0.0,0,0.0,0,0.0,190,100.0,23.31,115.186,41.91,43.988,975.27,30.035,699.15,1.616,37.47,10.26,238.65,63.9,65.2,63.5,64.2,65.2,74.9,7.2,49.0,4193.0,4195,186
b23b2649-1a78948d,Statues-75,0.7445440300219395,0.5960350054863534,0.985811436878477,0.4013040437697972,1332,1095,1003,92,329,190,0,0.0,0,0,0.0,0.0,0,0.0,0,0.0,190,100.0,23.24,115.059,42.13,43.988,975.91,30.21,700.0,1.617,37.33,10.303,238.57,64.0,65.2,63.5,64.2,65.2,78.7,6.8,49.2,4189.0,4195,193
b23b2649-1a78948d,Statues-200,0.7445440300219395,0.5960350054863534,0.985811436878477,0.4013040437697972,1332,1095,1003,92,329,190,0,0.0,0,0,0.0,0.0,0,0.0,0,0.0,190,100.0,23.41,115.615,41.831,43.59,978.22,29.975,701.23,1.613,37.57,10.243,239.42,63.9,65.2,63.4,64.2,65.2,86.0,7.1,48.8,4187.0,4194,189
b23b2649-1a78948d,Statues-500,0.7445440300219395,0.5960350054863534,0.985811436878477,0.4013040437697972,1332,1095,1003,92,329,190,0,0.0,0,0,0.0,0.0,0,0.0,0,0.0,190,100.0,23.47,115.754,41.783,43.59,978.35,29.941,701.29,1.611,37.62,10.231,239.43,63.7,65.1,63.4,64.0,65.1,77.7,7.3,48.9,4188.0,4195,190
b23b2649-6af03cd5,Statues-25,0.7908207457817787,0.6584503646636963,0.9903263445842388,0.4194932763806637,1469,1252,1171,81,298,198,5,2.46,0,5,0.0,2.46,0,0.0,0,0.0,198,97.54,24.26,111.997,42.188,44.001,1022.78,30.289,734.64,1.613,38.93,10.287,249.2,63.9,65.2,63.4,64.1,65.2,81.9,7.1,49.1,4196.0,4204,197
b23b2649-6af03cd5,Statues-75,0.7849347538995097,0.6502486826706109,0.9892864121429458,0.4190367895811115,1469,1253,1163,90,306,188,15,7.39,0,15,0.0,7.39,0,0.0,0,0.0,188,92.61,23.11,106.477,41.942,43.988,966.3,30.052,692.6,1.635,37.55,10.255,236.15,63.9,65.2,63.4,64.1,65.2,79.2,7.3,48.9,4203.0,4206,186
b23b2649-6af03cd5,Statues-200,0.7643193445366019,0.6315346545181262,0.9790060137544748,0.4122352620830497,1469,1250,1144,106,325,174,29,14.29,0,29,0.0,14.29,0,0.0,0,0.0,174,85.71,21.43,98.612,41.94,44.001,895.03,30.041,641.34,1.64,34.85,10.259,218.83,63.9,65.2,63.4,64.2,65.2,83.3,6.8,48.7,4201.0,4207,176
b23b2649-6af03cd5,Statues-500,0.7542716895173962,0.6188969390874459,0.9803307356889402,0.4116096987310398,1469,1248,1126,122,343,164,39,19.21,0,39,0.0,19.21,0,0.0,0,0.0,164,80.79,20.39,93.395,41.449,43.59,840.81,29.622,601.18,1.652,33.37,10.174,206.27,63.6,64.7,63.3,64.1,64.7,78.8,7.1,48.0,4197.0,4212,166
b23b2649-8349d2a1,Statues-25,0.4898017188185149,0.28546016877761005,0.9119605390146888,0.2777193711299708,1493,948,797,151,696,88,4,4.35,0,4,0.0,4.35,0,0.0,0,0.0,88,95.65,10.88,111.18,41.063,43.602,444.4,29.256,316.87,1.653,17.76,10.154,109.78,63.4,64.7,62.9,63.6,64.7,84.7,7.2,45.8,4194.0,4198,86
b23b2649-8349d2a1,Statues-75,0.44344352964661815,0.26075130379228145,0.9114558733099037,0.25256972878823275,1493,866,721,145,772,61,31,33.7,0,31,0.0,33.7,0,0.0,0,0.0,61,66.3,7.85,78.5,39.763,43.602,308.1,28.078,217.7,1.714,13.2,9.971,77.19,63.2,64.5,62.6,63.3,64.5,79.7,7.1,42.5,4199.0,4200,62
b23b2649-8349d2a1,Statues-200,0.4256862333735248,0.249769504149421,0.889189837190499,0.24775211332342506,1493,886,707,179,786,43,49,53.26,0,49,0.0,53.26,0,0.0,0,0.0,43,46.74,5.85,57.121,37.117,42.606,215.57,25.806,150.12,1.757,10.07,9.554,55.37,62.2,63.6,62.2,62.6,63.6,67.3,7.4,37.8,4200.0,4204,46
b23b2649-8349d2a1,Statues-500,0.34783380439060774,0.19644721159564385,0.8103005813624653,0.21844125549717003,1493,866,635,231,858,23,69,75.0,0,69,0.0,75.0,0,0.0,0,0.0,23,25.0,3.6,33.123,32.385,40.599,111.49,21.418,73.72,2.059,7.07,8.908,30.7,61.1,63.0,61.5,62.0,63.0,68.9,7.4,28.6,4197.0,4201,29
b23bb45f-ddeea1d8,Statues-25,0.7971628839748911,0.6168750522459048,0.9961465306843577,0.40882281146931426,1035,851,828,23,207,191,12,5.91,0,12,0.0,5.91,0,0.0,0,0.0,191,94.09,23.48,107.984,42.063,43.988,987.39,30.166,708.54,1.618,37.78,10.28,241.07,63.0,64.3,62.3,63.1,64.3,87.6,7.1,48.9,4197.0,4202,188
b23bb45f-ddeea1d8,Statues-75,0.8044670409378727,0.6142947085134488,0.9944990931191185,0.4120289855072464,1035,860,837,23,198,144,59,29.06,0,59,0.0,29.06,0,0.0,0,0.0,144,70.94,18.27,82.684,40.724,43.602,743.25,28.988,529.35,1.658,30.1,10.079,183.8,62.9,64.1,62.4,63.2,64.1,80.5,7.2,47.0,4192.0,4198,146
b23bb45f-ddeea1d8,Statues-200,0.7743570734006936,0.5773354959589349,0.9780560078035887,0.40158706056362575,1035,859,819,40,216,132,71,34.98,0,71,0.0,34.98,0,0.0,0,0.0,132,65.02,16.84,75.929,40.68,43.988,682.64,28.93,485.55,1.678,28.11,10.072,168.98,62.9,64.2,62.4,63.0,64.2,82.9,7.2,46.8,4201.0,4205,135
b23bb45f-ddeea1d8,Statues-500,0.7738206416059565,0.561366486137168,0.9863537054018602,0.40548441340059505,1035,859,811,48,224,122,81,39.9,0,81,0.0,39.9,0,0.0,0,0.0,122,60.1,15.75,70.834,40.146,44.088,627.42,28.427,444.51,1.685,26.21,10.035,156.69,62.6,64.2,62.3,63.1,64.2,79.1,7.0,46.6,4200.0,4206,129
b23c9e00-b425de1b,Statues-25,0.4794960464515665,0.3818005634927236,0.9949605424936138,0.24573307352692667,2717,1346,1309,37,1408,197,5,2.48,0,5,0.0,2.48,0,0.0,0,0.0,197,97.52,24.07,112.774,42.021,43.988,1006.81,30.137,722.45,1.613,38.48,10.271,245.88,63.0,64.5,62.5,63.3,64.5,75.5,7.2,49.3,4204.0,4208,194
b23c9e00-b425de1b,Statues-75,0.4803290667791985,0.3829130857604395,0.9951840051197985,0.24601323733899047,2717,1347,1311,36,1406,192,10,4.95,0,10,0.0,4.95,0,0.0,0,0.0,192,95.05,23.36,109.637,42.196,43.988,980.35,30.269,703.29,1.618,37.56,10.31,239.51,63.3,64.4,62.7,63.6,64.4,77.5,7.0,49.5,4206.0,4217,187
b23c9e00-b425de1b,Statues-200,0.48154803040855515,0.3803279673346246,0.9944938361415647,0.24825945546004327,2717,1361,1315,46,1402,178,24,11.88,0,24,0.0,11.88,0,0.0,0,0.0,178,88.12,21.75,101.87,42.036,44.088,913.24,30.121,654.88,1.626,35.11,10.289,223.25,63.3,64.6,62.8,63.6,64.6,89.3,6.9,49.1,4205.0,4213,177
b23c9e00-b425de1b,Statues-500,0.4765759216416321,0.37099537036549773,0.9890480563602924,0.2487265259220584,2717,1376,1308,68,1409,147,55,27.23,0,55,0.0,27.23,0,0.0,0,0.0,147,72.77,18.44,85.383,41.097,43.59,754.04,29.281,537.61,1.649,30.07,10.167,186.36,63.2,64.6,62.8,63.6,64.6,71.0,7.3,47.6,4207.0,4211,148
b23f7012-32d284ce,Statues-25,0.39354450288311504,0.29871702280277856,0.9907659931628512,0.2037725245003337,1660,686,659,27,1001,203,0,0.0,0,0,0.0,0.0,0,0.0,0,0.0,203,100.0,24.59,114.574,42.307,44.486,1038.51,30.353,745.37,1.615,39.47,10.34,253.67,63.5,64.7,63.0,63.7,64.7,76.0,7.2,49.7,4209.0,4213,197
b23f7012-32d284ce,Statues-75,0.39354450288311504,0.29871702280277856,0.9907659931628512,0.2037725245003337,1660,686,659,27,1001,203,0,0.0,0,0,0.0,0.0,0,0.0,0,0.0,203,100.0,24.8,115.278,41.992,43.988,1041.25,30.092,746.53,1.61,39.76,10.29,254.97,63.6,64.9,63.1,64.1,64.9,76.4,7.1,49.4,4209.0,4214,201
b23f7012-32d284ce,Statues-200,0.39354450288311504,0.29871702280277856,0.9907659931628512,0.2037725245003337,1660,686,659,27,1001,203,0,0.0,0,0,0.0,0.0,0,0.0,0,0.0,203,100.0,24.62,114.659,42.458,44.185,1041.62,30.488,748.12,1.606,39.31,10.365,254.19,63.8,65.2,63.3,64.0,65.2,83.2,7.1,49.9,4206.0,4212,198
b23f7012-32d284ce,Statues-500,0.392201068744225,0.2942554251601833,0.9903466695874158,0.20333831677073255,1660,685,657,28,1003,199,4,1.97,0,4,0.0,1.97,0,0.0,0,0.0,199,98.03,24.31,112.959,42.068,44.101,1022.58,30.152,733.38,1.611,38.97,10.305,250.23,63.8,65.0,63.3,64.2,65.0,82.5,7.3,49.3,4206.0,4210,193
b23f7012-fab06dac,Statues-25,0.31448258295299436,0.23265857237472712,0.9847530075458263,0.16375798405425293,1714,574,547,27,1167,200,2,0.99,0,2,0.0,0.99,0,0.0,0,0.0,200,99.01,24.37,113.778,42.305,44.088,1030.09,30.359,739.48,1.611,39.08,10.336,251.54,64.0,65.2,63.4,64.1,65.2,86.6,7.0,49.6,4210.0,4216,197
b23f7012-fab06dac,Statues-75,0.3129212138531787,0.23072686293761202,0.985232069615998,0.16294878685268327,1714,571,544,27,1170,189,13,6.44,0,13,0.0,6.44,0,0.0,0,0.0,189,93.56,23.1,107.517,42.187,44.102,973.3,30.252,698.17,1.61,37.02,10.325,238.12,64.0,65.2,63.3,63.9,65.2,86.9,7.2,49.3,4206.0,4209,185
b23f7012-fab06dac,Statues-200,0.3075634833533518,0.2268269234328461,0.986423392224047,0.1603071694361419,1714,561,534,27,1180,181,21,10.4,0,21,0.0,10.4,0,0.0,0,0.0,181,89.6,21.77,101.789,42.631,44.486,924.69,30.633,664.82,1.613,34.81,10.385,225.06,64.0,65.1,63.3,64.0,65.1,87.4,7.1,49.9,4215.0,4220,174
b23f7012-fab06dac,Statues-500,0.3055313478036594,0.2251087828627047,0.9873309158815685,0.1591076030657388,1714,556,530,26,1184,176,26,12.87,0,26,0.0,12.87,0,0.0,0,0.0,176,87.13,21.22,99.172,42.446,44.5,896.1,30.479,643.81,1.609,33.82,10.358,218.46,63.9,65.0,63.3,63.9,65.0,84.6,7.2,49.8,4214.0,4218,168
b23fe89b-c704fe97,Statues-25,0.6027213254478025,0.4864717243037549,0.996632545305523,0.30776413547983433,1166,721,705,16,461,203,0,0.0,0,0,0.0,0.0,0,0.0,0,0.0,203,100.0,24.09,113.098,43.108,44.601,1037.03,31.024,746.6,1.614,38.68,10.471,251.75,64.2,65.2,63.4,64.2,65.2,89.2,7.2,50.8,4220.0,4222,193
b23fe89b-c704fe97,Statues-75,0.6027213254478025,0.4864717243037549,0.996632545305523,0.30776413547983433,1166,721,705,16,461,203,0,0.0,0,0,0.0,0.0,0,0.0,0,0.0,203,100.0,24.68,114.934,42.336,44.101,1039.09,30.412,746.38,1.601,39.28,10.323,253.43,63.9,65.2,63.5,64.1,65.2,76.3,7.2,49.9,4207.0,4214,196
b23fe89b-c704fe97,Statues-200,0.6027213254478025,0.4864717243037549,0.996632545305523,0.30776413547983433,1166,721,705,16,461,203,0,0.0,0,0,0.0,0.0,0,0.0,0,0.0,203,100.0,24.68,115.019,42.108,44.101,1036.69,30.19,743.53,1.61,39.5,10.307,253.66,63.8,65.1,63.4,64.2,65.1,75.4,7.2,49.7,4211.0,4216,200
b23fe89b-c704fe97,Statues-500,0.6027213254478025,0.4864717243037549,0.996632545305523,0.30776413547983433,1166,721,705,16,461,203,0,0.0,0,0,0.0,0.0,0,0.0,0,0.0,203,100.0,24.64,114.827,42.362,44.088,1039.79,30.406,746.61,1.61,39.38,10.346,253.79,64.1,65.2,63.4,64.0,65.2,84.3,7.2,49.7,4209.0,4211,197
b24071b8-b3ee1196,Statues-25,0.6902779914311277,0.4708485352731905,0.9697173252234698,0.3784780948216864,4862,3863,3447,416,1415,202,0,0.0,0,0,0.0,0.0,0,0.0,0,0.0,202,100.0,25.36,117.541,41.532,43.489,1045.93,29.668,747.22,1.664,41.83,10.201,256.89,63.9,65.0,63.5,64.2,65.0,80.2,6.9,48.3,4201.0,4216,206
b24071b8-b3ee1196,Statues-75,0.6902779914311277,0.4708485352731905,0.9697173252234698,0.3784780948216864,4862,3863,3447,416,1415,202,0,0.0,0,0,0.0,0.0,0,0.0,0,0.0,202,100.0,25.21,116.993,41.692,43.489,1049.92,29.846,751.89,1.623,40.7,10.223,257.32,63.6,64.7,63.0,63.8,64.7,83.9,7.1,48.4,4199.0,4205,204
b24071b8-b3ee1196,Statues-200,0.6852315800686907,0.465069491507731,0.966630342041087,0.37649040915150267,4862,3856,3433,423,1429,197,5,2.48,0,5,0.0,2.48,0,0.0,0,0.0,197,97.52,24.59,114.132,41.472,43.988,1017.2,29.664,727.9,1.628,39.76,10.179,249.54,63.2,64.6,62.9,63.8,64.6,81.1,7.0,48.2,4205.0,4211,200
b24071b8-b3ee1196,Statues-500,0.6436646182993901,0.4228265131596197,0.9361468428083786,0.3631175983811186,4862,3845,3331,514,1531,176,26,12.87,0,26,0.0,12.87,0,0.0,0,0.0,176,87.13,22.39,103.208,41.029,43.489,914.44,29.272,652.56,1.653,36.73,10.104,225.15,63.1,64.2,62.7,63.7,64.2,81.8,7.1,47.3,4205.0,4208,178
b2408e45-984ba5aa,Statues-25,0.7348256869447992,0.5786453234604004,0.9926474374667583,0.3858679475037207,1945,1520,1438,82,507,203,0,0.0,0,0,0.0,0.0,0,0.0,0,0.0,203,100.0,24.75,115.566,42.208,44.088,1041.51,30.27,747.28,1.616,39.7,10.322,254.53,63.1,64.4,62.4,63.2,64.4,82.3,7.0,49.4,4208.0,4212,199
b2408e45-984ba5aa,Statues-75,0.7348256869447992,0.5786453234604004,0.9926474374667583,0.3858679475037207,1945,1520,1438,82,507,203,0,0.0,0,0,0.0,0.0,0,0.0,0,0.0,203,100.0,24.87,115.979,42.053,44.001,1040.53,30.163,746.38,1.61,39.8,10.28,254.36,63.2,64.5,62.6,63.4,64.5,76.4,7.4,49.4,4214.0,4218,202
b2408e45-984ba5aa,Statues-200,0.7348256869447992,0.5786453234604004,0.9926474374667583,0.3858679475037207,1945,1520,1438,82,507,203,0,0.0,0,0,0.0,0.0,0,0.0,0,0.0,203,100.0,24.85,115.893,42.116,43.988,1042.26,30.206,747.88,1.612,39.74,10.297,254.64,63.5,64.8,62.8,63.4,64.8,83.7,7.1,49.1,4215.0,4219,201
b2408e45-984ba5aa,Statues-500,0.7316668514941723,0.5740430966923651,0.99175671203805,0.38479768061750846,1945,1518,1433,85,512,201,2,0.99,0,2,0.0,0.99,0,0.0,0,0.0,201,99.01,24.6,114.669,42.137,43.988,1036.58,30.215,743.51,1.613,39.55,10.309,253.52,63.6,64.9,62.9,63.6,64.9,85.3,7.2,49.3,4215.0,4217,196
b242929f-3051abca,Statues-25,0.6427288418466082,0.5081675211734786,0.9883943132116977,0.3376287386439097,1863,1282,1210,72,653,202,0,0.0,0,0,0.0,0.0,0,0.0,0,0.0,202,100.0,24.77,115.573,41.931,43.602,1036.78,30.057,743.35,1.617,39.87,10.257,253.56,63.5,64.8,63.0,63.8,64.8,78.8,7.2,49.2,4210.0,4214,198
b242929f-3051abca,Statues-75,0.6427288418466082,0.5081675211734786,0.9883943132116977,0.3376287386439097,1863,1282,1210,72,653,202,0,0.0,0,0,0.0,0.0,0,0.0,0,0.0,202,100.0,24.62,115.202,42.266,44.001,1038.03,30.339,745.37,1.614,39.51,10.312,253.16,63.6,64.9,63.1,63.8,64.9,87.5,6.8,49.8,4215.0,4221,199
b242929f-3051abca,Statues-200,0.6427288418466082,0.5081675211734786,0.9883943132116977,0.3376287386439097,1863,1282,1210,72,653,202,0,0.0,0,0,0.0,0.0,0,0.0,0,0.0,202,100.0,24.65,115.242,42.066,43.988,1034.82,30.165,742.25,1.614,39.6,10.286,252.97,63.6,64.9,63.2,63.8,64.9,78.6,6.9,49.5,4218.0,4223,198
b242929f-3051abca,Statues-500,0.6411686093716101,0.5069582280062672,0.988437511802385,0.336861149826442,1863,1279,1207,72,656,201,1,0.5,0,1,0.0,0.5,0,0.0,0,0.0,201,99.5,24.74,115.34,41.776,43.887,1030.32,29.913,738.05,1.613,39.6,10.25,252.67,63.6,64.9,63.3,64.1,64.9,72.2,7.3,49.0,4216.0,4219,197
b242f6b2-0033bdfb,Statues-25,0.3899058328313976,0.30465955669717154,0.9906426991532694,0.20145801401128602,2809,1149,1105,44,1704,200,2,0.99,0,2,0.0,0.99,0,0.0,0,0.0,200,99.01,24.43,114.471,42.163,43.988,1027.95,30.238,737.69,1.616,39.19,10.308,251.07,63.7,64.9,63.2,64.0,64.9,86.1,7.1,49.4,4215.0,4219,197
b242f6b2-0033bdfb,Statues-75,0.39249719520121723,0.30491762665144295,0.9901055246531829,0.20253485768063847,2809,1156,1113,43,1696,192,10,4.95,0,10,0.0,4.95,0,0.0,0,0.0,192,95.05,23.5,109.834,42.087,44.088,985.41,30.157,706.3,1.613,37.64,10.316,241.46,63.8,65.0,63.2,63.9,65.0,80.5,7.1,49.2,4220.0,4223,187
b242f6b2-0033bdfb,Statues-200,0.38412875881002684,0.29113561067223337,0.9856859326003852,0.1992792972059553,2809,1145,1094,51,1715,159,43,21.29,0,43,0.0,21.29,0,0.0,0,0.0,159,78.71,19.64,91.233,41.711,44.088,815.74,29.834,583.76,1.628,31.67,10.25,200.31,63.6,65.0,63.1,63.7,65.0,85.1,6.8,48.2,4226.0,4229,157
b242f6b2-0033bdfb,Statues-500,0.33624812478906574,0.2503596634131594,0.9687628259283186,0.17723955157819218,2809,1044,974,70,1835,110,92,45.54,0,92,0.0,45.54,0,0.0,0,0.0,110,54.46,14.21,64.544,40.001,44.088,568.12,28.305,402.28,1.714,24.21,9.981,141.63,63.2,64.6,62.9,64.0,64.6,83.4,7.2,44.8,4227.0,4231,114
b242f6b2-99d2f2c1,Statues-25,0.2717552327347096,0.19509925606288586,0.9764173591027999,0.14633662518552346,1520,461,422,39,1098,202,1,0.49,0,1,0.0,0.49,0,0.0,0,0.0,202,99.51,24.32,114.067,42.611,44.486,1030.55,30.613,740.68,1.611,38.81,10.387,251.07,63.6,64.8,63.1,63.9,64.8,83.5,7.2,50.2,4226.0,4232,195
b242f6b2-99d2f2c1,Statues-75,0.2730435393534908,0.19532717936760408,0.9764443637011907,0.1469819256564738,1520,463,424,39,1096,196,7,3.45,0,7,0.0,3.45,0,0.0,0,0.0,196,96.55,23.7,110.978,42.291,44.486,997.75,30.346,716.22,1.611,37.86,10.334,243.66,63.7,64.9,63.2,63.9,64.9,77.9,7.1,49.8,4222.0,4225,190
b242f6b2-99d2f2c1,Statues-200,0.26392450783179056,0.1859873880133745,0.9708711358830767,0.14330393290919607,1520,455,412,43,1108,189,14,6.9,0,14,0.0,6.9,0,0.0,0,0.0,189,93.1,22.87,107.058,42.383,44.486,967.58,30.416,694.77,1.61,36.57,10.357,236.24,63.9,65.1,63.3,64.1,65.1,82.5,7.1,49.6,4223.0,4227,183
b242f6b2-99d2f2c1,Statues-500,0.2623169323773378,0.18299209246443787,0.9657700497984764,0.1447850499092559,1520,464,411,53,1109,179,24,11.82,0,24,0.0,11.82,0,0.0,0,0.0,179,88.18,21.71,101.404,42.281,44.386,917.18,30.318,658.02,1.63,35.19,10.333,223.97,63.9,65.1,63.3,64.0,65.1,86.0,7.1,49.5,4220.0,4224,177
b242f6b2-eaa39345,Statues-25,0.4980739094125677,0.3841729169280613,0.9926935515414466,0.25737702026984866,1683,876,844,32,839,202,0,0.0,0,0,0.0,0.0,0,0.0,0,0.0,202,100.0,24.64,115.631,42.005,43.988,1030.69,30.103,738.76,1.612,39.49,10.29,252.44,63.7,64.9,63.3,63.9,64.9,70.7,7.2,49.5,4217.0,4221,199
b242f6b2-eaa39345,Statues-75,0.4991240108735227,0.3848524890318175,0.9924072850591432,0.2581270105863561,1683,879,846,33,837,199,3,1.49,0,3,0.0,1.49,0,0.0,0,0.0,199,98.51,24.21,113.723,42.332,44.001,1022.87,30.373,734.12,1.612,38.83,10.347,249.92,64.0,65.1,63.4,64.2,65.1,83.1,7.1,49.7,4223.0,4228,197
b242f6b2-eaa39345,Statues-200,0.49837438351160657,0.38355658311659724,0.9920957448084659,0.25770975194799395,1683,878,845,33,838,187,15,7.43,0,15,0.0,7.43,0,0.0,0,0.0,187,92.57,22.69,106.365,42.46,44.088,960.65,30.462,689.39,1.618,36.51,10.38,234.75,64.0,65.2,63.4,64.1,65.2,89.0,6.9,49.7,4227.0,4230,185
b242f6b2-eaa39345,Statues-500,0.4880674411710092,0.3736372057222829,0.9927936034606503,0.25186728982459644,1683,857,827,30,856,164,38,18.81,0,38,0.0,18.81,0,0.0,0,0.0,164,81.19,20.24,94.15,42.038,44.088,846.98,30.108,606.93,1.637,32.81,10.293,207.24,63.8,65.1,63.2,63.9,65.1,83.8,7.2,49.0,4228.0,4232,159
b242f6b2-f5da110f,Statues-25,0.43777044770660967,0.3261677022028665,0.9917795432424905,0.22776169556840078,1875,865,827,38,1048,201,0,0.0,0,0,0.0,0.0,0,0.0,0,0.0,201,100.0,24.17,114.5,42.531,44.486,1023.75,30.554,735.68,1.611,38.66,10.366,249.41,63.8,65.0,63.3,64.0,65.0,79.8,7.2,50.1,4227.0,4232,193
b242f6b2-f5da110f,Statues-75,0.43777044770660967,0.3261677022028665,0.9917795432424905,0.22776169556840078,1875,865,827,38,1048,201,0,0.0,0,0,0.0,0.0,0,0.0,0,0.0,201,100.0,24.39,115.307,42.24,44.486,1029.33,30.286,738.48,1.612,39.1,10.342,251.75,63.9,65.2,63.3,64.2,65.2,80.8,7.4,49.6,4225.0,4228,197
b242f6b2-f5da110f,Statues-200,0.43777044770660967,0.3261677022028665,0.9917795432424905,0.22776169556840078,1875,865,827,38,1048,201,0,0.0,0,0,0.0,0.0,0,0.0,0,0.0,201,100.0,24.33,115.074,42.403,44.486,1032.17,30.436,741.29,1.615,39.1,10.352,251.77,64.0,65.1,63.4,64.0,65.1,82.8,7.2,49.7,4228.0,4230,196
b242f6b2-f5da110f,Statues-500,0.4211181924010333,0.29990374680106474,0.9769183863561304,0.22437394636015326,1875,870,807,63,1068,183,18,8.96,0,18,0.0,8.96,0,0.0,0,0.0,183,91.04,22.24,104.911,42.106,44.499,934.58,30.191,670.46,1.615,35.68,10.3,228.44,63.8,65.0,63.3,63.9,65.0,74.9,7.0,49.3,4228.0,4235,180
b24380ab-63272e5a,Statues-25,0.08134420376539006,0.05710936151059184,0.999331699710403,0.04186834017336254,811,67,66,1,745,199,1,0.5,0,1,0.0,0.5,0,0.0,0,0.0,199,99.5,23.82,113.586,42.615,44.499,1014.61,30.593,728.7,1.613,38.25,10.409,247.66,64.0,65.2,63.4,64.2,65.2,77.3,7.1,50.2,4229.0,4234,190
b24380ab-63272e5a,Statues-75,0.08134420376539006,0.05710936151059184,0.999331699710403,0.04186834017336254,811,67,66,1,745,199,1,0.5,0,1,0.0,0.5,0,0.0,0,0.0,199,99.5,23.71,113.298,42.822,44.5,1013.54,30.765,728.48,1.605,37.87,10.452,247.2,64.1,65.2,63.5,64.2,65.2,79.9,7.1,50.6,4233.0,4238,191
b24380ab-63272e5a,Statues-200,0.07914956659366547,0.054280811442085755,0.9872361606148365,0.040911349540828534,811,67,65,2,746,193,7,3.5,0,7,0.0,3.5,0,0.0,0,0.0,193,96.5,22.95,109.601,42.925,44.884,982.35,30.888,707.02,1.605,36.65,10.432,238.67,64.0,65.2,63.4,64.1,65.2,80.4,6.9,50.7,4232.0,4236,186
b24380ab-63272e5a,Statues-500,0.0775397740904196,0.04570440512944119,0.9813132153313814,0.04119823021687096,811,68,64,4,747,149,51,25.5,0,51,0.0,25.5,0,0.0,0,0.0,149,74.5,18.06,85.424,42.354,44.486,762.17,30.377,546.86,1.633,29.27,10.345,186.04,64.0,65.2,63.3,63.9,65.2,93.4,6.9,49.0,4230.0,4234,147
b24380ab-6dbeb908,Statues-25,0.42993491636437176,0.3356936033819384,0.9926881012596279,0.22300436264540466,1481,668,641,27,840,202,0,0.0,0,0,0.0,0.0,0,0.0,0,0.0,202,100.0,24.35,114.886,42.498,44.386,1029.87,30.514,739.64,1.605,38.79,10.38,251.44,64.0,65.1,63.4,64.2,65.1,81.1,7.2,50.0,4228.0,4231,193
b24380ab-6dbeb908,Statues-75,0.42993491636437176,0.3356936033819384,0.9926881012596279,0.22300436264540466,1481,668,641,27,840,202,0,0.0,0,0,0.0,0.0,0,0.0,0,0.0,202,100.0,24.31,114.69,42.672,44.486,1035.85,30.671,744.68,1.61,39.01,10.39,252.16,64.1,65.1,63.5,64.2,65.1,86.1,7.1,50.2,4226.0,4229,196
b24380ab-6dbeb908,Statues-200,0.4292749882512393,0.3344258873974303,0.9927106192711165,0.22268069206450117,1481,667,640,27,841,201,1,0.5,0,1,0.0,0.5,0,0.0,0,0.0,201,99.5,24.28,114.572,43.663,46.491,1060.0,30.474,740.17,2.745,66.35,10.444,253.48,64.1,65.3,64.0,64.9,65.3,78.6,13.2,50.3,4312.0,4382,189
b24380ab-6dbeb908,Statues-500,0.3901661013969522,0.28488633376355854,0.9522039102170633,0.21102939536430423,1481,666,606,60,875,183,19,9.41,0,19,0.0,9.41,0,0.0,0,0.0,183,90.59,22.11,103.938,42.503,44.486,934.48,30.51,671.06,1.612,35.33,10.38,228.09,64.0,65.2,63.5,64.2,65.2,84.0,7.2,49.7,4261.0,4268,177
b24c9ee6-e43a6e8b,Statues-25,0.3909595988811518,0.30419209606545194,0.9969738471418083,0.1991757508936034,1061,424,416,8,645,202,0,0.0,0,0,0.0,0.0,0,0.0,0,0.0,202,100.0,24.25,114.548,42.534,44.486,1030.19,30.542,739.98,1.611,38.87,10.381,251.34,64.0,65.3,63.5,64.2,65.3,77.9,7.3,50.2,4261.0,4264,194
b24c9ee6-e43a6e8b,Statues-75,0.3909595988811518,0.30419209606545194,0.9969738471418083,0.1991757508936034,1061,424,416,8,645,202,0,0.0,0,0,0.0,0.0,0,0.0,0,0.0,202,100.0,24.25,114.509,42.615,44.486,1031.72,30.605,741.19,1.608,38.83,10.401,251.7,64.1,65.2,63.5,64.2,65.2,80.8,7.1,50.2,4252.0,4259,195
b24c9ee6-e43a6e8b,Statues-200,0.3928591130796838,0.3044325111350024,0.9970253345216571,0.20013009252498976,1061,426,418,8,643,198,4,1.98,0,4,0.0,1.98,0,0.0,0,0.0,198,98.02,23.68,112.011,42.747,44.587,1011.82,30.704,727.09,1.611,37.97,10.432,246.76,64.1,65.5,63.5,64.2,65.5,85.1,6.9,50.4,4250.0,4253,190
b24c9ee6-e43a6e8b,Statues-500,0.26270738615931827,0.1766018296583244,0.8653430365228616,0.15851718396487482,1061,407,320,87,741,146,56,27.72,0,56,0.0,27.72,0,0.0,0,0.0,146,72.28,17.81,83.458,41.902,44.486,747.34,29.934,534.35,1.654,29.29,10.314,183.7,63.9,65.1,63.3,63.9,65.1,85.2,6.7,48.5,4255.0,4257,148
b24ca67a-594d7d3c,Statues-25,0.5481872091363775,0.4238544906035597,0.9992083442948242,0.2777891440718227,1019,566,559,7,460,202,0,0.0,0,0,0.0,0.0,0,0.0,0,0.0,202,100.0,24.33,114.527,42.653,44.473,1034.31,30.646,743.45,1.606,38.79,10.401,252.07,64.0,65.3,63.4,64.0,65.3,91.3,6.7,50.2,4254.0,4257,201
b24ca67a-594d7d3c,Statues-75,0.5481872091363775,0.4238544906035597,0.9992083442948242,0.2777891440718227,1019,566,559,7,460,202,0,0.0,0,0,0.0,0.0,0,0.0,0,0.0,202,100.0,24.32,114.323,42.641,44.486,1033.77,30.66,743.4,1.604,38.84,10.377,251.54,64.0,65.1,63.5,64.2,65.1,82.6,7.1,50.2,4250.0,4253,194
b24ca67a-594d7d3c,Statues-200,0.5481872091363775,0.4238544906035597,0.9992083442948242,0.2777891440718227,1019,566,559,7,460,202,0,0.0,0,0,0.0,0.0,0,0.0,0,0.0,202,100.0,24.06,113.646,43.117,44.486,1031.05,31.042,742.4,1.606,38.34,10.468,250.31,64.2,65.2,63.5,64.1,65.2,87.5,6.9,50.9,4248.0,4253,196
b24ca67a-594d7d3c,Statues-500,0.5481872091363775,0.4239097463493694,0.9992083442948242,0.2777891440718227,1019,566,559,7,460,201,1,0.5,0,1,0.0,0.5,0,0.0,0,0.0,201,99.5,24.09,113.418,42.64,44.486,1024.13,30.644,736.25,1.61,38.55,10.385,249.33,64.1,65.1,63.5,64.3,65.1,76.2,7.1,50.2,4249.0,4255,196
b24d283f-33783d1b,Statues-25,0.7241080622838173,0.5701461978348262,0.9932146074509374,0.37622401475075484,2991,2276,2179,97,812,202,0,0.0,0,0,0.0,0.0,0,0.0,0,0.0,202,100.0,24.67,115.208,42.264,43.988,1038.67,30.318,745.38,1.616,39.58,10.329,253.71,64.1,65.2,63.5,64.1,65.2,86.2,7.1,49.4,4249.0,4253,196
b24d283f-33783d1b,Statues-75,0.7224459282805908,0.5682199528701436,0.9931932854848767,0.3755421193156936,2991,2272,2174,98,817,199,3,1.49,0,3,0.0,1.49,0,0.0,0,0.0,199,98.51,24.23,113.163,42.166,44.088,1019.22,30.238,731.23,1.619,38.93,10.31,249.05,63.8,65.0,63.2,63.9,65.0,78.7,7.1,49.5,4249.0,4250,195
b24d283f-33783d1b,Statues-200,0.717648533349392,0.5475943934996781,0.9893316896503567,0.3740801707379541,2991,2274,2168,106,823,179,23,11.39,0,23,0.0,11.39,0,0.0,0,0.0,179,88.61,21.79,101.482,42.283,44.088,918.81,30.317,659.03,1.64,35.48,10.326,224.3,63.8,64.9,63.2,63.9,64.9,84.9,7.0,49.4,4251.0,4252,177
b24d283f-33783d1b,Statues-500,0.6272405777976628,0.46765366676274533,0.9276857987713772,0.3503916189142089,2991,2297,2019,278,972,157,45,22.28,0,45,0.0,22.28,0,0.0,0,0.0,157,77.72,19.3,89.42,42.147,44.499,808.68,30.186,579.38,1.655,31.61,10.307,197.69,63.7,64.9,63.0,63.7,64.9,84.2,6.9,48.6,4251.0,4253,159
b24f03f7-ff66eaca,Statues-25,0.7491694408641124,0.6113538042809483,0.9997250648323677,0.3774783088468655,1165,879,873,6,292,175,27,13.37,0,27,0.0,13.37,0,0.0,0,0.0,175,86.63,20.93,98.248,42.733,44.985,893.34,30.697,642.08,1.625,33.8,10.411,217.46,63.6,64.8,62.9,63.8,64.8,84.5,6.7,49.9,4255.0,4261,172
b24f03f7-ff66eaca,Statues-75,0.7331872855821234,0.6004526897123459,0.9872040657906065,0.3744365749918205,1165,892,865,27,300,140,62,30.69,0,62,0.0,30.69,0,0.0,0,0.0,140,69.31,17.19,79.632,41.764,44.499,714.31,29.859,510.87,1.65,28.11,10.256,175.33,63.5,64.5,62.9,63.5,64.5,80.4,7.3,48.1,4262.0,4263,139
b24f03f7-ff66eaca,Statues-200,0.6231595986697788,0.5017728088291478,0.9467641783379114,0.3425814837522992,1165,875,763,112,402,105,97,48.02,0,97,0.0,48.02,0,0.0,0,0.0,105,51.98,13.38,60.947,40.03,44.587,536.09,28.293,379.2,1.702,22.65,10.035,134.24,63.1,64.5,62.6,63.3,64.5,83.4,7.2,45.0,4266.0,4268,109
b24f03f7-ff66eaca,Statues-500,0.5680176845451692,0.4592636933121949,0.8718075294805308,0.34052202855391084,1165,980,747,233,418,67,135,66.83,0,135,0.0,66.83,0,0.0,0,0.0,67,33.17,9.26,40.742,36.966,44.587,337.86,25.546,233.67,1.844,16.75,9.577,87.43,61.9,64.1,62.0,62.9,64.1,76.6,7.2,39.1,4261.0,4263,76
b24f7455-e8c55d6a,Statues-25,0.6291364472716146,0.46633341282469665,0.9793301533072966,0.3342221739980951,2734,1881,1754,127,980,199,3,1.49,0,3,0.0,1.49,0,0.0,0,0.0,199,98.51,24.18,112.552,42.412,44.473,1023.31,30.453,734.98,1.608,38.69,10.35,249.64,63.2,64.4,62.5,63.4,64.3,88.1,7.3,49.8,4258.0,4261,195
b24f7455-e8c55d6a,Statues-75,0.6317905567466046,0.4648057760224799,0.9795040556475989,0.33587858942650456,2734,1890,1761,129,973,186,16,7.92,0,16,0.0,7.92,0,0.0,0,0.0,186,92.08,22.77,105.591,41.987,44.486,954.86,30.097,684.84,1.622,36.67,10.268,233.35,63.1,64.6,62.6,63.5,64.6,76.4,7.2,49.2,4258.0,4262,183
b24f7455-e8c55d6a,Statues-200,0.6273830565015531,0.4495702032598968,0.9804214082750375,0.33011898589735394,2734,1854,1748,106,986,180,22,10.89,0,22,0.0,10.89,0,0.0,0,0.0,180,89.11,21.97,102.036,42.268,44.486,924.87,30.325,663.91,1.621,35.26,10.322,225.7,63.2,64.6,62.6,63.4,64.6,87.3,7.1,49.5,4260.0,4264,177
b24f7455-e8c55d6a,Statues-500,0.6041782687514724,0.4252969440530837,0.9730848256623119,0.31998619254340854,2734,1813,1696,117,1038,174,28,13.86,0,28,0.0,13.86,0,0.0,0,0.0,174,86.14,21.45,99.067,42.001,44.088,898.39,30.093,643.95,1.625,34.59,10.283,219.85,63.2,64.4,62.5,63.2,64.4,82.0,7.2,49.0,4261.0,4263,171
b2505382-1423f56a,Statues-25,0.6818958607571763,0.5323328527955947,0.998444452009007,0.3472669842584921,2040,1420,1393,27,647,120,82,40.59,0,82,0.0,40.59,0,0.0,0,0.0,120,59.41,14.89,68.998,41.601,44.486,619.3,29.687,442.24,1.655,24.46,10.259,152.6,62.9,64.3,62.3,63.0,64.3,80.7,7.3,48.2,4260.0,4261,120
b2505382-1423f56a,Statues-75,0.6818954306318226,0.5323943833113467,0.9984438335235359,0.34726663904998617,2040,1420,1393,27,647,119,83,41.09,0,83,0.0,41.09,0,0.0,0,0.0,119,58.91,14.7,68.098,41.955,44.587,613.94,30.028,439.54,1.65,24.06,10.277,150.34,63.0,64.2,62.3,62.9,64.2,83.8,7.4,48.7,4262.0,4267,116
b2505382-1423f56a,Statues-200,0.7226903188974143,0.5627878058699138,0.9986637818434719,0.36818187740212355,2040,1505,1476,29,564,114,88,43.56,0,88,0.0,43.56,0,0.0,0,0.0,114,56.44,14.12,65.427,41.704,44.587,585.65,29.8,418.89,1.658,23.02,10.247,143.74,62.7,64.2,62.2,63.0,64.2,77.3,7.1,48.5,4266.0,4269,115
b2505382-1423f56a,Statues-500,0.6815212999707294,0.3167039987645638,0.9827558423443874,0.3583206221318314,2040,1504,1413,91,627,108,94,46.53,0,94,0.0,46.53,0,0.0,0,0.0,108,53.47,13.45,62.108,41.583,44.486,559.46,29.677,399.72,1.662,22.13,10.244,137.6,62.8,64.0,62.1,63.2,64.0,88.9,7.2,48.0,4263.0,4265,108
b2505382-272e7823,Statues-25,0.26181260290181413,0.19851231784037587,0.9862488138827911,0.13444835783583614,1119,306,297,9,822,167,35,17.33,0,35,0.0,17.33,0,0.0,0,0.0,167,82.67,20.02,93.975,42.401,44.587,849.45,30.425,609.91,1.617,32.21,10.359,207.33,62.8,64.0,62.3,63.2,63.9,77.0,7.1,49.7,4262.0,4264,161
b2505382-272e7823,Statues-75,0.24136491471135307,0.18493530285054535,0.9505195492257451,0.12783369226036126,1119,305,284,21,835,148,54,26.73,0,54,0.0,26.73,0,0.0,0,0.0,148,73.27,17.81,83.225,42.361,44.587,753.85,30.39,541.14,1.625,28.77,10.346,183.94,62.9,63.8,62.3,63.0,63.8,81.9,7.0,49.4,4265.0,4268,147
b2505382-272e7823,Statues-200,0.2208668850100457,0.1693837922674368,0.939407085796855,0.11306320866528498,1119,282,263,19,856,109,93,46.04,0,93,0.0,46.04,0,0.0,0,0.0,109,53.96,13.62,62.591,40.979,44.486,553.54,29.159,393.92,1.678,22.65,10.142,136.98,62.7,64.1,62.2,63.0,64.1,78.7,7.1,46.6,4266.0,4267,107
b2505382-272e7823,Statues-500,0.20066233678433346,0.1475979582774602,0.8975302737512271,0.10712093601620665,1119,281,250,31,869,87,115,56.93,0,115,0.0,56.93,0,0.0,0,0.0,87,43.07,11.25,50.933,39.816,44.486,444.3,28.122,313.87,1.709,19.05,9.985,111.38,62.3,63.8,62.0,62.7,63.8,77.5,7.3,44.1,4264.0,4265,89
b2505382-2905b23c,Statues-25,0.4064091858317125,0.31706235641385316,0.9931494060350509,0.21015494840540766,846,359,346,13,500,179,0,0.0,0,0,0.0,0.0,0,0.0,0,0.0,179,100.0,21.07,112.784,43.05,44.985,902.96,30.963,649.58,1.609,33.65,10.479,219.73,62.9,64.3,62.3,63.2,64.3,76.1,7.3,50.9,4260.0,4264,170
b2505382-2905b23c,Statues-75,0.4064091858317125,0.31706235641385316,0.9931494060350509,0.21015494840540766,846,359,346,13,500,179,0,0.0,0,0,0.0,0.0,0,0.0,0,0.0,179,100.0,21.06,112.735,43.19,44.884,907.65,31.098,653.63,1.602,33.6,10.491,220.41,63.3,64.3,62.4,63.2,64.3,86.2,7.1,50.9,4262.0,4264,169
b2505382-2905b23c,Statues-200,0.40754471340630816,0.3167595759914273,0.9929709675369887,0.21125976568895175,846,361,347,14,499,177,2,1.12,0,2,0.0,1.12,0,0.0,0,0.0,177,98.88,20.89,111.756,42.867,44.985,892.34,30.809,641.74,1.604,33.24,10.455,217.37,63.2,64.5,62.5,63.3,64.5,80.4,7.2,50.5,4262.0,4265,167
b2505382-2905b23c,Statues-500,0.3951608203830029,0.29700350261885194,0.9945180189970071,0.2036367104734264,846,347,336,11,510,163,16,8.94,0,16,0.0,8.94,0,0.0,0,0.0,163,91.06,19.32,103.06,42.817,44.985,826.1,30.77,594.02,1.608,30.87,10.44,201.21,63.5,64.6,62.6,63.5,64.6,88.8,7.1,50.1,4269.0,4271,154
b2505382-549785d3,Statues-25,0.2625308085428111,0.20248792191173376,0.9964898854224238,0.13512450851900393,805,218,212,6,593,200,0,0.0,0,0,0.0,0.0,0,0.0,0,0.0,200,100.0,23.53,112.713,43.189,44.985,1011.72,31.089,728.49,1.605,37.48,10.496,245.74,63.6,64.8,62.8,63.5,64.8,83.9,7.2,51.1,4263.0,4265,187
b2505382-549785d3,Statues-75,0.2625308085428111,0.20248792191173376,0.9964898854224238,0.13512450851900393,805,218,212,6,593,200,0,0.0,0,0,0.0,0.0,0,0.0,0,0.0,200,100.0,23.43,112.407,43.37,44.985,1011.12,31.22,728.12,1.605,37.31,10.545,245.69,63.8,64.8,63.0,63.8,64.8,85.7,7.2,51.5,4263.0,4265,187
b2505382-549785d3,Statues-200,0.25754556008027807,0.19662125950276335,0.9963533603478177,0.1326232077552679,805,214,208,6,597,194,6,3.0,0,6,0.0,3.0,0,0.0,0,0.0,194,97.0,22.75,109.098,43.321,44.985,983.61,31.194,708.32,1.601,36.29,10.526,239.0,63.9,65.2,63.2,64.0,65.2,85.3,7.1,51.4,4265.0,4269,186
b2505382-549785d3,Statues-500,0.21257555963084135,0.14641153835330695,0.9193508104181288,0.11579800162030789,805,207,186,21,619,153,47,23.5,0,47,0.0,23.5,0,0.0,0,0.0,153,76.5,18.39,87.185,42.361,44.972,777.63,30.372,558.01,1.611,29.4,10.378,190.23,63.7,64.8,63.2,63.9,64.8,82.7,7.2,49.5,4266.0,4268,149
b2505382-de5238f0,Statues-25,0.3932741101293873,0.28228923066892003,0.9731555080873409,0.21092056250311164,2004,882,808,74,1196,172,30,14.85,0,30,0.0,14.85,0,0.0,0,0.0,172,85.15,20.66,96.753,42.602,44.587,875.41,30.62,629.24,1.611,33.07,10.372,213.1,63.7,64.9,63.2,64.0,64.9,76.2,7.1,50.0,4266.0,4268,169
b2505382-de5238f0,Statues-75,0.3876272563612907,0.2773185929590948,0.9674286155755311,0.20916339851511506,2004,881,801,80,1203,135,67,33.17,0,67,0.0,33.17,0,0.0,0,0.0,135,66.83,16.58,76.877,41.586,44.499,683.84,29.665,488.07,1.679,27.47,10.242,168.3,63.5,64.8,63.1,63.8,64.8,73.0,7.3,47.9,4264.0,4267,134
b2505382-de5238f0,Statues-200,0.2941585441429854,0.20231297305581628,0.9560257815130513,0.15886555335077646,2004,682,615,67,1389,100,102,50.5,0,102,0.0,50.5,0,0.0,0,0.0,100,49.5,12.73,58.073,40.206,44.884,506.77,28.44,358.63,1.737,21.79,10.03,126.35,63.0,64.4,62.7,63.4,64.4,77.6,7.3,45.4,4265.0,4267,102
b2505382-de5238f0,Statues-500,0.3336852505044311,0.19281053697273948,0.9238947133664952,0.1909495030795882,2004,863,718,145,1286,92,110,54.46,0,110,0.0,54.46,0,0.0,0,0.0,92,45.54,11.87,53.808,39.787,44.486,469.35,28.085,331.54,1.745,20.44,9.956,117.37,62.8,64.5,62.5,63.2,64.5,80.0,7.4,44.7,4267.0,4269,96
b250fb0c-01a1b8d3,Statues-25,0.7261389902456776,0.555301954901966,0.9856386390180762,0.3819998052883505,2389,1866,1758,108,631,202,0,0.0,0,0,0.0,0.0,0,0.0,0,0.0,202,100.0,24.43,114.129,42.308,43.988,1033.75,30.378,742.52,1.61,39.21,10.32,252.02,63.2,64.6,62.7,63.6,64.6,78.9,7.2,49.9,4264.0,4266,196
b250fb0c-01a1b8d3,Statues-75,0.7261389902456776,0.555301954901966,0.9856386390180762,0.3819998052883505,2389,1866,1758,108,631,202,0,0.0,0,0,0.0,0.0,0,0.0,0,0.0,202,100.0,24.35,113.863,42.577,44.386,1032.38,30.593,742.09,1.614,39.0,10.37,251.29,63.5,64.6,62.7,63.6,64.6,84.4,7.0,49.9,4269.0,4272,195
b250fb0c-01a1b8d3,Statues-200,0.7261389902456776,0.555301954901966,0.9856386390180762,0.3819998052883505,2389,1866,1758,108,631,202,0,0.0,0,0,0.0,0.0,0,0.0,0,0.0,202,100.0,24.31,113.803,42.807,44.088,1034.85,30.789,744.43,1.61,38.84,10.408,251.57,63.6,64.8,62.9,63.7,64.8,92.3,7.0,50.2,4273.0,4276,199
b250fb0c-01a1b8d3,Statues-500,0.7265614282832376,0.5553675283442755,0.9856526464312132,0.382214905264555,2389,1867,1759,108,630,200,2,0.99,0,2,0.0,0.99,0,0.0,0,0.0,200,99.01,24.2,112.93,42.429,43.988,1023.81,30.457,735.35,1.631,39.12,10.34,249.34,63.5,64.7,62.9,64.1,64.7,86.9,7.2,49.8,4274.0,4286,192
b251064f-30002542,Statues-25,0.7910654622263279,0.6767545383439051,0.999234745462345,0.4017565012876048,1828,1470,1447,23,381,202,0,0.0,0,0,0.0,0.0,0,0.0,0,0.0,202,100.0,24.27,113.885,42.596,44.386,1028.96,30.603,739.49,1.608,38.75,10.385,250.72,63.6,64.8,62.9,63.7,64.8,74.4,7.2,50.2,4271.0,4274,194
b251064f-30002542,Statues-75,0.7910654622263279,0.6767545383439051,0.999234745462345,0.4017565012876048,1828,1470,1447,23,381,202,0,0.0,0,0,0.0,0.0,0,0.0,0,0.0,202,100.0,24.15,113.643,42.732,44.486,1029.95,30.707,740.39,1.614,38.73,10.411,250.82,63.7,65.0,63.0,63.8,65.0,81.9,6.9,50.5,4271.0,4273,197
b251064f-30002542,Statues-200,0.7910654622263279,0.6767545383439051,0.999234745462345,0.4017565012876048,1828,1470,1447,23,381,202,0,0.0,0,0,0.0,0.0,0,0.0,0,0.0,202,100.0,24.05,113.287,43.023,44.486,1032.03,30.964,742.84,1.614,38.64,10.445,250.55,63.8,65.0,63.1,63.8,65.0,87.1,6.8,50.8,4272.0,4274,196
b251064f-30002542,Statues-500,0.7910654622263279,0.6767545383439051,0.999234745462345,0.4017565012876048,1828,1470,1447,23,381,202,0,0.0,0,0,0.0,0.0,0,0.0,0,0.0,202,100.0,24.14,113.5,42.944,44.486,1037.21,30.894,746.46,1.618,38.95,10.432,251.8,64.0,65.0,63.2,63.8,65.0,82.2,7.1,50.4,4272.0,4274,198
b251064f-4696b75e,Statues-25,0.6360735950630214,0.47217862197969057,0.9545007490513958,0.3513762306205813,886,667,588,79,298,179,0,0.0,0,0,0.0,0.0,0,0.0,0,0.0,179,100.0,21.26,113.012,42.974,44.587,908.42,30.916,653.74,1.608,33.88,10.449,220.8,63.9,65.0,63.2,63.8,65.0,85.5,7.0,50.4,4275.0,4278,169
b251064f-4696b75e,Statues-75,0.6360735950630214,0.47217862197969057,0.9545007490513958,0.3513762306205813,886,667,588,79,298,179,0,0.0,0,0,0.0,0.0,0,0.0,0,0.0,179,100.0,21.39,113.488,42.695,44.587,911.81,30.671,655.26,1.613,34.32,10.411,222.23,63.8,65.1,63.1,63.8,65.1,85.9,7.2,50.2,4274.0,4277,171
b251064f-4696b75e,Statues-200,0.6360735950630214,0.47217862197969057,0.9545007490513958,0.3513762306205813,886,667,588,79,298,179,0,0.0,0,0,0.0,0.0,0,0.0,0,0.0,179,100.0,21.37,113.363,42.732,44.486,906.85,30.724,652.14,1.608,34.06,10.4,220.65,63.7,65.0,63.1,63.9,65.0,77.4,7.3,50.3,4272.0,4274,173
b251064f-4696b75e,Statues-500,0.6360735950630214,0.47217862197969057,0.9545007490513958,0.3513762306205813,886,667,588,79,298,179,0,0.0,0,0,0.0,0.0,0,0.0,0,0.0,179,100.0,21.27,113.025,42.894,44.587,911.62,30.839,655.66,1.608,34.04,10.446,221.92,63.9,65.2,63.2,63.9,65.2,85.8,7.1,50.5,4274.0,4275,173
b251064f-5f6b663e,Statues-25,0.8082936763789421,0.6510352666998004,0.9916770522376429,0.4232142144605235,1184,1016,964,52,220,203,0,0.0,0,0,0.0,0.0,0,0.0,0,0.0,203,100.0,24.37,113.302,42.665,44.486,1039.41,30.654,747.11,1.612,39.12,10.4,253.18,64.1,65.1,63.3,64.2,65.1,85.7,7.2,50.0,4271.0,4272,198
b251064f-5f6b663e,Statues-75,0.8082936763789421,0.6510352666998004,0.9916770522376429,0.4232142144605235,1184,1016,964,52,220,203,0,0.0,0,0,0.0,0.0,0,0.0,0,0.0,203,100.0,24.31,113.18,42.881,44.486,1037.17,30.857,746.55,1.606,38.74,10.418,251.89,64.0,65.1,63.3,64.0,65.1,85.7,7.0,50.4,4272.0,4274,194
b251064f-5f6b663e,Statues-200,0.8082936763789421,0.6510352666998004,0.9916770522376429,0.4232142144605235,1184,1016,964,52,220,203,0,0.0,0,0,0.0,0.0,0,0.0,0,0.0,203,100.0,24.21,112.872,42.846,44.486,1037.92,30.817,746.85,1.612,38.88,10.417,252.19,64.0,65.2,63.3,64.1,65.2,80.5,6.8,50.6,4277.0,4281,199
b251064f-5f6b663e,Statues-500,0.8082936763789421,0.6510352666998004,0.9916770522376429,0.4232142144605235,1184,1016,964,52,220,203,0,0.0,0,0,0.0,0.0,0,0.0,0,0.0,203,100.0,24.36,113.377,42.586,44.486,1036.69,30.601,745.21,1.612,39.09,10.373,252.39,64.0,65.0,63.4,64.1,65.0,77.7,7.0,50.2,4283.0,4285,200
b251064f-8d92db81,Statues-25,0.7780141652765545,0.6124332491268658,0.9842621800997438,0.4195294215496264,3464,2985,2730,255,734,202,0,0.0,0,0,0.0,0.0,0,0.0,0,0.0,202,100.0,24.69,115.614,42.006,43.988,1035.19,30.111,742.08,1.606,39.52,10.288,253.59,63.7,65.1,63.2,64.0,65.1,74.0,7.2,49.4,4281.0,4286,196
b251064f-8d92db81,Statues-75,0.7780141652765545,0.6124332491268658,0.9842621800997438,0.4195294215496264,3464,2985,2730,255,734,202,0,0.0,0,0,0.0,0.0,0,0.0,0,0.0,202,100.0,24.64,115.432,42.079,44.088,1037.84,30.176,744.75,1.616,39.62,10.286,253.46,63.7,64.9,63.2,64.0,64.9,81.8,7.0,49.2,4275.0,4277,196
b251064f-8d92db81,Statues-200,0.778577177368852,0.612436459603261,0.9842600199836542,0.4198204730119974,3464,2987,2732,255,732,201,1,0.5,0,1,0.0,0.5,0,0.0,0,0.0,201,99.5,24.44,114.519,42.227,44.088,1032.93,30.296,741.44,1.614,39.32,10.317,252.17,63.6,64.9,63.1,63.8,64.9,78.3,7.1,49.4,4279.0,4281,195
b251064f-8d92db81,Statues-500,0.7770467578590916,0.6083380561496021,0.9837938363568337,0.4190350399763402,3464,2983,2728,255,736,198,4,1.98,0,4,0.0,1.98,0,0.0,0,0.0,198,98.02,24.17,113.091,42.052,43.988,1012.8,30.143,726.27,1.621,38.85,10.289,247.68,63.6,64.8,63.0,63.8,64.8,76.9,7.2,49.2,4283.0,4285,192
b251064f-e7a165fd,Statues-25,0.7322449730293459,0.5405589602927585,0.9803074514323302,0.39365654704688663,3840,3121,2861,260,979,202,0,0.0,0,0,0.0,0.0,0,0.0,0,0.0,202,100.0,24.62,114.824,42.335,43.988,1039.28,30.395,746.37,1.614,39.51,10.326,253.4,63.6,64.8,63.0,63.8,64.8,86.7,7.0,49.5,4278.0,4285,200
b251064f-e7a165fd,Statues-75,0.7322449730293459,0.5405589602927585,0.9803074514323302,0.39365654704688663,3840,3121,2861,260,979,202,0,0.0,0,0,0.0,0.0,0,0.0,0,0.0,202,100.0,24.65,114.927,41.908,43.59,1030.11,30.023,738.34,1.618,39.58,10.267,252.2,63.2,64.6,63.0,63.7,64.6,70.0,6.8,49.4,4281.0,4285,201
b251064f-e7a165fd,Statues-200,0.7322449730293459,0.5405589602927585,0.9803074514323302,0.39365654704688663,3840,3121,2861,260,979,202,0,0.0,0,0,0.0,0.0,0,0.0,0,0.0,202,100.0,24.61,114.791,42.358,44.001,1039.15,30.424,746.5,1.614,39.5,10.32,253.14,63.5,64.7,62.8,63.5,64.7,88.0,6.8,49.5,4288.0,4290,198
b251064f-e7a165fd,Statues-500,0.7144694978667548,0.5210953007098155,0.9700179152225342,0.38780946975784847,3840,3111,2821,290,1019,189,13,6.44,0,13,0.0,6.44,0,0.0,0,0.0,189,93.56,23.16,107.633,42.073,43.988,972.96,30.174,698.07,1.638,37.74,10.26,237.15,63.3,64.7,62.7,63.5,64.7,85.6,6.9,49.1,4290.0,4291,190
b251b746-00138418,Statues-25,0.4707938850192618,0.37007410476147456,0.9992221794240679,0.23864610186997073,1887,901,889,12,998,203,0,0.0,0,0,0.0,0.0,0,0.0,0,0.0,203,100.0,24.15,113.112,42.856,44.486,1031.21,30.809,741.66,1.617,38.73,10.43,250.82,63.3,64.7,62.7,63.7,64.7,80.4,7.1,50.6,4291.0,4294,191
b251b746-00138418,Statues-75,0.47028872466820804,0.37012534001527386,0.9992876271239307,0.23814719646689805,1887,899,888,11,999,193,10,4.93,0,10,0.0,4.93,0,0.0,0,0.0,193,95.07,23.08,107.88,42.777,44.486,981.34,30.76,705.77,1.607,36.8,10.409,238.77,63.4,64.7,62.7,63.5,64.7,84.7,7.2,50.5,4291.0,4293,184
b251b746-00138418,Statues-200,0.466587864947217,0.3642305352048414,0.9956977656506314,0.23901479868051517,1887,908,884,24,1003,161,42,20.69,0,42,0.0,20.69,0,0.0,0,0.0,161,79.31,19.52,90.56,42.071,44.486,820.05,30.123,587.42,1.648,31.99,10.3,200.64,63.4,64.5,62.8,63.6,64.5,79.0,7.2,49.1,4292.0,4294,156
b251b746-00138418,Statues-500,0.4497133646074108,0.3457580572663833,0.9844507987317158,0.23665459094581562,1887,915,861,54,1026,124,79,38.92,0,79,0.0,38.92,0,0.0,0,0.0,124,61.08,15.5,70.871,40.954,44.486,631.88,29.121,449.75,1.689,25.85,10.144,156.28,63.1,64.4,62.7,63.5,64.4,83.9,7.1,46.6,4297.0,4299,123
b255cd6c-0bdf0ac7,Statues-25,0.6995885853387125,0.5667410466257252,0.9980511997605381,0.3556525460493147,692,493,485,8,207,151,35,18.82,0,35,0.0,18.82,0,0.0,0,0.0,151,81.18,18.23,92.444,42.247,44.486,764.64,30.243,547.65,1.645,29.66,10.359,187.33,63.4,64.5,62.8,63.5,64.5,83.8,7.3,49.1,4293.0,4295,149
b255cd6c-0bdf0ac7,Statues-75,0.6995759739863283,0.5477092660174409,0.9980336635530229,0.3556349587871825,692,493,485,8,207,146,40,21.51,0,40,0.0,21.51,0,0.0,0,0.0,146,78.49,17.64,89.32,42.115,44.486,741.08,30.171,531.23,1.634,28.61,10.31,181.24,63.3,64.5,62.8,63.5,64.6,77.7,7.3,49.1,4296.0,4298,143
b255cd6c-0bdf0ac7,Statues-200,0.6944656287654589,0.5386782047770814,0.9948227585544187,0.35389088862573137,692,493,483,10,209,143,43,23.12,0,43,0.0,23.12,0,0.0,0,0.0,143,76.88,17.26,87.559,42.244,44.985,726.75,30.249,520.47,1.646,28.27,10.349,178.01,63.4,64.7,62.8,63.5,64.7,85.4,6.9,49.2,4295.0,4296,140
b255cd6c-0bdf0ac7,Statues-500,0.6919392559389184,0.5371672588777145,0.9932468665173193,0.35300273188805126,692,493,482,11,210,139,47,25.27,0,47,0.0,25.27,0,0.0,0,0.0,139,74.73,16.82,85.247,42.177,44.587,707.09,30.196,506.44,1.644,27.49,10.337,173.17,63.4,64.4,62.7,63.5,64.4,85.7,6.9,49.0,4293.0,4295,138
b255cd6c-2f889586,Statues-25,0.6081916458789516,0.45563583484487724,0.9797596371979582,0.3241786447638604,2910,1948,1803,145,1107,203,0,0.0,0,0,0.0,0.0,0,0.0,0,0.0,203,100.0,24.71,114.397,42.185,43.988,1039.27,30.268,746.07,1.608,39.45,10.309,253.76,63.4,64.5,62.9,63.4,64.5,79.2,7.1,49.5,4291.0,4294,198
b255cd6c-2f889586,Statues-75,0.595873108559196,0.4456508506859286,0.9793787783177331,0.31822329763976986,2910,1913,1767,146,1143,188,15,7.39,0,15,0.0,7.39,0,0.0,0,0.0,188,92.61,23.04,106.277,41.984,43.988,967.78,30.101,694.23,1.618,37.11,10.265,236.44,63.3,64.5,62.7,63.6,64.5,81.8,7.1,49.0,4291.0,4293,184
b255cd6c-2f889586,Statues-200,0.5691869108434103,0.4212475876544219,0.9702227480654491,0.3054732996907772,2910,1857,1704,153,1206,174,29,14.29,0,29,0.0,14.29,0,0.0,0,0.0,174,85.71,21.32,98.199,41.99,44.088,889.43,30.079,637.31,1.643,34.68,10.269,217.43,63.2,64.5,62.7,63.4,64.5,81.2,7.0,48.9,4297.0,4299,174
b255cd6c-2f889586,Statues-500,0.5406016858802943,0.3905797070492708,0.9188939685587304,0.3035330810831672,2910,1959,1709,250,1201,149,54,26.6,0,54,0.0,26.6,0,0.0,0,0.0,149,73.4,18.67,85.076,41.11,43.988,762.96,29.313,543.97,1.658,30.8,10.139,188.2,63.0,64.2,62.5,63.2,64.4,77.9,7.2,47.4,4298.0,4301,151
b255cd6c-5ccba454,Statues-25,0.3660592887359416,0.2641483449847554,0.9858412957039779,0.18879019452163553,458,176,170,6,288,156,0,0.0,0,0,0.0,0.0,0,0.0,0,0.0,156,100.0,18.3,112.275,43.113,44.985,782.79,31.01,563.19,1.611,29.17,10.492,190.43,63.2,64.6,62.5,63.2,64.6,86.4,6.8,50.7,4295.0,4299,147
b255cd6c-5ccba454,Statues-75,0.3660592887359416,0.2641483449847554,0.9858412957039779,0.18879019452163553,458,176,170,6,288,156,0,0.0,0,0,0.0,0.0,0,0.0,0,0.0,156,100.0,18.31,112.296,43.046,44.985,786.88,30.967,566.45,1.608,29.24,10.471,191.19,63.4,64.6,62.7,63.4,64.6,82.3,6.8,50.5,4291.0,4293,147
b255cd6c-5ccba454,Statues-200,0.3660592887359416,0.2641483449847554,0.9858412957039779,0.18879019452163553,458,176,170,6,288,156,0,0.0,0,0,0.0,0.0,0,0.0,0,0.0,156,100.0,18.38,112.57,43.111,44.985,787.14,31.018,566.46,1.605,29.25,10.487,191.44,63.6,64.6,62.8,63.5,64.6,81.7,7.0,50.6,4293.0,4295,148
b255cd6c-5ccba454,Statues-500,0.35780009918921796,0.2548344928729363,0.9807907953237209,0.18452291321588118,458,174,167,7,291,140,16,10.26,0,16,0.0,10.26,0,0.0,0,0.0,140,89.74,16.75,101.889,42.154,44.486,700.99,30.217,502.71,1.609,26.66,10.328,171.62,63.2,64.5,62.7,63.5,64.5,72.2,7.3,49.2,4296.0,4298,138
