sequence,system,ap_50,ap_50_95,avg_precision,avg_recall,total_gt,total_preds,total_tp,total_fp,total_fn,infer_count,skip_count,skip_rate_pct,erd_empty_count,predict_count,erd_empty_rate_pct,predict_rate_pct,erd_infer_count,erd_infer_rate_pct,augmented_infer_count,augmented_infer_rate_pct,pure_infer_count,pure_infer_rate_pct,wall_duration_s,avg_frame_time_ms,avg_power_w,max_power_w,energy_j,avg_power_gpu_w,energy_gpu_j,avg_power_cpu_w,energy_cpu_j,avg_power_io_w,energy_io_j,avg_gpu_temp_c,max_gpu_temp_c,avg_cpu_temp_c,max_cpu_temp_c,max_tj_temp_c,avg_gpu_util_pct,avg_cpu_util_pct,avg_emc_util_pct,avg_ram_used_mb,max_ram_used_mb,n_tegrastats_samples
b1c66a42-6f7d68ca,Vanilla,0.7163709378971357,0.5618584237478154,0.9901771157898736,0.3777333772037639,2612,2006,1887,119,725,202,0,0.0,0,0,0.0,0.0,0,0.0,0,0.0,202,100.0,25.04,116.709,40.757,43.118,1017.13,28.978,723.5,1.683,41.87,10.096,251.76,50.8,53.1,50.1,51.9,53.1,81.3,7.6,49.0,3970.0,4026,200
b1c66a42-6f7d68ca,Adaptive,0.7363543874555085,0.5211270654786068,0.9681892784340611,0.42106950550807687,2612,2325,1966,359,646,187,15,7.43,0,15,0.0,7.43,1,0.5,140,69.31,46,22.77,23.28,108.799,41.835,44.226,970.29,28.886,670.38,2.925,67.53,10.024,232.39,52.8,54.8,52.8,54.4,54.8,59.8,19.0,48.2,4021.0,4027,194
b1c81faa-3df17267,Vanilla,0.36599296275596316,0.2962609453007401,0.9921586854030868,0.19012782095701844,472,181,174,7,298,182,0,0.0,0,0,0.0,0.0,0,0.0,0,0.0,182,100.0,21.48,111.748,42.595,44.514,911.18,30.683,656.66,1.562,33.28,10.35,221.24,55.0,56.7,53.7,55.0,56.7,86.4,7.2,50.7,3988.0,3991,173
b1c81faa-3df17267,Adaptive,0.24546423916962498,0.17634315582143206,0.9750128298373277,0.13801004394224733,472,135,118,17,354,37,145,79.67,126,19,69.23,10.44,4,2.2,8,4.4,25,13.74,12.45,64.052,30.019,44.711,370.3,12.821,159.84,9.703,117.91,7.495,92.55,51.9,56.3,56.2,57.8,57.8,32.6,70.4,20.8,4033.0,4051,106
b1c81faa-c80764c5,Vanilla,0.4872504338233742,0.37395188412922165,0.9973344812214472,0.24877042169189972,866,432,423,9,443,202,0,0.0,0,0,0.0,0.0,0,0.0,0,0.0,202,100.0,23.88,111.81,42.582,44.513,1016.56,30.756,734.55,1.464,34.83,10.362,247.18,56.2,58.0,55.0,56.2,58.0,84.6,7.3,50.8,4023.0,4025,191
b1c81faa-c80764c5,Adaptive,0.4931252128093918,0.3433859329959985,0.9811198292420757,0.2662404278594871,866,475,434,41,432,128,74,36.63,1,73,0.5,36.14,1,0.5,35,17.33,92,45.54,15.69,72.305,42.474,45.11,666.12,29.291,459.71,3.038,47.39,10.145,159.02,56.6,58.5,56.4,57.7,58.5,66.9,19.9,47.9,4027.0,4030,130
b1c9c847-3bda4659,Vanilla,0.8182033284252338,0.642037568855103,0.9868890047105372,0.43588495587310594,2937,2617,2430,187,507,203,0,0.0,0,0,0.0,0.0,0,0.0,0,0.0,203,100.0,24.56,113.65,42.082,44.002,1028.26,30.2,738.19,1.606,39.13,10.276,250.95,57.6,59.2,56.8,57.8,59.2,80.2,7.1,50.0,4029.0,4033,198
b1c9c847-3bda4659,Adaptive,0.820165786338106,0.5579608082359467,0.9579977714431154,0.4844686378236456,2937,3062,2473,589,464,199,4,1.97,0,4,0.0,1.97,1,0.49,174,85.71,24,11.82,25.07,117.871,42.108,44.611,1051.81,28.964,723.81,3.118,77.66,10.025,250.34,57.8,59.8,57.8,58.8,59.8,62.2,19.1,47.9,4039.0,4045,207
b1ca2e5d-84cf9134,Vanilla,0.6249276022633814,0.40444740450454386,0.9602743014469358,0.34615385287235206,3944,2903,2555,348,1389,203,0,0.0,0,0,0.0,0.0,0,0.0,0,0.0,203,100.0,24.53,114.118,42.283,44.016,1032.87,30.372,742.17,1.612,39.25,10.299,251.45,58.9,60.0,58.0,59.2,60.0,82.3,7.2,49.8,4047.0,4049,195
b1ca2e5d-84cf9134,Adaptive,0.6536883774964687,0.40337560184051047,0.925969779173038,0.4002879498370445,3944,3560,2725,835,1219,197,6,2.96,0,6,0.0,2.96,1,0.49,175,86.21,21,10.34,25.72,120.11,41.206,43.714,1055.73,28.317,725.85,3.002,76.62,9.887,253.26,58.6,60.3,58.7,59.6,60.3,71.8,19.3,46.5,4045.0,4052,211
b1cac6a7-04e33135,Vanilla,0.743271298342177,0.5789645441595676,0.992767019682756,0.39044225146198835,1368,1080,1023,57,345,106,0,0.0,0,0,0.0,0.0,0,0.0,0,0.0,106,100.0,12.8,113.6,41.744,44.015,532.52,29.862,381.21,1.631,20.66,10.251,130.65,59.1,60.3,58.1,59.0,60.3,86.9,6.9,47.4,4045.0,4047,106
b1cac6a7-04e33135,Adaptive,0.7711416170488895,0.5854324448424565,0.9827428754911861,0.41332372094895875,1368,1162,1071,91,297,85,21,19.81,0,21,0.0,19.81,1,0.94,50,47.17,34,32.08,10.88,95.136,41.082,44.212,441.82,28.19,303.42,2.966,31.69,9.926,106.71,58.6,60.0,58.6,59.6,60.0,73.1,19.6,44.4,4051.0,4054,90
b1cd1e94-549d0bfe,Vanilla,0.703842807087518,0.540511304809326,0.9856426049296241,0.37255093117791643,1763,1344,1257,87,506,203,0,0.0,0,0,0.0,0.0,0,0.0,0,0.0,203,100.0,24.25,112.734,42.613,44.513,1028.24,30.634,739.35,1.612,38.8,10.366,250.09,59.7,60.9,58.7,59.5,60.9,84.2,7.2,50.5,4046.0,4050,194
b1cd1e94-549d0bfe,Adaptive,0.70568706953122,0.4984632841598736,0.9657400751042091,0.4031183632550225,1763,1505,1276,229,487,172,31,15.27,0,31,0.0,15.27,1,0.49,99,48.77,72,35.47,21.05,97.923,43.118,45.211,903.62,29.705,622.57,3.192,66.78,10.222,214.28,59.8,61.3,59.6,60.6,61.3,66.8,19.1,48.9,4048.0,4054,175
b1ceb32e-3f481b43,Vanilla,0.36957113770163663,0.265419514650579,0.9726079350075624,0.19953379953379954,715,297,271,26,444,138,0,0.0,0,0,0.0,0.0,0,0.0,0,0.0,138,100.0,16.21,112.092,42.957,44.898,693.64,30.889,498.97,1.615,25.98,10.453,168.69,60.4,61.6,59.4,60.2,61.6,80.7,7.3,50.1,4049.0,4051,130
b1ceb32e-3f481b43,Adaptive,0.37705233966231205,0.22396352457339655,0.9275699453820886,0.22682771773680865,715,363,286,77,429,88,50,36.23,29,21,21.01,15.22,6,4.35,40,28.99,42,30.43,12.81,87.834,39.387,45.297,501.21,24.949,318.42,4.882,61.19,9.557,121.6,59.3,61.4,60.2,62.8,62.8,67.2,32.3,39.8,4051.0,4054,105
b1ceb32e-51852abe,Vanilla,0.6413590551104347,0.4905719056036447,0.9908088497309809,0.332226241096988,2164,1458,1400,58,764,203,0,0.0,0,0,0.0,0.0,0,0.0,0,0.0,203,100.0,24.31,112.675,42.695,44.413,1035.72,30.703,744.97,1.603,38.83,10.388,251.92,60.6,62.0,59.7,60.4,62.0,87.1,7.3,50.6,4050.0,4052,196
b1ceb32e-51852abe,Adaptive,0.6672534028860445,0.4827856777983248,0.9836629732329673,0.3614712941760697,2164,1608,1463,145,701,167,36,17.73,0,36,0.0,17.73,1,0.49,100,49.26,66,32.51,20.88,95.734,42.274,44.312,878.1,29.223,607.3,2.953,61.1,10.098,209.7,60.2,61.8,60.3,61.2,61.8,79.0,19.9,48.0,4052.0,4057,172
b1cebfb7-284f5117,Vanilla,0.5815770058044221,0.45797461012777496,0.9772004336193728,0.3110855351923558,1956,1258,1162,96,794,202,0,0.0,0,0,0.0,0.0,0,0.0,0,0.0,202,100.0,24.04,112.625,42.881,44.513,1025.47,30.838,737.52,1.612,38.48,10.431,249.48,61.0,62.2,60.1,60.9,62.2,88.5,7.1,50.7,4048.0,4050,195
b1cebfb7-284f5117,Adaptive,0.5770388465128874,0.38601569056739005,0.9436282468630169,0.3373893005794846,1956,1443,1182,261,774,174,28,13.86,0,28,0.0,13.86,1,0.5,94,46.53,79,39.11,21.42,99.974,42.982,45.096,915.18,29.681,632.21,3.09,65.6,10.21,217.38,60.8,62.1,60.6,61.6,62.1,65.1,18.9,48.6,4048.0,4054,177
b1d0091f-75824d0d,Vanilla,0.7622853723588087,0.6547522573677775,0.9949119610558386,0.3900457746977878,1641,1290,1257,33,384,202,0,0.0,0,0,0.0,0.0,0,0.0,0,0.0,202,100.0,23.93,112.469,43.139,44.601,1030.8,31.045,742.0,1.617,38.52,10.476,250.29,61.4,62.4,60.3,61.2,62.4,90.4,7.0,50.9,4055.0,4058,196
b1d0091f-75824d0d,Adaptive,0.782870169210119,0.6253603395994405,0.9943884146079035,0.4068797567166887,1641,1347,1291,56,350,149,53,26.24,0,53,0.0,26.24,1,0.5,55,27.23,93,46.04,18.17,84.581,43.262,45.197,780.94,29.783,537.98,3.211,57.72,10.267,185.23,61.0,62.2,60.8,61.6,62.2,73.3,19.2,48.6,4052.0,4059,152
b1d0091f-f2c2d2ae,Vanilla,0.6001122447640742,0.47125241078578795,0.98014276596273,0.31626159514205415,2451,1597,1499,98,952,202,0,0.0,0,0,0.0,0.0,0,0.0,0,0.0,202,100.0,24.25,112.838,42.638,44.115,1031.52,30.644,741.57,1.612,38.88,10.382,251.07,61.4,62.6,60.6,61.3,62.6,86.8,7.2,50.3,4052.0,4057,194
b1d0091f-f2c2d2ae,Adaptive,0.6430731028889938,0.4836280512865633,0.9710480019226281,0.35343997181687553,2451,1809,1617,192,834,177,25,12.38,0,25,0.0,12.38,1,0.5,124,61.39,52,25.74,21.74,101.401,43.154,45.197,932.64,29.762,643.23,3.154,68.07,10.238,221.34,61.1,62.6,61.1,62.5,62.6,73.7,19.1,48.9,4057.0,4061,181
b1d0a191-03dcecc2,Vanilla,0.7196426403778902,0.5368454162436075,0.9870941543466366,0.3772025155154329,3220,2481,2345,136,875,202,0,0.0,0,0,0.0,0.0,0,0.0,0,0.0,202,100.0,24.82,116.452,41.771,44.4,1042.8,29.876,747.12,1.632,40.15,10.263,255.53,61.3,62.8,60.6,61.4,62.8,83.9,7.0,49.0,4053.0,4056,204
b1d0a191-03dcecc2,Adaptive,0.7492755984032249,0.5166881677957422,0.9728759481779767,0.42087171077837887,3220,2837,2462,375,758,191,11,5.45,0,11,0.0,5.45,1,0.5,155,76.73,35,17.33,24.02,112.975,42.549,44.698,1015.25,29.274,698.47,3.157,75.26,10.118,241.52,61.0,62.6,61.1,62.0,62.6,66.7,19.0,48.1,4056.0,4061,199
b1d0a191-06deb55d,Vanilla,0.6396320486338454,0.4629955707990052,0.9456243037263893,0.36855840027426473,2441,1943,1639,304,802,202,0,0.0,0,0,0.0,0.0,0,0.0,0,0.0,202,100.0,24.37,113.187,42.462,44.5,1032.75,30.499,742.01,1.615,39.17,10.348,251.57,61.5,62.8,60.7,61.8,62.8,80.1,7.2,50.0,4059.0,4061,198
b1d0a191-06deb55d,Adaptive,0.6651589356811256,0.45264062986002296,0.9265539304629075,0.40469924843432326,2441,2207,1723,484,718,185,17,8.42,0,17,0.0,8.42,1,0.5,140,69.31,44,21.78,23.44,108.681,42.306,45.096,989.75,29.134,681.72,3.089,72.12,10.084,235.91,61.1,62.9,61.2,62.0,62.9,73.5,19.7,47.7,4087.0,4091,194
b1d0a191-28f0e779,Vanilla,0.7474391992359057,0.587253042870534,0.9838218870287314,0.40740425473492,1615,1353,1222,131,393,190,0,0.0,0,0,0.0,0.0,0,0.0,0,0.0,190,100.0,22.79,113.117,42.632,44.5,968.2,30.606,695.27,1.626,36.8,10.401,236.14,61.6,62.7,60.8,61.7,62.7,85.5,7.4,50.1,4061.0,4064,183
b1d0a191-28f0e779,Adaptive,0.738160406148834,0.5235261883956798,0.9545964157525404,0.4350606439710117,1615,1517,1230,287,385,153,37,19.47,2,35,1.05,18.42,1,0.53,90,47.37,62,32.63,18.96,93.969,42.681,44.798,805.37,29.319,553.67,3.195,59.92,10.168,191.78,61.3,62.8,61.3,62.2,62.8,66.7,19.6,47.9,4090.0,4095,157
b1d0a191-2ed2269e,Vanilla,0.714812626228351,0.5184879929655717,0.9794591633648143,0.38526796274650166,3126,2491,2275,216,851,203,0,0.0,0,0,0.0,0.0,0,0.0,0,0.0,203,100.0,24.55,113.922,42.507,44.102,1039.38,30.541,746.96,1.613,39.35,10.353,253.07,61.7,63.0,61.0,61.8,63.0,85.3,7.3,50.0,4061.0,4064,199
b1d0a191-2ed2269e,Adaptive,0.7489626331236618,0.5036412954706941,0.9623968608764909,0.4296816699886376,3126,2861,2408,453,718,189,14,6.9,0,14,0.0,6.9,1,0.49,152,74.88,36,17.73,23.84,111.285,42.367,44.711,1009.93,29.105,694.26,3.168,75.18,10.095,240.48,61.2,63.0,61.3,62.1,63.0,69.2,19.0,47.8,4087.0,4090,198
b1d0a191-5490450b,Vanilla,0.6929719705919043,0.5404762497183788,0.9665321885933492,0.38558046623482406,1778,1450,1267,183,511,204,0,0.0,0,0,0.0,0.0,0,0.0,0,0.0,204,100.0,24.51,113.132,42.695,44.513,1045.59,30.666,751.27,1.612,39.33,10.418,254.99,62.0,63.1,61.0,61.9,63.1,87.7,7.3,50.1,4063.0,4067,196
b1d0a191-5490450b,Adaptive,0.6915471051652069,0.4910682865131272,0.9387075028293353,0.4079192630590133,1778,1601,1292,309,486,164,40,19.61,0,40,0.0,19.61,1,0.49,96,47.06,67,32.84,20.17,92.831,43.009,44.712,860.77,29.63,593.08,3.183,63.56,10.196,204.12,61.4,62.6,61.7,62.7,62.7,65.6,19.1,48.7,4090.0,4097,167
b1d0a191-65deaeef,Vanilla,0.7194876902900316,0.5070033563215051,0.9601004641756523,0.3937049610548879,3276,2732,2448,284,828,202,0,0.0,0,0,0.0,0.0,0,0.0,0,0.0,202,100.0,24.33,113.759,42.626,44.115,1032.7,30.622,741.96,1.612,38.98,10.393,251.76,62.0,63.3,61.3,62.2,63.3,82.0,6.8,50.1,4062.0,4063,196
b1d0a191-65deaeef,Adaptive,0.7687636937611124,0.5273482912464711,0.9445968472830621,0.4480498067386399,3276,3188,2640,548,636,194,8,3.96,0,8,0.0,3.96,1,0.5,169,83.66,24,11.88,24.5,115.035,42.618,45.21,1035.42,29.284,711.64,3.211,77.9,10.123,245.89,61.5,62.9,61.6,62.4,62.9,76.5,19.2,48.1,4090.0,4095,202
b1d0a191-de8948f6,Vanilla,0.7040321344961546,0.5724291770598376,0.9866292009897695,0.3736944243450069,2478,1894,1765,129,713,202,0,0.0,0,0,0.0,0.0,0,0.0,0,0.0,202,100.0,24.2,113.24,43.02,44.912,1039.98,30.728,743.07,1.872,45.23,10.42,251.68,62.0,63.5,61.3,62.2,63.5,87.9,7.8,50.3,4063.0,4069,187
b1d0a191-de8948f6,Adaptive,0.7401608003195258,0.5726999751786767,0.9746792342691019,0.41114807957081134,2478,2125,1871,254,607,180,22,10.89,0,22,0.0,10.89,1,0.5,126,62.38,53,26.24,22.33,104.32,42.783,45.109,951.46,29.389,653.99,3.233,71.59,10.161,225.88,61.5,63.1,61.8,62.8,63.1,60.5,19.5,48.5,4081.0,4086,185
b1d10d08-5b108225,Vanilla,0.6002190352046501,0.4812211243522454,0.9977462538627867,0.3046953645123808,2123,1298,1277,21,846,202,0,0.0,0,0,0.0,0.0,0,0.0,0,0.0,202,100.0,23.74,112.247,43.65,45.411,1030.17,31.268,737.95,1.837,43.41,10.544,248.82,62.3,63.4,61.5,62.1,63.4,89.9,7.6,51.4,4047.0,4055,188
b1d10d08-5b108225,Adaptive,0.6285598423023491,0.4633628461125337,0.9890952007934825,0.33589963948093815,2123,1453,1346,107,777,171,31,15.35,0,31,0.0,15.35,1,0.5,99,49.01,71,35.15,20.68,97.457,43.638,45.696,900.81,30.076,621.05,3.213,66.16,10.349,213.6,62.0,63.5,61.8,62.6,63.5,71.6,19.2,49.5,4092.0,4096,173
b1d10d08-743fd86c,Vanilla,0.3440531720879883,0.28049125816671844,0.9946380788086575,0.18075920408597573,1016,370,351,19,665,202,0,0.0,0,0,0.0,0.0,0,0.0,0,0.0,202,100.0,23.71,111.981,43.191,45.012,1021.32,31.075,735.26,1.612,37.95,10.503,248.11,62.2,63.3,61.4,62.2,63.3,81.3,7.2,51.2,4066.0,4070,190
b1d10d08-743fd86c,Adaptive,0.3316836006057416,0.2427883777807666,0.9800095032109418,0.18341343695674406,1016,385,342,43,674,133,69,34.16,10,59,4.95,29.21,4,1.98,26,12.87,103,50.99,16.87,78.518,42.513,45.709,715.01,28.721,483.85,3.652,60.83,10.14,170.33,61.9,63.2,61.9,64.8,64.8,78.0,23.5,46.6,4096.0,4102,138
b1d10d08-c35503b8,Vanilla,0.731485523712645,0.5690229202726365,0.987889318228654,0.386261493942578,3127,2464,2312,152,815,202,0,0.0,0,0,0.0,0.0,0,0.0,0,0.0,202,100.0,24.16,113.574,42.947,44.5,1036.18,30.867,744.97,1.611,38.74,10.469,252.47,62.5,63.5,61.5,62.2,63.5,89.8,6.8,50.5,4069.0,4073,198
b1d10d08-c35503b8,Adaptive,0.7472363436787661,0.535985106712155,0.9644969624765145,0.4324313621890686,3127,2875,2393,482,734,198,4,1.98,0,4,0.0,1.98,1,0.5,172,85.15,25,12.38,24.9,117.512,42.461,45.096,1055.41,29.16,725.21,3.182,78.8,10.119,251.4,61.7,63.4,61.8,62.5,63.4,62.0,19.0,48.0,4101.0,4105,207
b1d10d08-da110fcb,Vanilla,0.8225897386089323,0.687762985671901,0.9934804403566808,0.43028192032686413,2250,1958,1861,97,389,194,0,0.0,0,0,0.0,0.0,0,0.0,0,0.0,194,100.0,23.07,112.956,42.88,44.513,985.63,30.826,708.87,1.623,37.12,10.431,239.64,62.1,63.3,61.4,62.1,63.3,79.7,6.9,50.5,4077.0,4078,189
b1d10d08-da110fcb,Adaptive,0.8215927034279176,0.6040842054143168,0.9686386628424813,0.46836274656679155,2250,2225,1890,335,360,184,10,5.15,0,10,0.0,5.15,1,0.52,138,71.13,45,23.2,22.87,112.013,42.892,45.21,978.82,29.545,674.61,3.153,71.67,10.194,232.54,61.9,63.4,61.8,62.6,63.4,74.7,19.5,48.3,4103.0,4107,185
b1d10d08-ec660956,Vanilla,0.7262971279198686,0.5898376785098197,0.9921665861808437,0.3751551652121872,2117,1607,1549,58,568,202,0,0.0,0,0,0.0,0.0,0,0.0,0,0.0,202,100.0,24.25,112.617,42.607,44.513,1029.41,30.597,739.48,1.616,38.89,10.395,251.04,62.2,63.2,61.5,62.3,63.2,82.7,7.1,50.1,4080.0,4082,197
b1d10d08-ec660956,Adaptive,0.7260120294296484,0.5325899995290725,0.9780609648966342,0.4035179985511961,2117,1773,1562,211,555,169,33,16.34,0,33,0.0,16.34,1,0.5,110,54.46,58,28.71,20.89,96.708,43.02,45.21,895.01,29.616,616.49,3.194,66.18,10.21,212.34,61.9,63.3,62.1,63.0,63.3,69.4,19.3,48.3,4113.0,4119,173
b1d22449-117aa773,Vanilla,0.41046540632747675,0.3223849406199916,0.9733997632864212,0.2203928767904182,1193,547,502,45,691,202,0,0.0,0,0,0.0,0.0,0,0.0,0,0.0,202,100.0,23.71,111.86,43.376,44.999,1025.9,31.234,738.99,1.612,37.99,10.53,248.91,62.4,63.5,61.6,62.5,63.5,84.6,7.3,51.2,4086.0,4089,191
b1d22449-117aa773,Adaptive,0.43204875589175473,0.30701603038896896,0.9504325629376407,0.24727182147432353,1193,636,538,98,655,153,49,24.26,0,49,0.0,24.26,3,1.49,64,31.68,86,42.57,18.66,86.829,43.364,45.696,806.41,29.923,556.85,3.156,58.33,10.285,191.23,62.1,63.5,62.1,64.4,64.4,66.9,20.2,48.9,4111.0,4115,153
b1d22449-15fb948f,Vanilla,0.17347727272727276,0.12981589851036449,0.9969008264462809,0.08845454545454547,500,88,87,1,413,183,0,0.0,0,0,0.0,0.0,0,0.0,0,0.0,183,100.0,21.29,111.569,43.473,45.099,922.71,31.302,664.66,1.607,33.97,10.564,224.07,62.5,63.7,61.7,62.5,63.7,89.2,7.3,51.5,4083.0,4084,173
b1d22449-15fb948f,Adaptive,0.11233968253968254,0.07579152055992379,0.9811968445704424,0.0619047619047619,500,63,57,6,443,37,146,79.78,132,14,72.13,7.65,6,3.28,8,4.37,23,12.57,12.81,65.795,30.078,45.696,384.73,12.544,162.85,9.974,125.27,7.56,96.61,58.7,62.6,62.9,64.5,64.5,32.7,71.7,20.1,4110.0,4114,109
b1d22ed6-f1cac061,Vanilla,0.7950353177804979,0.5522778093022473,0.9818455564865762,0.4293720075105201,4610,4077,3722,355,888,203,0,0.0,0,0,0.0,0.0,0,0.0,0,0.0,203,100.0,24.76,115.111,42.199,44.102,1044.36,30.273,749.55,1.605,39.57,10.321,255.23,62.0,63.3,61.2,62.1,63.3,86.7,7.2,49.5,4083.0,4087,202
b1d22ed6-f1cac061,Adaptive,0.8056519042140254,0.5187873771770302,0.9443555133917018,0.48890147958688124,4610,4958,3846,1112,764,203,0,0.0,0,0,0.0,0.0,1,0.49,195,96.06,7,3.45,27.91,130.895,40.269,44.3,1121.63,27.36,762.53,3.168,87.9,9.741,271.2,61.1,62.6,61.4,62.5,62.6,75.9,18.9,44.3,4111.0,4113,227
b1d3907b-2278601b,Vanilla,0.2924000460670133,0.22078278853987313,0.9815073665031736,0.15394556276782934,867,274,258,16,609,202,0,0.0,0,0,0.0,0.0,0,0.0,0,0.0,202,100.0,23.71,111.784,43.27,44.999,1021.82,31.154,735.94,1.615,38.01,10.5,247.87,61.7,62.9,61.0,61.9,62.9,77.2,7.2,51.3,4086.0,4089,195
b1d3907b-2278601b,Adaptive,0.3577465629297317,0.23532228879410227,0.9689142167438678,0.19529541725555177,867,355,319,36,548,158,44,21.78,0,44,0.0,21.78,9,4.46,58,28.71,91,45.05,19.21,90.265,43.529,46.195,831.41,30.005,573.6,3.194,60.62,10.33,197.19,61.8,63.1,61.8,64.4,64.4,70.2,19.9,49.3,4116.0,4122,158
b1d4b62c-60aab822,Vanilla,0.8148880438547531,0.681854030233299,0.9949318078288962,0.4231437270280992,2214,1890,1812,78,402,203,0,0.0,0,0,0.0,0.0,0,0.0,0,0.0,203,100.0,24.03,113.147,43.005,44.6,1029.16,30.926,740.29,1.609,38.39,10.47,250.48,62.2,63.4,61.4,62.2,63.4,83.2,6.8,51.0,4091.0,4093,196
b1d4b62c-60aab822,Adaptive,0.8366152204518318,0.6377523179497426,0.9775412894278533,0.4692445381243936,2214,2160,1881,279,333,177,26,12.81,0,26,0.0,12.81,1,0.49,137,67.49,39,19.21,21.64,101.723,43.422,45.696,932.11,29.904,642.09,3.207,68.69,10.312,221.33,62.0,63.5,62.0,62.8,63.5,69.9,19.1,49.1,4120.0,4124,180
b1d59b1f-a38aec79,Vanilla,0.7114752167300458,0.5581825674886243,0.9932662813589084,0.37940068291534207,298,228,213,15,85,168,0,0.0,0,0,0.0,0.0,0,0.0,0,0.0,168,100.0,19.82,111.922,42.967,44.601,848.24,30.879,609.79,1.62,31.86,10.468,206.6,62.2,63.4,61.4,62.3,63.4,87.3,7.2,50.4,4087.0,4089,159
b1d59b1f-a38aec79,Adaptive,0.602957176423761,0.40567862911940133,0.9552614501390663,0.348045264393415,298,223,186,37,112,102,66,39.29,16,50,9.52,29.76,3,1.79,9,5.36,90,53.57,13.67,75.292,40.685,45.197,552.38,27.012,367.09,3.835,51.84,9.838,133.44,61.3,63.0,61.9,64.1,64.1,56.5,25.2,43.2,4118.0,4124,113
b1d7b3ac-0bdb47dc,Vanilla,0.7618309130662897,0.6173844831966017,0.9935558123823501,0.3960452428780131,1480,1184,1134,50,346,202,0,0.0,0,0,0.0,0.0,0,0.0,0,0.0,202,100.0,23.94,113.036,42.896,44.601,1027.47,30.823,738.56,1.603,38.3,10.469,250.61,62.2,63.4,61.5,62.3,63.4,82.5,7.3,50.9,4092.0,4093,192
b1d7b3ac-0bdb47dc,Adaptive,0.7349441672994199,0.5111036818724324,0.9656880698793584,0.42069154381654383,1480,1320,1115,205,365,165,37,18.32,0,37,0.0,18.32,1,0.5,87,43.07,77,38.12,20.29,94.81,43.192,45.197,871.29,29.811,601.49,3.096,62.3,10.285,207.5,62.1,63.3,62.0,62.8,63.3,77.3,19.7,48.7,4116.0,4121,168
b1d7b3ac-36f2d3b7,Vanilla,0.8622456280566027,0.6967607263742875,0.994814789514877,0.44872632955168484,724,655,627,28,97,176,0,0.0,0,0,0.0,0.0,0,0.0,0,0.0,176,100.0,20.93,112.718,42.873,44.6,893.6,30.794,642.0,1.612,33.49,10.467,218.1,62.3,63.4,61.4,62.3,63.4,87.2,7.3,50.3,4088.0,4091,166
b1d7b3ac-36f2d3b7,Adaptive,0.7892171515610706,0.5405801898212166,0.9596637293074491,0.454773041185334,724,704,589,115,135,123,53,30.11,12,41,6.82,23.3,2,1.14,43,24.43,78,44.32,16.06,85.171,41.73,45.596,664.8,28.061,447.06,3.67,58.36,9.999,159.37,61.6,63.3,61.9,64.5,64.5,73.0,24.2,45.3,4113.0,4118,134
b1d7b3ac-5744370e,Vanilla,0.5940663973802404,0.4844056688677713,0.9796903678744416,0.3220931363017694,556,370,336,34,220,198,0,0.0,0,0,0.0,0.0,0,0.0,0,0.0,198,100.0,23.18,111.791,43.347,44.999,1001.95,31.218,721.91,1.605,36.98,10.523,243.06,62.3,63.5,61.5,62.2,63.5,83.5,7.0,51.4,4093.0,4098,188
b1d7b3ac-5744370e,Adaptive,0.5491765435697922,0.3997473535598022,0.9295700560952754,0.3263655742073008,556,405,324,81,232,147,51,25.76,10,41,5.05,20.71,5,2.53,32,16.16,110,55.56,18.36,87.646,43.369,46.094,796.43,29.746,547.35,3.35,60.49,10.274,188.58,62.1,63.5,62.1,64.9,64.9,80.8,22.2,48.6,4119.0,4123,151
b1d7b3ac-995f9d8a,Vanilla,0.8063713397489952,0.622036402175157,0.9857420585094514,0.4241047432633896,755,653,617,36,138,189,0,0.0,0,0,0.0,0.0,0,0.0,0,0.0,189,100.0,22.42,112.203,42.994,44.587,963.69,30.911,693.05,1.612,36.03,10.47,234.62,62.4,63.4,61.5,62.2,63.5,82.3,7.1,50.6,4090.0,4097,180
b1d7b3ac-995f9d8a,Adaptive,0.766379161022657,0.5072014533753046,0.9549685742365227,0.454286737068194,755,740,596,144,159,147,42,22.22,0,42,0.0,22.22,1,0.53,69,36.51,77,40.74,17.8,88.477,43.544,45.694,770.95,30.081,532.69,3.127,55.24,10.335,183.03,62.0,63.5,62.1,62.9,63.5,70.7,18.7,49.2,4124.0,4127,149
b1d7b3ac-9e14f05f,Vanilla,0.7941742554352987,0.6759788273514391,0.995371095008171,0.41263189957747426,1312,1091,1046,45,266,202,0,0.0,0,0,0.0,0.0,0,0.0,0,0.0,202,100.0,23.89,112.77,43.195,44.897,1029.37,31.082,740.94,1.609,38.2,10.504,250.23,62.5,63.5,61.6,62.4,63.5,90.8,7.2,50.9,4096.0,4098,190
b1d7b3ac-9e14f05f,Adaptive,0.8064400155541327,0.5838832793523957,0.9739586216830943,0.45386117641296897,1312,1245,1078,167,234,162,40,19.8,0,40,0.0,19.8,1,0.5,92,45.54,69,34.16,19.54,92.038,43.781,45.709,852.98,30.203,588.37,3.214,62.54,10.364,202.06,62.2,63.5,62.2,63.1,63.5,75.4,19.4,49.7,4124.0,4128,162
b1d7b3ac-afa57f22,Vanilla,0.7334889686066646,0.5999223882348454,0.9976736210146488,0.37586378737541526,400,301,294,7,106,170,0,0.0,0,0,0.0,0.0,0,0.0,0,0.0,170,100.0,19.93,111.974,43.084,44.999,858.86,30.964,617.63,1.61,31.94,10.51,209.3,62.4,63.6,61.6,62.5,63.6,81.9,7.0,50.8,4099.0,4102,163
b1d7b3ac-afa57f22,Adaptive,0.7313786118246078,0.49962543372133483,0.9887386793106323,0.3944314641744548,400,321,295,26,105,106,64,37.65,8,56,4.71,32.94,11,6.47,18,10.59,77,45.29,13.99,77.206,42.039,45.694,586.97,27.855,389.42,4.19,58.1,9.994,139.46,61.9,63.3,62.1,64.8,64.8,84.5,27.4,44.9,4127.0,4132,115
b1d968b9-563405f4,Vanilla,0.7799541182951035,0.621019309436157,0.9367772801864969,0.4192781590045039,2656,2437,2210,227,446,203,0,0.0,0,0,0.0,0.0,0,0.0,0,0.0,203,100.0,24.49,113.948,42.249,44.002,1033.88,30.306,741.94,1.607,39.21,10.336,252.73,62.0,63.5,61.6,62.6,63.5,69.8,7.2,49.9,4094.0,4097,198
b1d968b9-563405f4,Adaptive,0.8054805970240576,0.6161967980827023,0.9334314377822659,0.46081489706964973,2656,2684,2281,403,375,175,28,13.79,0,28,0.0,13.79,1,0.49,122,60.1,52,25.62,22.17,102.871,42.539,44.698,936.0,29.224,643.17,3.171,69.66,10.143,223.18,62.0,63.3,61.8,62.5,63.3,71.7,19.5,47.5,4125.0,4128,182
b1d968b9-ce42734f,Vanilla,0.834559474109239,0.6779179899253412,0.9792689624964146,0.46068154729961147,3559,3398,3017,381,542,203,0,0.0,0,0,0.0,0.0,0,0.0,0,0.0,203,100.0,24.8,115.044,42.197,44.001,1043.56,30.264,748.84,1.617,39.78,10.316,254.94,62.1,63.3,61.3,62.1,63.3,85.0,7.3,49.4,4103.0,4109,197
b1d968b9-ce42734f,Adaptive,0.840331455305654,0.6223465732711783,0.9497876741634208,0.49871773928309276,3559,3870,3095,775,464,196,7,3.45,0,7,0.0,3.45,1,0.49,167,82.27,28,13.79,25.44,119.139,41.749,44.684,1055.65,28.551,722.12,3.2,80.68,9.998,252.86,61.4,62.9,61.6,62.6,62.9,72.0,18.9,46.7,4134.0,4140,206
b1d971b4-ac67ca0d,Vanilla,0.7946220041260564,0.6448152709154044,0.9903120200198928,0.42341064562969705,2503,2156,2004,152,499,199,0,0.0,0,0,0.0,0.0,0,0.0,0,0.0,199,100.0,23.74,112.646,42.743,44.499,1014.54,30.697,729.04,1.618,38.19,10.428,247.3,62.0,63.2,61.2,62.2,63.2,86.1,6.9,50.3,4114.0,4118,189
b1d971b4-ac67ca0d,Adaptive,0.8036496010235992,0.5876679093638665,0.9684273348505645,0.4663227465776887,2503,2468,2050,418,453,190,9,4.52,0,9,0.0,4.52,1,0.5,158,79.4,31,15.58,23.67,112.616,42.818,45.195,1010.09,29.441,695.13,3.192,74.91,10.184,240.04,61.6,63.3,61.7,62.6,63.3,80.3,19.6,48.2,4138.0,4142,192
b1d9e136-6c94ea3f,Vanilla,0.7328035115249639,0.5887500403925403,0.99560400065062,0.3776971728864698,2342,1782,1723,59,619,202,0,0.0,0,0,0.0,0.0,0,0.0,0,0.0,202,100.0,24.29,113.155,42.469,44.386,1028.78,30.487,738.93,1.619,39.02,10.362,250.83,62.0,63.3,61.2,62.0,63.3,77.1,7.2,50.0,4113.0,4116,194
b1d9e136-6c94ea3f,Adaptive,0.7664200833898545,0.5764205311258984,0.9823659858049321,0.4238799818275646,2342,2047,1817,230,525,180,22,10.89,0,22,0.0,10.89,1,0.5,141,69.8,38,18.81,22.23,103.889,43.01,45.183,953.89,29.609,657.11,3.19,70.45,10.211,226.33,61.7,63.3,61.7,62.5,63.3,68.6,19.2,48.6,4141.0,4144,185
b1d9e136-9ab25cb3,Vanilla,0.733039481854149,0.5215890119418309,0.9653050516671619,0.4072272263766146,2942,2528,2223,305,719,202,0,0.0,0,0,0.0,0.0,0,0.0,0,0.0,202,100.0,24.34,113.767,42.453,44.088,1033.0,30.461,741.51,1.614,39.09,10.378,252.4,62.1,63.3,61.3,62.0,63.3,85.0,6.9,50.1,4110.0,4113,198
b1d9e136-9ab25cb3,Adaptive,0.7601759563801977,0.5200277779300961,0.9409696000321616,0.45764886810430844,2942,2963,2334,629,608,189,13,6.44,0,13,0.0,6.44,1,0.5,153,75.74,35,17.33,24.02,112.497,42.162,44.696,1010.13,28.877,692.26,3.202,76.44,10.082,241.43,61.6,63.0,61.6,62.4,63.0,62.8,19.1,47.4,4140.0,4144,198
b1dac7f7-6b2e0382,Vanilla,0.6904880787593823,0.5156192248597854,0.9712497898264766,0.37644370146506234,3637,2863,2577,286,1060,202,0,0.0,0,0,0.0,0.0,0,0.0,0,0.0,202,100.0,24.3,112.717,42.488,44.386,1029.16,30.498,739.11,1.617,38.97,10.373,251.08,61.9,63.4,61.3,62.1,63.2,80.4,7.2,49.9,4102.0,4114,197
b1dac7f7-6b2e0382,Adaptive,0.7202349156442021,0.49475402567904975,0.9552368456523693,0.4240331272352248,3637,3324,2702,622,935,198,4,1.98,0,4,0.0,1.98,1,0.5,177,87.62,20,9.9,25.12,117.743,42.367,44.799,1057.94,29.079,725.98,3.188,79.57,10.1,252.39,61.5,63.0,61.7,62.6,63.0,66.4,19.1,47.9,4127.0,4132,206
b1db7e22-cfa74dc3,Vanilla,0.373652549485486,0.28255237507041864,0.9839714317736549,0.19967329751706112,1420,582,538,44,882,203,0,0.0,0,0,0.0,0.0,0,0.0,0,0.0,203,100.0,23.55,109.952,43.595,45.483,1025.72,31.417,739.39,1.612,37.84,10.565,248.49,62.1,63.2,61.2,62.2,63.2,81.2,7.0,51.7,4104.0,4113,187
b1db7e22-cfa74dc3,Adaptive,0.4075118288820018,0.28339362231896814,0.9629943363321968,0.2287945379096057,1420,689,597,92,823,165,38,18.72,1,37,0.49,18.23,2,0.99,76,37.44,87,42.86,19.8,92.029,44.002,46.193,867.9,30.466,601.2,3.124,61.39,10.412,205.31,62.1,63.6,61.8,63.7,63.7,87.2,20.2,49.8,4133.0,4136,161
b1dce572-c6a8cb5e,Vanilla,0.714559963584527,0.5716927178776866,0.9881887541693078,0.37472307741522454,2542,1943,1836,107,706,202,0,0.0,0,0,0.0,0.0,0,0.0,0,0.0,202,100.0,24.12,112.343,42.781,44.499,1030.08,30.756,740.83,1.613,38.68,10.412,250.56,62.2,63.4,61.5,62.3,63.4,81.4,7.0,50.5,4106.0,4117,194
b1dce572-c6a8cb5e,Adaptive,0.735670591324739,0.5399457611913727,0.9728606737629247,0.41076631132444047,2542,2185,1910,275,632,182,20,9.9,0,20,0.0,9.9,1,0.5,131,64.85,50,24.75,22.55,105.069,43.169,45.594,971.82,29.774,670.43,3.16,70.99,10.234,230.4,62.0,63.3,61.8,62.3,63.3,82.6,19.5,48.4,4138.0,4144,186
b1dd58c1-8b546ba7,Vanilla,0.7668636629554414,0.6274942830304975,0.9951008421947496,0.3940842163961687,2456,1951,1892,59,564,197,0,0.0,0,0,0.0,0.0,0,0.0,0,0.0,197,100.0,23.58,112.94,42.904,44.5,1007.55,30.849,724.56,1.611,37.74,10.444,245.25,62.3,63.3,61.3,62.1,63.3,91.0,7.0,50.3,4111.0,4117,195
b1dd58c1-8b546ba7,Adaptive,0.7811135876611319,0.5811430005994516,0.9782164375915565,0.4374401655517028,2456,2232,1947,285,509,188,9,4.57,0,9,0.0,4.57,1,0.51,152,77.16,35,17.77,23.19,110.849,43.199,45.681,999.87,29.779,689.63,3.182,73.35,10.239,236.89,61.9,63.4,61.8,62.7,63.4,75.3,20.2,48.7,4146.0,4151,189
b1df722f-57d21f3f,Vanilla,0.6794518692202431,0.5000125831535013,0.9496630845301686,0.40032847974604924,1935,1685,1364,321,571,202,0,0.0,0,0,0.0,0.0,0,0.0,0,0.0,202,100.0,23.89,112.691,43.113,44.6,1026.23,31.011,738.32,1.611,38.24,10.491,249.67,62.2,63.4,61.4,62.1,63.4,81.7,7.0,50.9,4113.0,4118,193
b1df722f-57d21f3f,Adaptive,0.6648776546579961,0.43792560920857265,0.9054318455187094,0.4209838623177807,1935,1908,1376,532,559,182,20,9.9,0,20,0.0,9.9,1,0.5,113,55.94,68,33.66,22.48,105.772,43.197,45.594,966.32,29.778,666.45,3.162,70.45,10.257,229.42,62.0,63.3,61.8,62.6,63.3,80.0,20.0,48.8,4137.0,4142,180
b1df722f-5bcc3db7,Vanilla,0.6330093640384579,0.4368682205146279,0.9015962277160932,0.3902577058525611,1365,1244,939,305,426,202,0,0.0,0,0,0.0,0.0,0,0.0,0,0.0,202,100.0,24.08,112.538,42.78,44.499,1026.44,30.738,737.85,1.615,38.56,10.428,250.04,62.3,63.3,61.5,62.2,63.3,85.8,7.2,50.5,4118.0,4122,196
b1df722f-5bcc3db7,Adaptive,0.5780696265560727,0.321764510813141,0.7999294790087668,0.4097795779820439,1365,1541,935,606,430,186,16,7.92,0,16,0.0,7.92,1,0.5,137,67.82,48,23.76,22.75,106.933,43.398,45.694,983.1,29.941,678.3,3.167,71.59,10.289,233.21,62.0,63.5,61.9,62.8,63.5,71.7,19.2,49.3,4142.0,4148,188
b1e0c01d-dd9e6e2f,Vanilla,0.727523777015252,0.5146115319218767,0.983892291379787,0.3868093660020644,2054,1631,1516,115,538,202,0,0.0,0,0,0.0,0.0,0,0.0,0,0.0,202,100.0,24.41,113.019,42.38,44.101,1030.54,30.415,739.87,1.615,39.13,10.35,251.54,62.2,63.3,61.5,62.5,63.3,79.4,7.1,49.9,4118.0,4122,193
b1e0c01d-dd9e6e2f,Adaptive,0.7348076552976129,0.48378177714061293,0.9629191568108405,0.42457705461684153,2054,1858,1549,309,505,178,24,11.88,0,24,0.0,11.88,1,0.5,112,55.45,65,32.18,22.24,102.827,42.673,45.082,945.33,29.357,650.71,3.156,69.61,10.161,225.01,61.8,63.3,61.8,62.7,63.3,69.7,19.5,48.0,4142.0,4146,185
b1e1a7b8-0aec80e8,Vanilla,0.6278383959420277,0.45180321087647624,0.9765655839139359,0.3318875772972957,1982,1358,1273,85,709,203,0,0.0,0,0,0.0,0.0,0,0.0,0,0.0,203,100.0,24.48,112.608,42.45,44.088,1034.47,30.472,742.69,1.616,39.29,10.362,252.5,62.2,63.3,61.5,62.4,63.3,82.9,7.2,50.0,4116.0,4124,201
b1e1a7b8-0aec80e8,Adaptive,0.6517818999242728,0.43537896217745403,0.9601141646979149,0.3677330470357246,1982,1548,1337,211,645,169,34,16.75,0,34,0.0,16.75,1,0.49,111,54.68,57,28.08,20.88,96.221,42.869,44.797,890.93,29.469,612.81,3.206,66.35,10.193,211.77,61.7,63.0,61.9,62.6,63.0,68.1,19.1,48.4,4149.0,4155,174
b1e1a7b8-65ec7612,Vanilla,0.6695956259191514,0.4972610323911084,0.9784009086438731,0.359488100513921,1860,1383,1270,113,590,202,0,0.0,0,0,0.0,0.0,0,0.0,0,0.0,202,100.0,24.34,112.945,42.449,44.088,1027.44,30.46,737.36,1.611,38.91,10.379,251.17,62.0,63.1,61.4,62.6,63.1,79.9,7.2,50.1,4124.0,4132,196
b1e1a7b8-65ec7612,Adaptive,0.6756275197451125,0.46305178933944735,0.9464531750436708,0.39472452540902586,1860,1599,1312,287,548,179,23,11.39,0,23,0.0,11.39,1,0.5,126,62.38,52,25.74,21.91,102.091,43.288,45.195,943.86,29.824,650.38,3.183,69.28,10.281,224.2,61.9,63.2,62.0,62.8,63.2,58.8,19.1,49.0,4154.0,4161,182
b1e1a7b8-a7426a97,Vanilla,0.6408475304044534,0.5080076321862289,0.9942475973930199,0.33146093756911454,1838,1230,1184,46,654,203,0,0.0,0,0,0.0,0.0,0,0.0,0,0.0,203,100.0,24.13,112.185,42.99,44.499,1036.69,30.918,745.9,1.615,38.79,10.457,252.0,62.3,63.3,61.5,62.2,63.3,89.7,7.1,50.7,4129.0,4134,193
b1e1a7b8-a7426a97,Adaptive,0.6367247773604512,0.46682397212931803,0.9693429058160481,0.3602450340004552,1838,1396,1197,199,641,175,28,13.79,0,28,0.0,13.79,1,0.49,107,52.71,67,33.0,21.17,98.726,43.693,45.694,919.3,30.158,634.72,3.193,67.03,10.343,217.55,62.1,63.2,61.9,62.7,63.2,71.8,19.3,49.6,4154.0,4157,177
b1e1a7b8-b397c445,Vanilla,0.5587918747941475,0.43641955840032354,0.9824445507317504,0.29839017063897,1561,958,886,72,675,202,0,0.0,0,0,0.0,0.0,0,0.0,0,0.0,202,100.0,23.97,111.966,43.063,44.6,1026.24,31.004,738.98,1.609,38.25,10.451,249.01,62.3,63.5,61.5,62.2,63.5,83.0,7.0,51.0,4125.0,4130,193
b1e1a7b8-b397c445,Adaptive,0.5733344217964785,0.4035135283500317,0.9582797412684836,0.3311481372931757,1561,1106,924,182,637,171,31,15.35,0,31,0.0,15.35,1,0.5,100,49.5,70,34.65,20.69,96.813,43.732,45.694,900.09,30.136,620.58,3.209,65.83,10.387,213.68,62.3,63.3,62.0,62.7,63.3,73.1,19.2,49.4,4155.0,4159,173
b1e2346e-c5f98707,Vanilla,0.391584213250352,0.3204817750985501,0.9964129577169599,0.1991962096491713,369,147,145,2,224,140,0,0.0,0,0,0.0,0.0,0,0.0,0,0.0,140,100.0,16.6,112.154,42.66,44.587,706.99,30.613,507.57,1.613,26.62,10.433,172.8,62.3,63.4,61.5,62.3,63.4,87.3,7.3,49.6,4125.0,4130,132
b1e2346e-c5f98707,Adaptive,0.19868326870136485,0.13412155151245558,0.9087016109741158,0.12101313320825516,369,104,79,25,290,39,101,72.14,88,13,62.86,9.29,4,2.86,11,7.86,24,17.14,10.26,68.709,31.494,45.296,322.77,14.603,151.2,9.013,90.91,7.878,80.67,58.9,62.6,62.5,64.1,64.1,38.3,62.2,20.6,4153.0,4157,86
b1e3e9f5-92377424,Vanilla,0.8446615202851875,0.68116445708318,0.9891305402012976,0.44676844704343344,3358,3055,2863,192,495,203,0,0.0,0,0,0.0,0.0,0,0.0,0,0.0,203,100.0,24.83,114.168,42.134,43.988,1045.58,30.226,750.31,1.604,39.7,10.303,255.56,61.9,63.0,61.1,62.0,63.0,86.8,7.0,49.5,4128.0,4134,197
b1e3e9f5-92377424,Adaptive,0.8661926258943298,0.6559635806226454,0.9752573440864819,0.4772990944852404,3358,3340,2968,372,390,184,19,9.36,0,19,0.0,9.36,1,0.49,142,69.95,41,20.2,23.66,109.401,41.894,44.684,987.82,28.718,677.45,3.175,74.64,10.001,235.73,61.3,62.8,61.4,62.3,62.8,73.8,18.9,47.0,4158.0,4165,195
b1e62c91-eca210a9,Vanilla,0.5878760076716949,0.45863871619009416,0.9875306948187704,0.3094462896039096,1571,992,934,58,637,181,0,0.0,0,0,0.0,0.0,0,0.0,0,0.0,181,100.0,21.55,112.573,42.848,44.985,918.74,30.775,660.16,1.617,34.51,10.456,224.07,61.9,63.1,61.0,61.8,63.1,88.0,7.3,50.2,4137.0,4143,173
b1e62c91-eca210a9,Adaptive,0.6248190139049881,0.4466278874198123,0.9692585584922914,0.3546570594584386,1571,1173,1004,169,567,156,25,13.81,9,16,4.97,8.84,5,2.76,90,49.72,61,33.7,19.63,103.001,42.89,45.694,837.28,29.164,569.69,3.521,68.42,10.205,199.17,61.7,63.2,61.8,64.6,64.6,73.0,21.8,47.8,4165.0,4174,165
b1e6efc0-2552cc5d,Vanilla,0.5944064139925247,0.4555224900730169,0.9754175868775596,0.3231765011102378,884,593,537,56,347,203,0,0.0,0,0,0.0,0.0,0,0.0,0,0.0,203,100.0,24.2,112.164,42.724,44.486,1033.73,30.701,743.01,1.613,38.89,10.411,251.83,62.0,63.3,61.3,62.0,63.3,77.9,7.3,50.6,4136.0,4144,196
b1e6efc0-2552cc5d,Adaptive,0.6116853010828761,0.41046490902738064,0.9525397539537945,0.35935583024418555,884,686,560,126,324,149,54,26.6,0,54,0.0,26.6,1,0.49,63,31.03,85,41.87,17.98,83.029,43.888,45.694,783.88,30.283,541.19,3.204,57.0,10.402,185.69,62.1,63.2,61.9,62.7,63.2,86.2,19.2,49.1,4165.0,4169,150
b1e88fd2-c1e4fd2b,Vanilla,0.5395643442264567,0.38105474462708994,0.9947083132187707,0.27582477898842683,1241,690,673,17,568,193,0,0.0,0,0,0.0,0.0,0,0.0,0,0.0,193,100.0,22.9,112.063,42.95,44.985,983.43,30.878,707.23,1.61,36.74,10.463,239.46,62.3,63.5,61.4,62.0,63.5,85.3,7.2,50.8,4136.0,4139,184
b1e88fd2-c1e4fd2b,Adaptive,0.5740004863012871,0.3826076990484936,0.9937707028092776,0.3008910842415524,1241,754,716,38,525,102,91,47.15,59,32,30.57,16.58,9,4.66,37,19.17,56,29.02,16.44,80.158,38.414,45.581,629.26,23.09,379.39,6.121,99.26,9.203,150.6,60.4,63.0,62.1,63.7,63.7,55.1,40.5,36.4,4161.0,4166,139
b1e8ad72-c3c79240,Vanilla,0.6876835142173106,0.584752445529846,0.9987491929057956,0.34953140028183083,979,685,674,11,305,203,0,0.0,0,0,0.0,0.0,0,0.0,0,0.0,203,100.0,24.0,111.915,43.209,44.998,1035.21,31.094,744.93,1.604,38.42,10.51,251.85,62.2,63.4,61.3,62.0,63.4,82.2,6.9,51.3,4129.0,4134,197
b1e8ad72-c3c79240,Adaptive,0.7125537525082075,0.5351086644885734,0.9922107083146827,0.37634424797421456,979,746,702,44,277,152,51,25.12,0,51,0.0,25.12,1,0.49,58,28.57,93,45.81,18.32,84.91,43.642,45.695,795.7,30.139,549.67,3.142,57.07,10.361,188.97,62.0,63.2,61.9,62.9,63.2,78.4,19.0,49.3,4160.0,4166,152
b1e9ee0e-67e26f2e,Vanilla,0.5950700229967016,0.3859790704597874,0.9201070288716947,0.36024906304028836,4556,3739,2891,848,1665,203,0,0.0,0,0,0.0,0.0,0,0.0,0,0.0,203,100.0,24.85,114.827,41.991,44.001,1041.77,30.095,746.95,1.61,39.79,10.286,255.03,62.1,63.2,61.4,62.0,63.2,78.7,7.2,49.2,4134.0,4139,199
b1e9ee0e-67e26f2e,Adaptive,0.6078120892045992,0.3876274100356515,0.896175889027143,0.3729995303104912,4556,4017,3027,990,1529,183,20,9.85,0,20,0.0,9.85,1,0.49,141,69.46,41,20.2,23.81,110.708,41.651,43.687,987.12,28.484,675.39,3.207,75.75,9.96,235.98,61.3,63.0,61.5,62.2,63.0,76.5,19.0,46.3,4170.0,4173,195
b1ea0ae4-4f770228,Vanilla,0.8660103185793904,0.739315574991124,0.9967831732034126,0.4430406243925778,1598,1423,1388,35,210,200,0,0.0,0,0,0.0,0.0,0,0.0,0,0.0,200,100.0,23.93,112.767,42.588,44.499,1017.7,30.576,730.96,1.615,38.41,10.396,248.33,61.7,63.2,61.0,62.0,63.2,80.1,7.1,50.3,4142.0,4150,191
b1ea0ae4-4f770228,Adaptive,0.8525786321685396,0.6560702084703587,0.979249470076963,0.47839807645992816,1598,1585,1381,204,217,157,43,21.5,0,43,0.0,21.5,2,1.0,91,45.5,64,32.0,19.45,91.061,43.143,45.594,831.97,29.712,573.22,3.184,61.21,10.246,197.55,61.8,62.8,61.6,63.4,63.4,85.5,19.7,48.3,4177.0,4183,160
b1eb9133-5cc75c18,Vanilla,0.40539510737281675,0.270675746423599,0.9619892545528863,0.2220306627297888,567,267,238,29,329,121,0,0.0,0,0,0.0,0.0,0,0.0,0,0.0,121,100.0,14.41,112.208,42.576,44.898,609.38,30.556,437.34,1.624,23.2,10.396,148.84,61.9,63.2,61.2,62.0,63.2,90.6,7.2,49.1,4143.0,4148,115
b1eb9133-5cc75c18,Adaptive,0.259430293833613,0.14213537173418128,0.9128669755505187,0.15842194482971184,567,206,158,48,409,43,78,64.46,70,8,57.85,6.61,2,1.65,18,14.88,23,19.01,9.71,75.06,32.621,44.899,317.32,16.407,161.22,8.028,76.45,8.186,79.64,59.1,62.1,62.1,64.0,64.0,45.9,55.7,24.9,4167.0,4174,82
b1ebfc3c-740ec84a,Vanilla,0.5715975084213747,0.41788998836483604,0.9972226593346046,0.29189037188597045,2272,1332,1302,30,970,203,0,0.0,0,0,0.0,0.0,0,0.0,0,0.0,203,100.0,24.44,113.071,42.484,44.499,1037.58,30.509,745.34,1.603,39.06,10.372,253.18,61.7,63.2,60.9,61.9,63.2,78.2,7.2,50.2,4141.0,4144,197
b1ebfc3c-740ec84a,Adaptive,0.6089550964612176,0.415483128522595,0.9892870761866422,0.32630322497901315,2272,1510,1395,115,877,170,33,16.26,0,33,0.0,16.26,1,0.49,106,52.22,63,31.03,20.72,96.216,43.233,45.581,892.45,29.813,615.89,3.157,64.81,10.264,211.75,61.5,62.9,61.7,62.6,63.0,67.9,19.2,49.0,4167.0,4170,173
b1ebfc3c-cc9c2bb8,Vanilla,0.601851783149829,0.44759934953928304,0.9863818761091729,0.31542762095237403,1849,1192,1127,65,722,202,0,0.0,0,0,0.0,0.0,0,0.0,0,0.0,202,100.0,24.21,112.861,42.65,44.499,1027.81,30.634,738.49,1.613,38.74,10.403,250.58,61.9,63.1,61.3,62.1,63.1,82.0,7.1,50.3,4144.0,4148,196
b1ebfc3c-cc9c2bb8,Adaptive,0.6343251633239257,0.42852274947731595,0.964107120739046,0.3597417666926016,1849,1409,1207,202,642,163,39,19.31,0,39,0.0,19.31,1,0.5,102,50.5,60,29.7,19.98,93.237,43.13,46.079,857.17,29.689,590.45,3.181,62.92,10.26,203.8,61.7,63.3,61.8,62.6,63.3,63.7,19.0,48.6,4172.0,4176,165
b1ee702d-0ae1fc10,Vanilla,0.48497151948807005,0.34887133288505645,0.9711206189719633,0.2634046692607004,1400,771,697,74,703,203,0,0.0,0,0,0.0,0.0,0,0.0,0,0.0,203,100.0,24.22,112.284,42.724,44.486,1035.18,30.691,744.03,1.615,38.91,10.418,252.24,62.1,63.4,61.4,62.2,63.4,83.6,7.2,50.4,4145.0,4148,192
b1ee702d-0ae1fc10,Adaptive,0.5118902186698904,0.33572870969134033,0.9382207165333366,0.2987875019431059,1400,919,756,163,644,167,36,17.73,0,36,0.0,17.73,2,0.99,95,46.8,70,34.48,20.34,94.197,43.445,45.283,878.31,29.965,605.98,3.181,64.13,10.299,208.21,61.9,63.2,61.8,62.8,63.2,66.5,19.4,49.1,4176.0,4180,170
b1ee702d-4a193906,Vanilla,0.23582935183760823,0.17676441040021712,0.981771330385095,0.1250535946088998,1622,417,389,28,1233,203,0,0.0,0,0,0.0,0.0,0,0.0,0,0.0,203,100.0,23.8,111.464,43.335,44.985,1029.12,31.183,740.83,1.61,38.09,10.542,250.2,62.5,63.6,61.6,62.3,63.6,89.4,6.9,51.4,4151.0,4156,198
b1ee702d-4a193906,Adaptive,0.22904246219451804,0.15567975293041475,0.9548545979716321,0.13221806451958026,1622,461,385,76,1237,120,83,40.89,59,24,29.06,11.82,7,3.45,47,23.15,66,32.51,18.41,85.571,39.393,45.681,725.98,24.56,456.26,5.379,95.59,9.453,174.13,61.3,63.4,62.5,64.8,64.8,60.1,36.8,41.3,4172.0,4179,149
b1f022d3-45162c67,Vanilla,0.6458266863438213,0.5135204617320854,0.9943562410816575,0.33637143687736204,1373,932,891,41,482,202,0,0.0,0,0,0.0,0.0,0,0.0,0,0.0,202,100.0,24.31,112.542,42.43,44.101,1028.81,30.451,738.69,1.607,38.81,10.372,251.31,62.0,63.2,61.4,62.3,63.2,78.1,7.2,49.9,4145.0,4153,193
b1f022d3-45162c67,Adaptive,0.6837432896075134,0.5082499651232354,0.9829930497137549,0.3737281776247545,1373,1056,951,105,422,155,47,23.27,0,47,0.0,23.27,1,0.5,79,39.11,75,37.13,19.0,87.739,43.211,45.992,816.31,29.776,562.45,3.176,59.92,10.259,193.94,61.8,63.2,61.8,63.0,63.2,59.0,19.2,48.7,4175.0,4181,158
b1f0efd9-37a14dda,Vanilla,0.7466712651367504,0.5956850354862673,0.9892799465826995,0.4005128334156569,1667,1359,1255,104,412,203,0,0.0,0,0,0.0,0.0,0,0.0,0,0.0,203,100.0,24.36,112.673,42.688,44.499,1034.92,30.69,744.08,1.607,38.89,10.391,251.96,62.2,63.4,61.4,62.2,63.4,80.7,7.2,50.4,4148.0,4150,194
b1f0efd9-37a14dda,Adaptive,0.7396754430067969,0.5387693550361856,0.9668675343264125,0.424096330466527,1667,1496,1262,234,405,167,36,17.73,0,36,0.0,17.73,4,1.97,88,43.35,75,36.95,20.62,95.63,43.202,45.197,884.42,29.634,606.78,3.324,67.9,10.243,209.75,61.9,63.3,61.9,63.2,63.3,62.5,20.1,48.6,4177.0,4182,171
b1f0efd9-e900c6e5,Vanilla,0.7452374804182846,0.5975429947565762,0.9915216226236772,0.3908049436595873,2006,1590,1506,84,500,202,0,0.0,0,0,0.0,0.0,0,0.0,0,0.0,202,100.0,24.33,112.899,42.708,44.102,1035.45,30.688,744.29,1.611,38.95,10.409,252.22,62.3,63.3,61.4,62.1,63.3,86.3,7.2,50.2,4148.0,4151,195
b1f0efd9-e900c6e5,Adaptive,0.7419738039046446,0.5205373176736539,0.9641715396302193,0.42295452887457363,2006,1804,1529,275,477,184,18,8.91,0,18,0.0,8.91,1,0.5,121,59.9,62,30.69,22.68,105.94,43.121,45.197,973.92,29.685,670.78,3.191,71.85,10.244,231.3,62.0,63.4,61.8,62.7,63.4,66.4,19.1,48.7,4177.0,4181,191
b1f20aa0-3401c3bf,Vanilla,0.3780459465931379,0.28600858829753073,0.9960386061051125,0.1918553236101261,2050,791,778,13,1272,202,0,0.0,0,0,0.0,0.0,0,0.0,0,0.0,202,100.0,24.02,112.465,42.91,44.898,1025.44,30.832,736.96,1.613,38.45,10.465,250.03,62.3,63.5,61.6,62.3,63.5,84.4,7.2,50.7,4144.0,4148,194
b1f20aa0-3401c3bf,Adaptive,0.4087998735759208,0.28883440995844195,0.9892082931412185,0.21547084836810546,2050,899,846,53,1204,170,32,15.84,4,28,1.98,13.86,6,2.97,82,40.59,82,40.59,20.86,98.065,43.714,46.092,909.69,29.871,621.75,3.523,73.2,10.32,214.73,62.2,63.4,62.1,64.7,64.7,77.6,21.6,48.9,4178.0,4184,175
b1f20aa0-50213047,Vanilla,0.15597141118173624,0.09787654235614425,0.9427514000486974,0.0817270425301018,1046,185,173,12,873,203,0,0.0,0,0,0.0,0.0,0,0.0,0,0.0,203,100.0,24.11,111.533,43.033,44.499,1032.82,30.948,742.95,1.609,38.51,10.476,251.36,62.4,63.4,61.5,62.3,63.4,80.5,7.2,50.8,4155.0,4161,194
b1f20aa0-50213047,Adaptive,0.17935229549336693,0.10514722312316646,0.9280390906650519,0.0987677926492458,1046,225,202,23,844,154,49,24.14,0,49,0.0,24.14,28,13.79,43,21.18,83,40.89,20.13,92.482,42.618,45.195,852.9,28.398,568.93,4.16,82.71,10.06,201.26,61.9,63.3,62.3,64.6,64.6,75.0,27.2,46.1,4179.0,4186,164
b1f20aa0-6ef1db42,Vanilla,0.3813076811788789,0.2830813092933325,0.9816608428871896,0.20115344378496092,2129,880,826,54,1303,202,0,0.0,0,0,0.0,0.0,0,0.0,0,0.0,202,100.0,23.81,112.123,43.239,44.998,1024.92,31.11,737.74,1.605,37.9,10.525,249.28,62.5,63.6,61.5,62.2,63.6,90.6,6.9,51.1,4153.0,4157,193
b1f20aa0-6ef1db42,Adaptive,0.40724345222436265,0.2577109515316991,0.9558164358402237,0.23316375472184916,2129,1065,899,166,1230,179,23,11.39,0,23,0.0,11.39,3,1.49,107,52.97,69,34.16,21.56,101.716,44.079,46.195,945.02,30.5,654.04,3.151,67.39,10.429,223.59,62.4,63.5,62.1,63.7,63.7,81.9,19.1,50.0,4180.0,4183,178
b1f25ff6-1ddb7e43,Vanilla,0.7783792601782125,0.6422101989385587,0.9930229987080298,0.4091562436411968,1294,1071,1013,58,281,203,0,0.0,0,0,0.0,0.0,0,0.0,0,0.0,203,100.0,24.31,112.361,42.807,44.5,1033.93,30.76,742.9,1.607,38.81,10.439,252.22,62.4,63.7,61.7,62.4,63.5,84.5,7.2,50.5,4157.0,4162,193
b1f25ff6-1ddb7e43,Adaptive,0.7624166428243448,0.5526827907634934,0.9616793731487692,0.4468233954282925,1294,1235,1011,224,283,165,38,18.72,0,38,0.0,18.72,1,0.49,94,46.31,70,34.48,20.16,93.18,43.301,45.694,870.95,29.842,600.25,3.194,64.17,10.265,206.53,62.0,63.4,62.1,63.1,63.4,56.0,19.2,49.0,4185.0,4189,168
b1f4491b-07b32e8c,Vanilla,0.6784962189524639,0.5142454868534477,0.9909496117161387,0.3576520152015201,1818,1320,1243,77,575,203,0,0.0,0,0,0.0,0.0,0,0.0,0,0.0,203,100.0,24.34,112.66,42.746,44.499,1035.45,30.699,743.86,1.61,38.89,10.437,252.7,62.4,63.4,61.5,62.2,63.4,86.5,7.1,50.3,4154.0,4158,198
b1f4491b-07b32e8c,Adaptive,0.6828972975064742,0.45764192559894923,0.9602278138515732,0.3961331240197349,1818,1541,1277,264,541,173,30,14.78,0,30,0.0,14.78,1,0.49,114,56.16,58,28.57,21.22,98.379,43.268,45.694,913.09,29.837,629.81,3.18,66.93,10.251,216.35,61.9,63.4,62.0,62.8,63.4,80.6,19.3,49.0,4185.0,4189,178
b1f4491b-09593e90,Vanilla,0.6123456001409655,0.49939256546693284,0.9931510896777823,0.3128669317522122,1142,721,704,17,438,202,0,0.0,0,0,0.0,0.0,0,0.0,0,0.0,202,100.0,23.88,111.73,43.198,44.6,1030.43,31.099,742.0,1.613,38.38,10.486,250.05,62.5,63.5,61.6,62.3,63.5,87.6,6.8,51.1,4160.0,4164,193
b1f4491b-09593e90,Adaptive,0.6350288619629174,0.4679010622664152,0.9843325634553721,0.3404371032352056,1142,797,735,62,407,143,59,29.21,0,59,0.0,29.21,1,0.5,56,27.72,86,42.57,17.25,79.935,43.796,45.696,750.12,30.216,517.63,3.209,54.84,10.372,177.65,62.3,63.4,62.2,63.0,63.4,75.8,19.2,49.0,4187.0,4191,143
b1f4491b-16256d7c,Vanilla,0.6823741937272544,0.48482889775957183,0.9689189815283847,0.3719740388248855,2797,2178,1964,214,833,202,0,0.0,0,0,0.0,0.0,0,0.0,0,0.0,202,100.0,24.34,113.365,42.7,44.499,1032.62,30.668,741.76,1.607,38.78,10.425,252.08,62.4,63.5,61.6,62.5,63.5,87.2,6.9,50.2,4157.0,4162,196
b1f4491b-16256d7c,Adaptive,0.6968995582271151,0.4500108127003397,0.944773513468742,0.4145892286575635,2797,2536,2031,505,766,191,11,5.45,0,11,0.0,5.45,2,0.99,147,72.77,42,20.79,24.27,113.175,42.153,44.696,1022.6,28.91,701.84,3.182,76.84,10.061,243.92,61.7,63.2,62.0,64.0,64.0,61.8,19.6,47.4,4190.0,4195,200
b1f4491b-33824f31,Vanilla,0.7242941453029759,0.5171193494529439,0.9808137998864882,0.38767744161125056,2610,2088,1923,165,687,202,0,0.0,0,0,0.0,0.0,0,0.0,0,0.0,202,100.0,24.49,113.329,42.203,44.001,1031.8,30.261,740.01,1.613,39.33,10.33,252.46,62.0,63.3,61.5,62.3,63.3,73.2,6.9,49.7,4163.0,4167,199
b1f4491b-33824f31,Adaptive,0.7406631638662375,0.4778018374582917,0.9530242343973518,0.434900078813275,2610,2455,2000,455,610,184,18,8.91,0,18,0.0,8.91,1,0.5,139,68.81,44,21.78,23.66,109.138,41.777,44.684,984.87,28.723,677.55,3.045,71.46,10.009,235.86,61.5,63.2,61.8,62.7,63.2,74.8,19.6,46.8,4186.0,4191,195
b1f4491b-846d8cb2,Vanilla,0.6259414679211132,0.535122681630606,0.9898204363645584,0.3323608385209088,1567,1060,989,71,578,202,0,0.0,0,0,0.0,0.0,0,0.0,0,0.0,202,100.0,24.22,112.369,42.618,44.101,1030.03,30.617,740.21,1.613,38.83,10.388,250.98,62.0,63.3,61.3,62.3,63.3,82.1,7.2,50.3,4167.0,4172,193
b1f4491b-846d8cb2,Adaptive,0.6539571907967422,0.5136153964339336,0.9762300060489764,0.36945722356098687,1567,1206,1041,165,526,167,35,17.33,0,35,0.0,17.33,1,0.5,89,44.06,77,38.12,20.71,95.254,42.598,44.785,878.88,29.339,605.65,3.084,63.36,10.175,209.87,61.6,63.0,61.8,62.8,62.8,65.5,19.8,48.2,4193.0,4197,171
b1f4491b-97465266,Vanilla,0.5374382939599247,0.3648651133688058,0.9745100773257188,0.28886838057569764,1845,1110,1015,95,830,203,0,0.0,0,0,0.0,0.0,0,0.0,0,0.0,203,100.0,24.39,112.509,42.701,44.499,1033.63,30.685,742.92,1.607,38.8,10.409,251.92,62.2,63.3,61.4,62.2,63.3,84.1,7.2,50.3,4165.0,4167,193
b1f4491b-97465266,Adaptive,0.5606049253640825,0.363031787833737,0.9600344092556653,0.3206516969931604,1845,1260,1068,192,777,166,37,18.23,0,37,0.0,18.23,1,0.49,97,47.78,68,33.5,20.27,93.46,43.357,46.094,878.46,29.887,605.99,3.184,64.23,10.287,208.24,61.9,63.4,61.8,62.6,63.4,68.5,19.3,48.8,4193.0,4199,171
b1f4491b-9958bd99,Vanilla,0.6916999195655222,0.4683688794800779,0.9704828164758251,0.3764968449897446,2775,2183,1972,211,803,202,0,0.0,0,0,0.0,0.0,0,0.0,0,0.0,202,100.0,24.45,112.883,42.278,44.499,1031.68,30.319,740.31,1.617,39.27,10.342,252.1,62.2,63.3,61.4,62.2,63.3,77.1,7.2,49.7,4169.0,4173,196
b1f4491b-9958bd99,Adaptive,0.7146753914550843,0.4585699296674141,0.9517361914771273,0.42031724275781324,2775,2524,2055,469,720,194,8,3.96,0,8,0.0,3.96,1,0.5,162,80.2,31,15.35,24.23,113.153,42.715,45.195,1029.2,29.402,708.83,3.141,75.41,10.171,244.96,61.8,63.1,61.9,62.8,63.1,63.9,19.0,48.3,4195.0,4202,201
b1f4491b-bf7d513f,Vanilla,0.6455045685076584,0.5325184019790841,0.9845096963857668,0.3493202015056319,1359,975,888,87,471,203,0,0.0,0,0,0.0,0.0,0,0.0,0,0.0,203,100.0,24.09,111.437,42.892,44.999,1030.05,30.84,740.95,1.616,38.63,10.436,250.47,62.1,63.4,61.4,62.0,63.4,83.8,7.2,50.7,4163.0,4168,195
b1f4491b-bf7d513f,Adaptive,0.6466786675814841,0.4742935029406247,0.960047482674687,0.37938301820392234,1359,1104,902,202,457,169,34,16.75,0,34,0.0,16.75,1,0.49,85,41.87,83,40.89,20.4,94.78,43.954,46.094,892.27,30.339,616.16,3.208,64.88,10.408,211.23,62.4,63.3,62.0,63.1,63.3,84.0,19.5,49.5,4197.0,4202,171
b1f4491b-cf446195,Vanilla,0.6096152529643775,0.46976729121428196,0.9881308141410629,0.32066045112347485,2910,1903,1793,110,1117,202,0,0.0,0,0,0.0,0.0,0,0.0,0,0.0,202,100.0,24.19,112.465,42.682,44.5,1029.3,30.666,739.87,1.61,38.67,10.406,250.77,62.3,63.5,61.6,62.4,63.5,84.0,7.2,50.3,4169.0,4172,192
b1f4491b-cf446195,Adaptive,0.6186114267237106,0.4221109184701987,0.9462755143824618,0.3617941510746465,2910,2307,1876,431,1034,199,3,1.49,0,3,0.0,1.49,1,0.5,163,80.69,35,17.33,24.58,115.569,43.33,45.694,1060.05,29.856,730.68,3.217,78.49,10.257,250.88,62.1,63.5,62.0,63.1,63.5,72.0,19.2,48.9,4195.0,4200,207
b1f4491b-d8d1459c,Vanilla,0.6878885725148366,0.5310351773381088,0.9827679115415934,0.36373708750020595,1508,1127,1054,73,454,203,0,0.0,0,0,0.0,0.0,0,0.0,0,0.0,203,100.0,24.27,111.847,42.843,44.6,1035.52,30.794,744.37,1.615,38.92,10.434,252.23,62.3,63.4,61.5,62.2,63.4,88.0,7.2,50.6,4167.0,4171,197
b1f4491b-d8d1459c,Adaptive,0.6931800448856937,0.5018671681227288,0.9660531544732233,0.39366037177549745,1508,1255,1073,182,435,168,35,17.24,0,35,0.0,17.24,1,0.49,87,42.86,80,39.41,20.61,94.655,43.553,45.696,895.13,30.064,618.13,3.177,65.11,10.311,211.89,62.3,63.4,62.1,62.9,63.4,82.9,20.2,48.8,4199.0,4203,171
b1f4491b-dd8dfed5,Vanilla,0.5757787766131651,0.4649193523552276,0.9892593731658381,0.3001719151040991,2330,1423,1355,68,975,203,0,0.0,0,0,0.0,0.0,0,0.0,0,0.0,203,100.0,24.12,111.794,43.017,44.999,1031.81,30.934,742.14,1.611,38.56,10.472,251.11,62.4,63.7,61.6,62.2,63.7,86.0,7.2,50.8,4171.0,4175,196
b1f4491b-dd8dfed5,Adaptive,0.5912275245052272,0.43314987652503484,0.9750903041071126,0.32679040722564195,2330,1589,1405,184,925,188,15,7.39,0,15,0.0,7.39,1,0.49,114,56.16,73,35.96,23.02,106.907,43.499,46.092,998.78,29.99,689.08,3.199,73.11,10.311,236.59,62.2,63.7,62.0,62.9,63.7,84.2,20.0,49.1,4199.0,4203,188
b1f6c103-5ce1f3c6,Vanilla,0.4299137584824351,0.3360165121634854,0.9884103892675694,0.22637234448258078,762,351,331,20,431,179,0,0.0,0,0,0.0,0.0,0,0.0,0,0.0,179,100.0,20.96,110.986,43.155,44.999,901.48,31.037,648.68,1.614,33.56,10.504,219.25,62.4,63.5,61.6,62.4,63.5,80.4,7.0,51.0,4177.0,4181,168
b1f6c103-5ce1f3c6,Adaptive,0.4350839187424882,0.3044207478507403,0.9679979233294058,0.24496937882764658,762,393,340,53,422,88,91,50.84,67,24,37.43,13.41,7,3.91,39,21.79,42,23.46,14.92,78.663,37.645,45.795,561.44,22.05,330.21,6.506,95.8,9.09,135.43,60.6,63.1,62.5,64.4,64.4,62.1,43.5,34.4,4202.0,4209,126
b1f6c103-8b75ea3e,Vanilla,0.4275257101034783,0.3213325052031107,0.9936404661756827,0.21852810536416256,2420,1068,1041,27,1379,202,0,0.0,0,0,0.0,0.0,0,0.0,0,0.0,202,100.0,23.87,111.657,43.012,44.897,1024.27,30.915,736.58,1.605,38.08,10.492,249.61,62.2,63.3,61.4,62.2,63.3,83.7,7.1,50.9,4173.0,4177,190
b1f6c103-8b75ea3e,Adaptive,0.4568430030498305,0.3086203532932716,0.9757190970166197,0.25101801966732923,2420,1264,1128,136,1292,174,28,13.86,0,28,0.0,13.86,1,0.5,109,53.96,64,31.68,20.95,98.207,43.905,46.094,915.09,30.308,631.92,3.2,66.49,10.396,216.68,62.2,63.2,62.0,62.9,63.3,69.3,19.5,49.7,4203.0,4211,174
b1f6c103-b00e8aad,Vanilla,0.49526535665669535,0.3950773178596919,0.9967998309913566,0.25389415023580125,2271,1159,1128,31,1143,202,0,0.0,0,0,0.0,0.0,0,0.0,0,0.0,202,100.0,23.9,111.493,43.142,44.587,1028.62,31.055,740.64,1.611,38.29,10.476,249.69,62.4,63.7,61.6,62.3,63.7,88.8,7.1,51.1,4171.0,4174,192
b1f6c103-b00e8aad,Adaptive,0.5283357290966557,0.3881517417556598,0.9889870888571631,0.2803339481722377,2271,1297,1211,86,1060,167,35,17.33,0,35,0.0,17.33,2,0.99,95,47.03,70,34.65,20.2,94.497,43.815,46.079,877.31,30.222,605.04,3.219,64.51,10.373,207.76,62.1,63.6,62.2,63.2,63.6,73.0,19.4,49.6,4204.0,4207,167
b1f85377-44885085,Vanilla,0.6413021631968074,0.47275272570852084,0.9625979348946125,0.3690621600650447,1434,1127,945,182,489,203,0,0.0,0,0,0.0,0.0,0,0.0,0,0.0,203,100.0,24.05,111.651,43.127,44.6,1031.74,31.043,742.86,1.613,38.47,10.47,250.41,62.3,63.5,61.6,62.6,63.5,90.2,7.3,51.0,4178.0,4180,194
b1f85377-44885085,Adaptive,0.6201140573394056,0.4062177161244893,0.9112725566864346,0.39116193208314176,1434,1301,946,355,488,176,27,13.3,0,27,0.0,13.3,1,0.49,115,56.65,60,29.56,21.36,99.267,43.794,46.193,933.21,30.264,645.39,3.155,66.89,10.374,220.92,62.3,63.6,62.0,62.9,63.4,85.1,19.9,49.5,4207.0,4213,180
b1fbaab8-68db7df7,Vanilla,0.6816159392773191,0.572597964142692,0.9987121252767401,0.34886169647104914,1108,774,756,18,352,202,0,0.0,0,0,0.0,0.0,0,0.0,0,0.0,202,100.0,23.81,111.35,43.037,44.998,1023.56,30.951,736.42,1.609,38.12,10.477,249.02,62.3,63.6,61.7,62.3,63.6,80.9,7.1,50.9,4176.0,4179,192
b1fbaab8-68db7df7,Adaptive,0.7011320828445842,0.5295106497414107,0.99046949611937,0.37155938541792616,1108,836,783,53,325,141,61,30.2,0,61,0.0,30.2,1,0.5,52,25.74,88,43.56,16.91,78.684,43.889,46.18,737.9,30.309,509.78,3.223,54.0,10.358,174.12,62.1,63.4,62.0,62.8,63.4,66.7,19.5,49.4,4207.0,4211,142
b1fbf878-b31a8293,Vanilla,0.5241678296130907,0.4066970551497753,0.9908039629277642,0.2719361227341271,2215,1223,1171,52,1044,201,0,0.0,0,0,0.0,0.0,0,0.0,0,0.0,201,100.0,23.82,111.742,42.989,44.985,1022.85,30.896,735.46,1.605,38.05,10.488,249.33,62.4,63.6,61.6,62.2,63.6,85.1,6.9,50.9,4175.0,4177,191
b1fbf878-b31a8293,Adaptive,0.5719012096179401,0.39763570135938536,0.9847516401619708,0.31227132546974856,2215,1420,1281,139,934,175,26,12.94,0,26,0.0,12.94,2,1.0,104,51.74,69,34.33,21.47,100.352,43.13,45.296,921.31,29.847,637.78,3.031,64.55,10.252,218.99,61.9,63.5,62.1,63.1,63.5,77.9,19.9,49.0,4206.0,4211,177
b1fc95c9-644e3c3f,Vanilla,0.7967235508588698,0.6557151191531847,0.9628358963780387,0.45653096867380283,1516,1476,1241,235,275,202,0,0.0,0,0,0.0,0.0,0,0.0,0,0.0,202,100.0,24.24,111.839,42.636,44.6,1030.19,30.646,740.59,1.609,38.78,10.382,250.82,62.2,63.6,61.6,62.3,63.6,80.2,7.2,50.3,4180.0,4183,196
b1fc95c9-644e3c3f,Adaptive,0.7822284516488998,0.5854773076685849,0.9186959901805984,0.4800404330597675,1516,1666,1261,405,255,168,34,16.83,0,34,0.0,16.83,1,0.5,106,52.48,61,30.2,21.04,96.341,42.494,45.183,894.51,29.298,617.19,3.06,64.06,10.137,213.26,61.8,63.5,61.9,62.7,63.5,76.5,19.7,47.8,4207.0,4212,177
b1fc95c9-cb2882c7,Vanilla,0.8227009721796832,0.6426355715325724,0.9667817612715996,0.45429408305437435,3158,3024,2675,349,483,202,0,0.0,0,0,0.0,0.0,0,0.0,0,0.0,202,100.0,24.58,113.476,42.289,44.101,1037.06,30.341,744.44,1.617,39.46,10.331,253.16,62.3,63.4,61.5,62.2,63.4,87.8,7.2,49.5,4175.0,4181,197
b1fc95c9-cb2882c7,Adaptive,0.8262140739756838,0.603378881064271,0.9463748151412031,0.47960041206593285,3158,3297,2728,569,430,181,21,10.4,0,21,0.0,10.4,1,0.5,133,65.84,47,23.27,23.22,107.972,42.109,45.197,970.9,28.89,666.24,3.182,73.22,10.037,231.44,61.5,63.2,61.6,62.5,63.2,71.7,19.0,47.1,4208.0,4216,190
b1ff4656-0435391e,Vanilla,0.7171144752274743,0.5781136030099402,0.9860822596090559,0.38365608768319415,2561,2012,1858,154,703,202,0,0.0,0,0,0.0,0.0,0,0.0,0,0.0,202,100.0,24.16,112.366,42.854,44.486,1031.38,30.815,741.94,1.616,38.75,10.422,250.7,62.0,63.3,61.3,62.2,63.3,90.7,7.3,50.4,4185.0,4190,198
b1ff4656-0435391e,Adaptive,0.7436865759288156,0.5426000505729813,0.9570334324079232,0.43412576020160326,2561,2393,1963,430,598,190,12,5.94,0,12,0.0,5.94,1,0.5,154,76.24,35,17.33,23.45,109.951,43.237,45.195,1007.44,29.784,694.06,3.208,74.65,10.245,238.73,61.9,63.4,61.9,63.0,63.4,70.7,19.2,48.8,4217.0,4221,196
b1ff4656-94ee8536,Vanilla,0.6265420548847934,0.5327549465037236,0.9916577116605387,0.32028687898810276,1439,933,909,24,530,203,0,0.0,0,0,0.0,0.0,0,0.0,0,0.0,203,100.0,24.25,111.534,42.885,44.499,1032.73,30.83,742.54,1.607,38.6,10.448,251.59,62.3,63.4,61.4,62.2,63.4,85.4,7.4,50.5,4187.0,4189,194
b1ff4656-94ee8536,Adaptive,0.6692496933498013,0.5366300739547438,0.9864647952544107,0.3584511434648508,1439,1054,974,80,465,155,48,23.65,0,48,0.0,23.65,1,0.49,85,41.87,69,33.99,18.79,86.349,43.604,45.694,814.03,30.066,561.52,3.209,59.73,10.328,192.78,62.0,63.2,61.9,63.2,63.2,71.9,19.3,48.9,4217.0,4223,157
b1ff4656-ebcfeb35,Vanilla,0.4366558216870528,0.2972586906342493,0.9819908954547788,0.23032107903372703,1326,626,589,37,737,203,0,0.0,0,0,0.0,0.0,0,0.0,0,0.0,203,100.0,24.15,111.228,42.76,44.587,1031.93,30.719,741.66,1.609,38.68,10.432,251.59,62.2,63.3,61.5,62.5,63.4,76.3,7.3,50.6,4187.0,4189,196
b1ff4656-ebcfeb35,Adaptive,0.4475881768150038,0.284177571751252,0.9554468650411029,0.2569740667806634,1326,733,615,118,711,172,31,15.27,0,31,0.0,15.27,1,0.49,79,38.92,92,45.32,20.63,95.477,44.077,46.18,909.94,30.496,629.93,3.186,65.52,10.395,214.5,62.2,63.5,61.9,63.0,63.5,73.2,19.2,49.9,4214.0,4219,173
b200b84e-4a792877,Vanilla,0.4579259471564067,0.32172115719506067,0.9962921395756048,0.23466633112168378,1765,833,811,22,954,200,0,0.0,0,0,0.0,0.0,0,0.0,0,0.0,200,100.0,23.43,111.108,43.377,44.998,1011.34,31.215,728.14,1.613,37.45,10.549,245.76,62.5,63.6,61.6,62.3,63.6,84.9,6.7,51.3,4190.0,4193,192
b200b84e-4a792877,Adaptive,0.465962893868403,0.286165221312145,0.968536113003256,0.26547031510926133,1765,989,841,148,924,160,40,20.0,4,36,2.0,18.0,2,1.0,96,48.0,62,31.0,19.49,92.361,43.627,46.092,850.58,29.926,583.83,3.347,64.99,10.354,201.77,62.4,63.4,62.1,64.6,64.6,91.5,20.5,48.9,4219.0,4223,163
b200e97a-bf074435,Vanilla,0.7227020980855976,0.5350022921822963,0.9632587088021097,0.41054940632999704,2442,2133,1816,317,626,202,0,0.0,0,0,0.0,0.0,0,0.0,0,0.0,202,100.0,24.37,112.669,42.527,44.499,1034.32,30.532,742.74,1.615,39.17,10.381,252.42,62.3,63.4,61.5,62.3,63.4,82.7,7.2,50.0,4189.0,4193,198
b200e97a-bf074435,Adaptive,0.7232315676866128,0.48476143812514494,0.9269258365175295,0.44238384644288703,2442,2439,1863,576,579,189,13,6.44,0,13,0.0,6.44,1,0.5,145,71.78,43,21.29,23.51,109.65,42.853,45.283,1002.54,29.475,689.56,3.202,74.87,10.176,238.11,61.8,63.2,62.1,63.2,63.2,55.6,19.2,48.4,4220.0,4226,194
b20234fd-822029be,Vanilla,0.49573657465419585,0.357588498428303,0.9880157923351028,0.25910752843840573,1921,1014,963,51,958,202,0,0.0,0,0,0.0,0.0,0,0.0,0,0.0,202,100.0,23.53,110.259,43.448,45.396,1022.1,31.287,736.44,1.609,37.69,10.552,247.98,62.3,63.5,61.4,62.2,63.5,85.5,7.4,51.6,4196.0,4198,190
b20234fd-822029be,Adaptive,0.5268356327668187,0.3548885472776601,0.9746237278274198,0.29204297490604925,1921,1168,1033,135,888,176,26,12.87,0,26,0.0,12.87,1,0.5,103,50.99,72,35.64,21.12,98.873,44.032,46.593,928.32,30.427,641.96,3.204,67.26,10.401,219.1,62.3,63.6,62.0,62.7,63.6,80.9,20.1,49.8,4223.0,4227,175
b202cae2-672e61c5,Vanilla,0.7858256793245763,0.6647207354525807,0.9963967737717839,0.4078107678793026,2487,2041,1960,81,527,203,0,0.0,0,0,0.0,0.0,0,0.0,0,0.0,203,100.0,23.87,110.853,43.344,44.998,1031.42,31.203,742.73,1.609,38.17,10.532,250.52,62.5,63.5,61.6,62.2,63.5,87.3,6.9,51.3,4197.0,4199,192
b202cae2-672e61c5,Adaptive,0.7971606855270137,0.6118755323625861,0.9762610478417287,0.4505558932109931,2487,2338,2013,325,474,195,8,3.94,0,8,0.0,3.94,1,0.49,161,79.31,33,16.26,24.99,116.393,41.795,45.183,1059.66,28.639,729.0,3.107,77.53,10.05,253.13,61.7,63.3,61.9,63.0,63.3,67.8,19.6,47.0,4226.0,4233,211
b202cae2-f46c74a6,Vanilla,0.707627204013541,0.593081860500706,0.996962223438228,0.3614133140682123,2328,1691,1652,39,676,202,0,0.0,0,0,0.0,0.0,0,0.0,0,0.0,202,100.0,23.68,110.456,43.35,44.998,1024.58,31.223,738.15,1.613,38.0,10.514,248.42,62.3,63.4,61.5,62.4,63.4,83.2,7.0,51.3,4204.0,4208,192
b202cae2-f46c74a6,Adaptive,0.7196390621267903,0.5608395014395314,0.9862461980695317,0.39389874339096065,2328,1879,1691,188,637,178,24,11.88,0,24,0.0,11.88,1,0.5,112,55.45,65,32.18,21.95,101.674,43.099,45.594,941.55,29.737,650.05,3.123,67.94,10.24,223.56,61.9,63.4,61.9,62.6,63.4,77.8,20.0,48.7,4229.0,4235,182
b2036451-aa924fd1,Vanilla,0.7975773397724413,0.6275187732613123,0.9892727546081916,0.42320418884282995,1941,1673,1562,111,379,202,0,0.0,0,0,0.0,0.0,0,0.0,0,0.0,202,100.0,23.5,110.355,43.574,45.496,1018.72,31.393,734.09,1.611,37.57,10.57,247.06,62.3,63.4,61.5,62.3,63.4,82.1,6.9,51.8,4196.0,4199,190
b2036451-aa924fd1,Adaptive,0.79633241087737,0.5693038248359958,0.9649519815673597,0.4570542638204078,1941,1883,1585,298,356,172,30,14.85,0,30,0.0,14.85,1,0.5,115,56.93,56,27.72,21.13,98.44,43.092,45.68,908.53,29.735,627.13,3.107,65.3,10.25,216.1,61.9,63.3,61.9,62.9,63.3,70.5,19.5,48.8,4225.0,4229,177
b204a5c1-05981158,Vanilla,0.7112889765631252,0.5627564854523168,0.9898055691196326,0.37103731331637513,922,695,662,33,260,102,0,0.0,0,0,0.0,0.0,0,0.0,0,0.0,102,100.0,12.07,111.116,42.535,44.998,509.19,30.496,365.24,1.628,19.39,10.411,124.56,62.0,63.3,61.2,61.9,63.3,89.7,6.8,48.3,4199.0,4200,99
b204a5c1-05981158,Adaptive,0.7207958307798037,0.5335876307565305,0.9830974592901813,0.389919110687853,922,738,674,64,248,77,25,24.51,0,25,0.0,24.51,1,0.98,32,31.37,44,43.14,9.57,87.249,42.09,45.681,398.43,28.81,272.9,3.161,29.76,10.119,95.78,61.4,63.2,61.5,62.2,63.1,67.2,19.0,44.9,4225.0,4229,80
b204a5c1-064b0040,Vanilla,0.6722221019586487,0.46732400430769544,0.9817626207301767,0.3571769560436865,2247,1651,1536,115,711,202,0,0.0,0,0,0.0,0.0,0,0.0,0,0.0,202,100.0,23.85,110.506,43.195,44.985,1025.3,31.087,738.18,1.607,38.0,10.502,249.12,62.2,63.3,61.3,62.2,63.3,81.9,7.0,51.0,4198.0,4200,194
b204a5c1-064b0040,Adaptive,0.6845649347336029,0.43715075855786784,0.9656617176809552,0.38727129027888146,2247,1843,1580,263,667,176,26,12.87,0,26,0.0,12.87,1,0.5,117,57.92,58,28.71,21.5,99.882,43.381,45.694,929.06,29.886,640.44,3.204,68.33,10.291,220.29,61.9,63.1,61.8,62.7,63.2,66.1,19.1,48.9,4230.0,4235,180
b204a5c1-fa3d5b88,Vanilla,0.7038984703129023,0.5380547120453172,0.9930217697188939,0.3653834094986141,2527,1868,1790,78,737,202,0,0.0,0,0,0.0,0.0,0,0.0,0,0.0,202,100.0,23.97,110.838,43.228,44.6,1031.32,31.124,742.75,1.617,38.45,10.487,250.12,62.4,63.4,61.4,62.1,63.4,88.0,7.4,50.8,4204.0,4207,196
b204a5c1-fa3d5b88,Adaptive,0.7273912836135636,0.5093777030389711,0.9810491901014589,0.40273877124675944,2527,2103,1863,240,664,177,25,12.38,0,25,0.0,12.38,1,0.5,128,63.37,48,23.76,21.65,100.742,43.281,45.694,932.21,29.827,642.81,3.202,68.68,10.253,220.72,61.8,62.9,61.8,62.6,62.9,64.1,19.2,48.8,4231.0,4236,180
b205eb4d-f84aaa1a,Vanilla,0.7670325762757179,0.6539717839152914,0.9969713914276246,0.39413399749995287,2005,1588,1542,46,463,202,0,0.0,0,0,0.0,0.0,0,0.0,0,0.0,202,100.0,23.72,110.253,43.356,44.998,1023.72,31.221,737.37,1.615,38.01,10.521,248.35,62.3,63.5,61.4,62.1,63.5,86.0,7.2,51.3,4207.0,4211,193
b205eb4d-f84aaa1a,Adaptive,0.7755274955604227,0.5744683818283798,0.9800672801752206,0.4279806954195827,2005,1777,1578,199,427,182,20,9.9,0,20,0.0,9.9,1,0.5,119,58.91,62,30.69,22.05,103.128,43.627,45.694,959.5,30.09,662.21,3.218,70.46,10.319,226.84,62.1,63.4,61.9,62.8,63.4,74.6,19.4,49.5,4244.0,4249,185
b2064e61-2beadd45,Vanilla,0.6462122897006809,0.5097116865826081,0.993762757523678,0.3378124835361677,2109,1440,1370,70,739,203,0,0.0,0,0,0.0,0.0,0,0.0,0,0.0,203,100.0,23.47,110.379,43.695,45.483,1023.59,31.497,737.93,1.615,37.72,10.583,247.94,62.4,63.5,61.5,62.2,63.5,81.9,7.0,52.2,4213.0,4216,195
b2064e61-2beadd45,Adaptive,0.6901757674630704,0.503856403737432,0.9845179896952728,0.37532975890870623,2109,1625,1473,152,636,171,32,15.76,0,32,0.0,15.76,1,0.49,117,57.64,53,26.11,20.43,96.071,44.116,46.578,898.54,30.487,621.23,3.22,65.34,10.409,211.97,62.2,63.6,61.8,62.7,63.6,76.5,19.7,50.0,4237.0,4241,171
b206a78b-99f405ab,Vanilla,0.5990145583220263,0.482114227827169,0.9919096794047274,0.3067353132276798,2188,1359,1321,38,867,202,0,0.0,0,0,0.0,0.0,0,0.0,0,0.0,202,100.0,23.55,110.628,43.471,44.985,1022.78,31.298,736.71,1.609,37.72,10.565,248.35,62.4,63.6,61.6,62.4,63.6,84.5,7.2,51.6,4205.0,4208,188
b206a78b-99f405ab,Adaptive,0.6527462510526092,0.49086044227337966,0.9825108011529746,0.35574465610070694,2188,1603,1448,155,740,188,14,6.93,0,14,0.0,6.93,1,0.5,135,66.83,52,25.74,22.32,105.586,44.513,46.578,989.86,30.812,685.42,3.218,71.34,10.483,233.1,62.4,63.6,62.1,62.8,63.6,82.5,19.5,50.7,4237.0,4241,186
b2080dc7-f9b98a5f,Vanilla,0.18439714524527429,0.1285823353530791,0.9923141414993293,0.0944802056070359,1055,201,196,5,859,202,0,0.0,0,0,0.0,0.0,0,0.0,0,0.0,202,100.0,22.99,109.051,44.241,45.997,1012.17,31.933,730.86,1.614,36.78,10.694,244.53,62.6,63.7,61.7,62.4,63.7,87.1,7.0,52.8,4212.0,4216,188
b2080dc7-f9b98a5f,Adaptive,0.025811053281377404,0.01555463975066843,0.9249773988099582,0.015376513954713004,1055,36,29,7,1026,19,183,90.59,176,7,87.13,3.47,3,1.49,3,1.49,13,6.44,13.25,61.377,26.706,41.71,352.72,7.978,107.85,11.976,155.73,6.752,89.15,57.7,61.4,63.2,64.2,64.0,14.1,85.6,12.0,4242.0,4246,113
b20841f9-cef732d5,Vanilla,0.7276825571242799,0.5765339584459612,0.9718886736761162,0.3860527199612261,2083,1671,1558,113,525,203,0,0.0,0,0,0.0,0.0,0,0.0,0,0.0,203,100.0,23.86,110.852,43.225,44.999,1026.68,31.115,739.18,1.606,38.05,10.505,249.44,61.8,63.2,61.0,62.0,63.2,89.5,7.2,51.3,4216.0,4219,190
b20841f9-cef732d5,Adaptive,0.7346313247129428,0.5412378844219128,0.9588367673829914,0.4185101417200251,2083,1849,1585,264,498,177,26,12.81,0,26,0.0,12.81,1,0.49,121,59.61,55,27.09,21.43,99.912,43.672,45.696,931.24,30.113,642.49,3.223,68.43,10.336,220.32,61.8,62.8,61.7,62.5,62.8,75.6,19.4,49.4,4236.0,4240,178
b20b69d2-64b9cdb8,Vanilla,0.6718180489641115,0.5540927624232133,0.9874603095268123,0.3612761690863881,1300,959,882,77,418,203,0,0.0,0,0,0.0,0.0,0,0.0,0,0.0,203,100.0,23.83,110.062,43.214,44.999,1028.7,31.1,740.7,1.615,38.27,10.499,249.73,62.1,63.3,61.2,62.1,63.3,82.6,7.2,51.2,4211.0,4213,192
b20b69d2-64b9cdb8,Adaptive,0.6604878803486738,0.49169183867062116,0.954986959445142,0.38761170814479634,1300,1088,886,202,414,172,31,15.27,0,31,0.0,15.27,1,0.49,85,41.87,86,42.36,20.66,95.729,44.161,46.092,909.98,30.567,630.17,3.16,64.9,10.434,214.91,62.3,63.4,61.8,62.6,63.4,92.8,19.0,49.8,4242.0,4246,173
b20b69d2-650e674d,Vanilla,0.749645421407889,0.5681343357865969,0.99077516055581,0.39078358523521334,3258,2585,2463,122,795,202,0,0.0,0,0,0.0,0.0,0,0.0,0,0.0,202,100.0,24.13,111.62,42.841,44.5,1030.63,30.798,741.09,1.607,38.57,10.436,250.98,62.2,63.4,61.4,62.3,63.4,82.3,7.3,50.6,4212.0,4215,194
b20b69d2-650e674d,Adaptive,0.7790675888426126,0.5492635730177542,0.976185800083857,0.4357951342793915,3258,2959,2582,377,676,195,7,3.47,0,7,0.0,3.47,1,0.5,173,85.64,21,10.4,24.26,113.495,42.851,44.698,1036.0,29.502,713.73,3.183,76.61,10.166,245.67,61.7,63.2,61.9,62.7,63.2,68.2,19.2,48.5,4241.0,4246,202
b20b69d2-6e2b9e73,Vanilla,0.5597207897349116,0.424363714569162,0.979986572007554,0.29794124059330757,1317,808,751,57,566,203,0,0.0,0,0,0.0,0.0,0,0.0,0,0.0,203,100.0,23.78,109.711,43.628,44.998,1030.06,31.465,742.99,1.615,38.04,10.548,249.04,62.3,63.4,61.3,62.0,63.4,89.9,7.2,51.6,4220.0,4222,191
b20b69d2-6e2b9e73,Adaptive,0.5679409342717088,0.3838358283709501,0.9516268136367124,0.3303227838898852,1317,940,777,163,540,160,43,21.18,0,43,0.0,21.18,3,1.48,82,40.39,75,36.95,19.31,89.116,43.879,46.08,842.24,30.259,580.94,3.267,62.58,10.354,198.72,62.0,63.2,61.9,63.6,63.6,82.5,19.9,49.4,4247.0,4252,162
b20b69d2-7767e6b6,Vanilla,0.7219953463994434,0.585854420462858,0.9783764667671028,0.38600699932264615,1032,824,760,64,272,203,0,0.0,0,0,0.0,0.0,0,0.0,0,0.0,203,100.0,23.9,110.05,43.159,44.999,1029.17,31.062,741.01,1.611,38.26,10.486,249.89,62.3,63.4,61.5,62.3,63.3,78.3,7.3,51.2,4224.0,4227,194
b20b69d2-7767e6b6,Adaptive,0.6920804089786925,0.5001100946487825,0.943976737929735,0.4072469642465083,1032,918,747,171,285,156,47,23.15,6,41,2.96,20.2,6,2.96,69,33.99,81,39.9,19.45,89.663,43.088,45.694,832.97,29.24,565.6,3.654,70.29,10.194,197.08,61.9,63.2,62.2,64.7,64.7,74.2,22.8,48.0,4253.0,4257,162
b20b69d2-bd242bf0,Vanilla,0.7064751692136554,0.5079297130344207,0.9902412859746624,0.37155252447164894,2122,1602,1512,90,610,160,0,0.0,0,0,0.0,0.0,0,0.0,0,0.0,160,100.0,18.98,111.391,42.76,44.999,812.26,30.71,583.71,1.613,30.5,10.436,198.06,62.2,63.2,61.4,62.2,63.2,85.0,7.4,50.0,4225.0,4227,153
b20b69d2-bd242bf0,Adaptive,0.6874620576039251,0.4225757285128958,0.9355629872568544,0.4184885622543478,2122,1986,1523,463,599,152,8,5.0,0,8,0.0,5.0,1,0.62,119,74.38,32,20.0,19.1,113.474,42.402,46.193,801.44,29.151,550.98,3.117,58.85,10.134,191.6,61.5,62.8,61.7,62.8,62.8,70.8,18.6,47.5,4267.0,4284,157
b20b69d2-ca16c907,Vanilla,0.6946138190669551,0.5644844041056143,0.9829897821162867,0.3789453285856164,891,695,627,68,264,198,0,0.0,0,0,0.0,0.0,0,0.0,0,0.0,198,100.0,23.19,109.843,43.348,45.396,1004.24,31.223,723.66,1.615,37.27,10.51,243.31,62.1,63.4,61.3,62.1,63.4,87.0,7.1,51.4,4263.0,4270,191
b20b69d2-ca16c907,Adaptive,0.6724783575253938,0.5025952419472988,0.9479252011849376,0.3980140190303842,891,774,622,152,269,152,46,23.23,0,46,0.0,23.23,1,0.51,55,27.78,96,48.48,18.32,86.344,43.67,46.49,796.84,30.151,550.57,3.186,57.84,10.333,188.43,61.9,63.3,61.7,62.5,63.3,76.7,19.4,49.2,4303.0,4310,153
b20b69d2-e31380a7,Vanilla,0.7389848203064591,0.6165778220682522,0.9965119083967464,0.38406723748100374,529,408,392,16,137,174,0,0.0,0,0,0.0,0.0,0,0.0,0,0.0,174,100.0,20.22,109.337,43.641,45.497,879.0,31.457,633.56,1.61,32.38,10.575,213.05,62.4,63.6,61.4,62.2,63.6,88.0,6.9,51.5,4284.0,4291,165
b20b69d2-e31380a7,Adaptive,0.6713149794997955,0.4697243840537254,0.953692765452694,0.3887753538037092,529,444,368,76,161,108,66,37.93,19,47,10.92,27.01,7,4.02,28,16.09,73,41.95,14.65,78.161,40.856,45.297,594.16,26.824,390.62,4.19,60.45,9.842,143.09,61.3,62.9,61.9,64.6,64.6,74.8,26.6,43.4,4326.0,4330,119
b20b69d2-ffc1d6af,Vanilla,0.6882150393687276,0.5514432134331692,0.9915726958892659,0.3574945562347509,1622,1175,1125,50,497,199,0,0.0,0,0,0.0,0.0,0,0.0,0,0.0,199,100.0,23.46,110.335,43.17,44.998,1011.08,31.066,727.85,1.605,37.48,10.499,245.75,62.3,63.4,61.3,62.1,63.4,88.1,7.2,51.0,4302.0,4304,191
b20b69d2-ffc1d6af,Adaptive,0.6681091338358158,0.45969462132390565,0.9635973949674277,0.38151087940063666,1622,1315,1114,201,508,159,40,20.1,1,39,0.5,19.6,2,1.01,86,43.22,71,35.68,19.47,91.643,43.406,45.694,836.86,29.846,575.48,3.26,62.75,10.3,198.63,62.0,63.0,61.8,63.8,63.8,66.6,19.6,48.7,4332.0,4336,162
b20b9c19-91e01a50,Vanilla,0.7961223766495802,0.6043200661084444,0.9609572382536341,0.4539227241629241,1745,1692,1432,260,313,202,0,0.0,0,0,0.0,0.0,0,0.0,0,0.0,202,100.0,23.75,110.839,43.246,44.998,1021.78,31.117,735.25,1.613,38.06,10.515,248.48,62.3,63.4,61.5,62.2,63.4,84.5,7.2,51.3,4308.0,4311,190
b20b9c19-91e01a50,Adaptive,0.7964120999167629,0.5439059501908173,0.9211012400450088,0.48980668949325273,1745,1949,1473,476,272,183,19,9.41,0,19,0.0,9.41,1,0.5,143,70.79,39,19.31,22.16,104.19,43.877,46.092,967.51,30.291,667.92,3.214,70.76,10.372,228.82,62.2,63.5,62.1,63.0,63.5,86.8,19.4,49.7,4340.0,4344,185
b20d494a-cdebe83e,Vanilla,0.6191329029286525,0.4726231674850202,0.96605188197418,0.3473685401009947,1203,882,766,116,437,198,0,0.0,0,0,0.0,0.0,0,0.0,0,0.0,198,100.0,23.01,110.186,43.629,45.396,1000.24,31.447,721.27,1.606,36.69,10.576,242.28,62.4,63.5,61.5,62.2,63.5,85.5,7.2,51.7,4304.0,4308,186
b20d494a-cdebe83e,Adaptive,0.5645729529855814,0.35135143765251087,0.9012180136501461,0.36150979368278585,1203,1022,729,293,474,154,44,22.22,0,44,0.0,22.22,1,0.51,75,37.88,78,39.39,18.41,88.109,44.247,46.49,808.26,30.68,560.56,3.138,57.18,10.429,190.52,62.3,63.4,62.1,63.0,63.4,89.3,19.1,49.9,4332.0,4336,152
b20e291a-32ac11c1,Vanilla,0.7154695321483926,0.5484817694775816,0.97561571906437,0.3947778310822248,2599,2139,1896,243,703,202,0,0.0,0,0,0.0,0.0,0,0.0,0,0.0,202,100.0,24.02,111.159,42.911,44.499,1026.64,30.862,738.68,1.611,38.38,10.438,249.58,62.4,63.6,61.6,62.4,63.6,82.3,7.3,50.7,4298.0,4300,194
b20e291a-32ac11c1,Adaptive,0.726438163380013,0.5152803546050431,0.948032115876791,0.43422387486359315,2599,2466,1955,511,644,195,7,3.47,0,7,0.0,3.47,1,0.5,160,79.21,34,16.83,23.96,112.27,43.248,45.681,1031.88,29.821,711.61,3.19,75.95,10.237,244.31,61.8,63.3,62.0,62.8,63.3,70.7,19.2,49.3,4329.0,4334,198
b20e291a-6012d836,Vanilla,0.705109864622131,0.5551915654508542,0.9792376226016088,0.3803486797135701,2245,1766,1612,154,633,203,0,0.0,0,0,0.0,0.0,0,0.0,0,0.0,203,100.0,23.99,110.934,42.997,44.985,1027.45,30.911,738.77,1.613,38.44,10.473,250.23,62.2,63.3,61.5,62.3,63.4,74.0,7.1,50.9,4301.0,4306,195
b20e291a-6012d836,Adaptive,0.7038112693768013,0.4956408947657385,0.9536399925413266,0.4146190076308007,2245,2013,1632,381,613,177,26,12.81,0,26,0.0,12.81,1,0.49,118,58.13,58,28.57,21.87,101.556,42.947,45.696,937.18,29.579,645.7,3.158,68.72,10.21,222.75,61.8,63.3,61.9,62.8,63.3,69.5,19.3,48.5,4331.0,4337,183
b20eae11-149766ce,Vanilla,0.25395378591318163,0.18455889715535984,0.9726316456808592,0.13403651096638972,1752,488,457,31,1295,203,0,0.0,0,0,0.0,0.0,0,0.0,0,0.0,203,100.0,23.38,109.567,43.782,45.497,1020.33,31.574,735.93,1.604,37.24,10.605,247.16,62.3,63.3,61.5,62.3,63.3,86.1,7.1,52.3,4308.0,4311,189
b20eae11-149766ce,Adaptive,0.24709352024239972,0.1566901249449339,0.9274270573266379,0.14618844979958082,1752,573,461,112,1291,173,30,14.78,6,24,2.96,11.82,28,13.79,71,34.98,74,36.45,22.31,104.649,43.033,45.696,957.04,28.41,632.27,4.526,100.24,10.098,224.53,61.9,63.3,62.4,65.1,65.1,70.4,29.8,46.9,4336.0,4340,186
b20eae11-18cd8ca2,Vanilla,0.407606000854442,0.24218678674034488,0.9896238880936911,0.21328032663586546,1135,492,467,25,668,202,0,0.0,0,0,0.0,0.0,0,0.0,0,0.0,202,100.0,23.24,109.542,43.884,45.497,1019.6,31.656,735.82,1.606,37.14,10.623,246.64,62.6,63.6,61.6,62.4,63.6,89.2,7.2,52.1,4313.0,4316,188
b20eae11-18cd8ca2,Adaptive,0.4811454537764055,0.2672021270396299,0.9866047245408098,0.2586005873715125,1135,600,552,48,583,156,46,22.77,0,46,0.0,22.77,1,0.5,72,35.64,83,41.09,18.69,87.038,43.875,46.193,816.29,30.385,565.64,3.083,57.07,10.408,193.57,62.3,63.4,62.1,62.8,63.5,78.0,19.6,49.6,4339.0,4344,154
b20eae11-6817ba7a,Vanilla,0.37125686363099464,0.2609067564776864,0.9626212347476896,0.19820315581854042,1560,650,601,49,959,202,0,0.0,0,0,0.0,0.0,0,0.0,0,0.0,202,100.0,24.55,114.949,42.157,45.099,1047.23,30.166,752.3,1.635,39.27,10.356,255.66,62.2,63.7,61.5,62.2,63.7,84.3,7.5,49.7,4309.0,4311,198
b20eae11-6817ba7a,Adaptive,0.42536772954278934,0.27709767282462805,0.9466093652723222,0.23988949483352467,1560,804,698,106,862,168,34,16.83,5,29,2.48,14.36,9,4.46,93,46.04,66,32.67,20.67,96.816,43.614,46.578,898.26,29.646,611.29,3.669,74.96,10.299,212.01,62.1,63.4,62.2,64.2,64.2,76.6,23.0,48.6,4332.0,4340,172
b20ff95c-b9444127,Vanilla,0.5483773188476118,0.32203171081676707,0.9739653845653512,0.30126166365048196,787,495,441,54,346,102,0,0.0,0,0,0.0,0.0,0,0.0,0,0.0,102,100.0,11.96,110.575,42.862,44.998,508.27,30.785,365.27,1.621,19.1,10.457,123.9,62.2,63.4,61.4,62.2,63.4,89.7,7.3,48.9,4304.0,4308,97
b20ff95c-b9444127,Adaptive,0.5720686457088586,0.3193522955196213,0.943807254844707,0.3348631025393141,787,577,471,106,316,87,15,14.71,0,15,0.0,14.71,1,0.98,51,50.0,35,34.31,10.47,97.106,43.286,46.18,449.28,29.739,308.95,3.227,33.3,10.32,107.03,61.8,63.1,61.8,62.7,63.1,79.0,19.7,47.0,4337.0,4341,87
b2102d00-5eb86b71,Vanilla,0.619852552724395,0.47306757914802944,0.9863855529546111,0.3276803318245507,2413,1617,1514,103,899,202,0,0.0,0,0,0.0,0.0,0,0.0,0,0.0,202,100.0,23.41,110.501,43.632,45.396,1018.68,31.455,734.69,1.603,37.29,10.575,246.7,62.4,63.4,61.5,62.2,63.4,84.5,7.0,51.9,4309.0,4315,193
b2102d00-5eb86b71,Adaptive,0.6739376137632389,0.47398836950998186,0.9706772233380843,0.3788935647681427,2413,1921,1663,258,750,185,17,8.42,2,15,0.99,7.43,1,0.5,145,71.78,39,19.31,22.35,105.525,44.007,46.18,979.9,30.351,676.36,3.257,72.13,10.399,231.4,62.3,63.5,61.9,62.8,63.5,80.8,20.3,49.6,4343.0,4348,183
b2102d00-a8c09be1,Vanilla,0.6246889597335589,0.4952858763175418,0.996321531010524,0.31881578436483105,1943,1246,1218,28,725,202,0,0.0,0,0,0.0,0.0,0,0.0,0,0.0,202,100.0,23.46,110.534,43.606,45.496,1018.11,31.414,733.64,1.599,37.22,10.593,247.25,62.4,63.5,61.5,62.5,63.5,83.3,7.3,51.8,4313.0,4315,193
b2102d00-a8c09be1,Adaptive,0.659562415933637,0.47150921897452225,0.9848967074017205,0.3597569072829475,1943,1434,1296,138,647,173,29,14.36,0,29,0.0,14.36,1,0.5,117,57.92,55,27.23,20.92,97.993,43.71,46.079,913.66,30.228,632.08,3.122,65.04,10.361,216.54,62.3,63.5,62.0,62.9,63.5,78.2,20.3,49.4,4341.0,4346,175
b2131b7b-e58faab7,Vanilla,0.5018951709859247,0.32694497990743004,0.9783624944683033,0.2709732337085028,970,545,496,49,474,202,0,0.0,0,0,0.0,0.0,0,0.0,0,0.0,202,100.0,23.17,109.322,44.04,45.496,1016.29,31.795,734.0,1.609,37.0,10.635,245.29,62.5,63.6,61.6,62.4,63.6,86.5,6.9,52.6,4317.0,4320,189
b2131b7b-e58faab7,Adaptive,0.48285062085490094,0.2848791529048661,0.9480438496749116,0.2793183252682517,970,588,489,99,481,129,73,36.14,33,40,16.34,19.8,1,0.5,51,25.25,77,38.12,17.41,81.08,41.825,46.591,727.15,27.682,483.17,4.181,70.84,9.962,173.13,61.7,63.2,62.3,65.0,65.0,64.5,28.8,46.5,4341.0,4344,144
b213e4eb-09c01a17,Vanilla,0.6353877840724538,0.5008329328953235,0.9859374356713473,0.3302099494519794,1885,1272,1214,58,671,202,0,0.0,0,0,0.0,0.0,0,0.0,0,0.0,202,100.0,23.75,110.464,43.22,44.998,1020.86,31.111,734.83,1.605,37.87,10.503,248.16,62.3,63.6,61.6,62.3,63.6,75.7,7.3,51.3,4317.0,4319,193
b213e4eb-09c01a17,Adaptive,0.6917981723286197,0.5136330501519454,0.9775438027083553,0.37444805648072443,1885,1463,1330,133,555,174,28,13.86,0,28,0.0,13.86,1,0.5,114,56.44,59,29.21,21.31,98.645,43.202,45.594,919.8,29.883,636.48,3.049,64.67,10.271,218.64,62.1,63.5,61.9,62.7,63.5,75.4,20.0,49.0,4345.0,4350,177
b214d1e1-f248c616,Vanilla,0.5643238996047073,0.4115733539407427,0.9883553008914858,0.2963728159908303,2069,1249,1180,69,889,200,0,0.0,0,0,0.0,0.0,0,0.0,0,0.0,200,100.0,23.32,110.461,43.38,45.085,1010.94,31.218,727.93,1.616,37.44,10.547,245.57,62.4,63.5,61.6,62.3,63.5,83.1,7.2,51.5,4314.0,4315,187
b214d1e1-f248c616,Adaptive,0.5903499198849611,0.3958782536906298,0.9707595362171296,0.33581665574022473,2069,1459,1247,212,822,177,23,11.5,0,23,0.0,11.5,1,0.5,121,60.5,55,27.5,21.5,101.242,43.639,45.694,933.24,30.131,644.81,3.179,67.65,10.329,220.77,62.2,63.5,62.0,62.8,63.5,71.1,20.2,49.3,4339.0,4343,174
b21547c1-73e457f8,Vanilla,0.5937205536798765,0.46692412160066904,0.991154063235071,0.31176444280213383,2076,1314,1242,72,834,203,0,0.0,0,0,0.0,0.0,0,0.0,0,0.0,203,100.0,23.37,110.121,43.921,45.497,1025.27,31.675,739.59,1.607,37.43,10.639,248.24,62.5,63.7,61.6,62.4,63.7,90.4,6.9,52.3,4317.0,4320,189
b21547c1-73e457f8,Adaptive,0.6476762029455423,0.46870135358287407,0.9740908073075537,0.356093214804381,2076,1543,1374,169,702,183,20,9.85,0,20,0.0,9.85,1,0.49,128,63.05,54,26.6,22.05,103.134,43.95,46.092,965.03,30.373,667.03,3.192,69.98,10.385,228.02,62.3,63.8,62.1,62.8,63.8,69.6,20.3,49.8,4344.0,4350,184
b21547c1-796757ac,Vanilla,0.26296367820856115,0.17982763324055803,0.990167645621948,0.13414327001798518,2365,643,628,15,1737,202,0,0.0,0,0,0.0,0.0,0,0.0,0,0.0,202,100.0,23.2,109.413,44.062,45.497,1016.18,31.809,733.74,1.607,36.97,10.646,245.47,62.6,63.6,61.7,62.6,63.7,90.3,6.9,52.6,4320.0,4324,191
b21547c1-796757ac,Adaptive,0.2978147488307248,0.18966192455008646,0.982038757716204,0.15801471942639875,2365,769,716,53,1649,176,26,12.87,0,26,0.0,12.87,3,1.49,102,50.5,71,35.15,20.8,98.17,44.615,46.578,928.05,30.852,642.23,3.258,67.46,10.504,218.36,62.5,63.7,62.2,63.8,63.7,82.4,20.1,50.7,4347.0,4351,175
b2156f8e-72e1547c,Vanilla,0.5219328815784536,0.39257654108987194,0.9899638396385326,0.2779485633916014,840,474,442,32,398,191,0,0.0,0,0,0.0,0.0,0,0.0,0,0.0,191,100.0,22.08,109.475,43.8,45.483,961.48,31.588,693.53,1.608,35.21,10.604,232.74,62.7,63.8,61.7,62.4,63.8,86.1,6.8,52.0,4328.0,4330,178
b2156f8e-72e1547c,Adaptive,0.5024766974274042,0.345749072867475,0.9473925310074993,0.2954247935336496,840,542,439,103,401,144,47,24.61,18,29,9.42,15.18,9,4.71,53,27.75,82,42.93,18.75,92.701,42.258,46.193,788.3,28.13,525.09,4.051,75.32,10.077,187.88,61.9,63.6,62.1,64.5,64.5,80.5,26.2,45.9,4355.0,4359,156
b215943a-10e44587,Vanilla,0.64480397113641,0.4863174118947643,0.959151219369776,0.34971960693522663,792,589,531,58,261,191,0,0.0,0,0,0.0,0.0,0,0.0,0,0.0,191,100.0,22.09,109.732,43.696,45.497,964.94,31.504,695.94,1.606,35.35,10.586,233.66,62.5,63.8,61.6,62.3,63.8,83.9,6.7,51.9,4328.0,4331,185
b215943a-10e44587,Adaptive,0.6411568849011744,0.4167910262532349,0.924154930159033,0.3779755204346586,792,673,543,130,249,140,51,26.7,4,47,2.09,24.61,10,5.24,54,28.27,76,39.79,17.42,86.019,43.523,46.193,753.13,29.455,510.07,3.801,65.43,10.266,177.63,62.2,63.7,62.1,64.7,64.7,87.5,23.6,47.7,4352.0,4358,145
b216243d-55963da2,Vanilla,0.6764560407993911,0.5316527220462766,0.9928204440740943,0.3532954477763084,1713,1225,1166,59,547,103,0,0.0,0,0,0.0,0.0,0,0.0,0,0.0,103,100.0,12.2,112.222,42.488,44.999,511.39,30.424,366.18,1.621,19.47,10.442,125.74,62.0,63.3,61.3,62.0,63.3,85.9,7.0,48.6,4322.0,4323,98
b216243d-55963da2,Adaptive,0.717297071863723,0.54230883292456,0.9869470595018592,0.3905701981623788,1713,1369,1240,129,473,100,3,2.91,0,3,0.0,2.91,1,0.97,81,78.64,18,17.48,12.32,114.143,42.49,45.094,519.35,29.091,355.97,3.229,39.2,10.17,124.18,61.6,63.0,61.7,62.6,63.0,62.1,19.2,46.4,4349.0,4352,103
b216243d-ad4306b9,Vanilla,0.6772736672487657,0.5199804957317343,0.9912174762148203,0.3552048324151264,1093,787,746,41,347,103,0,0.0,0,0,0.0,0.0,0,0.0,0,0.0,103,100.0,12.12,111.395,42.458,44.999,513.82,30.417,368.47,1.629,19.55,10.411,125.8,61.8,63.2,61.1,61.8,63.2,86.3,7.1,48.5,4321.0,4323,97
b216243d-ad4306b9,Adaptive,0.7300468251153942,0.5236520601466254,0.9788441863192423,0.40366706783885103,1093,913,811,102,282,90,13,12.62,0,13,0.0,12.62,1,0.97,61,59.22,28,27.18,11.11,101.667,42.125,45.195,465.98,28.941,320.5,3.058,33.56,10.126,111.91,61.2,62.8,61.4,62.0,62.8,69.7,20.1,46.0,4348.0,4352,93
b2169b74-fa197951,Vanilla,0.7596226074472516,0.5810042630882885,0.9889482912868691,0.40703773235062346,2040,1692,1563,129,477,203,0,0.0,0,0,0.0,0.0,0,0.0,0,0.0,203,100.0,23.95,110.843,42.999,44.998,1030.04,30.927,741.27,1.605,38.28,10.467,250.5,62.0,63.4,61.3,62.0,63.4,78.4,7.3,51.0,4324.0,4326,191
b2169b74-fa197951,Adaptive,0.7549170160273849,0.525379420829874,0.9657210278787814,0.4274988043998087,2040,1845,1582,263,458,166,37,18.23,0,37,0.0,18.23,7,3.45,83,40.89,76,37.44,20.64,95.772,43.045,45.594,883.71,29.44,604.86,3.4,69.41,10.205,209.43,61.8,63.3,61.8,62.7,63.3,75.8,21.0,48.3,4355.0,4360,171
b21742c2-0e7a2b57,Vanilla,0.504647013815597,0.36678514849213506,0.9687545163856941,0.2718606078262433,2128,1213,1106,107,1022,202,0,0.0,0,0,0.0,0.0,0,0.0,0,0.0,202,100.0,23.81,110.559,43.259,44.998,1029.57,31.147,741.44,1.613,38.28,10.498,249.85,62.3,63.3,61.3,62.1,63.3,87.8,7.3,51.1,4326.0,4330,190
b21742c2-0e7a2b57,Adaptive,0.5182590560015389,0.35397440968899335,0.9546676417202129,0.29891071015753146,2128,1366,1144,222,984,176,26,12.87,0,26,0.0,12.87,1,0.5,107,52.97,68,33.66,21.15,98.826,44.09,46.193,930.28,30.456,642.99,3.222,67.7,10.411,219.59,62.3,63.5,62.0,62.9,63.5,87.3,19.4,49.8,4352.0,4358,177
b21742c2-18d3463a,Vanilla,0.6471861402102645,0.4094742937608971,0.9382781743077818,0.3743710557192216,3260,2651,2234,417,1026,202,0,0.0,0,0,0.0,0.0,0,0.0,0,0.0,202,100.0,24.06,111.474,43.028,44.5,1030.58,30.982,742.24,1.609,38.45,10.437,249.89,62.3,63.4,61.5,62.2,63.4,85.8,7.2,50.7,4332.0,4335,192
b21742c2-18d3463a,Adaptive,0.6697415308555843,0.40529831340372935,0.9060503203654526,0.4232166372312078,3260,3168,2356,812,904,195,7,3.47,0,7,0.0,3.47,1,0.5,171,84.65,23,11.39,24.48,114.693,42.725,45.195,1040.02,29.379,715.42,3.208,77.89,10.137,246.7,61.7,62.9,61.7,62.6,63.0,69.7,19.2,48.0,4355.0,4358,204
b2194b15-1825056a,Vanilla,0.40053689371424983,0.3018000240705762,0.9958099182606965,0.2051028546243355,1798,742,723,19,1075,203,0,0.0,0,0,0.0,0.0,0,0.0,0,0.0,203,100.0,23.54,109.825,43.65,45.496,1024.88,31.471,739.25,1.614,37.69,10.565,247.94,62.2,63.5,61.3,62.1,63.5,86.6,7.2,51.9,4328.0,4332,188
b2194b15-1825056a,Adaptive,0.4306294483455428,0.3051343559155898,0.9763164747540978,0.2377050616170198,1798,889,789,100,1009,169,34,16.75,0,34,0.0,16.75,1,0.49,99,48.77,69,33.99,20.13,93.889,44.229,46.593,885.37,30.736,615.55,3.032,60.48,10.461,209.34,62.2,63.4,61.8,62.6,63.4,85.9,19.0,50.2,4360.0,4365,165
b21bfb83-ea32f716,Vanilla,0.5292461938483537,0.37930406298094266,0.9961372058719326,0.27204415150557537,2380,1303,1264,39,1116,202,0,0.0,0,0,0.0,0.0,0,0.0,0,0.0,202,100.0,23.64,110.294,43.427,44.998,1022.22,31.284,736.59,1.607,37.73,10.536,247.91,62.4,63.5,61.5,62.4,63.5,84.6,7.3,51.4,4331.0,4336,187
b21bfb83-ea32f716,Adaptive,0.5963086503122307,0.41796774141355375,0.9917644001283491,0.3097808601352187,2380,1494,1430,64,950,175,27,13.37,0,27,0.0,13.37,1,0.5,112,55.45,62,30.69,21.05,98.468,43.901,46.092,918.71,30.292,634.4,3.216,67.01,10.393,217.3,62.2,63.3,62.0,62.8,63.3,73.6,19.5,49.7,4360.0,4363,173
b21c68e6-65674a17,Vanilla,0.47717609759125446,0.30516043822189415,0.9863714989639261,0.24940232494625128,1742,887,842,45,900,203,0,0.0,0,0,0.0,0.0,0,0.0,0,0.0,203,100.0,23.48,109.741,43.788,45.496,1028.42,31.57,741.86,1.616,37.76,10.602,248.8,62.6,63.5,61.6,62.3,63.5,88.1,7.2,51.9,4332.0,4336,188
b21c68e6-65674a17,Adaptive,0.48141851070484115,0.28376414940077954,0.9531335182897994,0.2782551204634491,1742,1048,870,178,872,183,20,9.85,0,20,0.0,9.85,7,3.45,94,46.31,82,40.39,22.33,103.916,43.691,46.094,969.66,30.035,666.85,3.337,73.79,10.32,229.03,62.1,63.7,62.2,64.3,64.3,68.2,21.7,49.3,4361.0,4366,183
b21c86ac-0dc77d82,Vanilla,0.7086228828575967,0.5478599293213388,0.994401118229299,0.3649248279838804,1832,1348,1305,43,527,202,0,0.0,0,0,0.0,0.0,0,0.0,0,0.0,202,100.0,23.78,110.433,43.073,44.999,1019.8,30.98,733.58,1.612,38.06,10.481,248.16,62.2,63.5,61.7,62.5,63.5,73.9,7.2,51.2,4335.0,4340,195
b21c86ac-0dc77d82,Adaptive,0.7233221137072952,0.5434905816982909,0.9883712200801148,0.3749336232047029,1832,1398,1340,58,492,131,71,35.15,0,71,0.0,35.15,1,0.5,39,19.31,91,45.05,16.37,74.165,42.463,45.297,688.56,29.232,474.15,3.09,49.98,10.14,164.43,61.8,63.2,61.9,62.7,63.2,67.1,19.8,47.2,4361.0,4365,136
b21c86ac-2eb7ba16,Vanilla,0.757785573920193,0.6220395434683201,0.9908078382476441,0.3974399849906815,2889,2332,2207,125,682,203,0,0.0,0,0,0.0,0.0,0,0.0,0,0.0,203,100.0,23.8,111.306,43.386,45.012,1032.79,31.249,744.2,1.612,38.22,10.526,250.37,62.4,63.5,61.5,62.3,63.5,89.1,7.2,51.3,4333.0,4335,192
b21c86ac-2eb7ba16,Adaptive,0.780456682039047,0.5656835317956472,0.9739869000214932,0.43911135004459134,2889,2654,2297,357,592,195,8,3.94,0,8,0.0,3.94,1,0.49,159,78.33,35,17.24,23.81,112.381,43.43,45.297,1030.1,29.939,710.42,3.207,75.88,10.284,243.81,62.0,63.3,61.9,62.5,63.3,67.2,19.1,49.5,4362.0,4366,199
b21c86ac-71205084,Vanilla,0.6741227063723725,0.5236026392525724,0.9837683092308032,0.3548684608292995,1914,1393,1310,83,604,202,0,0.0,0,0,0.0,0.0,0,0.0,0,0.0,202,100.0,23.59,110.596,43.424,44.999,1024.27,31.294,738.44,1.595,37.45,10.535,248.38,62.4,63.7,61.5,62.3,63.7,83.7,7.2,51.5,4338.0,4340,188
b21c86ac-71205084,Adaptive,0.7092806680119617,0.5178313435458699,0.9677671672761323,0.3973179641511933,1914,1601,1394,207,520,167,35,17.33,0,35,0.0,17.33,1,0.5,104,51.49,62,30.69,20.11,94.496,44.009,46.193,879.6,30.418,608.04,3.203,63.87,10.387,207.69,62.3,63.5,62.0,62.7,63.5,83.5,19.3,49.7,4369.0,4373,167
b21d5efb-5e2cd743,Vanilla,0.2913405283354342,0.20478578612187276,0.9680391316553755,0.15893991769547325,1350,450,405,45,945,202,0,0.0,0,0,0.0,0.0,0,0.0,0,0.0,202,100.0,23.19,109.699,43.885,45.597,1015.98,31.631,732.56,1.601,36.93,10.654,246.5,62.5,63.6,61.6,62.3,63.6,90.0,7.3,52.4,4343.0,4345,184
b21d5efb-5e2cd743,Adaptive,0.10312755168128279,0.0637442502765971,0.9490593178577355,0.059826455026455026,1350,175,145,30,1205,38,164,81.19,161,3,79.7,1.49,3,1.49,22,10.89,13,6.44,14.22,66.44,30.091,46.691,427.05,12.126,174.0,10.528,147.6,7.437,105.45,58.5,62.8,62.9,64.3,64.3,27.3,74.7,19.3,4371.0,4377,122
b2208b0f-2796a692,Vanilla,0.7167728698845617,0.5054702136240303,0.98456387299903,0.3830505627169353,4174,3280,3032,248,1142,203,0,0.0,0,0,0.0,0.0,0,0.0,0,0.0,203,100.0,24.31,112.491,42.635,44.499,1031.61,30.624,741.34,1.611,38.81,10.4,251.47,61.8,62.8,61.0,62.1,62.8,75.3,7.3,50.2,4345.0,4348,193
b2208b0f-2796a692,Adaptive,0.7425417048316383,0.4914025389894759,0.9634580756643386,0.4305066261633576,4174,3826,3177,649,997,199,4,1.97,0,4,0.0,1.97,1,0.49,187,92.12,11,5.42,25.45,118.859,42.175,44.2,1066.47,28.926,731.7,3.2,80.71,10.049,254.06,61.3,62.8,61.5,62.5,62.8,62.8,19.4,47.2,4377.0,4384,206
b229488e-e4714bb7,Vanilla,0.6028105296200047,0.4718379655977484,0.995043957961178,0.30932133681491386,1354,844,820,24,534,202,0,0.0,0,0,0.0,0.0,0,0.0,0,0.0,202,100.0,23.7,111.435,43.328,44.998,1024.2,31.201,737.61,1.611,38.02,10.516,248.57,61.9,63.0,61.0,62.0,63.0,82.7,7.2,51.4,4353.0,4356,192
b229488e-e4714bb7,Adaptive,0.6508436215060003,0.45330890192605205,0.9919986897879857,0.34380359987531545,1354,943,887,56,467,151,51,25.25,0,51,0.0,25.25,1,0.5,73,36.14,77,38.12,18.01,84.367,44.146,46.195,791.45,30.499,547.03,3.218,57.47,10.429,186.95,62.1,63.2,61.8,62.9,63.2,75.4,19.4,49.8,4383.0,4387,150
b22a4d9f-48b2e986,Vanilla,0.7050621710862235,0.5722755536514439,0.996058571649464,0.3675252392761811,1414,1046,1000,46,414,203,0,0.0,0,0,0.0,0.0,0,0.0,0,0.0,203,100.0,24.37,111.547,42.619,44.5,1035.35,30.623,744.26,1.613,39.02,10.382,252.07,62.1,63.3,61.4,62.1,63.3,84.4,7.3,50.2,4346.0,4355,194
b22a4d9f-48b2e986,Adaptive,0.693358696544297,0.5057023155793464,0.9797643650693731,0.3869644245977995,1414,1133,994,139,420,154,49,24.14,0,49,0.0,24.14,1,0.49,71,34.98,82,40.39,18.7,85.768,43.571,45.696,811.61,30.03,559.68,3.214,59.65,10.327,192.28,62.0,63.2,61.9,62.7,63.2,75.3,19.2,49.0,4376.0,4383,158
b22a4d9f-73cc8810,Vanilla,0.7781108049010697,0.6202105562394384,0.997107412939956,0.40030875892601764,2255,1814,1759,55,496,203,0,0.0,0,0,0.0,0.0,0,0.0,0,0.0,203,100.0,24.19,110.969,42.957,44.499,1034.93,30.907,744.84,1.605,38.54,10.445,251.55,62.3,63.4,61.3,62.0,63.4,86.1,7.3,50.8,4350.0,4352,192
b22a4d9f-73cc8810,Adaptive,0.7741737632654703,0.5407659701287495,0.9834549860887434,0.42802067393273163,2255,1988,1765,223,490,173,30,14.78,0,30,0.0,14.78,1,0.49,106,52.22,66,32.51,21.44,98.423,42.787,45.094,911.74,29.555,630.06,3.055,64.85,10.177,216.83,61.5,63.1,61.5,62.3,63.1,71.3,18.6,48.4,4378.0,4384,178
b22e02cd-6af68e18,Vanilla,0.4719545989654446,0.3663631399156184,0.9928503118843535,0.24314722883373002,865,425,411,14,454,202,0,0.0,0,0,0.0,0.0,0,0.0,0,0.0,202,100.0,23.67,110.981,43.215,45.012,1023.55,31.097,736.83,1.612,38.03,10.506,248.69,62.1,63.5,61.2,62.2,63.5,85.5,7.3,51.3,4349.0,4355,189
b22e02cd-6af68e18,Adaptive,0.47474009244078225,0.31114107764776355,0.9710032065444024,0.26642492131308415,865,483,420,63,445,128,74,36.63,39,35,19.31,17.33,9,4.46,59,29.21,60,29.7,18.41,85.909,39.952,45.696,733.09,25.415,467.35,4.874,88.56,9.663,177.18,61.2,62.9,62.2,65.0,65.0,68.0,32.6,41.9,4370.0,4376,156
b22f385b-5d7e5202,Vanilla,0.7948506271438749,0.7002381858805402,0.9965772816034943,0.41233161474895286,1281,1062,1021,41,260,202,0,0.0,0,0,0.0,0.0,0,0.0,0,0.0,202,100.0,24.22,111.714,42.684,44.499,1032.89,30.671,742.46,1.607,38.73,10.406,251.7,62.1,63.5,61.3,62.2,63.5,80.9,7.1,50.3,4344.0,4347,195
b22f385b-5d7e5202,Adaptive,0.8093524981977063,0.6919465454797102,0.9877545467232661,0.43427938663007626,1281,1135,1047,88,234,138,64,31.68,0,64,0.0,31.68,1,0.5,51,25.25,86,42.57,17.08,77.756,43.109,45.297,729.89,29.77,504.37,3.089,52.06,10.249,173.46,61.9,63.2,61.8,62.4,63.2,83.2,19.5,47.8,4371.0,4379,140
b230132b-ff8f2719,Vanilla,0.5247873493818345,0.41426220510582173,0.9963666304870675,0.26746416730280625,1616,869,851,18,765,203,0,0.0,0,0,0.0,0.0,0,0.0,0,0.0,203,100.0,23.51,109.853,43.726,45.497,1024.94,31.521,739.19,1.611,37.61,10.594,248.14,62.3,63.4,61.4,62.3,63.4,85.8,7.3,51.9,4349.0,4351,194
b230132b-ff8f2719,Adaptive,0.5572380642924506,0.4004090700322528,0.9835176207176257,0.3036753378013718,1616,1009,912,97,704,156,47,23.15,0,47,0.0,23.15,1,0.49,81,39.9,74,36.45,18.72,86.987,43.808,46.195,817.06,30.311,565.63,3.104,57.64,10.394,193.79,62.1,63.3,62.0,62.9,63.3,74.5,19.7,49.6,4388.0,4396,155
b230a7b2-c881c382,Vanilla,0.3605564705828671,0.2879141672113987,0.997410193948715,0.18344854829152674,830,305,300,5,530,203,0,0.0,0,0,0.0,0.0,0,0.0,0,0.0,203,100.0,23.35,109.565,43.868,45.496,1020.73,31.639,736.54,1.597,36.97,10.632,247.23,62.5,63.6,61.6,62.3,63.6,85.8,7.2,52.3,4363.0,4366,185
b230a7b2-c881c382,Adaptive,0.3604844905244382,0.24716890271023423,0.9823941741047144,0.19183154636896207,830,327,304,23,526,133,70,34.48,7,63,3.45,31.03,7,3.45,30,14.78,96,47.29,16.7,77.162,42.814,46.079,711.89,28.955,481.83,3.694,61.14,10.165,168.91,61.9,63.3,62.1,64.2,64.2,72.6,24.3,47.0,4382.0,4389,138
b231a630-c4522992,Vanilla,0.683303746842695,0.47699642529755115,0.9850221628565357,0.3635092073739343,3209,2389,2222,167,987,202,0,0.0,0,0,0.0,0.0,0,0.0,0,0.0,202,100.0,23.9,111.205,43.134,44.985,1026.67,31.043,739.05,1.607,38.12,10.485,249.5,62.4,63.7,61.6,62.2,63.7,91.2,7.0,51.0,4357.0,4360,193
b231a630-c4522992,Adaptive,0.7220302228359241,0.47817539212154625,0.9748660884445141,0.40458063633300717,3209,2710,2360,350,849,190,12,5.94,0,12,0.0,5.94,1,0.5,152,75.25,37,18.32,23.68,110.314,43.015,45.196,1011.49,29.651,697.42,3.149,73.88,10.215,240.19,61.9,63.2,61.8,62.5,63.2,75.7,19.7,48.5,4393.0,4397,193
b232c7c9-d251d9ee,Vanilla,0.791897799668074,0.6012271390088195,0.9856998941930382,0.41624687824981976,3174,2703,2547,156,627,202,0,0.0,0,0,0.0,0.0,0,0.0,0,0.0,202,100.0,23.73,111.397,43.463,44.998,1025.88,31.31,739.05,1.617,38.09,10.536,248.75,62.4,63.3,61.3,62.2,63.3,93.7,6.9,51.4,4368.0,4370,196
b232c7c9-d251d9ee,Adaptive,0.8176489518465451,0.5739806320764493,0.9697371227435864,0.4662346857138812,3174,3115,2651,464,523,197,5,2.48,0,5,0.0,2.48,1,0.5,170,84.16,26,12.87,24.35,115.094,43.052,44.799,1044.29,29.616,718.42,3.222,78.03,10.215,247.85,61.8,63.1,61.8,63.1,63.1,57.8,19.3,48.8,4392.0,4395,203
b2331b83-648e56ca,Vanilla,0.42641369442542615,0.34523951133830355,0.9976643804494031,0.21703800369847315,1521,662,650,12,871,202,0,0.0,0,0,0.0,0.0,0,0.0,0,0.0,202,100.0,23.29,109.618,43.693,45.496,1018.08,31.52,734.79,1.586,36.79,10.587,246.5,62.2,63.4,61.4,62.3,63.4,85.3,7.1,52.0,4369.0,4373,187
b2331b83-648e56ca,Adaptive,0.4413487394385779,0.3265592006241971,0.9865687294105248,0.23942302176685243,1521,745,678,67,843,155,47,23.27,0,47,0.0,23.27,1,0.5,67,33.17,87,43.07,18.54,86.487,44.071,46.593,813.74,30.45,562.75,3.197,58.67,10.423,192.31,62.2,63.5,61.9,62.7,63.3,84.8,20.0,49.6,4397.0,4404,152
b2331b83-a28e6b57,Vanilla,0.7123119729441241,0.5432410847882727,0.9819345424534842,0.38263251491161215,3230,2547,2337,210,893,203,0,0.0,0,0,0.0,0.0,0,0.0,0,0.0,203,100.0,23.94,111.331,43.071,44.985,1029.83,30.966,740.57,1.609,38.39,10.496,250.88,62.3,63.5,61.6,62.2,63.5,87.7,7.0,51.1,4370.0,4373,191
b2331b83-a28e6b57,Adaptive,0.7243856051716646,0.5015761021140888,0.954219455403519,0.42644906819254513,3230,2978,2415,563,815,198,5,2.46,0,5,0.0,2.46,1,0.49,168,82.76,29,14.29,24.54,115.082,42.959,45.197,1048.63,29.561,721.74,3.194,77.8,10.204,249.1,61.8,63.3,61.9,62.8,63.3,61.8,19.1,48.8,4403.0,4406,204
b23493b1-3200de1c,Vanilla,0.7760578684653848,0.6065522773732452,0.9884005827902713,0.41515576307430624,3179,2693,2490,203,689,202,0,0.0,0,0,0.0,0.0,0,0.0,0,0.0,202,100.0,24.09,111.817,42.955,44.5,1030.78,30.9,741.6,1.607,38.5,10.448,250.68,62.2,63.3,61.4,62.3,63.3,83.0,7.2,50.7,4374.0,4376,195
b23493b1-3200de1c,Adaptive,0.7819274801116374,0.5565189127851723,0.9670109364843463,0.4510122489568537,3179,3038,2540,498,639,195,7,3.47,0,7,0.0,3.47,1,0.5,158,78.22,36,17.82,24.34,114.412,42.884,45.594,1035.02,29.513,712.4,3.196,77.05,10.175,245.57,61.7,63.0,61.9,62.7,63.0,68.6,19.0,48.5,4399.0,4406,201
b237db93-fab44bf2,Vanilla,0.6309972363353258,0.4992557280941604,0.9834062755607118,0.337894601964897,1017,706,651,55,366,203,0,0.0,0,0,0.0,0.0,0,0.0,0,0.0,203,100.0,23.58,109.756,43.561,45.085,1025.11,31.388,738.87,1.609,37.75,10.564,248.49,62.2,63.3,61.3,62.1,63.3,86.1,7.3,51.7,4369.0,4371,188
b237db93-fab44bf2,Adaptive,0.6478201640417172,0.46326786386598684,0.9631700053782981,0.3699674456544508,1017,798,678,120,339,153,50,24.63,0,50,0.0,24.63,1,0.49,72,35.47,80,39.41,18.24,84.621,44.181,46.591,800.78,30.523,553.59,3.22,58.09,10.438,189.09,62.2,63.5,61.8,62.6,63.5,84.9,19.6,49.8,4395.0,4399,152
b23a79d1-43dfeecd,Vanilla,0.47744497349518783,0.37283720210758814,0.9958549708035971,0.24461766044606284,1690,832,810,22,880,203,0,0.0,0,0,0.0,0.0,0,0.0,0,0.0,203,100.0,23.32,109.764,43.921,45.496,1023.98,31.683,738.99,1.603,37.22,10.635,247.76,62.5,63.6,61.5,62.4,63.6,88.3,7.1,52.4,4368.0,4374,191
b23a79d1-43dfeecd,Adaptive,0.47912477200020365,0.3353817242676841,0.977484644377762,0.26156940093591674,1690,918,825,93,865,159,44,21.67,0,44,0.0,21.67,1,0.49,74,36.45,84,41.38,18.94,88.566,44.225,46.193,832.38,30.607,576.31,3.167,59.44,10.45,196.63,62.3,63.6,62.0,62.7,63.6,83.8,19.6,50.1,4400.0,4406,155
b23a79d1-e434acaa,Vanilla,0.6468555461636246,0.5343010063372257,0.9973816672444286,0.33002291825821234,1078,714,699,15,379,203,0,0.0,0,0,0.0,0.0,0,0.0,0,0.0,203,100.0,23.56,109.779,43.558,45.098,1026.04,31.392,739.78,1.594,37.43,10.571,248.83,62.5,63.6,61.7,62.5,63.6,84.7,7.1,51.9,4374.0,4377,188
b23a79d1-e434acaa,Adaptive,0.6118217749897641,0.4499112106550614,0.9783004515602798,0.3401649036152509,1078,761,670,91,408,123,80,39.41,43,37,21.18,18.23,1,0.49,66,32.51,56,27.59,17.21,79.603,40.928,46.193,705.61,26.365,456.11,4.833,81.96,9.73,167.55,61.3,63.2,62.2,64.0,64.0,69.8,31.6,42.1,4398.0,4402,145
b23adb0d-72704b27,Vanilla,0.5352761291147661,0.41496629014785996,0.9993710525462114,0.26995515581196927,1208,652,647,5,561,202,0,0.0,0,0,0.0,0.0,0,0.0,0,0.0,202,100.0,23.29,109.937,43.796,45.483,1015.0,31.612,732.8,1.562,36.1,10.622,246.11,62.4,63.4,61.6,62.3,63.4,88.1,7.4,52.2,4366.0,4368,185
b23adb0d-72704b27,Adaptive,0.55708466342459,0.38896363464596784,0.9962882243692337,0.28897450048112305,1208,702,675,27,533,141,61,30.2,0,61,0.0,30.2,1,0.5,48,23.76,92,45.54,16.94,78.732,43.716,46.079,736.08,30.186,508.52,3.16,53.02,10.37,174.54,62.2,63.6,62.0,62.7,63.6,75.1,20.1,49.2,4398.0,4403,138
b23adb0d-8a7aaced,Vanilla,0.47989014672920893,0.3698757979847991,0.9951351512861139,0.2463383175267029,2147,1066,1035,31,1112,203,0,0.0,0,0,0.0,0.0,0,0.0,0,0.0,203,100.0,23.55,110.307,43.739,45.383,1023.63,31.551,738.41,1.592,37.23,10.596,247.99,62.5,63.5,61.7,62.5,63.5,87.4,7.2,52.1,4376.0,4378,189
b23adb0d-8a7aaced,Adaptive,0.49789285779819686,0.3330402835988417,0.9688583020223821,0.28012530138892355,2147,1268,1095,173,1052,185,18,8.87,0,18,0.0,8.87,1,0.49,121,59.61,63,31.03,21.76,102.578,44.715,46.593,967.42,31.005,671.04,3.197,68.93,10.514,227.44,62.5,63.7,62.3,63.1,63.7,78.7,19.4,51.1,4405.0,4410,180
b23b2649-1a78948d,Vanilla,0.7445440300219395,0.5960350054863534,0.985811436878477,0.4013040437697972,1332,1095,1003,92,329,190,0,0.0,0,0,0.0,0.0,0,0.0,0,0.0,190,100.0,22.28,110.252,43.241,44.999,964.08,31.135,694.56,1.606,35.64,10.5,233.87,62.4,63.4,61.6,62.3,63.5,87.1,7.1,51.1,4380.0,4383,180
b23b2649-1a78948d,Adaptive,0.7100831345685341,0.4900434478611621,0.9507535867658543,0.41749317555769166,1332,1209,980,229,352,162,28,14.74,0,28,0.0,14.74,2,1.05,85,44.74,75,39.47,19.54,97.031,43.753,45.694,851.07,30.216,587.86,3.206,62.24,10.332,200.96,62.1,63.4,61.9,63.4,63.6,73.6,19.4,49.4,4390.0,4410,164
b23b2649-6af03cd5,Vanilla,0.7922370996855777,0.6598975160471529,0.9904564605297138,0.41993320863148326,1469,1253,1173,80,296,203,0,0.0,0,0,0.0,0.0,0,0.0,0,0.0,203,100.0,23.8,110.069,43.075,44.6,1022.13,30.991,735.71,1.613,38.12,10.471,248.3,62.2,63.4,61.6,62.5,63.4,56.9,7.2,51.2,4381.0,4384,199
b23b2649-6af03cd5,Adaptive,0.8138413514239025,0.6142152035906143,0.9722009793699333,0.461776383754652,1469,1422,1219,203,250,170,33,16.26,0,33,0.0,16.26,1,0.49,101,49.75,68,33.5,20.71,95.586,43.716,46.094,898.98,30.183,620.81,3.186,65.4,10.348,212.77,62.3,63.7,62.1,62.9,63.7,79.0,19.6,49.0,4406.0,4417,171
b23b2649-8349d2a1,Vanilla,0.49060858245535854,0.2853677594916084,0.9112882545202994,0.27816053865406987,1493,950,799,151,694,92,0,0.0,0,0,0.0,0.0,0,0.0,0,0.0,92,100.0,10.93,111.996,42.109,44.897,459.21,30.129,328.7,1.633,17.7,10.347,112.81,61.9,63.3,61.2,62.0,63.3,78.9,7.3,47.7,4374.0,4376,89
b23b2649-8349d2a1,Adaptive,0.5262138903275576,0.29145285411151955,0.8971477822155101,0.30500052545147677,1493,1058,870,188,623,83,9,9.78,0,9,0.0,9.78,1,1.09,58,63.04,24,26.09,10.2,105.206,42.616,45.594,429.51,29.192,294.33,3.242,32.51,10.182,102.67,61.6,62.6,61.7,62.5,62.6,66.0,19.3,45.6,4405.0,4409,85
b23bb45f-ddeea1d8,Vanilla,0.7962008397164213,0.6173014915597955,0.9961179174701279,0.40880237515398193,1035,851,827,24,208,203,0,0.0,0,0,0.0,0.0,0,0.0,0,0.0,203,100.0,23.91,110.073,43.03,44.998,1025.8,30.946,737.92,1.611,38.3,10.473,249.59,62.0,63.3,61.3,62.2,63.3,81.2,7.1,51.1,4374.0,4377,193
b23bb45f-ddeea1d8,Adaptive,0.7993995923840882,0.5662678906326967,0.9832144174438172,0.4314241209097703,1035,918,839,79,196,141,62,30.54,0,62,0.0,30.54,1,0.49,52,25.62,88,43.35,17.17,78.385,43.208,45.296,736.36,29.862,509.1,3.075,52.18,10.272,175.07,61.7,63.2,61.6,62.3,63.2,72.8,18.9,48.8,4407.0,4412,143
b23c9e00-b425de1b,Vanilla,0.4791765162675453,0.38182371317939584,0.9950383781024887,0.24576588657295625,2717,1346,1308,38,1409,202,0,0.0,0,0,0.0,0.0,0,0.0,0,0.0,202,100.0,23.44,110.485,43.6,45.497,1018.65,31.424,734.36,1.608,37.47,10.568,246.82,62.3,63.5,61.4,62.2,63.5,84.1,7.4,51.8,4381.0,4383,187
b23c9e00-b425de1b,Adaptive,0.5213599775355491,0.38158199997049497,0.984190013402943,0.28116739186478545,2717,1569,1435,134,1282,172,30,14.85,0,30,0.0,14.85,1,0.5,114,56.44,57,28.22,20.47,96.676,44.236,46.591,901.64,30.607,624.05,3.21,65.24,10.419,212.34,62.1,63.4,61.9,62.7,63.4,70.7,19.5,50.2,4411.0,4415,171
b23f7012-32d284ce,Vanilla,0.39354450288311504,0.29871702280277856,0.9907659931628512,0.2037725245003337,1660,686,659,27,1001,203,0,0.0,0,0,0.0,0.0,0,0.0,0,0.0,203,100.0,23.44,109.58,43.808,45.497,1025.17,31.579,739.27,1.607,37.48,10.622,248.43,62.5,63.5,61.5,62.1,63.5,84.9,7.0,52.2,4384.0,4386,194
b23f7012-32d284ce,Adaptive,0.4113404903193049,0.272130283915528,0.9722446352749032,0.22662466894260652,1660,787,699,88,961,166,37,18.23,0,37,0.0,18.23,6,2.96,74,36.45,86,42.36,20.03,93.467,43.952,46.18,877.4,30.255,604.4,3.32,65.96,10.376,207.04,62.3,63.5,62.0,64.1,64.2,81.4,20.8,49.4,4413.0,4419,167
b23f7012-fab06dac,Vanilla,0.315617473227536,0.23357137959843954,0.984713280019775,0.16431876377544408,1714,576,549,27,1165,202,0,0.0,0,0,0.0,0.0,0,0.0,0,0.0,202,100.0,23.31,109.463,43.906,45.497,1018.99,31.669,735.2,1.611,37.27,10.626,246.52,62.6,63.7,61.6,62.2,63.7,91.6,7.1,52.3,4390.0,4392,191
b23f7012-fab06dac,Adaptive,0.35258825471138794,0.24767833519173718,0.9766463061524374,0.19072328180557135,1714,678,617,61,1097,162,40,19.8,0,40,0.0,19.8,7,3.47,74,36.63,81,40.1,19.52,91.544,44.288,47.091,861.51,30.333,590.09,3.552,69.03,10.403,202.38,62.4,63.8,62.1,64.2,64.2,84.6,22.1,49.6,4415.0,4420,162
b23fe89b-c704fe97,Vanilla,0.6027213254478025,0.4864717243037549,0.996632545305523,0.30776413547983433,1166,721,705,16,461,203,0,0.0,0,0,0.0,0.0,0,0.0,0,0.0,203,100.0,23.33,109.538,43.958,45.497,1022.09,31.724,737.94,1.611,37.31,10.623,246.84,62.6,63.8,61.8,62.5,63.8,86.4,6.9,52.3,4388.0,4390,190
b23fe89b-c704fe97,Adaptive,0.6143712378352526,0.43337532234771875,0.9822383928864695,0.3366235765307529,1166,809,726,83,440,153,50,24.63,0,50,0.0,24.63,1,0.49,70,34.48,82,40.39,18.18,84.773,44.236,46.593,802.0,30.572,554.73,3.218,58.04,10.446,189.24,62.4,63.5,62.1,63.0,63.5,84.6,19.5,49.9,4415.0,4419,151
b24071b8-b3ee1196,Vanilla,0.6902779914311277,0.4708485352731905,0.9697173252234698,0.3784780948216864,4862,3863,3447,416,1415,202,0,0.0,0,0,0.0,0.0,0,0.0,0,0.0,202,100.0,24.4,112.995,42.476,44.5,1032.87,30.509,742.2,1.607,38.92,10.361,251.75,62.3,63.3,61.7,62.4,63.3,83.6,7.4,50.0,4388.0,4390,196
b24071b8-b3ee1196,Adaptive,0.717071498819003,0.45931812602393035,0.942558042003571,0.4269611156140916,4862,4563,3639,924,1223,201,1,0.5,0,1,0.0,0.5,1,0.5,188,93.07,12,5.94,26.48,124.497,41.325,44.584,1090.13,28.239,745.45,3.212,84.4,9.873,260.28,61.2,62.8,61.5,62.4,62.8,73.2,18.9,46.0,4421.0,4425,215
b2408e45-984ba5aa,Vanilla,0.7348256869447992,0.5786453234604004,0.9926474374667583,0.3858679475037207,1945,1520,1438,82,507,203,0,0.0,0,0,0.0,0.0,0,0.0,0,0.0,203,100.0,23.76,110.757,43.403,44.998,1027.32,31.264,740.38,1.615,38.03,10.525,248.9,61.9,63.0,61.0,61.8,63.0,85.6,7.3,51.3,4396.0,4399,192
b2408e45-984ba5aa,Adaptive,0.7323804884229659,0.505012051622836,0.9655310601646065,0.4239258066268412,1945,1751,1457,294,488,182,21,10.34,0,21,0.0,10.34,1,0.49,122,60.1,59,29.06,22.0,102.898,43.626,45.681,956.68,30.089,660.14,3.21,70.16,10.328,226.38,61.8,63.2,61.8,62.8,63.2,61.9,19.6,49.5,4425.0,4430,185
b242929f-3051abca,Vanilla,0.6427288418466082,0.5081675211734786,0.9883943132116977,0.3376287386439097,1863,1282,1210,72,653,202,0,0.0,0,0,0.0,0.0,0,0.0,0,0.0,202,100.0,23.61,110.104,43.4,44.998,1021.0,31.258,735.64,1.616,37.86,10.526,247.5,62.2,63.3,61.3,62.1,63.3,82.6,7.3,51.6,4399.0,4401,186
b242929f-3051abca,Adaptive,0.6588922366358881,0.4788523714682894,0.9682736229606818,0.37364363534248624,1863,1468,1257,211,606,177,25,12.38,0,25,0.0,12.38,1,0.5,113,55.94,63,31.19,21.21,99.492,44.082,46.593,930.56,30.44,642.92,3.217,67.66,10.424,219.97,62.3,63.3,61.9,62.7,63.3,81.9,19.4,49.8,4425.0,4429,177
b242f6b2-0033bdfb,Vanilla,0.39000457898476504,0.30500772651675045,0.9899565122644485,0.2017557033938531,2809,1152,1106,46,1703,202,0,0.0,0,0,0.0,0.0,0,0.0,0,0.0,202,100.0,23.34,109.929,43.748,45.496,1018.63,31.547,734.94,1.616,37.41,10.585,246.28,62.4,63.5,61.5,62.3,63.5,85.4,6.9,51.9,4396.0,4404,190
b242f6b2-0033bdfb,Adaptive,0.44757885529339725,0.33359477722776404,0.9874659769378495,0.23732392653089196,2809,1361,1271,90,1538,179,23,11.39,0,23,0.0,11.39,1,0.5,116,57.43,62,30.69,21.42,100.481,44.241,46.49,943.8,30.608,653.39,3.209,68.14,10.424,222.26,62.3,63.6,62.0,62.8,63.6,83.8,20.1,50.0,4424.0,4430,174
b242f6b2-99d2f2c1,Vanilla,0.2710778531247234,0.19465953687353504,0.9762873890933967,0.14598684210526316,1520,460,421,39,1099,203,0,0.0,0,0,0.0,0.0,0,0.0,0,0.0,203,100.0,23.22,109.256,44.138,45.497,1020.64,31.871,737.4,1.614,37.13,10.652,246.11,62.5,63.7,61.6,62.4,63.7,88.0,7.1,52.5,4398.0,4401,186
b242f6b2-99d2f2c1,Adaptive,0.28219126191593613,0.17592104542468892,0.9476272913572367,0.16381578947368422,1520,540,448,92,1072,153,50,24.63,18,32,8.87,15.76,7,3.45,67,33.0,79,38.92,19.53,91.547,42.527,46.593,830.32,28.514,556.92,3.87,75.46,10.143,197.94,61.8,63.5,62.2,64.7,64.7,70.2,25.0,46.9,4426.0,4432,162
b242f6b2-eaa39345,Vanilla,0.4980739094125677,0.3841729169280613,0.9926935515414466,0.25737702026984866,1683,876,844,32,839,202,0,0.0,0,0,0.0,0.0,0,0.0,0,0.0,202,100.0,23.42,109.999,43.662,45.496,1019.57,31.479,735.27,1.597,37.2,10.586,247.1,62.4,63.7,61.7,62.6,63.7,85.8,7.2,51.9,4403.0,4404,189
b242f6b2-eaa39345,Adaptive,0.5156793746230321,0.36811042916315506,0.9804408722636803,0.28355322705638897,1683,986,881,105,802,163,39,19.31,0,39,0.0,19.31,1,0.5,75,37.13,87,43.07,19.56,91.221,43.93,46.593,855.52,30.428,592.93,3.1,60.09,10.401,202.49,62.2,63.4,62.0,62.7,63.4,78.5,19.7,49.7,4430.0,4435,162
b242f6b2-f5da110f,Vanilla,0.43777044770660967,0.3261677022028665,0.9917795432424905,0.22776169556840078,1875,865,827,38,1048,201,0,0.0,0,0,0.0,0.0,0,0.0,0,0.0,201,100.0,23.25,110.031,43.726,45.497,1011.29,31.514,729.06,1.612,37.16,10.6,245.06,62.5,63.7,61.5,62.3,63.7,86.1,7.3,52.0,4397.0,4399,187
b242f6b2-f5da110f,Adaptive,0.46449119569088737,0.3137262986145749,0.9731405536350419,0.2577679207920792,1875,1010,890,120,985,170,31,15.42,5,26,2.49,12.94,7,3.48,99,49.25,64,31.84,20.69,98.415,44.052,46.591,905.68,30.096,618.82,3.589,73.75,10.367,213.11,62.2,63.5,62.1,64.6,64.6,80.5,22.3,49.3,4427.0,4433,171
b24380ab-63272e5a,Vanilla,0.08134420376539006,0.05710936151059184,0.999331699710403,0.04186834017336254,811,67,66,1,745,200,0,0.0,0,0,0.0,0.0,0,0.0,0,0.0,200,100.0,22.81,108.957,44.132,45.497,1003.18,31.843,724.11,1.608,36.4,10.68,242.67,62.5,63.7,61.6,62.3,63.7,88.2,7.2,52.8,4400.0,4403,183
b24380ab-63272e5a,Adaptive,0.05618540318543754,0.03174296346526906,0.9403796317194026,0.03234040712137928,811,57,48,9,763,54,146,73.0,133,13,66.5,6.5,20,10.0,13,6.5,21,10.5,16.12,76.528,30.987,44.702,501.49,13.44,220.59,9.767,155.23,7.78,125.67,58.9,62.3,62.8,64.2,64.2,41.1,68.0,22.6,4419.0,4424,135
b24380ab-6dbeb908,Vanilla,0.42993491636437176,0.3356936033819384,0.9926881012596279,0.22300436264540466,1481,668,641,27,840,202,0,0.0,0,0,0.0,0.0,0,0.0,0,0.0,202,100.0,23.2,109.741,43.979,45.511,1014.91,31.743,732.82,1.602,36.85,10.634,245.25,62.0,63.2,61.0,61.9,63.2,90.1,7.1,52.2,4397.0,4401,184
b24380ab-6dbeb908,Adaptive,0.46012537032784484,0.3170173981162959,0.9799105890844564,0.25342221402368137,1481,776,692,84,789,161,41,20.3,7,34,3.47,16.83,9,4.46,71,35.15,81,40.1,19.78,93.594,43.816,46.593,863.9,29.841,588.06,3.651,72.22,10.325,203.62,61.9,63.5,61.8,64.1,64.1,81.5,22.9,48.8,4430.0,4434,164
b24c9ee6-e43a6e8b,Vanilla,0.3909595988811518,0.30419209606545194,0.9969738471418083,0.1991757508936034,1061,424,416,8,645,202,0,0.0,0,0,0.0,0.0,0,0.0,0,0.0,202,100.0,23.14,109.466,43.994,45.497,1011.93,31.782,731.23,1.556,35.71,10.655,244.99,62.4,63.5,61.5,62.3,63.5,87.4,7.2,52.6,4404.0,4405,184
b24c9ee6-e43a6e8b,Adaptive,0.4016782033646693,0.2860914157856255,0.9874028506894638,0.218360755041815,1061,473,430,43,631,140,62,30.69,18,44,8.91,21.78,22,10.89,37,18.32,81,40.1,18.79,88.893,42.06,46.693,785.97,27.22,508.5,4.871,91.21,9.968,186.26,61.5,63.3,62.3,64.4,64.4,75.3,31.7,44.6,4427.0,4434,157
b24ca67a-594d7d3c,Vanilla,0.5481872091363775,0.4238544906035597,0.9992083442948242,0.2777891440718227,1019,566,559,7,460,202,0,0.0,0,0,0.0,0.0,0,0.0,0,0.0,202,100.0,23.34,109.711,43.747,45.497,1020.76,31.543,736.24,1.599,37.23,10.604,247.29,62.5,63.6,61.5,62.2,63.6,88.7,7.3,52.0,4398.0,4400,186
b24ca67a-594d7d3c,Adaptive,0.559436416857547,0.4090812206462936,0.9957455751513233,0.2916542219567351,1019,598,572,26,447,132,70,34.65,0,70,0.0,34.65,1,0.5,38,18.81,93,46.04,15.74,73.155,44.183,46.593,691.92,30.535,478.48,3.223,50.26,10.425,163.18,62.3,63.4,61.9,62.6,63.4,83.7,19.6,49.3,4426.0,4430,132
b24d283f-33783d1b,Vanilla,0.7241080622838173,0.5701461978348262,0.9932146074509374,0.37622401475075484,2991,2276,2179,97,812,202,0,0.0,0,0,0.0,0.0,0,0.0,0,0.0,202,100.0,23.77,111.206,43.337,44.999,1025.69,31.222,739.18,1.605,37.88,10.509,248.63,62.3,63.5,61.5,62.2,63.5,90.0,6.8,51.4,4403.0,4405,197
b24d283f-33783d1b,Adaptive,0.748252450439649,0.5583479085051398,0.9843327099383953,0.4149728443428509,2991,2552,2260,292,731,189,13,6.44,0,13,0.0,6.44,1,0.5,146,72.28,42,20.79,23.27,109.062,43.246,45.594,1002.66,29.811,691.28,3.188,73.76,10.247,237.62,62.0,63.2,61.9,62.8,63.2,75.6,19.5,48.9,4433.0,4437,193
b24f03f7-ff66eaca,Vanilla,0.7474189103128923,0.6142206093537345,0.9996706507200146,0.37701174147252337,1165,878,871,7,294,202,0,0.0,0,0,0.0,0.0,0,0.0,0,0.0,202,100.0,23.39,109.928,43.76,45.496,1018.3,31.569,734.79,1.614,37.43,10.576,246.08,62.3,63.4,61.4,62.2,63.4,84.8,7.2,52.0,4408.0,4410,186
b24f03f7-ff66eaca,Adaptive,0.7735534722219255,0.6193756638673881,0.9962221773690502,0.40107752716646883,1165,940,904,36,261,127,75,37.13,12,63,5.94,31.19,1,0.5,50,24.75,76,37.62,16.36,74.957,42.159,45.581,691.06,28.638,470.56,3.482,55.99,10.038,164.51,61.5,63.0,61.8,64.8,64.8,59.1,24.2,47.2,4434.0,4438,136
b24f7455-e8c55d6a,Vanilla,0.6304944319072361,0.46716684621667415,0.9792215801711542,0.33487238992624563,2734,1885,1758,127,976,202,0,0.0,0,0,0.0,0.0,0,0.0,0,0.0,202,100.0,23.87,110.774,43.216,44.998,1027.26,31.11,739.75,1.614,38.21,10.493,249.29,62.3,63.3,61.4,62.3,63.3,88.6,7.2,50.9,4408.0,4411,190
b24f7455-e8c55d6a,Adaptive,0.6417819548785956,0.4266228826053414,0.9568153450963011,0.3712324922090833,2734,2184,1812,372,922,186,16,7.92,0,16,0.0,7.92,1,0.5,146,72.28,39,19.31,22.82,106.862,43.388,46.092,985.43,29.907,679.51,3.209,72.62,10.272,233.31,62.0,63.2,62.0,62.9,63.2,79.5,19.2,49.0,4431.0,4435,190
b2505382-1423f56a,Vanilla,0.6996843759826461,0.5441832009306554,0.9979325506333216,0.3572000482819667,2040,1462,1430,32,610,202,0,0.0,0,0,0.0,0.0,0,0.0,0,0.0,202,100.0,23.45,110.692,43.731,45.396,1019.1,31.529,734.82,1.609,37.43,10.593,246.85,62.3,63.3,61.4,62.1,63.3,85.3,7.3,52.0,4407.0,4409,191
b2505382-1423f56a,Adaptive,0.7452322558573404,0.5520681465414687,0.9937371528880538,0.39127250404191444,2040,1613,1528,85,512,159,43,21.29,0,43,0.0,21.29,1,0.5,90,44.55,68,33.66,19.01,89.629,44.022,46.593,831.47,30.435,574.95,3.184,59.98,10.403,196.54,62.1,63.3,61.9,62.7,63.3,81.6,19.3,49.9,4436.0,4440,157
b2505382-272e7823,Vanilla,0.26243442971982334,0.1983235592155057,0.9952426496930805,0.1342524368375264,1119,302,295,7,824,202,0,0.0,0,0,0.0,0.0,0,0.0,0,0.0,202,100.0,23.22,109.351,43.965,45.496,1017.98,31.745,735.33,1.608,37.1,10.612,245.55,62.5,63.6,61.5,62.4,63.6,86.4,7.3,52.3,4405.0,4408,182
b2505382-272e7823,Adaptive,0.26739680426197393,0.18536138252039827,0.9849887372516736,0.14377524439700015,1119,329,303,26,816,129,73,36.14,0,73,0.0,36.14,4,1.98,28,13.86,97,48.02,15.48,72.05,43.913,46.591,675.32,30.295,466.2,3.208,49.08,10.41,160.03,62.3,63.5,61.9,63.7,63.7,79.7,20.0,48.9,4441.0,4445,127
b2505382-2905b23c,Vanilla,0.4064091858317125,0.31706235641385316,0.9931494060350509,0.21015494840540766,846,359,346,13,500,179,0,0.0,0,0,0.0,0.0,0,0.0,0,0.0,179,100.0,20.48,109.255,43.981,45.497,896.14,31.806,648.31,1.534,31.12,10.642,216.71,62.6,63.7,61.6,62.4,63.7,88.6,7.1,52.2,4413.0,4416,162
b2505382-2905b23c,Adaptive,0.44600839798036573,0.3156780700851101,0.9843433595240869,0.2422182821118991,846,420,382,38,464,123,56,31.28,32,24,17.88,13.41,13,7.26,48,26.82,62,34.64,17.06,90.993,41.825,46.691,712.02,26.983,461.46,4.936,82.1,9.907,168.45,61.7,63.5,62.5,65.0,65.1,73.0,33.7,45.2,4440.0,4445,142
b2505382-549785d3,Vanilla,0.2625308085428111,0.20248792191173376,0.9964898854224238,0.13512450851900393,805,218,212,6,593,200,0,0.0,0,0,0.0,0.0,0,0.0,0,0.0,200,100.0,22.8,109.038,44.171,45.881,1002.87,31.925,725.02,1.557,35.29,10.688,242.56,62.5,63.6,61.6,62.5,63.6,90.1,7.1,52.7,4411.0,4413,182
b2505382-549785d3,Adaptive,0.1670224010069498,0.10686369486338063,0.9587593374384901,0.09884545122396783,805,170,138,32,667,61,139,69.5,108,31,54.0,15.5,6,3.0,14,7.0,41,20.5,14.23,66.965,34.136,46.193,484.81,17.444,249.51,8.365,117.15,8.328,118.15,59.7,62.9,62.7,64.5,64.5,46.6,59.5,28.5,4438.0,4443,120
b2505382-de5238f0,Vanilla,0.3921483960873935,0.28350789570529983,0.9829233912728481,0.2084201794315908,2004,859,798,61,1206,202,0,0.0,0,0,0.0,0.0,0,0.0,0,0.0,202,100.0,23.33,109.871,43.806,45.496,1017.78,31.596,734.25,1.601,37.14,10.609,246.38,62.2,63.2,61.3,62.1,63.2,84.4,7.2,52.1,4408.0,4411,186
b2505382-de5238f0,Adaptive,0.4326988552367135,0.29523660704015076,0.9697375462537607,0.2362716661339959,2004,993,891,102,1113,171,31,15.35,0,31,0.0,15.35,1,0.5,94,46.53,76,37.62,20.18,95.186,44.563,46.691,896.46,30.86,621.33,3.2,64.01,10.503,211.12,62.4,63.4,61.9,62.6,63.4,87.1,19.5,50.4,4435.0,4440,168
b250fb0c-01a1b8d3,Vanilla,0.7261389902456776,0.555301954901966,0.9856386390180762,0.3819998052883505,2389,1866,1758,108,631,202,0,0.0,0,0,0.0,0.0,0,0.0,0,0.0,202,100.0,23.67,110.446,43.407,44.999,1026.08,31.255,739.02,1.607,37.89,10.545,249.17,62.5,63.7,61.6,62.4,63.7,87.0,6.9,51.4,4411.0,4413,192
b250fb0c-01a1b8d3,Adaptive,0.7420437019211747,0.5098922780202192,0.9697405912150537,0.4225142779780579,2389,2121,1812,309,577,174,28,13.86,0,28,0.0,13.86,1,0.5,124,61.39,49,24.26,21.26,99.293,43.409,45.696,920.3,29.923,634.67,3.198,67.55,10.289,218.07,62.1,63.2,62.0,62.8,63.2,71.0,19.1,48.8,4438.0,4442,177
b251064f-30002542,Vanilla,0.7910654622263279,0.6767545383439051,0.999234745462345,0.4017565012876048,1828,1470,1447,23,381,202,0,0.0,0,0,0.0,0.0,0,0.0,0,0.0,202,100.0,23.49,110.296,43.574,45.396,1019.16,31.394,734.56,1.616,37.62,10.564,246.99,62.3,63.4,61.5,62.3,63.4,84.4,6.9,51.7,4416.0,4418,190
b251064f-30002542,Adaptive,0.7839039668298871,0.608719054010017,0.9840243486064985,0.43079058270524356,1828,1620,1449,171,379,171,31,15.35,0,31,0.0,15.35,1,0.5,101,50.0,69,34.16,20.55,96.356,44.008,46.094,899.47,30.403,621.81,3.215,65.44,10.39,212.21,62.4,63.3,62.1,62.9,63.3,83.2,19.3,49.6,4444.0,4448,172
b251064f-4696b75e,Vanilla,0.6360735950630214,0.47217862197969057,0.9545007490513958,0.3513762306205813,886,667,588,79,298,179,0,0.0,0,0,0.0,0.0,0,0.0,0,0.0,179,100.0,20.69,109.658,43.762,45.497,900.82,31.562,649.79,1.612,33.09,10.589,217.94,62.5,63.7,61.6,62.5,63.7,88.1,6.9,51.9,4417.0,4420,167
b251064f-4696b75e,Adaptive,0.5461163589205457,0.3417426237024592,0.892891333648202,0.34319172351694255,886,722,528,194,358,127,52,29.05,23,29,12.85,16.2,3,1.68,52,29.05,72,40.22,16.74,88.14,41.779,46.193,696.46,27.671,461.98,4.146,68.53,9.962,165.96,61.6,63.3,62.1,63.8,63.8,63.3,26.6,44.8,4444.0,4450,139
b251064f-5f6b663e,Vanilla,0.8082936763789421,0.6510352666998004,0.9916770522376429,0.4232142144605235,1184,1016,964,52,220,203,0,0.0,0,0,0.0,0.0,0,0.0,0,0.0,203,100.0,23.83,110.152,43.325,44.998,1026.86,31.198,739.6,1.607,38.0,10.52,249.26,62.4,63.5,61.6,62.3,63.5,85.6,7.4,51.4,4413.0,4415,190
b251064f-5f6b663e,Adaptive,0.7845851243652606,0.5429621417272894,0.9647137495149782,0.4521010126221207,1184,1137,952,185,232,158,45,22.17,0,45,0.0,22.17,1,0.49,86,42.36,71,34.98,19.09,88.063,43.938,46.49,831.8,30.388,575.2,3.188,60.34,10.361,196.26,62.3,63.4,62.1,63.0,63.4,78.6,19.3,49.5,4440.0,4444,159
b251064f-8d92db81,Vanilla,0.7780141652765545,0.6124332491268658,0.9842621800997438,0.4195294215496264,3464,2985,2730,255,734,202,0,0.0,0,0,0.0,0.0,0,0.0,0,0.0,202,100.0,23.91,111.687,43.134,44.6,1026.49,31.057,739.32,1.611,38.2,10.466,248.97,62.3,63.6,61.6,62.6,63.6,91.1,7.2,51.0,4414.0,4417,194
b251064f-8d92db81,Adaptive,0.7934606896093954,0.5568295787812778,0.9590440507545895,0.46795039783768433,3464,3481,2820,661,644,200,2,0.99,0,2,0.0,0.99,1,0.5,177,87.62,22,10.89,25.18,118.866,42.35,44.698,1062.72,29.038,729.05,3.211,80.29,10.1,253.38,61.6,63.1,61.8,62.8,63.0,55.7,19.1,47.8,4439.0,4444,207
b251064f-e7a165fd,Vanilla,0.7322449730293459,0.5405589602927585,0.9803074514323302,0.39365654704688663,3840,3121,2861,260,979,202,0,0.0,0,0,0.0,0.0,0,0.0,0,0.0,202,100.0,24.07,111.757,42.85,44.6,1026.09,30.808,738.03,1.609,38.38,10.433,249.68,62.2,63.2,61.4,62.2,63.2,78.8,6.9,50.6,4414.0,4417,197
b251064f-e7a165fd,Adaptive,0.7519194572771344,0.522661040845882,0.9592834238538807,0.4400200220933444,3840,3621,2968,653,872,195,7,3.47,0,7,0.0,3.47,1,0.5,172,85.15,22,10.89,25.17,117.019,41.862,44.186,1047.88,28.76,720.13,3.092,77.16,10.01,250.59,61.5,63.3,61.7,62.7,63.3,72.4,19.4,47.0,4450.0,4454,208
b251b746-00138418,Vanilla,0.4707938850192618,0.37007410476147456,0.9992221794240679,0.23864610186997073,1887,901,889,12,998,203,0,0.0,0,0,0.0,0.0,0,0.0,0,0.0,203,100.0,23.57,110.044,43.452,45.098,1024.86,31.294,738.53,1.61,37.74,10.549,248.59,62.1,63.2,61.3,62.2,63.2,86.0,7.2,51.7,4427.0,4431,187
b251b746-00138418,Adaptive,0.5161305734752665,0.39311621369838895,0.997578393887428,0.26458212351132393,1887,1002,976,26,911,152,51,25.12,0,51,0.0,25.12,1,0.49,67,33.0,84,41.38,18.29,84.602,43.676,46.195,796.4,30.137,549.98,3.187,57.8,10.352,188.63,61.9,63.4,61.7,62.5,63.4,83.0,19.8,49.3,4448.0,4454,153
b255cd6c-0bdf0ac7,Vanilla,0.6981662631691512,0.5777411744346916,0.998078811418921,0.3549420790450679,692,492,484,8,208,186,0,0.0,0,0,0.0,0.0,0,0.0,0,0.0,186,100.0,21.48,109.58,43.758,45.497,934.63,31.55,673.92,1.606,34.25,10.602,226.45,62.4,63.5,61.5,62.2,63.5,83.6,7.1,52.0,4422.0,4424,174
b255cd6c-0bdf0ac7,Adaptive,0.686762000934134,0.5235402077515394,0.9931513589365153,0.3597633850078718,692,503,478,25,214,113,73,39.25,7,66,3.76,35.48,4,2.15,19,10.22,90,48.39,14.32,71.185,42.422,45.197,604.11,28.668,408.7,3.692,52.28,10.063,143.13,61.6,63.2,62.1,64.2,64.2,65.6,23.9,45.9,4448.0,4453,119
b255cd6c-2f889586,Vanilla,0.6081916458789516,0.45563583484487724,0.9797596371979582,0.3241786447638604,2910,1948,1803,145,1107,203,0,0.0,0,0,0.0,0.0,0,0.0,0,0.0,203,100.0,24.03,110.796,43.075,44.999,1030.75,31.014,742.32,1.605,38.32,10.456,250.11,62.2,63.5,61.6,62.4,63.5,85.0,7.2,51.0,4423.0,4426,193
b255cd6c-2f889586,Adaptive,0.6241194142981796,0.4257094240772326,0.9604630613642281,0.3584173914654366,2910,2226,1872,354,1038,190,13,6.4,0,13,0.0,6.4,1,0.49,140,68.97,49,24.14,23.5,108.635,43.046,45.197,1007.13,29.696,695.08,3.137,73.21,10.213,238.85,61.9,63.3,62.0,62.8,63.3,69.5,19.6,48.5,4452.0,4457,195
b255cd6c-5ccba454,Vanilla,0.3660592887359416,0.2641483449847554,0.9858412957039779,0.18879019452163553,458,176,170,6,288,156,0,0.0,0,0,0.0,0.0,0,0.0,0,0.0,156,100.0,17.88,109.174,43.73,45.497,779.66,31.502,562.08,1.626,28.77,10.601,188.81,62.3,63.3,61.4,62.2,63.4,86.3,7.1,51.5,4429.0,4431,144
b255cd6c-5ccba454,Adaptive,0.3829541575496046,0.25996930093065396,0.9894543081372008,0.20253414475517972,458,188,177,11,281,79,77,49.36,31,46,19.87,29.49,5,3.21,13,8.33,61,39.1,11.62,69.826,39.522,45.694,458.64,24.84,288.63,5.131,59.21,9.55,110.8,61.0,63.2,62.1,64.9,64.9,75.4,34.3,39.7,4458.0,4464,97
