sequence,system,ap_50,ap_50_95,avg_precision,avg_recall,total_gt,total_preds,total_tp,total_fp,total_fn,infer_count,skip_count,skip_rate_pct,erd_empty_count,predict_count,erd_empty_rate_pct,predict_rate_pct,erd_infer_count,erd_infer_rate_pct,augmented_infer_count,augmented_infer_rate_pct,pure_infer_count,pure_infer_rate_pct,wall_duration_s,avg_frame_time_ms,avg_power_w,max_power_w,energy_j,avg_power_gpu_w,energy_gpu_j,avg_power_cpu_w,energy_cpu_j,avg_power_io_w,energy_io_j,avg_gpu_temp_c,max_gpu_temp_c,avg_cpu_temp_c,max_cpu_temp_c,max_tj_temp_c,avg_gpu_util_pct,avg_cpu_util_pct,avg_emc_util_pct,avg_ram_used_mb,max_ram_used_mb,n_tegrastats_samples
b1c66a42-6f7d68ca,Vanilla,0.7277110871866928,0.5774025526552735,0.9952003075772666,0.3754402659682831,2612,1977,1909,68,703,202,0,0.0,0,0,0.0,0.0,0,0.0,0,0.0,202,100.0,16.53,70.782,58.364,92.576,951.54,27.336,446.78,11.622,189.61,11.073,180.71,49.3,50.9,47.3,48.9,50.9,59.5,4.7,30.2,5674.0,5695,124
b1c66a42-6f7d68ca,Adaptive,0.7277361929061694,0.517025245836052,0.975866511705055,0.40865704967092575,2612,2227,1933,294,679,180,22,10.89,0,22,0.0,10.89,1,0.5,126,62.38,53,26.24,15.36,65.139,58.088,92.51,873.62,26.389,399.41,11.464,173.19,10.827,163.68,50.5,51.5,48.9,49.7,51.5,57.0,4.8,29.3,5598.0,5660,116
b1c81faa-3df17267,Vanilla,0.3636826827848477,0.2736027557006562,0.9552424625920495,0.2004635844940426,472,202,179,23,293,182,0,0.0,0,0,0.0,0.0,0,0.0,0,0.0,182,100.0,11.76,56.417,67.077,94.572,773.33,32.548,377.32,12.858,148.73,12.217,141.4,51.9,52.9,50.0,50.7,52.9,72.3,4.5,36.8,5549.0,5558,91
b1c81faa-3df17267,Adaptive,0.23767761814198482,0.15745946699449714,0.9238492188413452,0.1413946081219429,472,149,120,29,352,38,144,79.12,126,18,69.23,9.89,4,2.2,11,6.04,23,12.64,8.82,43.587,40.293,93.368,344.26,12.346,104.65,11.784,100.71,8.423,71.82,49.9,52.5,50.2,51.5,52.5,22.6,23.7,17.2,5569.0,5580,67
b1c81faa-c80764c5,Vanilla,0.5368164616333625,0.42411233813149096,0.999704611690331,0.27120501090719284,866,469,465,4,401,202,0,0.0,0,0,0.0,0.0,0,0.0,0,0.0,202,100.0,13.17,56.968,68.547,98.11,887.06,32.493,419.83,12.85,165.82,12.212,157.65,51.8,52.8,49.9,51.0,52.8,71.2,4.6,36.6,5568.0,5572,102
b1c81faa-c80764c5,Adaptive,0.524159363163746,0.37739248210435394,0.9922068713532322,0.27445228138068783,866,481,457,24,409,125,77,38.12,1,76,0.5,37.62,1,0.5,17,8.42,107,52.97,8.91,35.856,66.021,97.698,568.16,29.93,258.95,12.435,107.29,11.69,100.95,52.3,53.0,50.5,50.9,53.0,67.5,5.0,34.2,5556.0,5562,69
b1c9c847-3bda4659,Vanilla,0.8341553942437361,0.6621624476447748,0.9921920921958113,0.43844280334012997,2937,2610,2466,144,471,203,0,0.0,0,0,0.0,0.0,0,0.0,0,0.0,203,100.0,15.5,65.946,64.099,95.844,978.79,28.895,442.53,12.058,184.48,11.381,174.17,52.4,53.3,50.5,50.9,53.3,65.6,4.9,32.3,5532.0,5543,122
b1c9c847-3bda4659,Adaptive,0.8265452643962214,0.5773243020134091,0.9635269292294601,0.4856519721691954,2937,3043,2480,563,457,198,5,2.46,0,5,0.0,2.46,1,0.49,175,86.21,22,10.84,16.47,70.616,60.462,93.314,975.08,26.943,436.77,11.627,188.17,10.948,177.31,52.1,52.9,50.3,50.7,52.8,59.7,5.0,29.9,5548.0,5554,128
b1ca2e5d-84cf9134,Vanilla,0.6441324086062441,0.4217183508101233,0.9725377056401081,0.34884082733177374,3944,2870,2605,265,1339,203,0,0.0,0,0,0.0,0.0,0,0.0,0,0.0,203,100.0,17.49,75.598,59.554,95.622,1025.76,26.387,455.38,11.424,196.96,10.814,186.56,52.0,53.0,50.2,50.8,53.0,58.7,4.5,28.6,5529.0,5542,132
b1ca2e5d-84cf9134,Adaptive,0.6626606220372405,0.4164025714418744,0.9479649979124899,0.39387768894547304,3944,3384,2713,671,1231,197,6,2.96,0,6,0.0,2.96,1,0.49,168,82.76,28,13.79,18.41,79.882,55.588,97.306,1012.65,24.761,451.66,11.108,202.28,10.469,190.76,51.6,52.5,49.9,50.9,52.6,53.3,4.8,26.9,5564.0,5566,139
b1cac6a7-04e33135,Vanilla,0.7670310418624848,0.604157846960985,0.9902679349162675,0.3985565346246461,1368,1105,1059,46,309,106,0,0.0,0,0,0.0,0.0,0,0.0,0,0.0,106,100.0,8.7,70.224,60.56,96.36,508.88,26.885,227.95,11.572,97.86,10.924,92.45,51.6,52.5,49.7,50.7,52.4,61.9,4.6,28.3,5539.0,5545,65
b1cac6a7-04e33135,Adaptive,0.7745574892179095,0.5908964723214156,0.9838227197470794,0.4138606330321057,1368,1159,1075,84,293,81,25,23.58,0,25,0.0,23.58,1,0.94,36,33.96,44,41.51,7.3,57.346,56.049,90.582,392.55,24.927,176.53,11.15,78.69,10.495,74.17,51.5,52.3,49.9,50.8,52.3,53.8,4.8,28.1,5562.0,5569,54
b1cd1e94-549d0bfe,Vanilla,0.7045922593642597,0.5642952505970047,0.9920586728012535,0.3675112395396789,1763,1313,1251,62,512,203,0,0.0,0,0,0.0,0.0,0,0.0,0,0.0,203,100.0,13.92,58.598,62.563,96.896,848.53,31.308,426.81,12.528,170.52,11.899,162.06,52.7,53.8,50.8,51.5,53.8,65.7,4.6,35.5,5547.0,5551,108
b1cd1e94-549d0bfe,Adaptive,0.6828130629299018,0.5019422277699951,0.9723817239088267,0.38734167889294846,1763,1432,1227,205,536,165,38,18.72,0,38,0.0,18.72,1,0.49,86,42.36,78,38.42,12.38,50.438,63.647,96.796,771.41,28.992,352.97,12.124,147.44,11.435,139.12,52.8,53.6,50.9,51.5,53.6,65.4,4.8,32.6,5589.0,5593,97
b1ceb32e-3f481b43,Vanilla,0.3743047559696894,0.26324095018039817,0.970810772478065,0.2013986013986014,715,301,275,26,440,138,0,0.0,0,0,0.0,0.0,0,0.0,0,0.0,138,100.0,8.69,54.866,62.794,94.662,526.38,32.859,276.78,12.984,109.1,12.311,103.52,53.4,54.5,51.4,52.1,54.5,69.4,4.4,37.2,5562.0,5563,68
b1ceb32e-3f481b43,Adaptive,0.3278918040821648,0.20747054358177924,0.9241978689017794,0.1978452797202797,715,320,249,71,466,80,58,42.03,43,15,31.16,10.87,14,10.14,27,19.57,39,28.26,8.37,54.255,53.453,94.792,432.99,21.903,178.06,12.063,98.39,10.176,82.87,52.4,53.8,51.2,52.6,53.8,45.8,13.6,26.8,5592.0,5605,64
b1ceb32e-51852abe,Vanilla,0.6547912141961268,0.5101993483011864,0.9920097568374773,0.33549989311806055,2164,1470,1428,42,736,203,0,0.0,0,0,0.0,0.0,0,0.0,0,0.0,203,100.0,15.0,62.898,61.425,96.946,901.49,29.622,436.21,12.225,179.85,11.556,170.06,53.1,54.3,51.2,51.7,54.3,63.7,4.6,33.3,5559.0,5571,114
b1ceb32e-51852abe,Adaptive,0.6716030556359872,0.49095855881459577,0.984129453408697,0.3610530394143144,2164,1603,1473,130,691,158,45,22.17,0,45,0.0,22.17,1,0.49,92,45.32,65,32.02,12.65,51.194,59.291,97.52,729.04,27.561,341.5,11.799,145.9,11.11,137.49,52.9,53.9,51.0,51.4,53.9,58.5,4.8,30.5,5591.0,5593,97
b1cebfb7-284f5117,Vanilla,0.6052060023577825,0.4763300588498307,0.9834776642801669,0.3200584191783091,1956,1284,1202,82,754,202,0,0.0,0,0,0.0,0.0,0,0.0,0,0.0,202,100.0,14.22,60.095,66.029,91.846,917.82,30.516,425.57,12.447,173.34,11.781,164.15,53.4,54.4,51.4,51.9,54.4,68.2,4.7,34.6,5560.0,5560,110
b1cebfb7-284f5117,Adaptive,0.5956956643023652,0.40062298616543923,0.9566789551723162,0.34205622582611317,1956,1436,1206,230,750,170,32,15.84,0,32,0.0,15.84,2,0.99,95,47.03,73,36.14,13.03,54.174,62.659,92.69,806.58,28.545,367.5,12.049,154.87,11.33,145.73,53.4,54.2,51.6,52.4,54.2,63.6,5.0,32.0,5587.0,5595,102
b1d0091f-75824d0d,Vanilla,0.7443789598827681,0.6453706089172428,0.9977535713041116,0.38022235720835695,1641,1252,1224,28,417,202,0,0.0,0,0,0.0,0.0,0,0.0,0,0.0,202,100.0,14.33,61.436,64.828,97.298,911.59,30.444,429.76,12.449,175.55,11.757,165.84,53.6,54.5,51.8,52.4,54.5,66.1,4.5,34.5,5568.0,5570,109
b1d0091f-75824d0d,Adaptive,0.7605958400015829,0.612771250204631,0.9952822454002876,0.3961213372966586,1641,1310,1253,57,388,147,55,27.23,0,55,0.0,27.23,1,0.5,55,27.23,91,45.05,10.97,44.861,63.461,96.768,680.33,29.182,314.17,12.173,130.93,11.484,123.57,53.7,54.7,51.8,52.5,54.7,65.1,4.8,32.9,5594.0,5602,86
b1d0091f-f2c2d2ae,Vanilla,0.6001121572138357,0.4840124476882465,0.9868053683534147,0.31436926141185534,2451,1574,1489,85,962,202,0,0.0,0,0,0.0,0.0,0,0.0,0,0.0,202,100.0,14.41,60.009,62.38,96.232,883.94,30.197,431.59,12.427,176.96,11.734,167.16,53.9,54.8,52.0,52.7,54.8,64.3,4.9,34.3,5579.0,5580,114
b1d0091f-f2c2d2ae,Adaptive,0.6178333828584719,0.4754050896771297,0.9754410191425891,0.33711769909801115,2451,1717,1547,170,904,163,39,19.31,0,39,0.0,19.31,1,0.5,94,46.53,68,33.66,12.29,49.42,62.013,102.208,747.05,28.827,349.17,12.108,146.34,11.365,137.46,53.7,54.4,51.8,52.2,54.4,63.3,5.0,32.5,5622.0,5622,97
b1d0a191-03dcecc2,Vanilla,0.7375004392809487,0.5559062592341751,0.9883845380357725,0.38695591016172554,3220,2539,2400,139,820,202,0,0.0,0,0,0.0,0.0,0,0.0,0,0.0,202,100.0,15.39,65.071,61.676,96.156,933.73,28.885,437.6,12.06,182.43,11.371,172.09,53.7,54.5,51.8,52.4,54.5,61.7,4.9,32.0,5581.0,5591,121
b1d0a191-03dcecc2,Adaptive,0.7530248378332149,0.5248245598249422,0.9759614049958188,0.4220433268756952,3220,2831,2467,364,753,189,13,6.44,0,13,0.0,6.44,1,0.5,144,71.29,44,21.78,15.93,67.531,58.097,97.97,910.62,26.531,416.25,11.649,182.46,10.863,170.24,53.3,54.1,51.5,52.0,54.1,58.9,5.0,29.5,5601.0,5609,125
b1d0a191-06deb55d,Vanilla,0.7427355022727675,0.5415513218676868,0.9551689649546579,0.4262161518111084,2441,2228,1882,346,559,202,0,0.0,0,0,0.0,0.0,0,0.0,0,0.0,202,100.0,15.82,66.314,61.102,92.288,953.69,28.264,442.01,11.944,186.5,11.222,175.33,53.4,54.5,51.5,52.2,54.5,62.1,4.8,31.5,5576.0,5577,124
b1d0a191-06deb55d,Adaptive,0.7542082647654407,0.5131678802550266,0.9336163349942362,0.4538283307038792,2441,2458,1940,518,501,172,30,14.85,0,30,0.0,14.85,1,0.5,116,57.43,55,27.23,16.69,70.408,54.478,94.94,895.1,23.889,393.34,10.895,179.06,10.271,168.94,52.6,53.7,51.2,51.9,53.7,51.4,4.7,27.5,5586.0,5605,125
b1d0a191-28f0e779,Vanilla,0.790700205674308,0.6295795303558612,0.9889326788793594,0.4233743909101812,1615,1394,1288,106,327,190,0,0.0,0,0,0.0,0.0,0,0.0,0,0.0,190,100.0,14.25,64.206,61.691,97.538,856.29,29.056,405.32,12.134,169.01,11.467,159.79,53.3,54.3,51.6,52.5,54.3,63.5,4.7,32.5,5565.0,5575,109
b1d0a191-28f0e779,Adaptive,0.7876132265716856,0.564015301683622,0.967678561117495,0.45132443407985207,1615,1540,1301,239,314,154,36,18.95,2,34,1.05,17.89,2,1.05,93,48.95,59,31.05,12.75,56.4,59.955,95.36,747.43,26.728,335.69,11.721,146.79,10.988,137.76,53.3,54.0,51.5,52.2,54.0,61.4,5.0,30.0,5583.0,5592,97
b1d0a191-2ed2269e,Vanilla,0.7329477271694123,0.5441096693965849,0.9869057723498473,0.38765675759201323,3126,2476,2318,158,808,203,0,0.0,0,0,0.0,0.0,0,0.0,0,0.0,203,100.0,16.4,69.293,61.192,97.338,986.05,27.668,447.85,11.792,190.72,11.125,180.0,53.4,54.6,51.6,52.0,54.6,62.1,4.8,30.7,5560.0,5564,126
b1d0a191-2ed2269e,Adaptive,0.7468859264705708,0.5186610286210981,0.9721241582597547,0.4235352468190006,3126,2776,2381,395,745,185,18,8.87,0,18,0.0,8.87,1,0.49,136,67.0,48,23.65,17.06,72.09,56.941,93.55,954.36,24.867,419.15,11.207,188.65,10.517,177.14,52.9,53.6,51.2,52.0,53.6,54.4,4.8,27.2,5579.0,5594,129
b1d0a191-5490450b,Vanilla,0.7265340321643147,0.5729431119030068,0.9765767503120011,0.405132733408324,1778,1500,1314,186,464,204,0,0.0,0,0,0.0,0.0,0,0.0,0,0.0,204,100.0,16.05,66.356,61.295,96.358,973.38,27.984,442.52,11.877,187.61,11.215,177.25,53.1,54.1,51.4,52.1,54.1,61.7,4.7,31.2,5544.0,5550,122
b1d0a191-5490450b,Adaptive,0.7011744672452211,0.5131255208785623,0.9465141024010698,0.4144045541793309,1778,1611,1297,314,481,158,46,22.55,0,46,0.0,22.55,1,0.49,84,41.18,73,35.78,12.62,50.233,61.141,96.282,756.17,27.53,340.69,11.843,146.28,11.125,137.49,53.3,54.2,51.5,52.2,54.2,60.3,4.9,30.9,5575.0,5581,98
b1d0a191-65deaeef,Vanilla,0.7362250353245102,0.530369638010919,0.9648976375258272,0.3970854124531402,3276,2733,2495,238,781,202,0,0.0,0,0,0.0,0.0,0,0.0,0,0.0,202,100.0,15.92,66.078,61.416,96.338,967.87,28.114,443.13,11.92,187.62,11.233,176.89,53.5,54.2,51.9,52.7,54.2,63.1,5.0,31.6,5540.0,5541,126
b1d0a191-65deaeef,Adaptive,0.7617071388745661,0.5285005731943555,0.950803362433487,0.4386284561381837,3276,3084,2604,480,672,182,20,9.9,0,20,0.0,9.9,1,0.5,145,71.78,36,17.82,17.34,73.195,55.034,94.67,939.62,24.247,415.03,11.099,189.58,10.394,177.68,52.7,53.6,51.4,51.9,53.6,51.7,4.8,26.5,5574.0,5577,130
b1d0a191-de8948f6,Vanilla,0.7623985685435721,0.623314554247129,0.9903274741955348,0.4015231217112967,2478,2023,1905,118,573,202,0,0.0,0,0,0.0,0.0,0,0.0,0,0.0,202,100.0,16.13,67.382,60.306,96.378,961.07,27.748,441.23,11.842,188.08,11.152,177.23,53.0,53.9,51.3,52.2,53.9,60.0,4.7,30.5,5549.0,5552,125
b1d0a191-de8948f6,Adaptive,0.7752436515193443,0.5983072535139808,0.9811664939749681,0.4274343993950606,2478,2187,1948,239,530,172,30,14.85,0,30,0.0,14.85,1,0.5,104,51.49,67,33.17,14.44,59.592,57.616,94.426,817.64,26.665,378.36,11.64,164.84,10.905,154.56,53.0,53.7,51.5,52.2,53.7,57.0,4.9,29.4,5580.0,5584,112
b1d10d08-5b108225,Vanilla,0.6065398100783802,0.4827381975095707,0.9972797308053034,0.3086731370272325,2123,1316,1291,25,832,202,0,0.0,0,0,0.0,0.0,0,0.0,0,0.0,202,100.0,13.9,59.145,65.73,101.042,902.55,31.024,426.48,12.63,173.31,11.883,163.15,53.8,54.8,51.8,52.4,54.8,67.9,4.8,34.9,5555.0,5557,110
b1d10d08-5b108225,Adaptive,0.6279487079729034,0.46336909769539014,0.9869213614739064,0.3405545433207311,2123,1479,1346,133,777,173,29,14.36,0,29,0.0,14.36,1,0.5,97,48.02,75,37.13,12.69,53.217,63.4,96.306,789.39,29.515,367.57,12.305,152.99,11.539,143.54,53.9,54.7,52.0,52.4,54.7,63.2,4.9,33.5,5578.0,5588,100
b1d10d08-743fd86c,Vanilla,0.349405020771907,0.28801072667308125,0.992067432797711,0.18671567421259838,1016,384,357,27,659,202,0,0.0,0,0,0.0,0.0,0,0.0,0,0.0,202,100.0,13.08,55.754,56.965,102.04,721.32,32.56,417.15,12.993,166.14,12.135,155.3,54.4,55.6,52.4,53.1,55.6,56.2,4.6,37.5,5549.0,5551,100
b1d10d08-743fd86c,Adaptive,0.3337151012596846,0.24459933993856087,0.9739563708364712,0.18594618090251408,1016,394,346,48,670,129,73,36.14,12,61,5.94,30.2,3,1.49,21,10.4,105,51.98,9.63,39.429,65.287,102.452,615.49,28.86,270.94,12.499,117.31,11.454,107.5,54.4,55.2,52.6,54.1,55.1,63.6,6.7,33.3,5578.0,5588,75
b1d10d08-c35503b8,Vanilla,0.7468090003372067,0.5919604037988779,0.993544055944616,0.386858962411296,3127,2445,2349,96,778,202,0,0.0,0,0,0.0,0.0,0,0.0,0,0.0,202,100.0,15.38,65.061,61.591,100.802,931.52,28.877,438.18,12.077,183.06,11.314,171.56,54.2,55.4,52.4,53.2,55.4,60.4,5.0,32.8,5525.0,5525,121
b1d10d08-c35503b8,Adaptive,0.7433652096300221,0.547975561396799,0.9734654078213488,0.42397113507542356,3127,2778,2364,414,763,193,9,4.46,0,9,0.0,4.46,1,0.5,158,78.22,34,16.83,15.73,66.963,59.402,100.932,918.95,27.203,421.96,11.762,182.08,10.975,170.05,53.7,54.5,51.9,52.5,54.5,58.2,5.0,30.2,5577.0,5581,123
b1d10d08-da110fcb,Vanilla,0.8416920972964448,0.7148278871845346,0.9943851387463867,0.4423144278606965,2250,2010,1902,108,348,194,0,0.0,0,0,0.0,0.0,0,0.0,0,0.0,194,100.0,14.54,64.257,57.476,100.424,823.83,29.002,415.36,12.15,173.74,11.345,162.31,53.8,54.6,52.2,52.9,54.6,58.8,4.8,32.1,5572.0,5575,111
b1d10d08-da110fcb,Adaptive,0.8148292116756133,0.6120924955920602,0.965102392429046,0.46907831772923164,2250,2243,1878,365,372,176,18,9.28,0,18,0.0,9.28,1,0.52,129,66.49,46,23.71,14.69,64.622,60.315,94.514,867.71,26.699,385.9,11.644,167.99,10.924,157.72,53.5,54.4,51.8,52.3,54.3,58.2,4.9,29.2,5606.0,5615,114
b1d10d08-ec660956,Vanilla,0.7555794347591175,0.616565270649708,0.9936598459130053,0.39020026303001054,2117,1668,1609,59,508,202,0,0.0,0,0,0.0,0.0,0,0.0,0,0.0,202,100.0,15.62,63.715,62.672,102.93,967.57,28.415,437.48,12.021,184.85,11.299,173.84,53.7,54.5,51.9,52.4,54.5,62.1,4.8,31.7,5599.0,5607,121
b1d10d08-ec660956,Adaptive,0.7554272466206433,0.5542829380715693,0.9816924384527199,0.419866681940281,2117,1835,1619,216,498,169,33,16.34,0,33,0.0,16.34,1,0.5,110,54.46,58,28.71,14.01,56.137,61.32,97.258,844.47,26.861,369.95,11.716,161.11,10.978,151.06,53.6,54.9,51.8,52.1,54.9,60.9,4.9,30.0,5632.0,5640,108
b1d22449-117aa773,Vanilla,0.41869892028219136,0.33349920874057515,0.9527095371299872,0.23240048743722136,1193,595,522,73,671,202,0,0.0,0,0,0.0,0.0,0,0.0,0,0.0,202,100.0,13.12,55.255,65.247,102.032,837.05,32.264,415.51,12.98,166.9,12.042,154.93,54.3,55.4,52.3,53.1,55.4,66.1,4.7,36.6,5619.0,5627,99
b1d22449-117aa773,Adaptive,0.433477390852256,0.3119436149911149,0.9404397634568273,0.2559612187185588,1193,669,543,126,650,158,44,21.78,0,44,0.0,21.78,1,0.5,69,34.16,88,43.56,10.6,43.381,53.863,106.896,558.3,31.314,325.41,12.765,132.33,11.781,122.22,54.6,55.4,52.9,53.3,55.4,50.6,4.9,36.5,5635.0,5637,80
b1d22449-15fb948f,Vanilla,0.158,0.11929714906629854,1.0,0.08,500,79,79,0,421,183,0,0.0,0,0,0.0,0.0,0,0.0,0,0.0,183,100.0,10.65,50.186,72.323,103.378,750.66,35.129,364.63,13.626,141.13,12.614,130.71,55.5,56.6,53.4,53.9,56.6,75.5,4.6,41.5,5623.0,5631,80
b1d22449-15fb948f,Adaptive,0.072,0.046266791964097456,1.0,0.037000000000000005,500,36,36,0,464,31,152,83.06,143,9,78.14,4.92,10,5.46,5,2.73,16,8.74,9.5,48.11,39.353,83.294,366.12,10.946,101.5,11.746,109.0,8.16,75.69,52.3,53.9,52.5,54.4,54.4,19.8,23.8,16.7,5647.0,5666,72
b1d22ed6-f1cac061,Vanilla,0.8007616979123875,0.561737790120109,0.9854176030361054,0.4278737570069372,4610,4040,3738,302,872,203,0,0.0,0,0,0.0,0.0,0,0.0,0,0.0,203,100.0,17.14,72.121,60.007,95.904,1013.49,26.754,452.31,11.586,195.68,10.899,184.15,53.3,54.1,51.7,52.5,54.1,58.9,4.9,29.2,5600.0,5615,134
b1d22ed6-f1cac061,Adaptive,0.8076358705902233,0.5228829205852682,0.9538857522228782,0.48354714053813336,4610,4832,3827,1005,783,200,3,1.48,0,3,0.0,1.48,1,0.49,190,93.6,9,4.43,19.1,83.888,56.108,94.63,1057.37,24.322,458.76,11.052,208.03,10.358,195.14,52.7,53.7,51.0,51.7,53.7,52.8,5.0,26.4,5639.0,5648,147
b1d3907b-2278601b,Vanilla,0.29206720452173196,0.21999693276959675,0.972517394896357,0.15530153237765693,867,280,260,20,607,202,0,0.0,0,0,0.0,0.0,0,0.0,0,0.0,202,100.0,12.48,53.951,61.853,98.094,751.87,33.4,408.87,13.138,160.48,12.408,151.66,53.7,55.1,51.7,52.6,55.1,69.8,4.5,38.1,5644.0,5645,97
b1d3907b-2278601b,Adaptive,0.3235959125753558,0.21357219373597564,0.9622856965688835,0.18026183282980862,867,331,290,41,577,160,42,20.79,0,42,0.0,20.79,21,10.4,39,19.31,100,49.5,11.79,50.864,54.248,92.528,625.14,29.228,338.39,12.494,144.5,11.563,133.79,54.0,55.2,52.3,53.0,55.2,53.6,6.9,33.5,5647.0,5667,91
b1d4b62c-60aab822,Vanilla,0.8328963038655077,0.7105768266418989,0.9948410806880766,0.43351479462135867,2214,1937,1852,85,362,203,0,0.0,0,0,0.0,0.0,0,0.0,0,0.0,203,100.0,15.04,65.487,62.858,94.778,924.31,29.528,435.96,12.288,181.22,11.503,169.72,54.3,55.3,52.4,53.1,55.3,63.3,4.4,33.8,5649.0,5661,113
b1d4b62c-60aab822,Adaptive,0.8247905353413565,0.6404473543879594,0.9772053944955245,0.46264164268421976,2214,2131,1855,276,359,170,33,16.26,0,33,0.0,16.26,1,0.49,117,57.64,52,25.62,13.84,59.662,59.813,99.21,809.65,27.29,370.26,11.786,159.58,11.06,149.87,53.8,54.7,52.2,52.8,54.7,59.5,4.5,30.5,5687.0,5693,103
b1d59b1f-a38aec79,Vanilla,0.7115741490801507,0.5639373879865885,0.9941476473148398,0.3750782997762864,298,225,213,12,85,168,0,0.0,0,0,0.0,0.0,0,0.0,0,0.0,168,100.0,10.11,51.335,72.777,99.818,721.16,34.127,337.65,13.384,132.17,12.352,122.07,54.8,55.7,52.8,53.8,55.8,76.0,4.7,39.4,5689.0,5690,75
b1d59b1f-a38aec79,Adaptive,0.5786603115049496,0.38510797186799184,0.9442578499559716,0.33986335328617207,298,222,180,42,118,100,68,40.48,16,52,9.52,30.95,3,1.79,11,6.55,86,51.19,7.7,37.251,55.425,99.482,410.96,27.331,203.96,12.458,92.65,11.13,82.88,54.2,55.2,52.7,53.5,55.2,51.6,7.8,32.3,5702.0,5709,58
b1d7b3ac-0bdb47dc,Vanilla,0.7641348063429114,0.6292954659342691,0.9961552868672776,0.3910362682269899,1480,1164,1135,29,345,202,0,0.0,0,0,0.0,0.0,0,0.0,0,0.0,202,100.0,13.08,56.599,70.325,100.754,900.67,32.649,417.43,13.008,166.12,12.013,153.48,55.1,55.9,53.2,53.8,55.9,70.9,4.6,38.0,5697.0,5699,98
b1d7b3ac-0bdb47dc,Adaptive,0.7293349483282796,0.5251093047285915,0.9687223675677741,0.412094962094962,1480,1287,1105,182,375,168,34,16.83,0,34,0.0,16.83,1,0.5,83,41.09,84,41.58,11.32,47.541,65.12,97.132,722.92,31.386,348.77,12.839,142.39,11.765,130.56,55.1,56.1,53.1,53.5,56.1,64.6,4.9,36.4,5724.0,5734,88
b1d7b3ac-36f2d3b7,Vanilla,0.8606882197100825,0.7066601263081218,0.9950581637720112,0.4421281425328708,724,645,626,19,98,176,0,0.0,0,0,0.0,0.0,0,0.0,0,0.0,176,100.0,10.98,52.942,63.374,97.636,682.41,33.148,357.71,13.215,142.45,12.103,130.49,55.3,56.2,53.3,53.9,56.4,61.1,4.7,38.7,5723.0,5723,86
b1d7b3ac-36f2d3b7,Adaptive,0.774908023001181,0.539027387091292,0.9663901457829477,0.43791951842994975,724,670,576,94,148,118,58,32.95,13,45,7.39,25.57,2,1.14,38,21.59,78,44.32,8.71,40.415,58.832,99.668,502.07,28.716,243.3,12.653,107.19,11.329,95.98,54.9,56.0,53.3,54.0,56.0,54.5,6.4,33.0,5733.0,5739,68
b1d7b3ac-5744370e,Vanilla,0.6125233384840716,0.5077904881976807,0.9860385534748932,0.321400413915443,556,365,345,20,211,198,0,0.0,0,0,0.0,0.0,0,0.0,0,0.0,198,100.0,11.58,50.183,70.876,102.99,806.22,35.111,399.06,13.644,154.88,12.55,142.49,55.9,56.8,53.8,54.4,56.8,71.0,4.7,41.5,5720.0,5721,91
b1d7b3ac-5744370e,Adaptive,0.5336348107363895,0.3896643144082978,0.9288850366853195,0.3112858550369007,556,387,316,71,240,137,61,30.81,9,52,4.55,26.26,5,2.53,29,14.65,103,52.02,8.96,38.32,63.564,101.398,551.38,32.668,284.92,13.231,114.85,12.06,104.86,55.8,56.8,53.9,55.3,56.8,60.8,6.2,38.7,5725.0,5730,69
b1d7b3ac-995f9d8a,Vanilla,0.79427335087619,0.6344211990287987,0.9842269665081378,0.42487324483151384,755,657,608,49,147,189,0,0.0,0,0,0.0,0.0,0,0.0,0,0.0,189,100.0,11.7,51.909,67.103,103.018,768.75,33.34,384.06,13.266,152.58,12.186,140.21,55.9,56.9,54.1,55.0,56.9,66.5,4.6,39.2,5706.0,5706,91
b1d7b3ac-995f9d8a,Adaptive,0.7469815678303795,0.5116879929153493,0.9488388635061468,0.4482528401442955,755,738,583,155,172,148,41,21.69,0,41,0.0,21.69,3,1.59,73,38.62,72,38.1,9.97,42.429,67.789,105.09,665.84,31.139,305.5,12.806,125.39,11.753,115.14,55.8,56.8,53.9,54.3,56.8,65.5,5.2,36.1,5721.0,5733,79
b1d7b3ac-9e14f05f,Vanilla,0.8416532421235934,0.7200371714186568,0.9967312037025308,0.43745838969438217,1312,1154,1107,47,205,202,0,0.0,0,0,0.0,0.0,0,0.0,0,0.0,202,100.0,12.65,54.21,63.853,101.788,788.23,33.341,413.61,13.211,163.64,12.187,151.01,56.0,56.7,54.1,54.5,56.8,62.9,4.8,39.0,5709.0,5710,99
b1d7b3ac-9e14f05f,Adaptive,0.7944978340023671,0.5913491008092606,0.9645741996962248,0.4586847336905738,1312,1279,1068,211,244,151,51,25.25,0,51,0.0,25.25,1,0.5,77,38.12,73,36.14,10.3,42.414,62.187,103.116,622.78,30.823,309.6,12.724,127.52,11.696,117.3,55.8,56.6,53.9,54.3,56.6,58.2,5.0,35.6,5738.0,5740,81
b1d7b3ac-afa57f22,Vanilla,0.7363738020892155,0.6114104164041043,0.998021990766706,0.3798108552631579,400,304,295,9,105,170,0,0.0,0,0,0.0,0.0,0,0.0,0,0.0,170,100.0,9.93,50.487,71.411,105.224,686.05,35.045,338.19,13.634,131.38,12.598,121.45,56.5,57.9,54.3,55.0,57.9,72.4,4.6,40.9,5726.0,5729,76
b1d7b3ac-afa57f22,Adaptive,0.6963617276411995,0.5070870067312069,0.9849758924695058,0.3750407166123778,400,307,282,25,118,98,72,42.35,12,60,7.06,35.29,4,2.35,12,7.06,82,48.24,7.25,34.604,71.695,101.648,499.64,28.941,201.84,12.754,88.85,11.456,79.83,56.0,56.8,54.4,55.6,56.8,68.3,7.6,34.2,5728.0,5732,56
b1d968b9-563405f4,Vanilla,0.7971132654445242,0.6538287646298183,0.9471540472586948,0.4172185843623042,2656,2414,2234,180,422,203,0,0.0,0,0,0.0,0.0,0,0.0,0,0.0,203,100.0,14.77,62.216,65.064,98.39,941.52,29.855,433.5,12.504,181.4,11.456,166.25,55.8,56.9,53.9,54.3,56.9,61.8,4.8,34.2,5707.0,5708,115
b1d968b9-563405f4,Adaptive,0.8148290098982135,0.6365841020379323,0.9456941743079169,0.45260376182147943,2656,2604,2281,323,375,168,35,17.24,0,35,0.0,17.24,1,0.49,107,52.71,60,29.56,13.59,56.228,61.107,98.208,819.8,27.203,365.75,11.896,159.56,10.894,146.25,55.1,55.8,53.3,53.7,55.8,55.5,5.0,30.4,5729.0,5731,106
b1d968b9-ce42734f,Vanilla,0.8413600577879825,0.690274466837227,0.9798541715580085,0.46163264631505874,3559,3400,3042,358,517,203,0,0.0,0,0,0.0,0.0,0,0.0,0,0.0,203,100.0,15.53,65.665,61.569,103.432,940.56,28.652,439.01,12.191,186.5,11.165,170.89,55.0,55.9,53.2,53.8,56.0,58.7,5.0,32.3,5714.0,5714,122
b1d968b9-ce42734f,Adaptive,0.8302827084817912,0.6214264163902483,0.9497194738459502,0.4877823702443243,3559,3781,3066,715,493,184,19,9.36,0,19,0.0,9.36,1,0.49,144,70.94,39,19.21,16.65,71.52,57.863,98.94,948.97,25.041,411.11,11.354,186.06,10.407,170.65,54.2,55.0,52.6,53.6,55.0,51.0,4.9,27.5,5743.0,5747,126
b1d971b4-ac67ca0d,Vanilla,0.8276872252071287,0.6744880471480595,0.9903675819548708,0.44195356683091397,2503,2250,2087,163,416,199,0,0.0,0,0,0.0,0.0,0,0.0,0,0.0,199,100.0,14.84,63.712,64.343,103.178,943.06,29.108,425.49,12.257,178.81,11.261,164.39,54.5,55.5,52.6,53.3,55.5,62.9,4.7,32.3,5723.0,5724,113
b1d971b4-ac67ca0d,Adaptive,0.8162203622558828,0.5991517050769417,0.9674560689026263,0.4760536168008849,2503,2524,2082,442,421,179,20,10.05,0,20,0.0,10.05,1,0.5,138,69.35,40,20.1,14.22,60.356,62.9,102.266,877.39,27.706,386.79,11.972,166.81,10.962,152.82,54.4,55.3,52.6,53.0,55.3,57.6,5.0,31.2,5757.0,5760,111
b1d9e136-6c94ea3f,Vanilla,0.758315905681962,0.6311517014264894,0.9974826993426286,0.38785825580175887,2342,1824,1780,44,562,202,0,0.0,0,0,0.0,0.0,0,0.0,0,0.0,202,100.0,14.29,59.784,64.171,100.092,895.93,30.245,423.07,12.503,174.75,11.501,160.81,54.7,55.8,52.9,53.8,55.8,62.9,4.8,34.3,5737.0,5737,109
b1d9e136-6c94ea3f,Adaptive,0.7651168056129386,0.5963005427183203,0.9859754531042434,0.4213593208419149,2342,2023,1808,215,534,173,29,14.36,0,29,0.0,14.36,1,0.5,120,59.41,52,25.74,13.19,54.216,63.209,99.956,826.38,28.407,372.55,12.216,159.29,11.2,146.05,54.6,55.5,53.0,53.5,55.7,59.0,5.1,32.3,5758.0,5762,104
b1d9e136-9ab25cb3,Vanilla,0.7506653292227765,0.5574040242039129,0.9781484462023216,0.40414145452758193,2942,2462,2252,210,690,202,0,0.0,0,0,0.0,0.0,0,0.0,0,0.0,202,100.0,14.54,60.681,63.347,101.34,912.21,29.934,430.64,12.483,179.27,11.412,163.98,54.9,56.1,53.1,54.0,56.1,60.6,5.0,34.0,5728.0,5728,115
b1d9e136-9ab25cb3,Adaptive,0.7647749380219154,0.5478750531820351,0.9553335443225365,0.4474569483860215,2942,2835,2324,511,618,188,14,6.93,0,14,0.0,6.93,1,0.5,151,74.75,36,17.82,14.43,59.955,61.27,98.648,867.35,28.357,403.33,12.128,172.14,11.098,157.63,54.6,55.2,53.0,53.7,55.2,56.7,5.3,31.9,5750.0,5754,114
b1dac7f7-6b2e0382,Vanilla,0.7324204918139122,0.5499687715160444,0.9710081596735475,0.39967931623146485,3637,3041,2734,307,903,202,0,0.0,0,0,0.0,0.0,0,0.0,0,0.0,202,100.0,14.73,61.955,64.441,99.988,930.51,29.703,429.66,12.383,178.8,11.363,164.15,54.7,55.7,53.0,53.8,55.7,62.6,5.1,33.7,5726.0,5726,116
b1dac7f7-6b2e0382,Adaptive,0.7512692750548113,0.5246075211702463,0.9513536374343933,0.4412546928711439,3637,3472,2834,638,803,197,5,2.48,0,5,0.0,2.48,1,0.5,175,86.63,21,10.4,16.37,70.0,60.292,99.054,970.55,26.791,431.9,11.768,189.37,10.824,174.3,54.2,54.9,52.5,53.4,54.9,56.7,5.1,29.8,5748.0,5750,127
b1db7e22-cfa74dc3,Vanilla,0.47523296042200347,0.36067380975065916,0.984646934378792,0.25266572259644826,1420,736,684,52,736,203,0,0.0,0,0,0.0,0.0,0,0.0,0,0.0,203,100.0,12.41,52.932,71.72,103.386,874.16,33.671,412.61,13.298,162.59,12.228,149.62,55.0,56.3,53.1,54.1,56.3,72.8,4.7,38.6,5729.0,5730,95
b1db7e22-cfa74dc3,Adaptive,0.49136158312098227,0.3430758306693769,0.9676653705038509,0.2763739632474411,1420,827,716,111,704,163,40,19.7,0,40,0.0,19.7,2,0.99,77,37.93,84,41.38,10.51,43.28,64.527,99.85,663.46,32.179,330.51,12.983,133.13,11.933,122.42,55.3,56.5,53.5,54.4,56.5,64.9,5.0,37.8,5734.0,5744,82
b1dce572-c6a8cb5e,Vanilla,0.7763200760255774,0.6120602259528232,0.9957142492054529,0.39996803697875694,2542,2048,1981,67,561,202,0,0.0,0,0,0.0,0.0,0,0.0,0,0.0,202,100.0,14.16,58.74,56.889,101.704,791.47,30.579,427.47,12.555,175.31,11.518,160.89,55.3,56.1,53.5,54.2,56.1,54.7,4.8,35.3,5695.0,5696,110
b1dce572-c6a8cb5e,Adaptive,0.7739042335915933,0.5584828107834001,0.9821340073959952,0.424340857762256,2542,2224,1994,230,548,168,34,16.83,0,34,0.0,16.83,1,0.5,111,54.95,56,27.72,13.02,52.723,62.857,103.828,798.25,28.067,357.71,12.082,153.77,11.056,140.78,54.8,55.5,53.0,53.4,55.8,59.7,5.0,31.8,5738.0,5743,101
b1dd58c1-8b546ba7,Vanilla,0.7943380167388436,0.6574176949814458,0.9963358022215768,0.4103230666435377,2456,2028,1957,71,499,197,0,0.0,0,0,0.0,0.0,0,0.0,0,0.0,197,100.0,14.22,61.164,65.126,102.642,909.48,29.838,416.76,12.406,173.11,11.386,158.94,54.9,55.9,53.0,53.6,55.9,64.2,4.9,33.7,5718.0,5718,111
b1dd58c1-8b546ba7,Adaptive,0.7857120691005707,0.58737076139818,0.9786707393866585,0.4423295027952965,2456,2256,1956,300,500,177,20,10.15,0,20,0.0,10.15,1,0.51,126,63.96,50,25.38,13.19,56.414,57.496,101.02,736.93,28.828,373.23,12.227,157.91,11.198,144.74,54.7,55.6,52.8,53.5,55.6,54.2,4.9,32.6,5745.0,5750,103
b1df722f-57d21f3f,Vanilla,0.6886634048969948,0.5076984196922212,0.9604579515023097,0.3906340391067916,1935,1608,1377,231,558,202,0,0.0,0,0,0.0,0.0,0,0.0,0,0.0,202,100.0,12.66,54.066,63.232,99.134,786.49,32.943,410.41,13.108,163.06,12.062,150.13,55.2,56.3,53.4,53.9,56.3,63.8,4.8,38.7,5719.0,5719,99
b1df722f-57d21f3f,Adaptive,0.6753954770612076,0.44473359441290344,0.9281032005422419,0.41182833840900707,1935,1792,1379,413,556,176,26,12.87,0,26,0.0,12.87,1,0.5,107,52.97,68,33.66,11.56,49.637,35.826,90.794,406.2,31.97,362.14,12.854,145.39,11.828,133.85,55.3,56.1,53.5,54.0,56.1,28.5,4.8,37.3,5745.0,5746,89
b1df722f-5bcc3db7,Vanilla,0.6448816434847231,0.45155716097283227,0.9480111314802478,0.36714853412270393,1365,1084,922,162,443,202,0,0.0,0,0,0.0,0.0,0,0.0,0,0.0,202,100.0,12.44,52.921,70.168,100.608,854.69,33.588,410.29,13.324,162.47,12.238,149.31,55.9,57.3,54.0,54.5,57.3,67.8,4.7,39.5,5717.0,5718,96
b1df722f-5bcc3db7,Adaptive,0.6058030164007336,0.35617953612563574,0.8795473757364947,0.39158803306268747,1365,1302,908,394,457,185,17,8.42,0,17,0.0,8.42,1,0.5,121,59.9,63,31.19,12.62,53.615,65.922,100.036,813.67,30.986,383.26,12.744,157.42,11.711,144.72,55.7,57.0,53.9,54.6,57.0,63.0,4.8,35.9,5746.0,5749,96
b1e0c01d-dd9e6e2f,Vanilla,0.7078346614771197,0.5111269775651979,0.9862857117263522,0.37345402618776774,2054,1569,1472,97,582,202,0,0.0,0,0,0.0,0.0,0,0.0,0,0.0,202,100.0,13.78,57.448,66.615,101.064,899.11,31.337,425.3,12.779,173.15,11.731,159.02,55.9,56.8,54.1,54.7,56.8,64.2,5.0,36.1,5720.0,5721,109
b1e0c01d-dd9e6e2f,Adaptive,0.7184774318903283,0.4857067818306307,0.9659959219953616,0.41183986602795936,2054,1792,1512,280,542,181,21,10.4,0,21,0.0,10.4,1,0.5,119,58.91,61,30.2,14.45,60.55,60.132,99.464,851.25,27.549,391.32,11.982,169.93,10.944,155.29,55.1,56.2,53.7,54.2,56.2,54.9,4.8,31.1,5745.0,5750,109
b1e1a7b8-0aec80e8,Vanilla,0.6647172551562782,0.48908875413405617,0.9878062324240994,0.34444689480667484,1982,1391,1333,58,649,203,0,0.0,0,0,0.0,0.0,0,0.0,0,0.0,203,100.0,14.13,58.655,66.421,99.698,921.82,30.49,425.22,12.663,176.32,11.582,161.31,55.3,56.1,53.7,54.5,56.1,64.3,4.7,34.9,5717.0,5717,108
b1e1a7b8-0aec80e8,Adaptive,0.6823327349568988,0.4718672798821312,0.9745548414917395,0.3744205944111894,1982,1545,1382,163,600,164,39,19.21,0,39,0.0,19.21,1,0.49,97,47.78,66,32.51,11.85,47.71,61.451,99.83,716.11,29.613,345.48,12.463,145.06,11.38,132.55,55.3,56.0,53.6,54.3,56.0,58.0,5.0,33.7,5746.0,5747,91
b1e1a7b8-65ec7612,Vanilla,0.6913230548917642,0.5375376645086085,0.9849034836834544,0.3646262142320007,1860,1387,1304,83,556,202,0,0.0,0,0,0.0,0.0,0,0.0,0,0.0,202,100.0,13.82,58.031,65.064,102.036,877.49,30.969,420.0,12.726,172.4,11.673,158.2,55.5,56.9,53.6,54.3,56.9,63.7,4.8,35.4,5719.0,5719,107
b1e1a7b8-65ec7612,Adaptive,0.6874430548188761,0.48906232904806923,0.9592656485424756,0.39729205446574073,1860,1577,1319,258,541,173,29,14.36,0,29,0.0,14.36,1,0.5,120,59.41,52,25.74,13.02,53.919,63.279,106.4,806.96,28.575,363.96,12.214,155.26,11.191,142.37,55.2,56.1,53.5,54.4,56.1,59.4,4.9,32.3,5763.0,5767,99
b1e1a7b8-a7426a97,Vanilla,0.633674872522955,0.5155490184748239,0.9951856497865033,0.3245189826893516,1838,1202,1170,32,668,203,0,0.0,0,0,0.0,0.0,0,0.0,0,0.0,203,100.0,12.71,53.69,64.11,101.842,789.93,33.13,411.31,13.224,163.92,12.165,150.87,55.8,57.0,54.2,55.0,57.0,61.4,4.8,38.7,5734.0,5734,99
b1e1a7b8-a7426a97,Adaptive,0.6381234787917391,0.4804693759323483,0.975653301437964,0.356345700097343,1838,1366,1194,172,644,178,25,12.32,0,25,0.0,12.32,1,0.49,112,55.17,65,32.02,12.19,50.976,63.965,101.874,767.4,31.014,370.83,12.784,152.56,11.718,139.93,55.9,56.9,54.3,54.9,56.9,62.3,4.9,35.8,5762.0,5763,94
b1e1a7b8-b397c445,Vanilla,0.571542631337106,0.4517229152519189,0.9825136172436209,0.30103328210626246,1561,965,907,58,654,202,0,0.0,0,0,0.0,0.0,0,0.0,0,0.0,202,100.0,12.74,54.043,80.378,103.016,1005.49,33.052,413.22,13.302,166.01,12.173,152.01,56.3,57.3,54.6,55.3,57.3,79.6,4.7,38.3,5734.0,5734,98
b1e1a7b8-b397c445,Adaptive,0.5778706608929998,0.4121057991555473,0.9653124668407406,0.3322064660652166,1561,1097,925,172,636,172,30,14.85,0,30,0.0,14.85,1,0.5,95,47.03,76,37.62,11.37,47.104,73.63,97.93,822.88,31.851,357.31,12.988,145.41,11.942,133.79,56.3,57.2,54.3,54.8,57.2,73.8,4.9,36.9,5764.0,5768,90
b1e2346e-c5f98707,Vanilla,0.4071762522235462,0.33319495410288236,0.9871042562371037,0.2143614603847902,369,161,152,9,217,140,0,0.0,0,0,0.0,0.0,0,0.0,0,0.0,140,100.0,7.92,48.837,71.314,98.422,543.77,35.682,274.43,13.832,106.12,12.749,97.9,56.8,57.5,54.7,55.3,57.6,72.5,4.6,41.3,5749.0,5750,62
b1e2346e-c5f98707,Adaptive,0.1860812811601436,0.12617176738183805,0.87175217104586,0.12126139443212612,369,110,76,34,293,40,100,71.43,88,12,62.86,8.57,3,2.14,15,10.71,22,15.71,6.85,44.383,45.002,94.332,294.77,14.09,91.31,12.174,80.28,8.786,57.66,54.1,55.8,54.1,56.1,56.1,30.7,21.8,19.8,5777.0,5784,52
b1e3e9f5-92377424,Vanilla,0.8210410649827412,0.6657386006651731,0.9944660283999659,0.4274788435189806,3358,2899,2770,129,588,203,0,0.0,0,0,0.0,0.0,0,0.0,0,0.0,203,100.0,15.5,65.162,58.33,103.156,889.28,28.837,439.87,12.187,185.73,11.199,170.7,55.3,56.2,53.6,54.1,56.2,52.6,4.8,32.8,5735.0,5737,119
b1e3e9f5-92377424,Adaptive,0.8363687238319848,0.633878147407554,0.9829219135815704,0.45370296758431694,3358,3139,2847,292,511,183,20,9.85,0,20,0.0,9.85,1,0.49,133,65.52,49,24.14,15.73,66.273,58.332,99.614,901.52,25.89,400.35,11.614,179.32,10.601,163.79,54.6,55.4,52.9,53.2,55.4,53.2,4.8,28.1,5761.0,5775,119
b1e62c91-eca210a9,Vanilla,0.6639945754867187,0.5099932431028317,0.9878843525007862,0.34733276001056507,1571,1111,1055,56,516,181,0,0.0,0,0,0.0,0.0,0,0.0,0,0.0,181,100.0,11.13,53.363,72.153,106.872,786.91,33.226,363.19,13.209,144.09,12.174,132.9,55.3,57.1,53.4,54.3,57.1,72.7,4.7,38.1,5738.0,5738,87
b1e62c91-eca210a9,Adaptive,0.6873890919999421,0.4856936637362053,0.9719204825082803,0.38413662586919567,1571,1264,1104,160,467,151,30,16.57,10,20,5.52,11.05,3,1.66,89,49.17,59,32.6,10.47,50.038,56.126,104.386,570.66,30.594,311.98,12.851,130.88,11.694,119.11,55.5,56.9,53.8,55.6,56.9,50.9,6.3,36.5,5780.0,5783,81
b1e6efc0-2552cc5d,Vanilla,0.6329008488131341,0.49449579266220417,0.9829573889359383,0.33840295075684995,884,614,568,46,316,203,0,0.0,0,0,0.0,0.0,0,0.0,0,0.0,203,100.0,12.98,54.809,68.681,99.09,877.68,32.82,420.34,13.092,167.39,12.126,155.1,56.1,56.9,54.1,54.4,56.9,66.9,4.7,38.1,5736.0,5744,98
b1e6efc0-2552cc5d,Adaptive,0.6273531325240467,0.43891726247759166,0.9647699225463815,0.3606217529746942,884,675,569,106,315,145,58,28.57,0,58,0.0,28.57,1,0.49,51,25.12,93,45.81,10.14,40.759,63.415,101.178,627.19,30.383,299.8,12.651,124.57,11.623,114.51,55.9,56.6,54.0,54.3,56.6,61.9,4.9,35.0,5790.0,5794,77
b1e88fd2-c1e4fd2b,Vanilla,0.5647051476647151,0.40393397505564527,0.9967044362691496,0.2875431137663984,1241,717,703,14,538,193,0,0.0,0,0,0.0,0.0,0,0.0,0,0.0,193,100.0,11.78,52.741,76.386,100.352,876.54,33.828,389.66,13.457,154.79,12.366,142.29,56.4,57.6,54.5,54.8,57.6,74.3,4.7,40.0,5755.0,5761,89
b1e88fd2-c1e4fd2b,Adaptive,0.603536858557907,0.40618991592561293,0.9942650447681279,0.3107805505552575,1241,778,753,25,488,104,89,46.11,59,30,30.57,15.54,10,5.18,38,19.69,56,29.02,10.21,45.955,54.809,105.496,539.52,22.519,221.37,12.418,123.01,10.221,100.96,54.5,56.1,53.7,55.5,56.1,43.7,13.1,25.8,5761.0,5784,79
b1e8ad72-c3c79240,Vanilla,0.730659433076378,0.6329564116007973,0.9988342048354493,0.3730166604019568,979,731,716,15,263,203,0,0.0,0,0,0.0,0.0,0,0.0,0,0.0,203,100.0,12.22,51.509,69.733,102.986,835.48,34.444,414.19,13.506,162.18,12.471,149.82,56.2,57.2,54.2,54.9,57.2,70.3,4.8,40.4,5726.0,5728,95
b1e8ad72-c3c79240,Adaptive,0.7245930452394826,0.5557856329786286,0.9921125011397428,0.38971968915135036,979,773,713,60,266,147,56,27.59,0,56,0.0,27.59,1,0.49,42,20.69,104,51.23,9.71,39.023,66.458,98.208,626.75,31.797,300.31,13.0,122.51,11.949,112.67,56.2,56.9,54.3,54.7,56.9,64.0,5.0,36.8,5772.0,5773,76
b1e9ee0e-67e26f2e,Vanilla,0.6535987085871517,0.45077714760554477,0.9655402267587376,0.3467287298180419,4556,3353,3078,275,1478,203,0,0.0,0,0,0.0,0.0,0,0.0,0,0.0,203,100.0,14.68,61.983,62.331,99.276,897.06,29.908,431.06,12.476,179.59,11.48,165.31,55.9,56.8,54.1,54.4,56.8,59.9,5.1,34.3,5744.0,5745,115
b1e9ee0e-67e26f2e,Adaptive,0.6606437014280749,0.44272534061874297,0.9553419619518481,0.3557127768788045,4556,3473,3144,329,1412,155,48,23.65,0,48,0.0,23.65,1,0.49,75,36.95,79,38.92,13.56,56.269,59.264,98.036,786.97,25.492,340.59,11.588,154.51,10.532,140.52,54.8,55.6,53.0,53.4,55.6,54.1,5.0,27.5,5772.0,5776,105
b1ea0ae4-4f770228,Vanilla,0.877994888299092,0.7523276584536707,0.9962684698184209,0.4484018451238928,1598,1441,1408,33,190,200,0,0.0,0,0,0.0,0.0,0,0.0,0,0.0,200,100.0,13.45,57.957,60.493,102.02,805.39,31.405,417.52,12.852,170.52,11.766,156.2,55.2,56.4,53.2,53.8,56.4,58.5,4.7,35.7,5751.0,5752,103
b1ea0ae4-4f770228,Adaptive,0.85943033817152,0.6604889405003497,0.9769862918182297,0.4811271281096367,1598,1599,1396,203,202,154,46,23.0,0,46,0.0,23.0,3,1.5,85,42.5,66,33.0,11.23,46.677,64.934,101.792,717.06,29.364,324.95,12.448,137.47,11.375,125.69,55.3,56.0,53.4,53.9,56.0,62.6,5.4,33.5,5770.0,5786,88
b1eb9133-5cc75c18,Vanilla,0.361078606597114,0.24272150458002012,0.9876308622259513,0.19074074074074074,567,220,207,13,360,121,0,0.0,0,0,0.0,0.0,0,0.0,0,0.0,121,100.0,7.11,50.079,72.939,102.09,498.35,34.656,236.51,13.631,92.8,12.505,85.19,56.0,57.4,53.9,54.4,57.4,71.9,4.6,39.3,5733.0,5734,55
b1eb9133-5cc75c18,Adaptive,0.2317847527418767,0.12895062056660558,0.9336901443427884,0.13873857623857624,567,176,138,38,429,40,81,66.94,74,7,61.16,5.79,6,4.96,15,12.4,19,15.7,6.4,47.443,47.581,95.448,292.87,15.109,92.85,12.101,74.87,8.91,54.99,53.8,55.8,53.6,55.0,55.8,35.6,20.4,22.9,5760.0,5779,48
b1ebfc3c-740ec84a,Vanilla,0.5720936867774244,0.42132818881883605,0.9981459032668676,0.29125217582814145,2272,1327,1302,25,970,203,0,0.0,0,0,0.0,0.0,0,0.0,0,0.0,203,100.0,12.64,53.214,57.872,100.546,716.17,33.24,413.11,13.168,163.49,12.132,150.66,55.4,56.5,53.5,54.2,56.5,58.3,4.8,39.3,5742.0,5745,99
b1ebfc3c-740ec84a,Adaptive,0.5958241029450113,0.4090898246380844,0.9919763711638122,0.3196447438876299,2272,1473,1361,112,911,161,42,20.69,0,42,0.0,20.69,1,0.49,90,44.33,70,34.48,11.22,46.402,60.713,99.498,663.93,30.557,334.08,12.72,138.72,11.614,126.77,55.6,56.2,53.8,54.4,56.2,59.2,4.9,35.2,5764.0,5768,85
b1ebfc3c-cc9c2bb8,Vanilla,0.5797689429799523,0.41272875030654604,0.9717992980178036,0.31056041663092715,1849,1198,1101,97,748,202,0,0.0,0,0,0.0,0.0,0,0.0,0,0.0,202,100.0,13.44,57.347,69.286,103.86,910.6,31.733,419.61,12.912,170.49,11.856,156.62,55.7,56.8,53.9,54.8,56.8,66.5,4.7,36.4,5740.0,5744,102
b1ebfc3c-cc9c2bb8,Adaptive,0.6086242633818206,0.39231064703690965,0.9455702203739026,0.3543989256059374,1849,1428,1177,251,672,171,31,15.35,0,31,0.0,15.35,1,0.5,105,51.98,65,32.18,12.22,51.208,63.303,99.982,753.53,29.908,356.68,12.555,149.44,11.506,137.03,55.6,56.7,53.7,54.2,56.7,58.3,4.8,33.9,5762.0,5763,92
b1ee702d-0ae1fc10,Vanilla,0.47158325372680554,0.35166511497473146,0.9840734653557881,0.2487434973989596,1400,714,670,44,730,203,0,0.0,0,0,0.0,0.0,0,0.0,0,0.0,203,100.0,12.74,53.511,68.13,102.642,850.31,33.406,415.62,13.318,165.48,12.212,151.79,56.1,57.4,54.2,54.6,57.4,66.4,4.6,39.0,5739.0,5740,98
b1ee702d-0ae1fc10,Adaptive,0.48858823656646094,0.3321050289587983,0.9659046713891224,0.2754776511831727,1400,815,703,112,697,158,45,22.17,0,45,0.0,22.17,1,0.49,81,39.9,76,37.44,10.53,42.561,64.917,102.854,666.94,31.567,324.81,12.936,132.89,11.876,122.06,56.1,57.2,54.1,54.5,57.2,64.5,4.9,36.8,5765.0,5770,83
b1ee702d-4a193906,Vanilla,0.26089059624907884,0.18577159997906426,0.9789708514129537,0.14068214591736505,1622,472,431,41,1191,203,0,0.0,0,0,0.0,0.0,0,0.0,0,0.0,203,100.0,11.74,50.329,72.621,104.678,835.17,35.464,410.11,13.774,159.04,12.693,146.61,56.7,58.4,54.9,55.7,58.4,72.4,4.6,41.7,5750.0,5750,92
b1ee702d-4a193906,Adaptive,0.2579169323161499,0.1643416164767028,0.9452617899702369,0.14874343993991535,1622,527,438,89,1184,123,80,39.41,60,20,29.56,9.85,7,3.45,52,25.62,64,31.53,10.97,47.811,62.21,97.632,667.46,25.396,274.79,12.827,137.29,10.862,116.7,55.8,57.3,55.0,56.2,57.3,54.3,12.6,32.6,5771.0,5777,83
b1f022d3-45162c67,Vanilla,0.6747667636090493,0.5275330422703045,0.9936408334270785,0.355558900816219,1373,987,931,56,442,202,0,0.0,0,0,0.0,0.0,0,0.0,0,0.0,202,100.0,13.26,55.176,71.173,103.862,927.8,32.114,419.79,12.984,169.46,11.99,156.57,56.0,57.0,54.0,54.6,57.0,70.0,4.9,36.4,5753.0,5756,105
b1f022d3-45162c67,Adaptive,0.6890965542158083,0.5011914880396968,0.9768056169774874,0.3791924533483757,1373,1082,964,118,409,146,56,27.72,0,56,0.0,27.72,1,0.5,63,31.19,82,40.59,10.5,41.457,64.627,106.804,664.33,29.7,305.09,12.527,128.4,11.454,117.48,55.8,56.7,54.0,54.3,56.7,61.4,5.1,34.0,5782.0,5786,83
b1f0efd9-37a14dda,Vanilla,0.7546534170689513,0.6165080468327396,0.9966429933138601,0.3940099186824255,1667,1321,1261,60,406,203,0,0.0,0,0,0.0,0.0,0,0.0,0,0.0,203,100.0,13.27,55.804,62.197,102.452,811.94,32.261,420.84,13.017,169.53,11.991,156.24,56.1,57.6,54.2,54.6,57.6,59.6,4.8,37.6,5754.0,5755,103
b1f0efd9-37a14dda,Adaptive,0.7397484393521092,0.5532127368642644,0.9792949685745967,0.4124025721171554,1667,1425,1251,174,416,164,39,19.21,0,39,0.0,19.21,3,1.48,79,38.92,82,40.39,11.66,47.583,60.192,101.852,687.83,30.089,345.01,12.624,144.39,11.578,132.52,56.0,56.8,54.0,54.4,56.8,56.8,5.2,34.7,5756.0,5786,92
b1f0efd9-e900c6e5,Vanilla,0.767373555881405,0.6182383598030233,0.9907718023793057,0.40227151269025646,2006,1638,1552,86,454,202,0,0.0,0,0,0.0,0.0,0,0.0,0,0.0,202,100.0,13.19,55.196,67.124,101.888,867.4,32.28,417.41,13.044,168.4,11.99,154.87,56.2,57.1,54.2,54.7,57.1,65.0,4.9,37.2,5740.0,5741,104
b1f0efd9-e900c6e5,Adaptive,0.741659457552702,0.5342806738923052,0.9640548840405486,0.4220967652597762,2006,1800,1529,271,477,183,19,9.41,0,19,0.0,9.41,1,0.5,106,52.48,76,37.62,12.8,53.055,63.506,101.894,791.24,30.409,381.48,12.672,158.64,11.632,145.72,56.0,57.0,54.1,54.5,57.0,61.3,5.1,34.8,5784.0,5789,101
b1f20aa0-3401c3bf,Vanilla,0.4581787092380547,0.3382230939658888,0.9926341834364546,0.23483368009425207,2050,973,946,27,1104,202,0,0.0,0,0,0.0,0.0,0,0.0,0,0.0,202,100.0,12.25,52.556,73.246,103.294,873.92,34.073,408.33,13.435,160.74,12.42,148.67,56.5,57.7,54.6,55.1,57.7,73.3,4.8,39.9,5769.0,5770,96
b1f20aa0-3401c3bf,Adaptive,0.4767498043005781,0.33218604298250126,0.986938451798304,0.2550105051612314,2050,1068,988,80,1062,155,47,23.27,10,37,4.95,18.32,7,3.47,77,38.12,71,35.15,10.94,46.351,62.353,98.098,662.41,29.949,319.72,12.888,137.41,11.639,124.15,56.2,57.3,54.5,55.6,57.3,58.5,6.8,34.8,5779.0,5806,85
b1f20aa0-50213047,Vanilla,0.24977479321788112,0.1855439833035008,0.9738276318502685,0.1326706684165995,1046,287,268,19,778,203,0,0.0,0,0,0.0,0.0,0,0.0,0,0.0,203,100.0,12.08,50.017,73.164,103.778,858.51,34.709,409.41,13.634,160.55,12.564,148.02,56.9,58.1,54.9,55.4,58.0,72.4,4.7,40.7,5739.0,5743,93
b1f20aa0-50213047,Adaptive,0.24025935748736574,0.17567809225711797,0.9595665173441434,0.13285141972659045,1046,294,261,33,785,118,85,41.87,0,85,0.0,41.87,1,0.49,14,6.9,103,50.74,8.02,29.91,62.441,97.452,488.46,30.64,241.15,12.792,100.42,11.745,92.28,56.5,57.2,54.6,54.9,57.2,58.5,5.0,35.7,5785.0,5787,63
b1f20aa0-6ef1db42,Vanilla,0.45425959869287685,0.3396786708172002,0.9805056095319609,0.2402950846848838,2129,1054,985,69,1144,202,0,0.0,0,0,0.0,0.0,0,0.0,0,0.0,202,100.0,12.13,52.575,56.257,104.43,666.96,34.46,408.77,13.543,160.36,12.479,147.85,56.9,58.2,54.9,55.5,58.2,53.0,4.7,40.6,5758.0,5758,95
b1f20aa0-6ef1db42,Adaptive,0.4745037310234106,0.3037588391190196,0.9564892052125529,0.2735671490989454,2129,1251,1045,206,1084,181,21,10.4,0,21,0.0,10.4,2,0.99,114,56.44,65,32.18,11.68,50.212,67.714,101.846,771.7,32.486,370.75,13.143,149.68,12.118,138.1,56.9,58.0,55.0,55.4,58.0,65.8,4.9,38.1,5768.0,5779,92
b1f25ff6-1ddb7e43,Vanilla,0.8148859210647076,0.6718305635660806,0.9937754601096275,0.4264281492539798,1294,1114,1060,54,234,203,0,0.0,0,0,0.0,0.0,0,0.0,0,0.0,203,100.0,12.94,53.776,69.358,105.196,879.16,33.057,419.0,13.222,167.3,12.208,154.55,57.1,58.0,55.1,55.4,58.0,69.0,4.8,38.2,5736.0,5737,102
b1f25ff6-1ddb7e43,Adaptive,0.7900176334539746,0.574371126513304,0.9682218543099973,0.45752581143740345,1294,1250,1043,207,251,158,45,22.17,0,45,0.0,22.17,1,0.49,81,39.9,76,37.44,11.16,44.895,65.957,105.642,723.21,30.164,330.21,12.619,137.85,11.62,127.03,56.6,57.4,54.7,55.0,57.4,63.0,5.0,34.7,5780.0,5788,88
b1f4491b-07b32e8c,Vanilla,0.6848865285566661,0.5377996630413675,0.9900310776067194,0.36036903239873536,1818,1332,1256,76,562,203,0,0.0,0,0,0.0,0.0,0,0.0,0,0.0,203,100.0,13.07,54.412,69.19,103.368,888.87,32.593,419.76,13.186,169.57,12.117,155.88,56.9,57.8,54.9,55.4,57.8,65.5,4.8,37.9,5768.0,5775,103
b1f4491b-07b32e8c,Adaptive,0.6761744819666482,0.46934759372236046,0.9576296855467946,0.3940902862216046,1818,1539,1267,272,551,171,32,15.76,0,32,0.0,15.76,1,0.49,104,51.23,66,32.51,12.06,49.272,65.166,102.132,774.74,30.265,358.61,12.679,149.91,11.627,137.58,56.6,57.5,54.8,55.4,57.5,62.6,5.0,34.6,5789.0,5795,95
b1f4491b-09593e90,Vanilla,0.5864398812131884,0.47906175065292517,0.9918807242452868,0.3013643134649838,1142,696,675,21,467,202,0,0.0,0,0,0.0,0.0,0,0.0,0,0.0,202,100.0,12.27,51.672,77.822,106.218,935.93,34.337,414.76,13.561,163.57,12.461,150.35,57.1,58.2,55.1,55.6,58.2,77.1,4.7,39.8,5771.0,5774,97
b1f4491b-09593e90,Adaptive,0.6054526035030323,0.45046496859729573,0.9884579162047379,0.32338282967544807,1142,752,698,54,444,146,56,27.72,0,56,0.0,27.72,1,0.5,51,25.25,94,46.53,9.76,39.127,68.372,101.808,657.31,31.387,301.31,12.949,124.07,11.893,114.01,56.9,58.0,55.0,55.4,58.0,65.6,4.9,36.4,5796.0,5799,77
b1f4491b-16256d7c,Vanilla,0.6871055550490734,0.49689469286898086,0.9745313661550721,0.3706695149399259,2797,2157,1967,190,830,202,0,0.0,0,0,0.0,0.0,0,0.0,0,0.0,202,100.0,13.76,58.003,63.045,107.262,853.47,31.358,424.59,12.888,174.31,11.839,160.2,56.8,57.5,55.1,55.7,57.5,60.7,5.0,36.2,5775.0,5776,109
b1f4491b-16256d7c,Adaptive,0.6915486318583024,0.45831427309585804,0.9513931265671395,0.4053798043273447,2797,2456,2006,450,791,191,11,5.45,0,11,0.0,5.45,2,0.99,140,69.31,49,24.26,14.81,63.213,62.709,101.366,910.61,28.18,410.05,12.171,176.79,11.189,162.66,56.0,56.8,54.5,55.2,56.8,58.0,5.0,31.7,5794.0,5810,115
b1f4491b-33824f31,Vanilla,0.7433463114240643,0.5438736554093782,0.9877524285740195,0.3935125471615338,2610,2096,1961,135,649,202,0,0.0,0,0,0.0,0.0,0,0.0,0,0.0,202,100.0,14.42,60.118,64.063,104.156,901.86,30.104,426.32,12.553,177.45,11.555,163.43,56.0,57.1,54.5,55.1,57.1,61.0,4.9,33.9,5765.0,5765,112
b1f4491b-33824f31,Adaptive,0.743987597945321,0.49825273637605266,0.9614325645580306,0.43412919881925266,2610,2422,1992,430,618,182,20,9.9,0,20,0.0,9.9,1,0.5,125,61.88,56,27.72,15.09,63.13,61.791,103.216,914.29,26.573,395.67,11.848,176.16,10.824,161.05,55.4,56.4,54.0,54.7,56.4,56.5,4.9,29.2,5813.0,5813,115
b1f4491b-846d8cb2,Vanilla,0.6324724861984284,0.5540807977927399,0.9976664749014325,0.3253141996991967,1567,1023,993,30,574,202,0,0.0,0,0,0.0,0.0,0,0.0,0,0.0,202,100.0,13.25,55.397,47.227,105.318,617.62,31.899,415.25,12.978,168.76,11.931,155.23,55.8,56.9,54.0,54.8,56.9,44.1,4.7,36.7,5783.0,5789,101
b1f4491b-846d8cb2,Adaptive,0.6344824019184956,0.5114904291747625,0.9883617872010291,0.3451959805036856,1567,1104,1002,102,565,160,42,20.79,0,42,0.0,20.79,1,0.5,68,33.66,91,45.05,11.44,46.243,66.035,100.988,731.73,29.913,333.91,12.587,140.21,11.537,128.61,56.0,57.1,54.2,54.6,57.1,64.3,4.9,34.2,5817.0,5820,87
b1f4491b-97465266,Vanilla,0.6150386750702392,0.4494847049832587,0.9900459434546119,0.32148921157536614,1845,1206,1145,61,700,203,0,0.0,0,0,0.0,0.0,0,0.0,0,0.0,203,100.0,13.5,56.175,57.499,103.786,767.44,31.774,423.73,12.868,171.43,11.9,158.6,56.1,57.4,54.2,54.8,57.4,54.9,4.8,36.4,5784.0,5784,106
b1f4491b-97465266,Adaptive,0.6285402291765059,0.44037000473339266,0.977567730011719,0.3474841134587154,1845,1331,1180,151,665,165,38,18.72,0,38,0.0,18.72,1,0.49,88,43.35,76,37.44,12.14,49.779,62.472,101.894,746.54,29.249,348.1,12.817,152.27,11.405,135.54,56.0,57.0,54.4,55.3,57.0,57.3,4.7,33.4,5811.0,5817,92
b1f4491b-9958bd99,Vanilla,0.7066109639664611,0.4934581469214018,0.9813111350671835,0.37870455369761247,2775,2161,1994,167,781,202,0,0.0,0,0,0.0,0.0,0,0.0,0,0.0,202,100.0,14.66,61.908,65.689,99.094,939.09,29.91,430.16,12.503,179.54,11.526,165.6,56.0,57.1,54.3,54.9,56.8,63.2,4.8,34.2,5785.0,5786,114
b1f4491b-9958bd99,Adaptive,0.7188146339671675,0.4767003543894363,0.964635452337623,0.4172210925850616,2775,2459,2042,417,733,196,6,2.97,0,6,0.0,2.97,1,0.5,158,78.22,37,18.32,15.83,67.407,63.507,103.77,982.9,27.348,425.49,11.982,185.99,10.958,170.22,55.4,56.3,53.6,54.1,56.3,58.0,4.9,30.5,5823.0,5824,121
b1f4491b-bf7d513f,Vanilla,0.6401127232793984,0.5317474614618843,0.9957874991851249,0.33183167851458534,1359,908,873,35,486,203,0,0.0,0,0,0.0,0.0,0,0.0,0,0.0,203,100.0,12.88,54.283,69.056,97.678,868.2,32.882,414.94,13.189,166.13,12.154,153.19,55.9,57.1,54.0,54.9,57.1,69.6,4.7,37.9,5800.0,5800,98
b1f4491b-bf7d513f,Adaptive,0.6385449991458846,0.4712806384755489,0.9777636544575556,0.3606220587353889,1359,1019,880,139,479,165,38,18.72,0,38,0.0,18.72,1,0.49,72,35.47,92,45.32,11.13,45.406,69.974,101.56,766.34,31.393,343.83,12.931,141.36,11.849,129.6,56.2,57.2,54.2,54.7,57.2,69.4,4.9,36.1,5817.0,5821,87
b1f4491b-cf446195,Vanilla,0.6139609677422968,0.4703082988269715,0.9878110659231446,0.3242252867407507,2910,1925,1806,119,1104,202,0,0.0,0,0,0.0,0.0,0,0.0,0,0.0,202,100.0,13.48,57.458,59.433,105.784,786.59,31.812,421.82,12.936,171.3,11.893,157.56,56.2,57.2,54.3,54.9,57.2,56.6,4.8,36.7,5791.0,5802,106
b1f4491b-cf446195,Adaptive,0.6261697214514008,0.42549722692106473,0.9461378112720092,0.36770609397782805,2910,2345,1898,447,1012,201,1,0.5,0,1,0.0,0.5,1,0.5,168,83.17,32,15.84,14.28,61.192,62.912,99.712,884.62,30.058,423.91,12.61,177.59,11.551,162.76,56.0,56.9,54.1,54.7,56.9,59.7,5.0,34.4,5812.0,5815,113
b1f4491b-d8d1459c,Vanilla,0.7221727544485697,0.567657057467924,0.9901427900581867,0.37594116103006187,1508,1152,1099,53,409,203,0,0.0,0,0,0.0,0.0,0,0.0,0,0.0,203,100.0,12.96,53.766,67.822,104.58,865.02,32.86,419.29,13.164,167.65,12.146,154.77,56.4,57.6,54.4,54.8,57.6,66.9,4.8,37.8,5796.0,5796,102
b1f4491b-d8d1459c,Adaptive,0.7136443365479305,0.523218146881483,0.9737728218656175,0.4015569138507669,1508,1265,1097,168,411,161,42,20.69,0,42,0.0,20.69,1,0.49,81,39.9,79,38.92,11.3,45.297,65.786,101.48,722.54,30.288,334.54,12.61,138.96,11.624,128.2,56.1,56.9,54.3,54.7,56.9,61.3,5.0,34.7,5820.0,5824,89
b1f4491b-dd8dfed5,Vanilla,0.5766012891610499,0.4654159018866186,0.9925651327937145,0.2970738810545677,2330,1400,1353,47,977,203,0,0.0,0,0,0.0,0.0,0,0.0,0,0.0,203,100.0,12.85,54.124,57.589,97.74,726.14,33.066,417.32,13.233,166.77,12.172,153.45,56.4,57.7,54.5,55.0,57.7,57.3,4.8,38.6,5795.0,5796,100
b1f4491b-dd8dfed5,Adaptive,0.576456459287911,0.4248889502336395,0.9792627284701839,0.3183343844355023,2330,1538,1364,174,966,182,21,10.34,0,21,0.0,10.34,1,0.49,99,48.77,82,40.39,12.69,52.957,65.41,104.892,812.81,30.569,380.2,12.722,157.92,11.686,145.16,56.3,57.3,54.5,54.9,57.3,61.9,4.9,34.7,5819.0,5823,98
b1f6c103-5ce1f3c6,Vanilla,0.453274799543792,0.3562162218000502,0.9798227501025942,0.240171404303905,762,377,352,25,410,179,0,0.0,0,0,0.0,0.0,0,0.0,0,0.0,179,100.0,10.49,50.923,63.933,104.818,650.85,35.281,359.33,13.688,139.19,12.658,128.77,56.9,58.2,55.1,55.7,58.2,64.0,4.6,41.1,5801.0,5805,81
b1f6c103-5ce1f3c6,Adaptive,0.4738576775565126,0.3403499711667532,0.9707330127566727,0.26775332989918316,762,428,369,59,393,92,87,48.6,65,22,36.31,12.29,6,3.35,43,24.02,43,24.02,9.48,46.757,61.106,100.456,564.66,21.572,199.58,12.462,115.27,10.194,94.26,55.1,56.6,54.3,56.1,56.6,50.2,13.6,25.7,5830.0,5837,72
b1f6c103-8b75ea3e,Vanilla,0.503173170064224,0.38256640810656267,0.9961925260563929,0.257547418508706,2420,1254,1222,32,1198,202,0,0.0,0,0,0.0,0.0,0,0.0,0,0.0,202,100.0,12.6,54.024,60.63,103.19,748.76,33.54,416.34,13.339,165.43,12.289,152.45,56.5,57.8,54.5,55.3,57.8,60.6,4.8,39.4,5802.0,5806,99
b1f6c103-8b75ea3e,Adaptive,0.5368499666957557,0.3730487116886366,0.9807034121617475,0.29368350876798177,2420,1469,1319,150,1101,182,20,9.9,0,20,0.0,9.9,1,0.5,115,56.93,66,32.67,12.22,51.893,64.571,103.97,777.76,31.623,380.45,12.916,155.08,11.911,143.12,56.6,57.5,54.7,55.0,57.5,62.7,4.9,36.5,5826.0,5829,95
b1f6c103-b00e8aad,Vanilla,0.5469313464785936,0.4282023512985271,0.9950036701206243,0.28599029919227165,2271,1310,1247,63,1024,202,0,0.0,0,0,0.0,0.0,0,0.0,0,0.0,202,100.0,13.06,55.886,62.954,103.746,801.22,32.597,416.3,13.181,168.08,12.101,154.38,56.7,57.7,54.8,55.2,57.7,59.8,4.7,37.8,5801.0,5801,101
b1f6c103-b00e8aad,Adaptive,0.5686540709796576,0.41536919378460346,0.9805737555261964,0.30722983054907993,2271,1441,1313,128,958,162,40,19.8,0,40,0.0,19.8,1,0.5,86,42.57,75,37.13,11.69,48.757,65.676,104.914,754.43,29.93,343.33,12.588,144.07,11.569,132.52,56.5,57.8,54.6,55.0,57.8,64.3,4.8,34.2,5837.0,5842,88
b1f85377-44885085,Vanilla,0.7022959865743383,0.5178971396192371,0.9796895417672828,0.3825207822608888,1434,1135,1024,111,410,203,0,0.0,0,0,0.0,0.0,0,0.0,0,0.0,203,100.0,13.04,55.642,71.303,102.094,906.97,32.649,416.95,13.189,168.19,12.109,154.49,56.7,57.9,54.7,55.1,57.9,69.6,4.7,37.7,5809.0,5815,101
b1f85377-44885085,Adaptive,0.683793261406926,0.4493153510543415,0.9493193095259203,0.4070271177074288,1434,1272,1015,257,419,174,29,14.29,0,29,0.0,14.29,1,0.49,96,47.29,77,37.93,12.28,51.664,66.547,106.198,799.37,30.262,364.62,12.658,152.22,11.655,140.27,56.5,57.3,54.6,54.9,57.3,63.9,4.8,34.8,5780.0,5797,93
b1fbaab8-68db7df7,Vanilla,0.6837281639301163,0.596455810569223,0.9993619934781283,0.34614207917762957,1108,767,758,9,350,202,0,0.0,0,0,0.0,0.0,0,0.0,0,0.0,202,100.0,12.64,54.289,64.968,107.654,808.64,33.345,411.97,13.322,164.33,12.255,151.24,56.8,57.9,54.9,55.4,58.0,62.7,4.6,38.7,5776.0,5777,94
b1fbaab8-68db7df7,Adaptive,0.7043287774153748,0.5487325778558347,0.997382961555093,0.36420533048090203,1108,810,782,28,326,130,72,35.64,0,72,0.0,35.64,1,0.5,34,16.83,95,47.03,9.02,36.001,66.326,106.132,580.39,30.496,266.46,12.733,111.04,11.715,102.22,56.7,57.5,54.9,55.4,57.5,62.9,5.0,34.9,5811.0,5813,69
b1fbf878-b31a8293,Vanilla,0.5311408091380412,0.4119960431016567,0.9966051051616873,0.273259745776073,2215,1217,1180,37,1035,201,0,0.0,0,0,0.0,0.0,0,0.0,0,0.0,201,100.0,12.72,54.396,60.6,104.48,757.34,33.121,413.74,13.265,165.47,12.186,152.06,56.9,58.0,55.1,55.6,58.0,58.3,4.7,38.7,5813.0,5813,100
b1fbf878-b31a8293,Adaptive,0.5676290265280061,0.4013581054862775,0.9871529914075422,0.3082590050903258,2215,1396,1269,127,946,177,24,11.94,0,24,0.0,11.94,2,1.0,105,52.24,70,34.83,12.13,51.21,73.814,104.354,874.89,31.082,368.76,12.916,152.89,11.84,140.25,56.9,58.0,54.9,55.7,58.0,69.9,5.0,35.7,5802.0,5813,95
b1fc95c9-644e3c3f,Vanilla,0.8260734145056194,0.68413645494167,0.9899683867429242,0.4455586471575918,1516,1375,1261,114,255,202,0,0.0,0,0,0.0,0.0,0,0.0,0,0.0,202,100.0,13.32,54.873,64.621,107.356,841.8,31.941,417.73,12.998,169.78,11.93,155.89,56.7,57.5,54.8,55.4,57.5,62.6,4.9,36.7,5799.0,5802,105
b1fc95c9-644e3c3f,Adaptive,0.8059408100308315,0.6112191693544478,0.9592463536739876,0.46908084259699817,1516,1525,1257,268,259,166,36,17.82,0,36,0.0,17.82,1,0.5,94,46.53,71,35.15,11.73,46.811,66.596,102.444,765.48,30.083,344.92,12.603,144.24,11.591,132.73,56.5,57.5,54.7,55.0,57.5,61.3,5.1,34.4,5808.0,5812,92
b1fc95c9-cb2882c7,Vanilla,0.8456035357592155,0.6504115369505203,0.9877528075026262,0.4479631016109647,3158,2887,2699,188,459,202,0,0.0,0,0,0.0,0.0,0,0.0,0,0.0,202,100.0,16.86,72.341,64.358,102.662,1066.39,26.906,446.02,11.818,195.78,10.884,180.4,56.0,57.5,54.2,54.9,57.5,59.7,4.6,29.9,5819.0,5820,127
b1fc95c9-cb2882c7,Adaptive,0.8365773522049906,0.5980079267708792,0.9691610856439777,0.46596023535887515,3158,3095,2710,385,448,170,32,15.84,0,32,0.0,15.84,1,0.5,100,49.5,69,34.16,14.91,62.485,61.209,106.684,898.59,25.607,377.02,11.595,170.28,10.607,155.9,55.1,56.2,53.3,53.9,56.2,56.5,5.0,28.0,5817.0,5819,115
b1ff4656-0435391e,Vanilla,0.7731485028188184,0.6208129553981684,0.9842456426684105,0.4184639571920171,2561,2202,2005,197,556,202,0,0.0,0,0,0.0,0.0,0,0.0,0,0.0,202,100.0,14.82,63.791,64.512,102.67,945.82,29.468,432.13,12.357,180.89,11.361,166.4,55.3,56.1,53.4,54.0,56.1,61.8,4.6,32.7,5791.0,5797,114
b1ff4656-0435391e,Adaptive,0.7772008769849496,0.5617013681776705,0.9571388668419356,0.45738916877998337,2561,2521,2048,473,513,187,15,7.43,0,15,0.0,7.43,1,0.5,136,67.33,50,24.75,14.72,63.048,60.1,101.694,866.61,27.845,403.89,12.04,174.3,11.02,159.66,55.2,56.1,53.4,53.8,56.1,56.9,4.9,31.2,5821.0,5821,113
b1ff4656-94ee8536,Vanilla,0.727850934175793,0.6317304426213892,0.9894285684057893,0.3775829013928152,1439,1103,1058,45,381,203,0,0.0,0,0,0.0,0.0,0,0.0,0,0.0,203,100.0,13.52,56.285,62.667,100.592,826.35,31.663,419.93,12.91,170.9,11.855,157.04,55.6,56.8,53.8,54.5,56.8,60.7,4.6,36.2,5792.0,5792,103
b1ff4656-94ee8536,Adaptive,0.7432240448761813,0.6124036968428973,0.9834368709631864,0.40333249895410855,1439,1191,1084,107,355,149,54,26.6,0,54,0.0,26.6,1,0.49,66,32.51,82,40.39,11.07,43.919,57.406,100.594,619.2,28.845,314.4,12.346,134.25,11.284,122.77,55.5,56.2,53.7,54.1,56.2,53.6,5.0,32.7,5820.0,5823,83
b1ff4656-ebcfeb35,Vanilla,0.3651085192078811,0.2527733741939423,0.904652703797839,0.21977828730664392,1326,669,529,140,797,203,0,0.0,0,0,0.0,0.0,0,0.0,0,0.0,203,100.0,12.94,53.665,60.965,99.656,770.53,32.789,415.75,13.149,166.46,12.102,153.27,56.0,57.3,54.1,54.8,57.3,57.3,4.7,38.0,5793.0,5796,98
b1ff4656-ebcfeb35,Adaptive,0.3733227100522099,0.24727745127262044,0.8758636099544314,0.24406939679572662,1326,794,543,251,783,177,26,12.81,0,26,0.0,12.81,1,0.49,94,46.31,82,40.39,11.96,48.628,59.026,100.95,688.22,31.439,368.11,12.905,150.85,11.851,138.6,56.1,56.8,54.4,55.1,57.2,55.7,4.9,36.1,5827.0,5829,90
b200b84e-4a792877,Vanilla,0.4646096014179868,0.33041604103172506,0.9946299303666322,0.2401597004787701,1765,855,824,31,941,200,0,0.0,0,0,0.0,0.0,0,0.0,0,0.0,200,100.0,11.93,51.92,71.797,101.644,840.37,34.545,405.35,13.593,159.22,12.5,146.48,56.7,58.0,54.8,55.2,58.0,72.6,4.7,40.4,5804.0,5805,90
b200b84e-4a792877,Adaptive,0.45944952696337826,0.29080759396319544,0.9645993567428363,0.26321212590876863,1765,987,832,155,933,156,44,22.0,5,39,2.5,19.5,2,1.0,92,46.0,62,31.0,10.63,45.574,49.286,106.25,512.2,30.877,322.64,12.843,133.93,11.755,122.64,56.3,57.0,54.6,56.2,57.0,45.2,5.6,36.0,5832.0,5836,82
b200e97a-bf074435,Vanilla,0.744790996341501,0.5693740485293951,0.978274705813764,0.41687199799782587,2442,2114,1846,268,596,202,0,0.0,0,0,0.0,0.0,0,0.0,0,0.0,202,100.0,15.26,64.74,62.935,104.384,947.16,28.922,436.3,12.284,185.1,11.304,170.4,56.0,57.1,54.2,54.9,57.1,58.1,4.7,33.2,5796.0,5797,116
b200e97a-bf074435,Adaptive,0.7358752486061266,0.5093273871706744,0.9450196774356613,0.44275797578279696,2442,2377,1863,514,579,188,14,6.93,0,14,0.0,6.93,1,0.5,140,69.31,47,23.27,15.38,65.045,60.847,103.038,913.57,27.071,409.09,11.909,179.68,10.889,164.37,55.3,56.1,53.6,54.2,56.1,57.0,4.8,30.2,5828.0,5829,116
b20234fd-822029be,Vanilla,0.5024917627598116,0.35753551872130745,0.9867514581278893,0.2645759925536535,1921,1038,977,61,944,202,0,0.0,0,0,0.0,0.0,0,0.0,0,0.0,202,100.0,13.03,55.516,65.734,99.2,832.56,32.546,414.73,13.068,166.31,12.041,153.32,55.9,57.9,53.9,54.7,57.9,64.3,4.6,37.1,5807.0,5809,99
b20234fd-822029be,Adaptive,0.511837867306934,0.33777611100776206,0.9703105496948425,0.2859268061544629,1921,1153,1007,146,914,167,35,17.33,0,35,0.0,17.33,1,0.5,86,42.57,80,39.6,11.61,48.15,69.362,104.518,782.16,30.567,346.45,12.718,143.87,11.665,132.05,56.0,57.2,54.1,54.6,57.2,64.6,4.9,35.1,5825.0,5829,88
b202cae2-672e61c5,Vanilla,0.8090507812414874,0.6910238646742062,0.9984249066587941,0.41133425749538755,2487,2051,2015,36,472,203,0,0.0,0,0,0.0,0.0,0,0.0,0,0.0,203,100.0,13.75,56.922,67.859,104.046,912.53,31.36,423.12,12.837,173.02,11.786,158.91,56.1,57.1,54.2,54.7,57.4,65.3,5.0,36.3,5804.0,5807,107
b202cae2-672e61c5,Adaptive,0.799699547233639,0.6172733192187829,0.9839844164366486,0.4395678863423134,2487,2250,2011,239,476,186,17,8.37,0,17,0.0,8.37,1,0.49,125,61.58,60,29.56,13.79,56.821,62.094,102.736,838.8,29.01,393.61,12.308,166.63,11.307,153.19,55.6,56.6,53.8,54.6,56.6,58.4,5.1,32.5,5822.0,5825,108
b202cae2-f46c74a6,Vanilla,0.7165166158571781,0.6062448970962325,0.9973974646308809,0.36617182732761666,2328,1712,1672,40,656,202,0,0.0,0,0,0.0,0.0,0,0.0,0,0.0,202,100.0,13.65,57.028,65.678,102.184,877.42,31.469,422.36,12.857,172.28,11.791,158.07,55.9,57.0,54.1,54.7,57.0,64.3,4.9,35.9,5791.0,5791,108
b202cae2-f46c74a6,Adaptive,0.7170050298043175,0.5648530315770803,0.9868338625291091,0.3919636746948056,2328,1868,1684,184,644,177,25,12.38,0,25,0.0,12.38,1,0.5,106,52.48,70,34.65,13.56,56.281,63.75,101.194,854.7,28.316,378.93,12.201,163.01,11.164,149.23,55.5,56.3,53.9,54.6,56.3,58.2,4.9,32.0,5820.0,5823,104
b2036451-aa924fd1,Vanilla,0.8403600366134714,0.6741048496199074,0.9864527755003082,0.46002705847656217,1941,1829,1646,183,295,202,0,0.0,0,0,0.0,0.0,0,0.0,0,0.0,202,100.0,13.58,57.611,69.035,105.436,917.51,31.603,421.72,12.846,171.16,11.853,158.03,55.9,57.4,54.0,54.8,57.4,67.9,4.7,36.3,5795.0,5799,106
b2036451-aa924fd1,Adaptive,0.8265565417320249,0.6051119121302457,0.9599600274706351,0.4841332209822331,1941,2014,1647,367,294,175,27,13.37,0,27,0.0,13.37,1,0.5,113,55.94,61,30.2,13.04,54.826,64.822,104.646,828.22,29.07,373.46,12.329,157.96,11.318,145.1,55.6,57.0,53.9,54.6,57.0,61.7,4.8,32.9,5832.0,5836,100
b204a5c1-05981158,Vanilla,0.7369636134714106,0.6077727924535736,0.9924765085886083,0.38491018072616756,922,718,684,34,238,102,0,0.0,0,0,0.0,0.0,0,0.0,0,0.0,102,100.0,7.29,59.418,64.158,97.822,449.85,29.438,208.06,12.498,88.04,11.371,80.2,55.4,56.2,53.6,54.1,56.2,61.9,4.7,32.4,5803.0,5808,55
b204a5c1-05981158,Adaptive,0.7324186683935168,0.5728691863046513,0.9797231510933847,0.3986758738316955,922,758,687,71,235,76,26,25.49,0,26,0.0,25.49,1,0.98,30,29.41,45,44.12,6.0,46.611,64.939,101.118,380.59,27.275,159.16,12.04,70.02,10.937,63.67,55.2,55.9,53.7,54.6,55.9,58.6,5.0,30.4,5813.0,5816,46
b204a5c1-064b0040,Vanilla,0.7357643391415111,0.5188393790263912,0.978154307375976,0.40055980321028256,2247,1866,1684,182,563,202,0,0.0,0,0,0.0,0.0,0,0.0,0,0.0,202,100.0,14.58,60.177,67.135,103.668,960.31,29.927,430.27,12.535,180.0,11.459,164.61,55.6,56.3,53.8,54.6,56.3,62.7,4.9,34.3,5785.0,5786,112
b204a5c1-064b0040,Adaptive,0.7472016562316393,0.48146455802362825,0.9585404684333538,0.4319388600652508,2247,2079,1732,347,515,181,21,10.4,0,21,0.0,10.4,1,0.5,133,65.84,47,23.27,14.53,59.587,59.593,98.652,843.47,27.441,391.6,12.02,171.17,10.937,155.85,55.1,56.0,53.5,54.2,56.0,55.2,4.9,30.7,5818.0,5821,110
b204a5c1-fa3d5b88,Vanilla,0.7633613391634696,0.5795304635798612,0.9911018251394944,0.400519161907843,2527,2055,1944,111,583,202,0,0.0,0,0,0.0,0.0,0,0.0,0,0.0,202,100.0,14.71,61.009,63.666,99.564,921.41,29.579,428.95,12.406,179.59,11.37,164.69,55.3,56.1,53.4,53.9,56.1,61.7,4.8,33.0,5797.0,5798,114
b204a5c1-fa3d5b88,Adaptive,0.760506723290133,0.5328159886726576,0.9778587526946876,0.4253137796386836,2527,2232,1952,280,575,173,29,14.36,0,29,0.0,14.36,1,0.5,114,56.44,58,28.71,13.68,55.541,60.303,101.212,808.5,27.654,372.55,11.982,161.19,10.947,147.35,54.9,55.8,53.2,54.0,55.8,55.8,5.0,30.9,5825.0,5827,106
b205eb4d-f84aaa1a,Vanilla,0.7682230378240706,0.6562566606571925,0.9967610351906783,0.3918187431990007,2005,1579,1545,34,460,202,0,0.0,0,0,0.0,0.0,0,0.0,0,0.0,202,100.0,14.12,58.757,59.086,99.724,819.61,30.586,426.07,12.627,175.55,11.553,160.7,55.3,56.3,53.4,54.1,56.3,56.1,4.8,34.8,5795.0,5796,108
b205eb4d-f84aaa1a,Adaptive,0.7555503456559962,0.5612399480179247,0.9801570278608717,0.417491182603215,2005,1733,1537,196,468,180,22,10.89,0,22,0.0,10.89,1,0.5,110,54.46,69,34.16,13.5,55.369,65.521,103.822,867.58,28.903,383.21,12.288,162.58,11.238,148.77,55.2,56.1,53.4,53.9,56.1,60.1,4.9,32.6,5835.0,5838,103
b2064e61-2beadd45,Vanilla,0.6387976524962407,0.5099360776114862,0.9934364475230506,0.3325288022786353,2109,1418,1355,63,754,203,0,0.0,0,0,0.0,0.0,0,0.0,0,0.0,203,100.0,13.49,58.207,64.022,103.666,850.16,31.925,423.93,12.898,170.94,11.851,157.16,55.6,56.8,53.6,54.3,56.8,62.3,4.6,35.9,5810.0,5811,103
b2064e61-2beadd45,Adaptive,0.6727374485948475,0.496980649704195,0.9849284268457155,0.3636990622636555,2109,1573,1436,137,673,170,33,16.26,0,33,0.0,16.26,1,0.49,106,52.22,63,31.03,11.61,49.289,55.92,102.62,635.88,30.968,353.38,12.668,144.23,11.689,133.19,55.6,56.5,53.8,54.3,56.6,52.5,4.7,35.7,5825.0,5827,90
b206a78b-99f405ab,Vanilla,0.5885520426165671,0.4819202625689808,0.9971144247060415,0.30231456071354396,2188,1329,1291,38,897,202,0,0.0,0,0,0.0,0.0,0,0.0,0,0.0,202,100.0,12.85,54.958,70.907,106.72,893.79,33.054,418.8,13.191,166.89,12.139,153.65,56.3,57.1,54.3,54.8,57.1,73.8,4.6,38.1,5805.0,5808,99
b206a78b-99f405ab,Adaptive,0.6232688725016065,0.4750358580459892,0.9850322115267397,0.33939898851766015,2188,1524,1379,145,809,182,20,9.9,0,20,0.0,9.9,1,0.5,114,56.44,67,33.17,12.91,54.785,61.62,98.464,781.19,30.249,384.22,12.629,160.09,11.555,146.58,55.9,57.0,54.3,54.8,57.0,59.7,4.8,34.6,5831.0,5839,98
b2080dc7-f9b98a5f,Vanilla,0.1608928253805259,0.11488235176598816,0.9861650123192638,0.08380200105318589,1055,180,172,8,883,202,0,0.0,0,0,0.0,0.0,0,0.0,0,0.0,202,100.0,11.42,49.236,73.834,101.044,827.39,36.186,405.92,13.91,155.83,12.861,144.13,56.8,58.2,54.7,55.5,58.2,76.0,4.6,42.1,5813.0,5816,88
b2080dc7-f9b98a5f,Adaptive,0.02537751098988315,0.01616954910858481,0.9390737966858083,0.015382532159783345,1055,35,28,7,1027,19,183,90.59,175,8,86.63,3.96,2,0.99,4,1.98,13,6.44,9.58,43.744,35.137,85.47,327.29,7.752,72.07,11.867,109.98,7.623,70.66,53.0,55.0,53.6,56.2,56.2,12.2,27.1,13.1,5830.0,5836,72
b20841f9-cef732d5,Vanilla,0.7583665645328905,0.6083471563743081,0.986930496661018,0.3970684332583799,2083,1689,1599,90,484,203,0,0.0,0,0,0.0,0.0,0,0.0,0,0.0,203,100.0,14.97,63.514,62.782,105.444,923.52,29.359,432.78,12.349,181.7,11.316,166.59,54.7,55.7,53.1,54.0,55.7,58.8,4.6,32.4,5819.0,5820,111
b20841f9-cef732d5,Adaptive,0.7519175373104301,0.5577658820998144,0.9739010256479989,0.4221334237007333,2083,1836,1597,239,486,167,36,17.73,0,36,0.0,17.73,1,0.49,104,51.23,62,30.54,13.14,54.138,61.713,105.52,798.8,27.801,358.44,12.017,154.74,10.998,141.7,54.8,55.8,53.3,53.9,55.8,56.5,4.8,31.0,5819.0,5822,100
b20b69d2-64b9cdb8,Vanilla,0.6691398955114998,0.5623413648934126,0.9943275755332537,0.34962083717808906,1300,917,874,43,426,203,0,0.0,0,0,0.0,0.0,0,0.0,0,0.0,203,100.0,13.41,54.987,55.967,101.362,732.44,32.012,419.84,12.916,169.17,11.842,155.18,55.4,56.3,53.5,54.2,56.3,53.6,4.8,36.7,5793.0,5793,102
b20b69d2-64b9cdb8,Adaptive,0.6433569277315723,0.48895136881097423,0.9670802159495709,0.37086726998491704,1300,1020,855,165,445,161,42,20.69,0,42,0.0,20.69,1,0.49,71,34.98,89,43.84,11.23,44.084,64.727,102.626,710.11,30.463,336.28,12.596,138.81,11.589,127.77,55.5,56.4,53.7,54.4,56.5,61.4,5.0,34.9,5819.0,5821,88
b20b69d2-650e674d,Vanilla,0.7350797182051194,0.5651998317014915,0.9945591665673218,0.3782535976519275,3258,2487,2407,80,851,202,0,0.0,0,0,0.0,0.0,0,0.0,0,0.0,202,100.0,16.34,68.847,60.126,102.33,963.75,27.444,441.19,11.851,190.22,10.901,175.05,55.1,56.3,53.6,54.0,56.3,56.3,4.7,30.7,5797.0,5797,123
b20b69d2-650e674d,Adaptive,0.7585704689889656,0.537266200450143,0.9792678163505324,0.42174728362573666,3258,2849,2508,341,750,190,12,5.94,0,12,0.0,5.94,1,0.5,161,79.7,28,13.86,16.59,69.885,60.288,100.942,978.99,25.849,422.22,11.554,188.38,10.567,172.39,54.4,55.4,52.7,53.4,55.4,55.6,4.8,28.5,5824.0,5828,125
b20b69d2-6e2b9e73,Vanilla,0.5548504249831614,0.42087917206124786,0.9872172335128112,0.2853186832819688,1317,765,740,25,577,203,0,0.0,0,0,0.0,0.0,0,0.0,0,0.0,203,100.0,13.72,56.477,67.14,102.214,897.59,31.412,422.49,12.816,172.02,11.752,157.85,55.1,56.0,53.1,53.6,56.0,66.0,4.8,35.7,5795.0,5795,104
b20b69d2-6e2b9e73,Adaptive,0.5458118539361261,0.36454280423745894,0.9616379746522625,0.31138238142010266,1317,872,741,131,576,148,55,27.09,0,55,0.0,27.09,3,1.48,67,33.0,78,38.42,10.07,40.246,47.077,102.996,458.04,30.948,303.93,12.769,125.1,11.651,114.21,55.2,56.2,53.4,54.0,56.2,42.5,5.0,35.2,5823.0,5833,77
b20b69d2-7767e6b6,Vanilla,0.7233993431764025,0.5906130952080096,0.9813814224700168,0.38698465624911704,1032,823,759,64,273,203,0,0.0,0,0,0.0,0.0,0,0.0,0,0.0,203,100.0,12.53,51.418,60.398,104.72,744.23,33.633,413.62,13.247,162.6,12.202,149.86,55.8,57.1,53.9,54.4,57.1,57.3,4.7,39.4,5805.0,5805,97
b20b69d2-7767e6b6,Adaptive,0.6850184801850939,0.49528314180277944,0.9448182553671409,0.4065044000912987,1032,917,737,180,295,150,53,26.11,8,45,3.94,22.17,9,4.43,64,31.53,77,37.93,10.69,43.632,42.357,102.892,446.39,29.897,314.71,12.786,134.43,11.536,121.32,55.5,56.6,53.8,54.3,56.6,33.3,6.4,34.3,5821.0,5826,82
b20b69d2-bd242bf0,Vanilla,0.698176146143356,0.5039607096704967,0.9910729953419957,0.3618936583257515,2122,1557,1494,63,628,160,0,0.0,0,0,0.0,0.0,0,0.0,0,0.0,160,100.0,11.86,63.5,65.034,99.658,758.2,29.168,338.88,12.26,142.26,11.286,131.04,55.4,56.8,53.8,54.4,56.8,61.7,4.7,32.9,5798.0,5799,89
b20b69d2-bd242bf0,Adaptive,0.6823601051708069,0.41931338460983936,0.9428060623345066,0.4082302753776929,2122,1912,1507,405,615,153,7,4.38,0,7,0.0,4.38,1,0.62,112,70.0,40,25.0,11.97,63.979,60.872,100.198,710.49,27.71,323.69,11.972,139.62,10.958,127.92,55.0,55.9,53.5,54.2,55.9,54.2,5.0,31.3,5836.0,5836,92
b20b69d2-ca16c907,Vanilla,0.7547797111870639,0.6045808443683842,0.9972194665752956,0.39019131139474983,891,698,674,24,217,198,0,0.0,0,0,0.0,0.0,0,0.0,0,0.0,198,100.0,12.74,52.892,58.252,97.808,726.69,32.62,408.24,13.056,163.16,11.997,150.0,55.5,56.6,53.6,54.1,56.5,55.5,4.7,37.2,5807.0,5807,98
b20b69d2-ca16c907,Adaptive,0.7184870038431638,0.5283473199992669,0.9699129197761815,0.4083392673471003,891,766,654,112,237,136,62,31.31,0,62,0.0,31.31,2,1.01,34,17.17,100,50.51,9.72,37.78,62.264,101.168,582.97,29.777,281.02,12.462,117.34,11.437,107.76,55.5,56.4,53.7,54.3,56.4,59.5,5.1,34.1,5851.0,5855,75
b20b69d2-e31380a7,Vanilla,0.7420249986488847,0.6233543197820299,0.9986464963662762,0.37802930056710776,529,400,393,7,136,174,0,0.0,0,0,0.0,0.0,0,0.0,0,0.0,174,100.0,10.69,51.028,61.801,102.34,645.97,33.579,352.91,13.268,139.14,12.22,128.22,55.9,57.9,54.1,54.9,57.9,59.7,4.7,38.9,5824.0,5824,83
b20b69d2-e31380a7,Adaptive,0.6698210943968922,0.47451874709361996,0.9653455362737536,0.3851825596863404,529,432,363,69,166,103,71,40.8,22,49,12.64,28.16,10,5.75,26,14.94,67,38.51,8.57,39.865,51.882,95.296,429.91,25.937,215.72,12.331,102.63,10.807,89.92,55.1,56.2,53.8,55.1,56.2,43.6,9.4,30.0,5834.0,5841,66
b20b69d2-ffc1d6af,Vanilla,0.7253467491114949,0.583621764792835,0.9894475695810896,0.3793681874229346,1622,1250,1188,62,434,199,0,0.0,0,0,0.0,0.0,0,0.0,0,0.0,199,100.0,12.82,53.441,54.662,101.816,685.82,32.586,411.58,13.001,163.99,12.013,151.58,55.8,56.9,54.1,55.0,56.9,51.0,4.9,37.8,5835.0,5835,101
b20b69d2-ffc1d6af,Adaptive,0.6977072742058055,0.48389799790808297,0.9634485583362269,0.39987991674705026,1622,1378,1163,215,459,158,41,20.6,1,40,0.5,20.1,2,1.01,89,44.72,67,33.67,11.61,46.704,63.024,99.23,721.55,29.217,334.54,12.397,141.69,11.333,129.62,55.6,56.2,54.0,54.6,56.2,57.4,5.2,33.1,5832.0,5841,92
b20b9c19-91e01a50,Vanilla,0.8013716184831129,0.6124431318466311,0.9845373011197662,0.4354823610608877,1745,1561,1415,146,330,202,0,0.0,0,0,0.0,0.0,0,0.0,0,0.0,202,100.0,12.96,54.073,65.085,102.244,825.19,32.523,412.22,13.087,165.64,12.01,152.07,55.9,57.2,54.1,54.9,56.8,62.8,4.9,37.5,5815.0,5816,102
b20b9c19-91e01a50,Adaptive,0.7912673737817741,0.5420507431601523,0.9492499555408227,0.47060255065493245,1745,1792,1429,363,316,182,20,9.9,0,20,0.0,9.9,1,0.5,134,66.34,47,23.27,12.76,52.809,65.069,107.014,818.62,30.443,381.74,12.692,158.85,11.6,145.27,55.9,56.7,54.0,54.4,56.7,60.9,5.0,34.7,5840.0,5844,101
b20d494a-cdebe83e,Vanilla,0.5922441068474913,0.45953205764008576,0.9823167131761633,0.3149443464509458,1203,779,724,55,479,198,0,0.0,0,0,0.0,0.0,0,0.0,0,0.0,198,100.0,11.95,51.62,72.774,102.458,846.75,34.356,401.34,13.485,157.27,12.435,145.09,56.5,57.9,54.4,55.1,57.9,72.5,4.7,39.7,5813.0,5813,94
b20d494a-cdebe83e,Adaptive,0.555612094627877,0.35250809022089863,0.9329950339603024,0.3336881260535811,1203,895,704,191,499,151,47,23.74,0,47,0.0,23.74,2,1.01,73,36.87,76,38.38,10.11,42.108,64.593,106.07,641.0,31.521,313.1,12.937,128.26,11.869,117.75,56.4,57.6,54.4,54.9,57.6,62.2,5.0,36.4,5840.0,5847,80
b20e291a-32ac11c1,Vanilla,0.7289260814714672,0.5589244338770609,0.9840846787618202,0.3958079894340158,2599,2115,1918,197,681,202,0,0.0,0,0,0.0,0.0,0,0.0,0,0.0,202,100.0,15.19,64.093,54.072,101.57,807.81,29.075,437.06,12.256,183.95,11.271,169.26,55.8,56.7,54.2,55.1,56.7,49.0,4.8,33.1,5820.0,5820,117
b20e291a-32ac11c1,Adaptive,0.7354638300699758,0.5214454764816636,0.9562343558236076,0.4344627356596702,2599,2437,1966,471,633,197,5,2.48,0,5,0.0,2.48,1,0.5,153,75.74,43,21.29,15.75,66.674,60.146,104.77,929.49,27.595,429.33,11.93,185.17,10.966,170.33,55.3,56.2,53.7,54.6,56.2,54.8,4.9,30.4,5848.0,5849,121
b20e291a-6012d836,Vanilla,0.7615349234020452,0.6065515983833364,0.9834764177658805,0.41141217215484405,2245,1899,1733,166,512,203,0,0.0,0,0,0.0,0.0,0,0.0,0,0.0,203,100.0,14.26,59.594,61.558,100.482,860.35,30.538,429.65,12.51,175.73,11.553,162.37,55.5,57.1,53.6,54.2,57.1,59.6,4.8,34.2,5823.0,5823,112
b20e291a-6012d836,Adaptive,0.7398872332759738,0.5300260442270754,0.9531982990370309,0.43575162045382165,2245,2119,1716,403,529,170,33,16.26,0,33,0.0,16.26,1,0.49,107,52.71,62,30.54,13.54,56.206,59.775,103.692,793.64,27.452,367.13,11.911,158.97,10.947,146.2,55.1,56.3,53.5,54.4,56.3,54.4,4.9,30.9,5851.0,5853,105
b20eae11-149766ce,Vanilla,0.27891191674260646,0.19657852516302737,0.9355735033724365,0.15477404600205516,1752,591,521,70,1231,203,0,0.0,0,0,0.0,0.0,0,0.0,0,0.0,203,100.0,12.03,51.258,70.105,99.462,825.38,34.822,412.1,13.621,160.93,12.508,147.86,56.1,57.7,54.1,54.8,57.7,69.7,4.7,40.3,5821.0,5822,95
b20eae11-149766ce,Adaptive,0.2907035171495957,0.17253968895975733,0.8999207279336048,0.17748604769152712,1752,720,558,162,1194,176,27,13.3,7,20,3.45,9.85,16,7.88,84,41.38,76,37.44,12.14,52.076,67.582,101.536,806.32,30.677,365.29,13.095,155.73,11.821,140.63,56.2,57.4,54.4,55.7,57.2,65.5,7.1,35.8,5834.0,5842,94
b20eae11-18cd8ca2,Vanilla,0.42467781800102866,0.24574567219221038,0.9794936903317311,0.23199935335246333,1135,545,490,55,645,202,0,0.0,0,0,0.0,0.0,0,0.0,0,0.0,202,100.0,11.85,50.576,74.871,104.002,862.49,35.15,406.82,13.705,158.41,12.625,145.98,56.8,57.9,54.7,55.3,57.9,75.0,4.6,41.2,5808.0,5818,93
b20eae11-18cd8ca2,Adaptive,0.4598787845914428,0.24432927728094747,0.9732082412551779,0.2563702759100394,1135,608,533,75,602,155,47,23.27,0,47,0.0,23.27,1,0.5,59,29.21,95,47.03,9.85,40.406,63.485,102.334,609.68,32.79,317.37,13.218,127.63,12.175,117.64,56.7,57.7,54.8,55.1,57.7,60.8,4.8,38.3,5839.0,5841,78
b20eae11-6817ba7a,Vanilla,0.39797253102819924,0.27215109732338816,0.9395423270168867,0.22263886069954675,1560,758,658,100,902,202,0,0.0,0,0,0.0,0.0,0,0.0,0,0.0,202,100.0,12.69,53.118,51.247,106.57,633.72,33.173,414.89,13.197,164.77,12.233,152.77,56.6,57.6,54.7,55.1,57.6,48.5,4.7,38.6,5809.0,5810,98
b20eae11-6817ba7a,Adaptive,0.43851281448820323,0.2758886001753439,0.9139044484092868,0.26142513487958174,1560,922,741,181,819,174,28,13.86,4,24,1.98,11.88,7,3.47,101,50.0,66,32.67,12.31,51.194,66.576,103.992,800.56,30.018,361.44,12.709,152.78,11.632,139.9,56.3,57.6,54.6,55.1,57.6,61.1,5.8,34.6,5832.0,5837,93
b20ff95c-b9444127,Vanilla,0.5549089469855788,0.3245984129538338,0.9765390043872224,0.3002159322113173,787,489,446,43,341,102,0,0.0,0,0,0.0,0.0,0,0.0,0,0.0,102,100.0,6.59,54.599,71.113,99.28,450.5,31.834,200.93,12.989,81.78,11.929,75.15,56.5,57.2,54.5,54.9,57.2,70.6,4.7,35.4,5807.0,5808,50
b20ff95c-b9444127,Adaptive,0.5550260437335117,0.3083117325584141,0.9564857212138105,0.32007388582992147,787,540,452,88,335,78,24,23.53,0,24,0.0,23.53,1,0.98,38,37.25,39,38.24,5.49,43.434,66.451,99.978,350.14,29.951,157.88,12.632,66.37,11.571,60.85,56.3,57.1,54.5,54.9,56.8,64.1,4.8,34.3,5834.0,5835,42
b2102d00-5eb86b71,Vanilla,0.6436229740398638,0.48645939582369657,0.9896701431380268,0.3356114787307915,2413,1646,1568,78,845,202,0,0.0,0,0,0.0,0.0,0,0.0,0,0.0,202,100.0,13.55,58.776,57.446,98.588,767.16,31.744,423.65,12.921,172.25,11.903,158.73,56.5,57.5,54.6,55.0,57.5,54.1,4.6,36.7,5809.0,5809,103
b2102d00-5eb86b71,Adaptive,0.6790259026456041,0.4781549389921075,0.9795513196009717,0.3766687527222585,2413,1882,1663,219,750,182,20,9.9,2,18,0.99,8.91,1,0.5,130,64.36,51,25.25,12.66,54.11,69.133,99.53,861.24,30.599,382.26,12.768,159.21,11.724,146.3,56.4,57.3,54.4,54.8,57.3,67.3,5.1,35.0,5834.0,5841,100
b2102d00-a8c09be1,Vanilla,0.6886006942133347,0.5439270211123324,0.9940362021928448,0.3574492421027069,1943,1403,1345,58,598,202,0,0.0,0,0,0.0,0.0,0,0.0,0,0.0,202,100.0,12.57,54.302,66.301,100.4,817.62,33.346,413.42,13.328,164.99,12.267,151.92,56.6,57.7,54.7,55.3,57.7,66.5,4.7,38.9,5814.0,5819,100
b2102d00-a8c09be1,Adaptive,0.6904392928437768,0.49901024107864433,0.9804099281302608,0.3877411289089929,1943,1559,1358,201,585,170,32,15.84,0,32,0.0,15.84,1,0.5,112,55.45,57,28.22,11.7,49.668,66.162,106.956,760.87,30.954,356.39,12.787,146.98,11.815,135.88,56.5,57.4,54.6,55.0,57.4,64.1,4.9,35.5,5851.0,5853,92
b2131b7b-e58faab7,Vanilla,0.44438727435596564,0.30557090634968165,0.9941191029834665,0.2340363750956647,970,458,433,25,537,202,0,0.0,0,0,0.0,0.0,0,0.0,0,0.0,202,100.0,11.99,50.847,72.565,102.42,850.91,34.828,409.93,13.642,160.32,12.559,147.66,57.0,58.6,55.0,55.7,58.6,71.5,4.9,40.5,5833.0,5841,93
b2131b7b-e58faab7,Adaptive,0.4426523673772362,0.2644720581177069,0.9832165706704821,0.24133784855434337,970,481,435,46,535,105,97,48.02,49,48,24.26,23.76,1,0.5,28,13.86,76,37.62,9.43,39.138,60.31,101.246,560.77,25.589,237.83,12.697,117.27,10.924,101.07,56.2,57.8,55.1,56.3,57.8,50.5,11.7,32.6,5866.0,5870,72
b213e4eb-09c01a17,Vanilla,0.6990491087718178,0.5608512920284338,0.9924398890730816,0.36165301964402413,1885,1380,1327,53,558,202,0,0.0,0,0,0.0,0.0,0,0.0,0,0.0,202,100.0,13.46,56.242,69.478,102.756,914.99,31.799,420.29,12.964,170.94,11.932,157.41,56.3,57.2,54.4,55.0,57.2,68.3,4.8,35.9,5848.0,5864,104
b213e4eb-09c01a17,Adaptive,0.7289232592019521,0.5533879979288137,0.9835241216812037,0.3932741291357453,1885,1523,1393,130,492,164,38,18.81,0,38,0.0,18.81,1,0.5,91,45.05,72,35.64,12.12,49.318,61.831,104.028,732.16,29.186,346.73,12.403,147.01,11.415,135.39,56.0,56.8,54.1,54.6,56.7,57.8,4.9,33.3,5854.0,5858,93
b214d1e1-f248c616,Vanilla,0.5978283583720662,0.4363211837437032,0.9870832218956096,0.3164772739587375,2069,1338,1251,87,818,200,0,0.0,0,0,0.0,0.0,0,0.0,0,0.0,200,100.0,12.92,55.501,54.464,103.594,690.03,32.711,416.32,13.091,166.42,12.091,153.78,56.4,57.7,54.4,55.3,57.7,51.6,4.8,37.6,5850.0,5850,101
b214d1e1-f248c616,Adaptive,0.6027186785205737,0.40686949622900304,0.9676112492908825,0.3448803280838927,2069,1507,1276,231,793,175,25,12.5,0,25,0.0,12.5,1,0.5,103,51.5,71,35.5,12.11,51.118,66.499,97.33,793.36,30.691,366.71,12.762,152.18,11.735,140.04,56.3,57.1,54.6,55.3,57.1,64.8,4.9,35.4,5858.0,5861,95
b21547c1-73e457f8,Vanilla,0.6143866414988752,0.47503609744981634,0.9927650427181347,0.3180308458228052,2076,1336,1284,52,792,203,0,0.0,0,0,0.0,0.0,0,0.0,0,0.0,203,100.0,12.66,54.53,58.466,103.976,724.58,33.447,417.5,13.283,165.55,12.262,152.9,56.6,57.8,55.0,55.7,57.8,56.8,4.7,38.8,5857.0,5858,99
b21547c1-73e457f8,Adaptive,0.6613144609735027,0.4665639070931517,0.9827982680003027,0.35943966409971567,2076,1535,1392,143,684,176,27,13.3,0,27,0.0,13.3,1,0.49,111,54.68,64,31.53,12.32,52.572,65.868,100.664,798.46,30.55,370.82,12.679,153.61,11.681,141.61,56.4,57.2,54.6,55.0,57.6,63.6,4.8,35.0,5863.0,5866,94
b21547c1-796757ac,Vanilla,0.2804243343464618,0.20457713123277815,0.9940618867812615,0.1436564250551689,2365,685,667,18,1698,202,0,0.0,0,0,0.0,0.0,0,0.0,0,0.0,202,100.0,12.54,53.422,71.543,106.312,878.06,33.62,414.54,13.401,164.97,12.311,151.63,56.8,57.8,54.9,55.3,57.8,69.7,4.8,39.2,5864.0,5864,95
b21547c1-796757ac,Adaptive,0.2937928658254208,0.20149877896220278,0.9832896218742986,0.15721970711621266,2365,764,705,59,1660,161,41,20.3,0,41,0.0,20.3,2,0.99,61,30.2,98,48.51,10.72,44.32,70.51,102.53,737.2,31.87,332.68,13.041,135.86,11.978,124.86,56.8,57.6,54.9,55.4,57.6,67.9,4.9,36.6,5859.0,5864,82
b2156f8e-72e1547c,Vanilla,0.4307080803226285,0.3405456526849243,0.9937082421862823,0.2201231967317758,840,373,364,9,476,191,0,0.0,0,0,0.0,0.0,0,0.0,0,0.0,191,100.0,11.9,52.747,72.622,100.396,845.39,33.621,390.97,13.344,155.01,12.303,142.94,57.0,57.9,55.0,55.6,57.9,73.4,4.7,38.9,5852.0,5853,92
b2156f8e-72e1547c,Adaptive,0.419682483733372,0.29798180290431964,0.9589604324985004,0.2403797398589065,840,432,364,68,476,135,56,29.32,17,39,8.9,20.42,24,12.57,33,17.28,78,40.84,10.95,49.139,55.999,99.878,596.75,26.969,289.99,12.526,134.66,11.129,119.63,56.0,57.0,54.4,55.1,57.0,50.0,9.4,31.8,5854.0,5868,85
b215943a-10e44587,Vanilla,0.6694875964092835,0.49700369533826133,0.9734299994098975,0.3624875634474967,792,599,543,56,249,191,0,0.0,0,0,0.0,0.0,0,0.0,0,0.0,191,100.0,11.7,51.865,70.493,102.582,804.62,33.97,389.51,13.404,153.38,12.371,141.64,56.8,58.0,54.9,55.9,58.4,70.3,4.8,39.5,5847.0,5848,90
b215943a-10e44587,Adaptive,0.6753906153006579,0.43311948861143124,0.9391002369689644,0.3944147140004698,792,688,563,125,229,142,49,25.65,5,44,2.62,23.04,13,6.81,58,30.37,71,37.17,10.13,44.709,51.911,100.304,510.67,29.704,292.98,12.748,125.5,11.595,114.2,56.3,57.2,54.7,55.8,57.2,44.8,7.0,34.2,5858.0,5863,78
b216243d-55963da2,Vanilla,0.6820097956018736,0.537940496615463,0.9952363369941438,0.3541686654743033,1713,1223,1173,50,540,103,0,0.0,0,0,0.0,0.0,0,0.0,0,0.0,103,100.0,6.65,56.023,38.19,96.81,244.12,32.088,205.67,12.873,82.35,11.923,76.3,56.3,56.7,54.5,54.8,57.2,28.3,4.7,36.2,5855.0,5855,51
b216243d-55963da2,Adaptive,0.7177894900386887,0.5404939525911738,0.987838617283655,0.3867926197173132,1713,1353,1241,112,472,96,7,6.8,0,7,0.0,6.8,1,0.97,72,69.9,23,22.33,6.89,57.151,61.639,99.428,413.69,29.611,198.96,12.531,84.03,11.452,76.84,56.3,56.9,54.4,54.7,56.9,57.2,5.0,33.6,5864.0,5864,54
b216243d-ad4306b9,Vanilla,0.7274240800977855,0.5655436578172617,0.9934905404464404,0.37360281682331087,1093,825,800,25,293,103,0,0.0,0,0,0.0,0.0,0,0.0,0,0.0,103,100.0,7.21,60.668,57.926,97.03,402.94,30.158,210.96,12.59,87.91,11.568,80.82,56.2,57.0,54.2,54.7,57.2,54.1,4.7,33.1,5865.0,5866,54
b216243d-ad4306b9,Adaptive,0.7339881288661839,0.53683512003183,0.981541379222175,0.3962609594689402,1093,892,815,77,278,83,20,19.42,0,20,0.0,19.42,1,0.97,41,39.81,41,39.81,5.97,48.835,62.89,95.894,356.59,29.408,167.19,12.504,70.82,11.455,64.95,56.1,56.6,54.4,55.1,56.6,60.9,4.8,33.4,5865.0,5866,46
b2169b74-fa197951,Vanilla,0.7614820417314526,0.5811114510975293,0.9905105555905644,0.4052043601497708,2040,1681,1565,116,475,203,0,0.0,0,0,0.0,0.0,0,0.0,0,0.0,203,100.0,13.77,57.289,72.048,104.486,969.23,31.575,426.67,12.919,174.31,11.867,160.17,56.5,57.4,54.7,55.2,57.4,68.6,4.9,36.5,5865.0,5865,108
b2169b74-fa197951,Adaptive,0.7690289518103688,0.5331416846734561,0.9705808459944011,0.42927722719522593,2040,1840,1606,234,434,171,32,15.76,0,32,0.0,15.76,2,0.99,102,50.25,67,33.0,13.5,55.779,60.436,103.45,800.46,27.925,372.11,12.116,161.08,11.134,148.13,55.9,56.6,54.3,54.9,56.6,56.1,5.0,31.6,5854.0,5865,103
b21742c2-0e7a2b57,Vanilla,0.5023722420341625,0.3748046380557701,0.9755035542465861,0.2707931922878984,2128,1198,1093,105,1035,202,0,0.0,0,0,0.0,0.0,0,0.0,0,0.0,202,100.0,14.05,58.811,60.519,104.278,830.82,30.979,428.67,12.715,175.78,11.723,162.11,56.0,57.2,54.2,54.7,57.2,57.7,4.8,35.3,5856.0,5856,107
b21742c2-0e7a2b57,Adaptive,0.5174023187226735,0.3576555869725758,0.9601627358219896,0.2976292432264092,2128,1352,1135,217,993,172,30,14.85,0,30,0.0,14.85,1,0.5,106,52.48,65,32.18,12.91,53.076,60.905,95.246,775.68,29.039,370.1,12.339,157.03,11.336,144.31,55.8,56.5,54.0,54.5,56.5,57.1,4.8,32.7,5867.0,5868,98
b21742c2-18d3463a,Vanilla,0.691930854520955,0.4569876005808153,0.9525421533078866,0.38586867923494406,3260,2687,2359,328,901,202,0,0.0,0,0,0.0,0.0,0,0.0,0,0.0,202,100.0,15.78,66.366,61.893,102.78,954.5,28.186,436.79,12.072,186.85,11.102,171.91,55.5,56.4,53.7,54.1,56.4,56.9,4.8,31.6,5867.0,5868,120
b21742c2-18d3463a,Adaptive,0.7007705272504994,0.43987842893702744,0.9258149338450521,0.42603930573190457,3260,3102,2428,674,832,187,15,7.43,0,15,0.0,7.43,1,0.5,151,74.75,35,17.33,16.66,70.433,61.036,100.414,997.38,25.311,415.09,11.441,187.4,10.464,171.5,54.7,56.2,53.0,53.5,56.2,54.6,4.9,27.5,5870.0,5871,127
b2194b15-1825056a,Vanilla,0.5351761285940022,0.42198211923872764,0.9969932708799257,0.27247754958083503,1798,984,965,19,833,203,0,0.0,0,0,0.0,0.0,0,0.0,0,0.0,203,100.0,12.82,53.876,70.86,101.59,891.99,33.067,416.54,13.205,166.0,12.135,152.63,55.6,56.9,53.6,54.2,56.9,69.3,4.7,38.0,5871.0,5871,100
b2194b15-1825056a,Adaptive,0.5515872172516395,0.41163696431015406,0.9850557467765102,0.2997659645939732,1798,1106,1003,103,795,166,37,18.23,0,37,0.0,18.23,1,0.49,90,44.33,75,36.95,11.43,46.943,65.014,97.468,727.92,31.025,346.72,12.776,142.5,11.728,130.87,55.8,56.8,53.9,54.2,56.8,63.0,4.8,35.6,5873.0,5873,85
b21bfb83-ea32f716,Vanilla,0.5332745328218762,0.40112676164617794,0.9689270040768305,0.29542360554769576,2380,1479,1303,176,1077,202,0,0.0,0,0,0.0,0.0,0,0.0,0,0.0,202,100.0,14.12,59.815,63.656,105.354,884.87,30.733,426.47,12.634,175.09,11.665,161.74,55.8,56.8,53.9,54.3,56.8,61.4,4.6,35.1,5872.0,5874,106
b21bfb83-ea32f716,Adaptive,0.54390273501009,0.40134695009416943,0.948679853945219,0.31408806432560693,2380,1622,1351,271,1029,168,34,16.83,0,34,0.0,16.83,1,0.5,101,50.0,66,32.67,11.6,47.182,68.506,100.592,778.75,30.842,350.18,12.693,143.97,11.679,132.51,55.8,57.6,54.0,54.9,57.6,64.0,5.0,35.0,5873.0,5873,91
b21c68e6-65674a17,Vanilla,0.4988689720876476,0.32367151427979846,0.9861950058830997,0.2633137979750701,1742,937,880,57,862,203,0,0.0,0,0,0.0,0.0,0,0.0,0,0.0,203,100.0,12.64,53.263,67.289,105.45,834.43,33.611,417.31,13.31,164.99,12.293,152.46,56.4,57.8,54.5,55.2,57.8,65.7,4.8,38.9,5874.0,5874,98
b21c68e6-65674a17,Adaptive,0.5012707814597148,0.2991742472385177,0.9558374263112731,0.28831736145997405,1742,1081,904,177,838,186,17,8.37,0,17,0.0,8.37,4,1.97,94,46.31,88,43.35,12.69,53.481,61.595,106.464,770.11,31.203,390.44,12.899,161.14,11.814,147.67,56.2,57.4,54.4,55.1,57.4,57.9,5.2,36.0,5870.0,5875,95
b21c86ac-0dc77d82,Vanilla,0.7193382819242016,0.5580617386803783,0.993692905092626,0.36646603805180916,1832,1356,1326,30,506,202,0,0.0,0,0,0.0,0.0,0,0.0,0,0.0,202,100.0,13.67,56.955,65.715,102.358,876.25,31.626,423.49,12.893,172.49,11.87,158.86,56.3,57.2,54.4,55.0,57.3,63.4,4.7,36.3,5863.0,5864,105
b21c86ac-0dc77d82,Adaptive,0.7281731884373479,0.5484848545250156,0.9901108104340236,0.37431238415381235,1832,1390,1347,43,485,130,72,35.64,0,72,0.0,35.64,1,0.5,28,13.86,101,50.0,9.72,37.344,64.037,101.72,605.4,28.7,272.86,12.288,116.54,11.257,106.84,55.8,56.5,54.0,54.4,56.5,60.6,5.0,32.4,5872.0,5872,76
b21c86ac-2eb7ba16,Vanilla,0.795368677561325,0.6541053573258577,0.9917218081358268,0.41812815676634096,2889,2450,2314,136,575,203,0,0.0,0,0,0.0,0.0,0,0.0,0,0.0,203,100.0,14.66,63.359,65.485,100.75,941.17,30.073,434.47,12.512,180.49,11.546,166.62,55.9,56.7,54.0,54.4,56.7,62.3,4.8,34.2,5872.0,5872,113
b21c86ac-2eb7ba16,Adaptive,0.794371997236836,0.5801002857992773,0.972812419751281,0.4489991193777615,2889,2720,2339,381,550,194,9,4.43,0,9,0.0,4.43,1,0.49,148,72.91,45,22.17,15.18,65.663,64.038,104.378,950.54,28.295,420.56,12.091,179.53,11.134,165.4,55.4,56.4,53.7,54.4,56.4,59.4,4.9,31.9,5872.0,5872,117
b21c86ac-71205084,Vanilla,0.737453687454006,0.5795668137173053,0.9824031696665686,0.38991459676610246,1914,1531,1435,96,479,202,0,0.0,0,0,0.0,0.0,0,0.0,0,0.0,202,100.0,14.15,61.312,60.6,102.48,834.64,30.575,424.32,12.604,174.69,11.603,160.9,55.5,56.8,53.7,54.3,56.8,56.2,4.7,34.6,5872.0,5873,107
b21c86ac-71205084,Adaptive,0.7608602024343282,0.570304884604455,0.9704010198993546,0.4289892452748852,1914,1721,1490,231,424,175,27,13.37,0,27,0.0,13.37,1,0.5,121,59.9,53,26.24,12.74,54.177,59.998,103.364,742.72,29.588,369.61,12.424,154.84,11.409,142.29,55.6,56.5,53.8,54.6,56.5,56.1,4.9,33.7,5873.0,5873,98
b21d5efb-5e2cd743,Vanilla,0.36834459534363406,0.25915486990499426,0.9572859562271501,0.20432748538011697,1350,589,517,72,833,202,0,0.0,0,0,0.0,0.0,0,0.0,0,0.0,202,100.0,12.05,52.308,73.227,106.298,862.74,34.713,410.69,13.604,160.67,12.531,148.07,56.4,57.6,54.5,55.1,57.6,72.9,4.5,40.1,5873.0,5873,93
b21d5efb-5e2cd743,Adaptive,0.117087808768156,0.07412050054420508,0.9369689519167383,0.06967948717948719,1350,208,166,42,1184,42,160,79.21,154,6,76.24,2.97,2,0.99,18,8.91,22,10.89,9.98,45.462,37.41,96.804,365.22,12.241,119.17,12.125,118.2,8.431,82.14,53.4,55.9,53.8,56.1,56.1,17.8,24.6,18.0,5872.0,5874,76
b2208b0f-2796a692,Vanilla,0.7570015662914389,0.5381235686344963,0.9878900088255019,0.4030847002228902,4174,3434,3192,242,982,203,0,0.0,0,0,0.0,0.0,0,0.0,0,0.0,203,100.0,15.82,66.909,58.909,102.744,913.57,28.183,438.31,12.021,186.6,11.037,171.42,54.6,55.6,52.9,53.7,55.6,56.5,4.9,31.1,5849.0,5870,123
b2208b0f-2796a692,Adaptive,0.7731974108661621,0.5198852535907174,0.9710768181737682,0.44228845874063605,4174,3883,3289,594,885,200,3,1.48,0,3,0.0,1.48,1,0.49,173,85.22,26,12.81,17.67,75.751,58.359,101.8,1015.64,25.721,449.88,11.483,200.45,10.57,184.65,54.2,55.5,52.6,53.2,55.5,54.4,5.0,27.7,5876.0,5877,138
b229488e-e4714bb7,Vanilla,0.6364567136912826,0.5118706276957601,0.9925851155832047,0.3260228785660822,1354,892,868,24,486,202,0,0.0,0,0,0.0,0.0,0,0.0,0,0.0,202,100.0,12.41,53.495,72.971,103.034,882.07,33.79,411.12,13.278,161.16,12.258,148.9,55.1,56.4,53.1,53.8,56.4,72.9,4.6,38.6,5878.0,5879,96
b229488e-e4714bb7,Adaptive,0.6690268560138745,0.4813301111286793,0.9910330060018312,0.3515417760464102,1354,965,913,52,441,145,57,28.22,0,57,0.0,28.22,1,0.5,59,29.21,85,42.08,9.45,38.803,57.501,105.77,527.24,32.233,297.14,12.998,119.58,11.929,109.81,55.6,56.3,53.6,54.0,56.3,55.1,4.9,37.1,5907.0,5907,73
b22a4d9f-48b2e986,Vanilla,0.7200758253753539,0.5879447966764167,0.9976949537522808,0.3717791616670131,1414,1055,1020,35,394,203,0,0.0,0,0,0.0,0.0,0,0.0,0,0.0,203,100.0,14.02,57.282,70.437,101.416,973.22,31.115,428.64,12.725,175.08,11.673,160.64,55.7,56.8,53.8,54.2,56.8,68.4,4.9,35.8,5888.0,5888,108
b22a4d9f-48b2e986,Adaptive,0.7042273574328985,0.5163544579928463,0.9810716373677145,0.39053375100875554,1414,1141,1009,132,405,152,51,25.12,0,51,0.0,25.12,1,0.49,66,32.51,85,41.87,11.31,43.77,61.65,99.328,683.15,29.114,323.07,12.296,136.17,11.254,124.69,55.2,56.2,53.4,53.9,56.2,58.3,5.1,33.2,5906.0,5911,88
b22a4d9f-73cc8810,Vanilla,0.8038517992137374,0.6440509898069198,0.9952201231035571,0.4176426150302002,2255,1899,1820,79,435,203,0,0.0,0,0,0.0,0.0,0,0.0,0,0.0,203,100.0,14.66,59.919,64.529,99.642,926.13,29.854,429.95,12.411,178.57,11.409,164.2,55.3,56.0,53.4,54.0,56.0,61.5,4.9,33.7,5878.0,5879,113
b22a4d9f-73cc8810,Adaptive,0.7929560504873422,0.5579583933863624,0.9816788496087551,0.44263937666270237,2255,2062,1809,253,446,173,30,14.78,0,30,0.0,14.78,1,0.49,105,51.72,67,33.0,13.58,55.374,58.219,98.13,802.84,27.792,376.64,12.083,161.71,11.082,148.41,54.9,55.8,53.1,53.5,55.8,56.0,5.0,31.3,5916.0,5920,104
b22e02cd-6af68e18,Vanilla,0.4420551344900835,0.3420016266895304,0.9925515270690294,0.2294321998472028,865,401,385,16,480,202,0,0.0,0,0,0.0,0.0,0,0.0,0,0.0,202,100.0,11.75,50.558,74.657,103.466,859.36,35.292,408.25,13.64,157.51,12.607,145.65,55.9,58.1,53.8,55.0,58.1,76.5,4.6,40.8,5889.0,5891,92
b22e02cd-6af68e18,Adaptive,0.4249209815238005,0.2829974959211451,0.9666074266539696,0.245014450867052,865,448,376,72,489,126,76,37.62,42,34,20.79,16.83,12,5.94,50,24.75,64,31.68,10.69,46.207,61.053,98.866,637.41,25.651,268.73,12.633,132.28,10.843,113.53,55.2,56.7,54.1,55.5,56.7,54.6,11.5,31.2,5922.0,5927,82
b22f385b-5d7e5202,Vanilla,0.822049485757538,0.7209550311648567,0.9899023232002415,0.4346408538673381,1281,1133,1062,71,219,202,0,0.0,0,0,0.0,0.0,0,0.0,0,0.0,202,100.0,13.19,54.067,66.506,105.664,859.27,32.488,420.74,12.968,167.79,11.963,154.82,55.7,56.7,53.8,54.3,56.7,65.7,4.9,37.3,5893.0,5894,104
b22f385b-5d7e5202,Adaptive,0.828882671968571,0.7044001612876161,0.9729883842127107,0.449180717863919,1281,1201,1088,113,193,138,64,31.68,0,64,0.0,31.68,1,0.5,54,26.73,83,41.09,10.27,39.382,62.346,100.64,620.3,28.915,289.61,12.281,122.71,11.225,112.24,55.3,56.6,53.5,53.9,56.6,59.4,5.2,32.9,5912.0,5913,80
b230132b-ff8f2719,Vanilla,0.5724309021261743,0.4661817341580957,0.9954989997987435,0.2929551546445306,1616,953,929,24,687,203,0,0.0,0,0,0.0,0.0,0,0.0,0,0.0,203,100.0,12.33,52.097,73.142,101.746,887.78,34.151,415.59,13.443,163.35,12.342,150.02,56.1,57.2,54.0,54.6,57.2,73.3,4.8,39.4,5893.0,5893,96
b230132b-ff8f2719,Adaptive,0.583406735463641,0.4288284831723693,0.9845093918417493,0.3174264007597341,1616,1053,954,99,662,156,47,23.15,0,47,0.0,23.15,1,0.49,75,36.95,80,39.41,10.44,42.481,57.626,104.992,585.74,31.433,320.4,12.863,130.84,11.83,120.41,55.9,57.0,54.0,54.5,57.0,56.1,4.9,36.2,5913.0,5921,82
b230a7b2-c881c382,Vanilla,0.3514442012382123,0.2797965639992092,0.9920937199450285,0.1784421968811702,830,299,294,5,536,203,0,0.0,0,0,0.0,0.0,0,0.0,0,0.0,203,100.0,11.77,50.26,76.503,100.006,883.07,35.476,411.23,13.739,158.96,12.706,147.07,56.7,57.6,54.7,55.4,57.8,77.1,4.6,41.8,5887.0,5887,92
b230a7b2-c881c382,Adaptive,0.32496345854445396,0.23107480612168443,0.9725618772296586,0.17970402510362993,830,311,276,35,554,129,74,36.45,7,67,3.45,33.0,5,2.46,26,12.81,98,48.28,9.08,36.76,65.683,102.466,581.69,30.077,266.92,12.833,113.75,11.681,103.56,56.2,57.5,54.4,55.9,57.5,62.4,6.4,35.0,5910.0,5911,70
b231a630-c4522992,Vanilla,0.7006591178739273,0.48750467230161176,0.9894934956873634,0.36716710764544663,3209,2395,2270,125,939,202,0,0.0,0,0,0.0,0.0,0,0.0,0,0.0,202,100.0,14.78,62.117,63.52,102.848,921.45,29.745,434.39,12.397,180.82,11.42,166.61,55.9,56.6,54.1,54.5,56.6,60.1,4.7,33.6,5888.0,5888,115
b231a630-c4522992,Adaptive,0.7193277696314788,0.47735706614323775,0.9785141454644053,0.39935279806664475,3209,2659,2345,314,864,182,20,9.9,0,20,0.0,9.9,1,0.5,135,66.83,46,22.77,13.27,55.264,59.247,101.86,773.65,29.582,388.01,12.407,162.38,11.381,149.04,55.5,56.2,53.6,54.1,56.2,55.8,4.9,33.3,5910.0,5913,103
b232c7c9-d251d9ee,Vanilla,0.7870903608024957,0.6117124067727409,0.9905717491192865,0.41024787331613444,3174,2643,2520,123,654,202,0,0.0,0,0,0.0,0.0,0,0.0,0,0.0,202,100.0,14.36,61.919,51.87,98.07,731.93,30.312,428.56,12.519,176.69,11.505,162.45,55.4,56.3,53.7,54.4,56.7,48.5,4.8,34.4,5889.0,5890,110
b232c7c9-d251d9ee,Adaptive,0.7952940699869624,0.5747080458187322,0.9761872254770356,0.4507533544049426,3174,2982,2563,419,611,193,9,4.46,0,9,0.0,4.46,1,0.5,157,77.72,35,17.33,15.55,66.975,60.735,97.204,932.73,27.34,420.77,11.91,183.02,10.901,167.62,55.0,55.8,53.3,54.1,55.8,59.3,4.9,30.2,5918.0,5918,121
b2331b83-648e56ca,Vanilla,0.49078922562934274,0.4048472766535059,0.9962569925850495,0.25238117137280147,1521,772,749,23,772,202,0,0.0,0,0,0.0,0.0,0,0.0,0,0.0,202,100.0,12.34,52.485,67.002,106.458,806.14,33.873,409.39,13.439,162.08,12.302,148.46,55.8,57.2,53.8,54.6,57.2,67.6,4.6,39.0,5894.0,5894,97
b2331b83-648e56ca,Adaptive,0.4922405602095812,0.3721525567892906,0.9841402619256518,0.2706785849175375,1521,846,757,89,764,152,50,24.75,0,50,0.0,24.75,1,0.5,68,33.66,83,41.09,9.95,40.671,59.651,106.154,576.9,31.882,307.81,13.036,125.65,11.918,114.94,55.9,56.9,54.2,54.8,56.9,57.0,4.8,37.3,5918.0,5927,77
b2331b83-a28e6b57,Vanilla,0.695766149017452,0.5368526468827131,0.9882627436890852,0.36640462715502586,3230,2413,2271,142,959,203,0,0.0,0,0,0.0,0.0,0,0.0,0,0.0,203,100.0,14.17,59.89,57.701,103.25,802.29,30.747,430.25,12.613,176.22,11.612,162.31,55.8,56.7,54.1,54.7,56.7,53.3,4.9,35.5,5902.0,5906,111
b2331b83-a28e6b57,Adaptive,0.7025830701845601,0.49395179749560586,0.9663369904285135,0.40358234150781397,3230,2762,2323,439,907,194,9,4.43,0,9,0.0,4.43,1,0.49,149,73.4,44,21.67,15.06,63.456,63.364,105.762,944.31,28.255,420.58,12.123,180.24,11.113,165.33,55.3,56.5,53.7,54.3,56.5,58.2,5.0,31.7,5926.0,5928,119
b23493b1-3200de1c,Vanilla,0.782483290569425,0.6225355442798959,0.991268753482049,0.4143248479360758,3179,2675,2505,170,674,202,0,0.0,0,0,0.0,0.0,0,0.0,0,0.0,202,100.0,14.31,59.776,65.484,104.578,915.54,30.29,425.39,12.54,175.81,11.503,161.37,55.4,56.5,53.8,54.5,56.5,63.1,5.0,34.1,5910.0,5911,113
b23493b1-3200de1c,Adaptive,0.7805468203399326,0.5639488491306037,0.9673999526733367,0.44856612829641546,3179,3020,2536,484,643,191,11,5.45,0,11,0.0,5.45,1,0.5,156,77.23,34,16.83,14.89,62.439,62.074,102.708,903.6,27.969,409.17,12.091,176.56,11.012,160.9,55.0,55.7,53.4,54.0,55.7,57.9,5.2,31.5,5932.0,5936,117
b237db93-fab44bf2,Vanilla,0.6596475536157855,0.5273354694672319,0.9899943910320487,0.34447399821020186,1017,712,677,35,340,203,0,0.0,0,0,0.0,0.0,0,0.0,0,0.0,203,100.0,12.45,51.846,56.689,100.578,691.9,33.806,415.19,13.379,164.02,12.254,150.31,55.6,56.8,53.6,54.5,56.8,54.8,4.6,38.6,5911.0,5913,99
b237db93-fab44bf2,Adaptive,0.6623501377565116,0.4776569622151506,0.9726058297948749,0.36727554647908633,1017,780,689,91,328,145,58,28.57,0,58,0.0,28.57,1,0.49,52,25.62,92,45.32,9.83,38.647,61.848,101.646,596.49,30.985,297.77,12.77,122.5,11.712,112.41,55.7,56.7,54.0,54.7,56.7,58.1,5.0,35.7,5939.0,5940,77
b23a79d1-43dfeecd,Vanilla,0.47095162676621577,0.3636891814116932,0.9942935753635416,0.24362819444741138,1690,831,800,31,890,203,0,0.0,0,0,0.0,0.0,0,0.0,0,0.0,203,100.0,12.43,53.428,52.9,101.936,645.32,34.065,415.47,13.398,163.2,12.362,150.63,56.2,57.3,54.3,54.9,57.3,50.1,4.7,39.9,5916.0,5916,96
b23a79d1-43dfeecd,Adaptive,0.47501929390462144,0.321752838323121,0.9747749150752547,0.2628335982331501,1690,927,819,108,871,162,41,20.2,0,41,0.0,20.2,1,0.49,78,38.42,83,40.89,10.59,44.169,64.405,103.938,662.71,32.135,332.75,13.022,134.57,12.025,124.35,56.2,57.2,54.4,54.8,57.2,59.4,4.7,37.4,5942.0,5944,82
b23a79d1-e434acaa,Vanilla,0.6745592293254018,0.5582556843828275,0.9957982340018087,0.3461754148457592,1078,751,730,21,348,203,0,0.0,0,0,0.0,0.0,0,0.0,0,0.0,203,100.0,12.6,52.734,57.179,102.68,702.53,33.603,414.74,13.353,164.6,12.28,151.42,56.5,57.9,54.6,55.1,57.9,55.7,4.7,39.2,5917.0,5917,97
b23a79d1-e434acaa,Adaptive,0.6125220838708865,0.4609954599639017,0.9776639964835505,0.3450918883371295,1078,773,670,103,408,120,83,40.89,43,40,21.18,19.7,1,0.49,51,25.12,68,33.5,10.46,43.157,56.918,102.896,582.25,25.248,256.33,12.459,127.11,10.696,108.92,55.2,56.5,54.1,55.8,56.5,49.3,9.6,29.8,5936.0,5937,80
b23adb0d-72704b27,Vanilla,0.5225287458513967,0.4084182993899814,0.9970306344880273,0.26595949484059755,1208,645,633,12,575,202,0,0.0,0,0,0.0,0.0,0,0.0,0,0.0,202,100.0,12.19,52.589,72.11,101.186,867.22,34.343,411.49,13.511,161.6,12.451,148.99,56.5,57.8,54.5,55.0,57.8,71.8,4.6,40.1,5912.0,5912,93
b23adb0d-72704b27,Adaptive,0.5329080908128434,0.3756997220184869,0.9930401375805188,0.2832369942196532,1208,692,647,45,561,140,62,30.69,0,62,0.0,30.69,1,0.5,43,21.29,96,47.52,9.17,37.378,64.731,101.48,577.88,32.012,285.75,13.02,115.96,11.999,106.94,56.5,57.4,54.7,55.2,57.4,61.9,4.8,37.2,5932.0,5933,72
b23adb0d-8a7aaced,Vanilla,0.5129581795241815,0.39148397066733126,0.996152663713783,0.2647795264819019,2147,1144,1105,39,1042,203,0,0.0,0,0,0.0,0.0,0,0.0,0,0.0,203,100.0,12.54,53.463,72.221,101.684,892.57,33.876,417.32,13.37,164.49,12.349,152.0,56.9,58.0,54.9,55.4,57.9,71.6,4.8,39.5,5909.0,5909,97
b23adb0d-8a7aaced,Adaptive,0.5302630784861269,0.35224454942469535,0.9716311174156613,0.29965210610091647,2147,1351,1162,189,985,187,16,7.88,0,16,0.0,7.88,1,0.49,124,61.08,62,30.54,12.03,51.122,69.395,103.304,817.36,32.497,382.99,13.145,154.65,12.118,142.64,56.7,57.8,54.8,55.2,57.8,65.7,4.8,37.8,5935.0,5937,94
b23b2649-1a78948d,Vanilla,0.7702806141312231,0.6167267771659487,0.9861859283426807,0.4203386036428756,1332,1147,1036,111,296,190,0,0.0,0,0,0.0,0.0,0,0.0,0,0.0,190,100.0,12.06,53.128,48.025,93.862,562.63,32.755,387.27,13.078,154.4,12.121,143.15,56.5,57.3,54.8,55.3,57.3,48.4,4.8,38.5,5913.0,5913,93
b23b2649-1a78948d,Adaptive,0.728867595353885,0.49900987877932856,0.9441598429259551,0.43983510275209264,1332,1289,1007,282,325,157,33,17.37,0,33,0.0,17.37,1,0.53,88,46.32,68,35.79,11.73,50.969,61.35,105.828,701.17,28.962,331.74,12.416,141.86,11.361,129.89,56.2,57.1,54.5,55.2,57.1,56.7,4.8,33.0,5940.0,5942,86
b23b2649-6af03cd5,Vanilla,0.8495823780176835,0.712555602096023,0.990377405735672,0.45031848682291165,1469,1344,1258,86,211,203,0,0.0,0,0,0.0,0.0,0,0.0,0,0.0,203,100.0,13.64,56.886,56.911,96.026,761.72,31.657,422.35,12.879,171.66,11.875,158.33,56.3,57.3,54.6,55.3,57.3,52.2,4.8,36.3,5918.0,5919,103
b23b2649-6af03cd5,Adaptive,0.8323867904539239,0.6346686769086054,0.9673434798367161,0.4794387340611272,1469,1489,1250,239,219,160,43,21.18,0,43,0.0,21.18,1,0.49,92,45.32,67,33.0,11.82,47.144,64.14,102.398,743.9,29.152,337.69,12.431,143.72,11.378,131.63,56.0,56.9,54.3,54.9,56.9,60.2,5.0,33.0,5946.0,5948,92
b23b2649-8349d2a1,Vanilla,0.5053867719765154,0.2995593836772278,0.9474477629024501,0.28283445014141684,1493,916,792,124,701,92,0,0.0,0,0,0.0,0.0,0,0.0,0,0.0,92,100.0,5.87,54.379,50.972,103.444,286.88,31.877,178.51,12.913,72.1,11.908,66.54,56.0,56.7,54.1,54.4,56.7,44.5,4.9,34.7,5919.0,5919,45
b23b2649-8349d2a1,Adaptive,0.5306449021971469,0.2991737010650649,0.9313685378652259,0.30790289324035036,1493,1020,843,177,650,81,11,11.96,0,11,0.0,11.96,1,1.09,57,61.96,23,25.0,5.57,51.492,47.597,99.84,252.4,30.394,160.91,12.679,66.83,11.637,61.44,56.0,56.8,54.2,54.6,56.7,44.9,4.7,34.2,5948.0,5949,42
b23bb45f-ddeea1d8,Vanilla,0.7536457191315877,0.5951473611381961,0.9955967201237191,0.3901230606508963,1035,813,783,30,252,203,0,0.0,0,0,0.0,0.0,0,0.0,0,0.0,203,100.0,13.05,53.904,52.689,103.372,677.07,32.635,418.14,13.099,167.63,12.069,154.53,56.3,57.2,54.6,55.3,57.2,47.8,4.7,38.4,5930.0,5930,100
b23bb45f-ddeea1d8,Adaptive,0.7589803517618134,0.5399673548007469,0.9789628997080349,0.4203145190260955,1035,901,798,103,237,148,55,27.09,0,55,0.0,27.09,1,0.49,60,29.56,87,42.86,11.03,42.798,68.088,102.164,729.51,28.867,311.2,12.345,132.75,11.331,121.94,56.0,56.8,54.5,54.8,56.8,62.7,5.0,32.5,5949.0,5949,84
b23c9e00-b425de1b,Vanilla,0.4672832252551471,0.36908648411339706,0.9937580697691482,0.2408531034217793,2717,1322,1277,45,1440,202,0,0.0,0,0,0.0,0.0,0,0.0,0,0.0,202,100.0,13.35,57.823,63.54,103.602,834.83,31.946,419.95,12.961,170.14,11.946,156.87,56.2,57.4,54.6,55.4,57.3,60.4,4.7,36.7,5927.0,5927,101
b23c9e00-b425de1b,Adaptive,0.5001596736532474,0.3677411000687067,0.9818331881043483,0.26980501472820956,2717,1511,1380,131,1337,179,23,11.39,0,23,0.0,11.39,1,0.5,119,58.91,59,29.21,12.18,51.803,70.932,103.722,844.14,31.215,371.4,12.815,152.17,11.839,140.68,56.4,57.5,54.7,55.2,57.5,70.4,4.8,35.8,5951.0,5952,93
b23f7012-32d284ce,Vanilla,0.3816847873693939,0.2926536872876963,0.9869765411497502,0.20142620261426375,1660,683,641,42,1019,203,0,0.0,0,0,0.0,0.0,0,0.0,0,0.0,203,100.0,12.57,52.944,65.632,101.186,805.89,33.666,413.92,13.435,164.99,12.331,151.49,56.7,57.8,55.0,55.7,57.8,64.0,4.7,39.2,5924.0,5924,95
b23f7012-32d284ce,Adaptive,0.3900424495463958,0.2656306927880786,0.9626435761073177,0.22344358422282287,1660,789,666,123,994,172,31,15.27,0,31,0.0,15.27,7,3.45,80,39.41,85,41.87,11.5,47.775,65.087,104.356,735.4,31.552,357.27,13.027,147.22,11.928,134.89,56.6,57.8,54.8,55.6,57.8,62.8,5.4,36.5,5937.0,5950,88
b23f7012-fab06dac,Vanilla,0.35043665895836396,0.2557660587496732,0.9803137544159964,0.1847049917317508,1714,652,612,40,1102,202,0,0.0,0,0,0.0,0.0,0,0.0,0,0.0,202,100.0,11.93,50.501,74.683,100.38,874.86,34.922,409.07,13.7,160.23,12.594,147.37,57.1,58.4,55.1,55.6,58.4,73.9,4.6,40.9,5916.0,5916,92
b23f7012-fab06dac,Adaptive,0.3754527249699281,0.26066521049303387,0.97123839807365,0.2059778707472022,1714,738,660,78,1054,158,44,21.78,0,44,0.0,21.78,9,4.46,60,29.7,89,44.06,10.56,43.726,64.654,102.016,666.25,31.503,324.96,13.109,135.02,11.939,123.01,56.8,57.8,55.1,56.4,57.8,61.8,5.8,36.3,5931.0,5938,81
b23fe89b-c704fe97,Vanilla,0.5749696215819262,0.46978841214530015,0.9990563899189816,0.29106596574015364,1166,679,671,8,495,203,0,0.0,0,0,0.0,0.0,0,0.0,0,0.0,203,100.0,12.24,51.666,73.04,98.618,870.15,34.394,411.16,13.577,162.08,12.477,149.01,57.2,58.4,55.2,55.6,58.4,71.2,4.7,40.2,5901.0,5901,94
b23fe89b-c704fe97,Adaptive,0.5703907958046878,0.4080196613681893,0.9868393054378081,0.30709234316564965,1166,732,672,60,494,141,62,30.54,0,62,0.0,30.54,1,0.49,45,22.17,95,46.8,9.28,36.87,66.629,107.712,600.58,31.747,286.75,12.998,117.14,11.957,107.83,56.9,57.7,55.0,55.4,57.7,63.1,4.9,36.9,5924.0,5924,73
b24071b8-b3ee1196,Vanilla,0.679817534026621,0.473242276912595,0.977838396921769,0.3659718610234173,4862,3691,3371,320,1491,202,0,0.0,0,0,0.0,0.0,0,0.0,0,0.0,202,100.0,17.89,76.833,61.183,98.524,1080.04,25.789,456.73,11.55,204.3,10.638,188.26,55.9,57.0,54.2,54.9,57.1,55.8,4.7,28.4,5903.0,5905,136
b24071b8-b3ee1196,Adaptive,0.6940187043383996,0.4543943862873019,0.9564494129829921,0.4026662217985259,4862,4214,3485,729,1377,201,1,0.5,0,1,0.0,0.5,1,0.5,175,86.63,25,12.38,20.93,91.508,53.843,95.362,1112.64,22.73,469.6,10.829,223.38,9.954,205.43,54.2,55.3,52.7,53.4,55.3,46.8,4.8,27.3,5936.0,5944,157
b2408e45-984ba5aa,Vanilla,0.7249231558224827,0.5777358900920366,0.9932543946762836,0.3794385796958213,1945,1493,1418,75,527,203,0,0.0,0,0,0.0,0.0,0,0.0,0,0.0,203,100.0,13.69,58.257,55.063,99.062,737.67,31.549,424.48,12.793,171.88,11.761,158.07,54.9,56.2,52.9,53.7,56.2,53.4,4.7,35.2,5918.0,5920,104
b2408e45-984ba5aa,Adaptive,0.7212488331305276,0.5016866655827747,0.9683935113615569,0.4136963556630879,1945,1700,1433,267,512,182,21,10.34,0,21,0.0,10.34,1,0.49,122,60.1,59,29.06,13.12,55.164,66.378,105.422,856.97,29.768,385.27,12.453,160.88,11.435,147.8,55.3,56.3,53.4,53.9,56.3,62.0,4.8,33.8,5944.0,5950,101
b242929f-3051abca,Vanilla,0.65430152808706,0.5214592439299381,0.9947117179528528,0.33611110048623677,1863,1263,1225,38,638,202,0,0.0,0,0,0.0,0.0,0,0.0,0,0.0,202,100.0,12.84,53.476,71.819,105.22,907.79,33.016,417.35,13.165,166.13,12.075,152.45,55.9,56.9,54.0,54.4,56.9,71.4,4.9,38.0,5926.0,5927,101
b242929f-3051abca,Adaptive,0.6492036323794131,0.4732733337365917,0.9783096847520012,0.36257535626966464,1863,1402,1228,174,635,165,37,18.32,0,37,0.0,18.32,1,0.5,87,43.07,77,38.12,11.64,47.269,65.155,104.028,742.38,30.131,342.1,12.611,142.88,11.521,130.61,55.7,56.4,53.9,54.3,56.4,60.2,5.0,34.5,5950.0,5951,91
b242f6b2-0033bdfb,Vanilla,0.4103406570453511,0.3228798630924721,0.9959603224169489,0.2101710111678072,2809,1188,1157,31,1652,202,0,0.0,0,0,0.0,0.0,0,0.0,0,0.0,202,100.0,12.72,53.854,64.45,99.534,805.1,33.176,414.75,13.215,164.96,12.164,151.89,56.1,57.3,54.2,55.1,57.3,64.4,4.8,38.2,5930.0,5931,99
b242f6b2-0033bdfb,Adaptive,0.44019278494538105,0.32953920711367857,0.9903398675949948,0.2315192677155105,2809,1321,1247,74,1562,168,34,16.83,0,34,0.0,16.83,1,0.5,90,44.55,77,38.12,11.41,47.152,62.985,102.728,708.5,31.043,347.36,12.808,143.09,11.736,131.19,56.0,57.2,54.2,54.8,57.2,58.1,4.9,35.8,5956.0,5956,90
b242f6b2-99d2f2c1,Vanilla,0.3041566373244087,0.21500282210125454,0.9778532222516558,0.16149502693742232,1520,508,472,36,1048,203,0,0.0,0,0,0.0,0.0,0,0.0,0,0.0,203,100.0,11.9,50.918,72.556,103.556,845.71,35.184,409.63,13.641,158.53,12.616,146.69,56.7,57.8,54.9,55.6,57.8,72.5,4.6,41.0,5932.0,5938,92
b242f6b2-99d2f2c1,Adaptive,0.3039935000403104,0.18743590090210757,0.9452340912370747,0.17627629322018598,1520,583,484,99,1036,152,51,25.12,17,34,8.37,16.75,6,2.96,62,30.54,84,41.38,10.72,45.272,66.373,104.782,696.99,30.05,315.12,13.041,136.81,11.709,122.8,56.2,57.4,54.6,56.0,57.4,61.5,7.2,34.9,5943.0,5948,83
b242f6b2-eaa39345,Vanilla,0.5274971844034622,0.4050681988242789,0.9934654957408914,0.2737356505600645,1683,931,893,38,790,202,0,0.0,0,0,0.0,0.0,0,0.0,0,0.0,202,100.0,12.53,53.395,64.173,100.926,790.91,33.554,412.12,13.336,163.57,12.283,150.71,56.6,57.7,54.7,55.2,57.7,61.4,4.7,39.3,5915.0,5915,96
b242f6b2-eaa39345,Adaptive,0.5364127948691363,0.38033636092397605,0.9798710341886528,0.2946973461249347,1683,1026,917,109,766,161,41,20.3,0,41,0.0,20.3,1,0.5,74,36.63,86,42.57,10.25,42.907,57.701,96.548,575.63,32.731,327.43,13.126,131.05,12.148,121.37,56.5,57.4,54.7,55.1,57.4,54.4,4.7,38.3,5944.0,5947,79
b242f6b2-f5da110f,Vanilla,0.4462300081143171,0.339026441941912,0.9933560006214971,0.22919447004608295,1875,868,842,26,1033,201,0,0.0,0,0,0.0,0.0,0,0.0,0,0.0,201,100.0,12.24,53.157,70.741,99.174,846.19,34.137,407.46,13.459,160.37,12.433,148.21,57.0,58.2,55.0,55.5,58.2,69.8,4.6,40.1,5919.0,5919,92
b242f6b2-f5da110f,Adaptive,0.4485980069789896,0.30116805822586634,0.9709811568050659,0.2519806451612904,1875,992,860,132,1015,163,38,18.91,2,36,1.0,17.91,8,3.98,88,43.78,67,33.33,11.47,48.931,61.851,100.49,690.33,30.391,340.11,12.827,143.42,11.708,130.97,56.6,57.6,54.7,55.5,57.6,58.7,6.0,34.9,5949.0,5955,87
b24380ab-63272e5a,Vanilla,0.06312928588028935,0.043334365005825645,0.9832459996483207,0.03349400291447147,811,55,52,3,759,200,0,0.0,0,0,0.0,0.0,0,0.0,0,0.0,200,100.0,11.12,48.515,72.983,103.744,789.4,36.611,396.6,14.019,151.62,12.97,140.35,57.3,58.5,55.2,56.0,58.7,75.1,4.5,42.6,5935.0,5936,87
b24380ab-63272e5a,Adaptive,0.024843066920748794,0.013299366751894495,0.9363098218653775,0.015435904461798421,811,27,21,6,790,42,158,79.0,153,5,76.5,2.5,25,12.5,4,2.0,13,6.5,11.15,52.171,37.153,89.25,404.66,11.61,127.03,11.892,130.39,8.4,92.06,54.0,56.9,54.1,56.6,56.9,15.3,25.1,17.5,5942.0,5948,86
b24380ab-6dbeb908,Vanilla,0.4903591806002841,0.3734231906161028,0.9882543780126511,0.2575549408770206,1481,777,734,43,747,202,0,0.0,0,0,0.0,0.0,0,0.0,0,0.0,202,100.0,12.55,54.551,72.762,102.122,893.87,33.6,412.71,13.334,163.59,12.304,151.03,55.9,57.2,53.9,54.7,57.2,73.9,4.6,38.2,5916.0,5916,94
b24380ab-6dbeb908,Adaptive,0.5172088864567711,0.34610586825407597,0.9739445403484036,0.28424969891980273,1481,878,783,95,698,163,39,19.31,6,33,2.97,16.34,11,5.45,71,35.15,81,40.1,11.47,49.298,74.009,104.876,829.01,30.221,338.12,12.882,143.88,11.72,130.97,56.1,57.2,54.5,55.0,57.2,71.8,6.4,34.8,5948.0,5952,87
b24c9ee6-e43a6e8b,Vanilla,0.3806296174515133,0.30163295932578305,0.9937145788579158,0.19895085246003197,1061,426,406,20,655,202,0,0.0,0,0,0.0,0.0,0,0.0,0,0.0,202,100.0,11.73,50.956,74.168,105.34,844.81,35.603,408.56,13.82,158.34,12.761,146.27,57.1,58.1,55.0,55.4,58.1,73.0,4.5,41.9,5923.0,5924,88
b24c9ee6-e43a6e8b,Adaptive,0.4107437758068217,0.29833752379711925,0.9900809142038342,0.22026290986656083,1061,475,439,36,622,143,59,29.21,17,42,8.42,20.79,25,12.38,41,20.3,77,38.12,11.03,48.143,58.088,106.324,625.8,27.723,301.05,12.721,137.78,11.315,122.66,56.0,57.5,54.7,55.8,57.2,51.5,9.8,32.8,5943.0,5953,85
b24ca67a-594d7d3c,Vanilla,0.5533825286242136,0.4461972743998297,0.9977261942280599,0.2838668742174546,1019,580,565,15,454,202,0,0.0,0,0,0.0,0.0,0,0.0,0,0.0,202,100.0,12.04,51.287,77.468,103.266,910.19,34.776,408.51,13.66,160.26,12.551,147.29,57.1,58.0,55.2,55.9,58.0,75.2,4.6,41.0,5918.0,5918,91
b24ca67a-594d7d3c,Adaptive,0.5594151011420041,0.4257241737112868,0.9929981288259513,0.29701841482422214,1019,612,573,39,446,131,71,35.15,0,71,0.0,35.15,1,0.5,35,17.33,95,47.03,8.96,35.742,64.302,102.81,557.04,30.709,266.75,12.797,110.91,11.781,102.18,56.7,57.7,55.0,55.7,57.7,58.2,5.0,35.6,5942.0,5944,66
b24d283f-33783d1b,Vanilla,0.7487533367767691,0.5905015583093978,0.9896969517281865,0.39019714009284484,2991,2373,2261,112,730,202,0,0.0,0,0,0.0,0.0,0,0.0,0,0.0,202,100.0,15.68,67.195,59.292,101.904,911.63,28.391,438.26,12.136,187.11,11.196,172.69,56.2,57.0,54.5,55.1,57.0,53.7,4.6,32.0,5912.0,5913,118
b24d283f-33783d1b,Adaptive,0.7626488775379346,0.5661228918068797,0.9768865872340873,0.42317281375177496,2991,2630,2322,308,669,180,22,10.89,0,22,0.0,10.89,1,0.5,117,57.92,62,30.69,14.12,58.957,64.912,101.594,896.96,28.07,389.89,12.067,167.38,11.132,154.51,55.7,57.0,54.1,54.9,57.0,61.1,5.1,31.3,5938.0,5939,110
b24f03f7-ff66eaca,Vanilla,0.75601983674139,0.6367772006745066,0.9972682419676497,0.39747011860261205,1165,930,882,48,283,202,0,0.0,0,0,0.0,0.0,0,0.0,0,0.0,202,100.0,13.19,56.309,61.358,100.046,793.13,32.164,417.95,12.969,168.24,12.008,155.89,56.0,57.9,54.1,54.9,57.9,58.5,4.6,36.2,5909.0,5909,101
b24f03f7-ff66eaca,Adaptive,0.7552506307155511,0.6130633940442791,0.9893339085288604,0.4053732834848714,1165,962,887,75,278,131,71,35.15,0,71,0.0,35.15,1,0.5,36,17.82,94,46.53,9.58,38.07,61.659,103.698,575.16,29.13,271.1,12.392,115.05,11.386,105.79,56.0,56.7,54.2,54.6,56.7,57.2,4.9,33.1,5942.0,5947,73
b24f7455-e8c55d6a,Vanilla,0.651434095194634,0.4863274068646235,0.9850128796148858,0.3434783436966594,2734,1920,1806,114,928,202,0,0.0,0,0,0.0,0.0,0,0.0,0,0.0,202,100.0,15.01,63.086,66.446,102.23,979.78,29.308,433.6,12.374,182.87,11.39,168.36,55.9,56.8,54.1,54.5,56.8,63.0,4.7,33.7,5918.0,5918,114
b24f7455-e8c55d6a,Adaptive,0.6569404570894317,0.43511272632897613,0.9618712547370848,0.3779018861762281,2734,2204,1847,357,887,183,19,9.41,0,19,0.0,9.41,1,0.5,137,67.82,45,22.28,14.34,59.522,65.16,103.404,921.83,28.12,397.84,12.118,171.19,11.096,156.82,55.5,56.3,53.7,54.4,56.3,61.4,5.0,31.6,5931.0,5933,111
b2505382-1423f56a,Vanilla,0.753315361222589,0.5803304521740984,0.9983987643435521,0.3831556489858228,2040,1567,1539,28,501,202,0,0.0,0,0,0.0,0.0,0,0.0,0,0.0,202,100.0,13.52,59.192,70.75,106.258,938.09,31.827,423.58,12.944,172.01,11.917,158.46,56.0,56.7,54.1,54.8,56.9,69.1,4.6,36.2,5914.0,5914,103
b2505382-1423f56a,Adaptive,0.7622154426267906,0.5565406974236028,0.9939517849889247,0.397587325528502,2040,1638,1563,75,477,143,59,29.21,0,59,0.0,29.21,1,0.5,57,28.22,85,42.08,10.56,44.514,54.884,101.822,564.97,29.185,302.37,12.35,127.63,11.363,117.5,55.7,56.5,54.0,54.7,56.5,50.9,4.8,33.2,5939.0,5941,80
b2505382-272e7823,Vanilla,0.3065014057178596,0.22511550539237798,0.9969915261933788,0.15468473549613307,1119,347,344,3,775,202,0,0.0,0,0,0.0,0.0,0,0.0,0,0.0,202,100.0,11.84,50.579,70.579,101.16,816.42,35.215,408.43,13.61,157.68,12.653,146.64,56.6,57.9,54.5,55.3,57.9,72.6,4.6,41.1,5918.0,5918,92
b2505382-272e7823,Adaptive,0.3243193236747759,0.21846560741480886,0.9898144408045716,0.17202973974296562,1119,391,366,25,753,139,63,31.19,2,61,0.99,30.2,7,3.47,37,18.32,95,47.03,9.3,38.175,65.887,102.842,598.09,31.117,281.96,13.014,117.74,11.889,107.6,56.4,57.3,54.7,55.1,57.3,65.7,5.8,36.5,5953.0,5961,72
b2505382-2905b23c,Vanilla,0.45902800192208093,0.35428208765539315,0.9714408479467347,0.24615430706714167,846,434,399,35,447,179,0,0.0,0,0,0.0,0.0,0,0.0,0,0.0,179,100.0,10.63,51.934,74.771,101.108,771.86,34.68,359.71,13.647,141.31,12.55,129.99,57.0,58.1,54.9,55.5,58.1,73.1,4.6,40.4,5930.0,5931,80
b2505382-2905b23c,Adaptive,0.479980680626104,0.33051399133468606,0.9628658043949623,0.2743061561821292,846,492,418,74,428,106,73,40.78,46,27,25.7,15.08,3,1.68,50,27.93,53,29.61,9.31,45.506,60.947,100.666,556.72,25.957,239.05,12.716,115.86,10.944,100.07,56.1,57.7,55.1,56.4,57.7,51.5,11.0,33.2,5952.0,5958,70
b2505382-549785d3,Vanilla,0.2631520017975933,0.20617534034435062,0.9885171926332572,0.13876925602648643,805,227,214,13,591,200,0,0.0,0,0,0.0,0.0,0,0.0,0,0.0,200,100.0,11.35,49.692,71.88,103.012,802.17,35.898,400.14,13.897,154.57,12.834,142.84,56.9,58.1,54.8,55.6,58.1,75.9,4.5,41.2,5955.0,5958,86
b2505382-549785d3,Adaptive,0.16809912738113203,0.10725543428323228,0.9508467569770673,0.10002855714999644,805,174,140,34,665,65,135,67.5,106,29,53.0,14.5,3,1.5,17,8.5,45,22.5,9.29,41.316,41.77,99.03,378.5,17.859,161.41,12.371,111.36,9.565,86.18,54.7,56.8,54.4,56.2,56.8,25.8,19.8,25.3,5959.0,5961,71
b2505382-de5238f0,Vanilla,0.3873160712524686,0.2864229309655631,0.990465546336644,0.20174146226426562,2004,821,783,38,1221,202,0,0.0,0,0,0.0,0.0,0,0.0,0,0.0,202,100.0,12.16,52.043,72.096,105.834,853.74,34.125,406.26,13.473,160.04,12.437,147.83,56.2,57.5,54.2,54.9,57.5,71.9,4.6,39.3,5933.0,5933,94
b2505382-de5238f0,Adaptive,0.41816928951460436,0.2820892011688564,0.9834289054063945,0.22446179070430566,2004,924,850,74,1154,164,38,18.81,0,38,0.0,18.81,1,0.5,80,39.6,83,41.09,10.31,43.208,57.755,97.214,580.07,32.764,329.84,13.174,132.32,12.164,122.25,56.3,57.1,54.6,55.4,57.1,55.0,4.7,38.9,5951.0,5951,80
b250fb0c-01a1b8d3,Vanilla,0.7622248453577095,0.5944562372727178,0.9890470680869784,0.3961341710261127,2389,1923,1840,83,549,202,0,0.0,0,0,0.0,0.0,0,0.0,0,0.0,202,100.0,14.11,59.163,59.46,103.218,821.5,30.686,426.2,12.652,175.62,11.693,162.37,56.3,57.2,54.4,54.8,57.2,58.1,4.7,35.2,5931.0,5932,109
b250fb0c-01a1b8d3,Adaptive,0.771231900978024,0.5437220450317305,0.9757329301513894,0.43223815897420487,2389,2146,1876,270,513,169,33,16.34,0,33,0.0,16.34,1,0.5,113,55.94,55,27.23,12.22,49.557,64.584,102.166,781.76,29.532,356.26,12.454,149.91,11.45,137.92,55.9,56.8,54.1,54.6,56.8,60.2,5.1,33.2,5940.0,5940,97
b251064f-30002542,Vanilla,0.821263220705131,0.704667813322614,0.9979606013935519,0.4193498476238714,1828,1538,1504,34,324,202,0,0.0,0,0,0.0,0.0,0,0.0,0,0.0,202,100.0,13.21,55.652,65.666,106.322,850.79,32.29,420.17,13.07,169.78,12.02,156.24,56.2,57.5,54.3,54.9,57.5,64.4,4.8,37.1,5940.0,5941,105
b251064f-30002542,Adaptive,0.7957977788913971,0.6222191413993466,0.9832355712257581,0.4380109687855381,1828,1649,1472,177,356,163,39,19.31,0,39,0.0,19.31,1,0.5,85,42.08,77,38.12,11.61,47.61,65.179,98.798,737.37,30.035,342.87,12.581,143.26,11.567,131.83,56.1,57.2,54.2,54.7,57.2,61.8,5.0,34.6,5953.0,5954,91
b251064f-4696b75e,Vanilla,0.6121953717886394,0.46673415070328456,0.9631514601515845,0.3370550167600963,886,631,561,70,325,179,0,0.0,0,0,0.0,0.0,0,0.0,0,0.0,179,100.0,10.81,51.341,63.138,103.496,665.47,34.286,362.45,13.486,142.3,12.433,131.26,56.6,57.7,54.6,55.2,57.7,61.6,4.7,39.7,5952.0,5952,85
b251064f-4696b75e,Adaptive,0.5380503809240598,0.3449656329445502,0.9146023767177094,0.32832737130306183,886,667,511,156,375,122,57,31.84,28,29,15.64,16.2,10,5.59,46,25.7,66,36.87,9.77,46.434,66.063,97.838,627.67,26.774,254.78,12.663,120.42,11.106,105.62,55.7,57.0,54.3,55.8,57.0,60.4,9.4,31.6,5956.0,5964,76
b251064f-5f6b663e,Vanilla,0.8339344212613244,0.672192881674986,0.9896887642018503,0.44120175561262115,1184,1063,996,67,188,203,0,0.0,0,0,0.0,0.0,0,0.0,0,0.0,203,100.0,13.28,54.781,64.63,104.704,836.83,32.227,420.47,13.013,169.55,12.003,156.47,56.3,57.8,54.5,55.2,57.8,60.2,4.8,37.3,5922.0,5923,101
b251064f-5f6b663e,Adaptive,0.7771026140418918,0.5418122736947756,0.9604970043576461,0.45183741812678824,1184,1143,946,197,238,146,57,28.08,0,57,0.0,28.08,1,0.49,65,32.02,80,39.41,10.8,42.483,65.327,99.204,687.5,28.997,305.22,12.397,130.26,11.344,119.26,56.0,56.8,54.4,54.9,56.8,60.7,4.9,33.0,5951.0,5952,81
b251064f-8d92db81,Vanilla,0.8104033207463157,0.6448005593489075,0.9884591132426547,0.4337902368071782,3464,3066,2833,233,631,202,0,0.0,0,0,0.0,0.0,0,0.0,0,0.0,202,100.0,16.66,72.07,64.968,102.188,1070.45,26.95,444.48,11.795,194.31,10.841,178.66,55.4,56.3,53.6,54.1,56.3,58.5,4.6,29.8,5920.0,5921,126
b251064f-8d92db81,Adaptive,0.8078017918831154,0.5718906234902004,0.9642925222764447,0.4711811378319695,3464,3476,2861,615,603,196,6,2.97,0,6,0.0,2.97,1,0.5,167,82.67,28,13.86,17.05,73.763,58.502,98.014,981.2,25.827,434.75,11.564,194.4,10.6,178.3,54.7,55.9,53.0,54.0,55.9,54.2,5.0,28.5,5949.0,5949,129
b251064f-e7a165fd,Vanilla,0.7400274165212639,0.5408973828744738,0.9794904305675769,0.3982733171047076,3840,3158,2894,264,946,202,0,0.0,0,0,0.0,0.0,0,0.0,0,0.0,202,100.0,16.32,68.79,61.109,106.224,987.63,27.489,444.4,11.889,191.89,10.889,175.88,54.8,55.8,53.2,53.9,55.8,56.7,4.7,30.3,5931.0,5932,126
b251064f-e7a165fd,Adaptive,0.7479580309671172,0.5149470031628336,0.9573162435716904,0.4406494230152182,3840,3636,2955,681,885,197,5,2.48,0,5,0.0,2.48,1,0.5,178,88.12,18,8.91,16.71,70.65,61.807,101.918,1012.9,26.393,435.68,11.675,192.35,10.662,175.78,54.4,55.1,52.8,53.6,55.1,57.7,5.0,29.1,5956.0,5957,130
b251b746-00138418,Vanilla,0.48391171855383364,0.3930811022558188,0.99618760277742,0.25100385862067237,1887,953,916,37,971,203,0,0.0,0,0,0.0,0.0,0,0.0,0,0.0,203,100.0,12.89,54.479,66.846,103.92,846.86,32.759,414.01,13.182,166.25,12.05,152.09,55.2,56.5,53.2,53.9,56.5,66.3,4.7,37.4,5937.0,5937,100
b251b746-00138418,Adaptive,0.49632185877841006,0.3907726886842099,0.9916574224164385,0.2622017360742362,1887,1003,943,60,944,146,57,28.08,0,57,0.0,28.08,1,0.49,44,21.67,101,49.75,9.94,40.434,52.496,99.91,512.7,30.682,298.43,12.73,123.51,11.617,112.8,55.3,56.0,53.6,54.4,56.0,51.5,4.8,35.7,5958.0,5962,76
b255cd6c-0bdf0ac7,Vanilla,0.7060176129780665,0.5892211427713309,0.99654059080321,0.364674898245374,692,507,490,17,202,186,0,0.0,0,0,0.0,0.0,0,0.0,0,0.0,186,100.0,11.24,51.434,71.076,104.942,787.52,34.237,376.81,13.467,148.02,12.379,136.11,56.1,57.2,54.2,54.8,57.2,69.1,4.8,40.0,5943.0,5944,87
b255cd6c-0bdf0ac7,Adaptive,0.6825886486703001,0.5213716100665906,0.9903037133157951,0.3637206882119385,692,511,476,35,216,111,75,40.32,7,68,3.76,36.56,3,1.61,16,8.6,92,49.46,8.01,34.302,67.954,102.118,532.78,29.334,228.42,12.731,98.98,11.439,88.95,55.8,56.6,54.0,54.4,56.6,62.6,6.4,34.1,5966.0,5967,62
b255cd6c-2f889586,Vanilla,0.6418438263380287,0.492508844078454,0.9838948353574218,0.3385500971015899,2910,2019,1896,123,1014,203,0,0.0,0,0,0.0,0.0,0,0.0,0,0.0,203,100.0,14.68,60.758,63.574,99.42,919.29,29.927,433.76,12.482,180.69,11.427,165.47,55.7,56.4,53.8,54.2,56.4,61.2,4.8,34.2,5938.0,5939,114
b255cd6c-2f889586,Adaptive,0.6617975930222667,0.46652090141402436,0.9710255877338947,0.373280581178031,2910,2280,1968,312,942,191,12,5.91,0,12,0.0,5.91,1,0.49,150,73.89,40,19.7,14.8,61.183,61.965,99.752,898.14,28.099,409.15,12.104,175.97,11.063,160.92,55.2,56.0,53.5,53.9,56.0,58.5,5.0,31.6,5970.0,5970,114
b255cd6c-5ccba454,Vanilla,0.31448014244560796,0.24307702682759552,0.9916716035918752,0.16661940679407927,458,154,145,9,313,156,0,0.0,0,0,0.0,0.0,0,0.0,0,0.0,156,100.0,9.06,49.92,73.793,103.164,643.55,35.044,307.59,13.614,119.16,12.574,110.15,56.0,57.4,54.0,54.8,57.4,73.1,4.6,39.7,5949.0,5950,69
b255cd6c-5ccba454,Adaptive,0.29047110088991207,0.21583407472301105,0.991681730531107,0.15268357645018424,458,141,134,7,324,66,90,57.69,53,37,33.97,23.72,8,5.13,7,4.49,51,32.69,7.2,39.903,55.097,99.028,379.97,21.209,146.52,12.428,86.13,10.061,69.65,54.8,56.8,54.1,55.7,56.8,44.6,15.0,28.5,5964.0,5966,55
