sequence,system,ap_50,ap_50_95,avg_precision,avg_recall,total_gt,total_preds,total_tp,total_fp,total_fn,infer_count,skip_count,skip_rate_pct,erd_empty_count,predict_count,erd_empty_rate_pct,predict_rate_pct,erd_infer_count,erd_infer_rate_pct,augmented_infer_count,augmented_infer_rate_pct,pure_infer_count,pure_infer_rate_pct,wall_duration_s,avg_frame_time_ms,avg_power_w,max_power_w,energy_j,avg_power_gpu_w,energy_gpu_j,avg_power_cpu_w,energy_cpu_j,avg_power_io_w,energy_io_j,avg_gpu_temp_c,max_gpu_temp_c,avg_cpu_temp_c,max_cpu_temp_c,max_tj_temp_c,avg_gpu_util_pct,avg_cpu_util_pct,avg_emc_util_pct,avg_ram_used_mb,max_ram_used_mb,n_tegrastats_samples
b1c66a42-6f7d68ca,CTD-0.30,0.6328660424265269,0.44093610008686335,0.9113391779769859,0.4197398064375868,2612,2564,1715,849,897,154,48,23.76,0,48,0.0,23.76,0,0.0,0,0.0,154,76.24,20.85,95.866,39.064,43.699,811.03,26.622,553.0,2.83,58.63,9.612,199.4,51.2,54.1,51.3,52.9,54.1,67.4,18.9,44.9,3416.0,3482,168
b1c66a42-6f7d68ca,CTD-0.50,0.674344746188482,0.4730317876927884,0.9203785624526196,0.43967485998935796,2612,2642,1824,818,788,167,35,17.33,0,35,0.0,17.33,0,0.0,0,0.0,167,82.67,20.92,98.049,41.661,44.596,865.4,28.768,597.84,2.944,61.04,9.949,206.53,53.7,55.8,53.6,55.1,55.8,62.5,18.7,48.1,3439.0,3448,174
b1c66a42-6f7d68ca,CTD-0.70,0.678107660728466,0.4765068073698887,0.9219225825144708,0.4410236754720348,2612,2643,1833,810,779,169,33,16.34,0,33,0.0,16.34,0,0.0,0,0.0,169,83.66,21.28,99.421,41.768,44.598,884.44,28.749,609.02,3.071,64.94,9.948,210.48,55.4,57.6,55.4,56.8,57.6,60.5,19.5,47.8,3443.0,3486,175
b1c66a42-6f7d68ca,CTD-0.90,0.6943991260742832,0.48916496723726793,0.931397541208406,0.44260063275679035,2612,2608,1873,735,739,184,18,8.91,0,18,0.0,8.91,0,0.0,0,0.0,184,91.09,22.87,107.683,42.275,45.197,961.95,29.161,663.85,3.062,69.51,10.052,228.59,56.9,58.9,56.9,58.5,58.9,65.2,18.7,48.6,3445.0,3454,189
b1c81faa-3df17267,CTD-0.30,0.1782849904207908,0.1137813120631402,0.7726268660421048,0.1412536380756719,472,198,93,105,379,98,84,46.15,0,84,0.0,46.15,0,0.0,0,0.0,98,53.85,12.29,60.727,40.584,44.001,497.16,28.746,352.45,1.833,22.29,10.005,122.43,57.7,59.5,56.9,58.1,59.5,71.7,10.5,46.2,3443.0,3448,98
b1c81faa-3df17267,CTD-0.50,0.20377698143573092,0.13119851575693517,0.8795622336305041,0.14487012335773747,472,169,99,70,373,101,81,44.51,0,81,0.0,44.51,0,0.0,0,0.0,101,55.49,12.13,61.995,42.262,46.094,509.68,30.019,362.21,1.979,23.79,10.265,123.68,58.5,59.9,57.6,58.4,59.9,85.1,10.6,48.6,3445.0,3448,98
b1c81faa-3df17267,CTD-0.70,0.20527373483589523,0.13798896097962632,0.880824199225574,0.1467068093963723,472,171,99,72,373,104,78,42.86,0,78,0.0,42.86,0,0.0,0,0.0,104,57.14,12.43,63.657,42.322,45.994,526.14,30.032,373.9,2.049,25.16,10.241,127.08,59.0,60.2,58.1,59.2,60.2,80.8,10.9,48.6,3444.0,3447,102
b1c81faa-3df17267,CTD-0.90,0.27207864613242766,0.19213262838853676,0.9308381730718797,0.1763233028188163,472,187,132,55,340,122,60,32.97,0,60,0.0,32.97,0,0.0,0,0.0,122,67.03,14.43,74.607,42.986,45.696,619.62,30.488,439.96,2.156,30.71,10.341,148.95,59.5,60.6,58.6,59.9,60.6,82.7,11.9,49.7,3444.0,3450,118
b1c81faa-c80764c5,CTD-0.30,0.20282129096059912,0.10894108124934812,0.7142098582485695,0.15831276047888299,866,435,228,207,638,26,176,87.13,0,176,0.0,87.13,0,0.0,0,0.0,26,12.87,4.14,15.831,32.598,39.501,131.02,20.981,84.42,2.775,11.1,8.842,35.5,57.6,59.5,58.2,58.8,59.5,72.0,16.1,29.2,3447.0,3450,33
b1c81faa-c80764c5,CTD-0.50,0.23592157356614915,0.13490705349818888,0.74800710689916,0.17634228441184016,866,459,255,204,611,31,171,84.65,0,171,0.0,84.65,0,0.0,0,0.0,31,15.35,4.58,18.454,34.949,41.807,155.91,23.016,102.68,2.787,12.37,9.146,40.86,57.8,59.3,57.9,58.7,59.3,72.9,16.9,32.1,3450.0,3455,36
b1c81faa-c80764c5,CTD-0.70,0.27900103445506286,0.17123634960200984,0.7956911966206105,0.20575039480050025,866,506,275,231,591,53,149,73.76,0,149,0.0,73.76,0,0.0,0,0.0,53,26.24,7.04,30.597,38.947,45.696,270.97,26.344,183.23,2.899,20.13,9.704,67.61,58.4,60.4,58.3,59.3,60.4,79.3,17.6,40.2,3448.0,3453,57
b1c81faa-c80764c5,CTD-0.90,0.3397397861576281,0.22083031883277698,0.8567500879553385,0.23812288828218464,866,527,318,209,548,77,125,61.88,0,125,0.0,61.88,0,0.0,0,0.0,77,38.12,9.6,43.285,41.897,46.079,397.29,28.849,273.62,3.017,28.55,10.031,95.12,59.3,60.7,58.9,60.0,60.7,81.6,18.4,45.3,3446.0,3453,78
b1c9c847-3bda4659,CTD-0.30,0.8066415049990908,0.5446107375353286,0.9221694074075453,0.5298599059670613,2937,3571,2440,1131,497,195,8,3.94,0,8,0.0,3.94,0,0.0,0,0.0,195,96.06,24.99,116.349,41.683,44.584,1037.4,28.669,713.62,3.08,76.61,9.933,247.16,59.7,61.8,59.8,61.0,61.8,72.8,18.8,47.7,3453.0,3459,206
b1c9c847-3bda4659,CTD-0.50,0.8066415049990908,0.5446107375353286,0.9221694074075453,0.5298599059670613,2937,3571,2440,1131,497,195,8,3.94,0,8,0.0,3.94,0,0.0,0,0.0,195,96.06,24.8,116.631,42.136,45.481,1043.24,28.938,716.79,3.192,78.83,10.006,247.63,60.6,62.5,60.5,62.2,62.5,68.9,19.6,47.7,3458.0,3502,205
b1c9c847-3bda4659,CTD-0.70,0.8066415049990908,0.5446107375353286,0.9221694074075453,0.5298599059670613,2937,3571,2440,1131,497,195,8,3.94,0,8,0.0,3.94,0,0.0,0,0.0,195,96.06,24.84,116.717,42.115,45.068,1044.09,28.967,718.48,3.132,77.49,10.016,248.12,61.0,62.8,61.1,62.1,62.8,68.5,19.2,47.6,3458.0,3462,203
b1c9c847-3bda4659,CTD-0.90,0.8066415049990908,0.5446107375353286,0.9221694074075453,0.5298599059670613,2937,3571,2440,1131,497,195,8,3.94,0,8,0.0,3.94,0,0.0,0,0.0,195,96.06,24.68,116.212,42.247,44.596,1038.08,29.047,713.87,3.166,77.72,10.034,246.5,61.4,63.2,61.5,62.5,63.2,73.5,19.0,48.1,3458.0,3462,204
b1ca2e5d-84cf9134,CTD-0.30,0.6457625489638498,0.3959845528820501,0.8739783105946181,0.4490149964466028,3944,4384,2716,1668,1228,195,8,3.94,0,8,0.0,3.94,0,0.0,0,0.0,195,96.06,25.6,119.123,41.303,44.684,1052.04,28.267,720.13,3.155,80.31,9.88,251.59,61.6,63.3,61.8,62.6,63.3,75.0,18.6,46.5,3462.0,3466,209
b1ca2e5d-84cf9134,CTD-0.50,0.6457625489638498,0.3959845528820501,0.8739783105946181,0.4490149964466028,3944,4384,2716,1668,1228,195,8,3.94,0,8,0.0,3.94,0,0.0,0,0.0,195,96.06,25.27,118.973,41.651,44.696,1045.92,28.547,716.86,3.157,79.27,9.948,249.78,61.8,63.4,61.9,62.7,63.3,73.6,18.7,47.1,3462.0,3466,206
b1ca2e5d-84cf9134,CTD-0.70,0.6457625489638498,0.3959845528820501,0.8739783105946181,0.4490149964466028,3944,4384,2716,1668,1228,195,8,3.94,0,8,0.0,3.94,0,0.0,0,0.0,195,96.06,25.32,119.25,41.585,44.696,1047.5,28.481,717.49,3.161,79.59,9.944,250.42,62.0,63.5,62.1,62.8,63.5,67.2,18.5,47.0,3466.0,3469,205
b1ca2e5d-84cf9134,CTD-0.90,0.6457625489638498,0.3959845528820501,0.8739783105946181,0.4490149964466028,3944,4384,2716,1668,1228,195,8,3.94,0,8,0.0,3.94,0,0.0,0,0.0,195,96.06,25.29,119.117,41.727,45.183,1050.35,28.616,720.27,3.161,79.55,9.95,250.53,62.1,63.6,62.3,63.2,63.6,76.0,18.8,47.2,3467.0,3475,209
b1cac6a7-04e33135,CTD-0.30,0.6619581656034462,0.42964566662477566,0.9243223329289872,0.3967787084610624,1368,1219,966,253,402,32,74,69.81,0,74,0.0,69.81,0,0.0,0,0.0,32,30.19,5.09,39.308,33.24,41.893,167.91,21.545,108.93,2.853,14.34,8.842,44.64,60.2,62.5,61.0,61.8,62.5,60.7,16.9,29.8,3467.0,3471,42
b1cac6a7-04e33135,CTD-0.50,0.6636691312349248,0.43098929955174176,0.9252212167164633,0.39671539160143576,1368,1217,968,249,400,34,72,67.92,0,72,0.0,67.92,0,0.0,0,0.0,34,32.08,5.09,41.483,34.668,43.686,175.14,22.655,114.85,2.948,14.75,9.064,45.55,60.2,62.0,60.9,61.7,62.0,72.9,17.3,31.5,3468.0,3469,42
b1cac6a7-04e33135,CTD-0.70,0.6923677557499108,0.47676437317834985,0.9399771559192653,0.40550146558630645,1368,1219,996,223,372,45,61,57.55,0,61,0.0,57.55,0,0.0,0,0.0,45,42.45,6.28,52.696,37.594,44.185,233.23,25.213,156.38,2.932,18.18,9.449,58.66,60.4,62.5,60.9,61.8,62.5,66.9,18.2,37.3,3470.0,3473,52
b1cac6a7-04e33135,CTD-0.90,0.7165932195114315,0.5061781509647584,0.9527410068551917,0.4124891281888644,1368,1217,1019,198,349,52,54,50.94,0,54,0.0,50.94,0,0.0,0,0.0,52,49.06,7.14,60.444,38.436,44.185,272.11,25.931,183.79,2.926,20.61,9.579,67.71,60.6,62.6,60.9,61.8,62.6,70.2,18.5,38.8,3464.0,3468,60
b1cd1e94-549d0bfe,CTD-0.30,0.5867730932735937,0.3942900316053401,0.8995976225576746,0.3843908913438491,1763,1612,1096,516,667,125,78,38.42,0,78,0.0,38.42,0,0.0,0,0.0,125,61.58,16.69,72.937,40.331,44.186,668.49,27.603,457.58,2.949,48.81,9.779,162.1,61.2,62.8,61.5,62.2,62.8,66.7,19.2,44.9,3466.0,3471,137
b1cd1e94-549d0bfe,CTD-0.50,0.6242683511877973,0.4339336751426924,0.9149770555212758,0.404245734557126,1763,1652,1151,501,612,144,59,29.06,0,59,0.0,29.06,0,0.0,0,0.0,144,70.94,18.14,83.108,42.112,45.581,762.17,28.925,523.54,3.116,56.35,10.072,182.28,61.8,63.6,61.9,62.7,63.6,59.0,19.3,47.1,3465.0,3470,149
b1cd1e94-549d0bfe,CTD-0.70,0.638380148893567,0.45909753488088156,0.9312892330307899,0.40802188058849165,1763,1623,1161,462,602,166,37,18.23,0,37,0.0,18.23,0,0.0,0,0.0,166,81.77,20.7,95.441,42.473,45.082,873.45,29.218,600.83,3.137,64.48,10.119,208.14,62.1,63.4,62.2,63.2,63.4,44.9,19.6,48.1,3467.0,3471,171
b1cd1e94-549d0bfe,CTD-0.90,0.6689708721559217,0.4846082600048066,0.936147430561161,0.4285444981992351,1763,1691,1209,482,554,184,19,9.36,0,19,0.0,9.36,0,0.0,0,0.0,184,90.64,22.69,105.227,43.053,45.581,970.21,29.715,669.61,3.132,70.59,10.206,230.01,62.5,63.8,62.6,63.4,63.8,59.0,19.6,49.0,3466.0,3470,188
b1ceb32e-3f481b43,CTD-0.30,0.16365063950651454,0.07977285055514731,0.6714662365530559,0.13879435012579489,715,353,147,206,568,64,74,53.62,0,74,0.0,53.62,0,0.0,0,0.0,64,46.38,8.46,53.411,38.705,44.486,324.79,26.93,226.17,2.036,16.99,9.739,81.63,61.7,63.4,61.8,62.6,63.3,62.5,11.4,41.6,3467.0,3470,69
b1ceb32e-3f481b43,CTD-0.50,0.2262135896204961,0.1221499109575092,0.8030318394740321,0.16722133288398347,715,332,184,148,531,70,68,49.28,0,68,0.0,49.28,0,0.0,0,0.0,70,50.72,8.64,57.474,41.39,44.985,351.94,29.089,247.55,2.161,18.25,10.141,86.14,62.2,63.6,61.9,62.9,63.6,75.3,11.8,44.9,3467.0,3472,70
b1ceb32e-3f481b43,CTD-0.70,0.22798090287867032,0.12913850118483017,0.806882208187552,0.16971633707538752,715,337,182,155,533,71,67,48.55,0,67,0.0,48.55,0,0.0,0,0.0,71,51.45,8.71,58.162,41.632,45.581,360.34,29.27,253.64,2.203,18.91,10.158,87.79,62.2,63.5,61.8,62.4,63.5,76.4,12.1,45.4,3464.0,3469,71
b1ceb32e-3f481b43,CTD-0.90,0.2432292958335204,0.13681820900361422,0.8344271524637128,0.17624471337046188,715,334,190,144,525,88,50,36.23,0,50,0.0,36.23,0,0.0,0,0.0,88,63.77,10.62,71.893,42.544,45.681,449.92,29.999,317.57,2.265,23.73,10.281,108.62,62.4,63.7,61.8,62.5,63.7,89.4,13.0,47.2,3467.0,3472,87
b1ceb32e-51852abe,CTD-0.30,0.5915964531006159,0.4081481100702282,0.9271524465722742,0.35470086384882055,2164,1727,1358,369,806,100,103,50.74,0,103,0.0,50.74,0,0.0,0,0.0,100,49.26,13.88,59.189,38.956,44.186,539.06,26.459,366.28,2.882,39.8,9.615,132.97,61.5,63.2,61.9,62.7,63.2,67.6,18.8,43.0,3469.0,3473,113
b1ceb32e-51852abe,CTD-0.50,0.5852904146054445,0.40989109575223803,0.9238760993818905,0.3534376618974218,2164,1734,1345,389,819,103,100,49.26,0,100,0.0,49.26,0,0.0,0,0.0,103,50.74,13.5,60.169,40.691,44.2,544.0,27.767,371.3,3.081,41.11,9.843,131.59,61.5,63.3,61.8,62.5,63.3,59.8,19.1,45.1,3478.0,3482,110
b1ceb32e-51852abe,CTD-0.70,0.6078165542601847,0.428558257588821,0.935763981051992,0.3648895308651846,2164,1757,1380,377,784,120,83,40.89,0,83,0.0,40.89,0,0.0,0,0.0,120,59.11,15.18,68.974,42.248,45.581,637.37,29.068,438.56,3.119,47.0,10.061,151.81,61.9,63.5,62.1,62.9,63.5,72.8,18.7,47.3,3480.0,3483,126
b1ceb32e-51852abe,CTD-0.90,0.6339422902023117,0.45169230372040065,0.9494603044244082,0.3756837726307357,2164,1772,1421,351,743,142,61,30.05,0,61,0.0,30.05,0,0.0,0,0.0,142,69.95,17.7,81.373,42.547,45.581,749.89,29.286,516.29,3.151,55.45,10.111,178.15,62.1,63.5,62.3,63.3,63.5,71.2,19.0,48.1,3478.0,3481,148
b1cebfb7-284f5117,CTD-0.30,0.4782189482478768,0.32137725810050766,0.8812812417293941,0.330971641601969,1956,1582,991,591,965,133,69,34.16,0,69,0.0,34.16,0,0.0,0,0.0,133,65.84,17.37,77.572,41.016,44.598,710.7,28.114,487.27,3.024,52.33,9.878,171.09,62.0,63.7,62.2,63.2,63.7,72.4,18.9,45.5,3478.0,3484,141
b1cebfb7-284f5117,CTD-0.50,0.5054757686028775,0.3390926397116615,0.8938564541519785,0.34254025515140846,1956,1602,1043,559,913,150,52,25.74,0,52,0.0,25.74,0,0.0,0,0.0,150,74.26,18.68,86.562,42.777,46.079,798.11,29.496,550.58,3.117,58.07,10.163,189.47,62.5,63.9,62.4,63.4,63.9,79.4,19.1,47.9,3478.0,3481,152
b1cebfb7-284f5117,CTD-0.70,0.5088631386479499,0.3423360620818635,0.9014384271292492,0.34070869562954986,1956,1572,1047,525,909,155,47,23.27,0,47,0.0,23.27,0,0.0,0,0.0,155,76.73,19.2,89.099,42.973,46.079,822.56,29.662,568.1,3.101,59.23,10.21,195.23,62.9,64.0,62.6,63.4,64.0,80.0,19.2,48.1,3476.0,3481,156
b1cebfb7-284f5117,CTD-0.90,0.5138873603975336,0.34632265535339046,0.901928478024895,0.3437143981472522,1956,1585,1057,528,899,162,40,19.8,0,40,0.0,19.8,0,0.0,0,0.0,162,80.2,19.82,92.497,43.225,45.581,851.92,29.843,588.41,3.132,61.6,10.25,201.91,63.0,64.2,62.9,63.8,64.2,71.6,18.9,48.7,3477.0,3483,165
b1d0091f-75824d0d,CTD-0.30,0.6036536860503094,0.4159955617733229,0.9154466543058404,0.3753658347000467,1641,1419,1053,366,588,67,135,66.83,0,135,0.0,66.83,0,0.0,0,0.0,67,33.17,9.46,39.684,38.443,44.272,358.82,25.948,242.33,2.975,27.69,9.52,88.79,62.1,63.4,62.4,63.1,63.4,66.9,18.3,40.0,3484.0,3487,76
b1d0091f-75824d0d,CTD-0.50,0.618869569717672,0.44165907321414705,0.9329845710301256,0.3806211369374075,1641,1400,1061,339,580,80,122,60.4,0,122,0.0,60.4,0,0.0,0,0.0,80,39.6,10.46,46.455,40.62,45.082,422.86,27.692,288.68,3.1,32.1,9.829,102.09,62.2,63.4,62.4,63.2,63.4,61.2,19.1,43.3,3486.0,3491,84
b1d0091f-75824d0d,CTD-0.70,0.6256507954925973,0.44244231380446564,0.9276516038259996,0.39090946125116605,1641,1451,1074,377,567,83,119,58.91,0,119,0.0,58.91,0,0.0,0,0.0,83,41.09,10.8,48.474,40.881,45.594,436.55,27.854,297.56,3.114,33.18,9.913,105.82,62.2,63.5,62.3,63.1,63.5,72.1,18.5,43.7,3483.0,3487,89
b1d0091f-75824d0d,CTD-0.90,0.6854137480775713,0.5175943737054014,0.9522691538792005,0.41463486989702264,1641,1479,1155,324,486,112,90,44.55,0,90,0.0,44.55,0,0.0,0,0.0,112,55.45,14.04,64.434,42.604,45.694,592.1,29.309,407.4,3.141,43.61,10.155,141.08,62.7,64.0,62.5,63.2,64.0,84.9,18.7,47.0,3481.0,3484,116
b1d0091f-f2c2d2ae,CTD-0.30,0.5961092924348909,0.44508729078232545,0.9495953478749973,0.3559788700637764,2451,1900,1511,389,940,150,52,25.74,0,52,0.0,25.74,0,0.0,0,0.0,150,74.26,18.81,86.218,42.364,45.094,793.21,29.135,545.53,3.12,58.36,10.109,189.32,62.5,63.9,62.7,64.1,64.1,63.5,18.7,47.6,3487.0,3493,156
b1d0091f-f2c2d2ae,CTD-0.50,0.608383648918974,0.4553410805714183,0.9525150944194194,0.363405291618361,2451,1931,1537,394,914,162,40,19.8,0,40,0.0,19.8,0,0.0,0,0.0,162,80.2,19.96,92.801,42.906,45.581,854.23,29.572,589.13,3.148,62.5,10.187,202.6,62.8,64.3,62.9,63.9,64.3,71.3,18.9,48.4,3492.0,3497,168
b1d0091f-f2c2d2ae,CTD-0.70,0.610453213438215,0.4555871855055316,0.9469940468632826,0.36992471802161064,2451,1984,1546,438,905,167,35,17.33,0,35,0.0,17.33,0,0.0,0,0.0,167,82.67,20.87,96.723,42.654,45.68,887.96,29.355,611.33,3.129,65.02,10.17,211.62,63.0,64.5,63.0,63.8,64.5,74.4,19.5,48.0,3491.0,3495,166
b1d0091f-f2c2d2ae,CTD-0.90,0.6434624884967446,0.4824186942121508,0.9550941861744525,0.38443477385711194,2451,2031,1622,409,829,189,13,6.44,0,13,0.0,6.44,0,0.0,0,0.0,189,93.56,23.03,108.015,43.447,45.681,997.62,30.004,688.99,3.171,72.73,10.273,235.91,63.2,64.9,63.3,64.2,64.9,69.9,19.0,49.6,3491.0,3494,193
b1d0a191-03dcecc2,CTD-0.30,0.6921713186437899,0.47136658362883244,0.9323501792138557,0.4387693060106617,3220,3175,2307,868,913,177,25,12.38,0,25,0.0,12.38,0,0.0,0,0.0,177,87.62,23.05,105.791,41.576,44.583,957.31,28.498,656.37,3.118,71.67,9.96,229.27,63.1,64.7,63.3,64.2,64.7,68.2,19.2,46.6,3488.0,3494,188
b1d0a191-03dcecc2,CTD-0.50,0.7167120632330601,0.48998947687359495,0.9413175750224657,0.447280879036926,3220,3187,2378,809,842,185,17,8.42,0,17,0.0,8.42,0,0.0,0,0.0,185,91.58,23.5,110.279,42.435,45.081,993.33,29.175,683.35,3.154,73.65,10.106,236.33,63.3,64.7,63.3,64.1,64.7,82.7,19.5,47.5,3493.0,3497,193
b1d0a191-03dcecc2,CTD-0.70,0.7299698793473981,0.5022721657819289,0.9450911902994168,0.45405406971354406,3220,3216,2414,802,806,193,9,4.46,0,9,0.0,4.46,0,0.0,0,0.0,193,95.54,24.31,114.405,42.793,45.081,1033.49,29.453,711.39,3.165,76.36,10.175,245.74,63.6,64.8,63.5,64.6,64.8,83.4,19.1,48.1,3493.0,3500,197
b1d0a191-03dcecc2,CTD-0.90,0.729898807731463,0.5025964366313811,0.9453226775951048,0.4540647005979348,3220,3215,2413,802,807,194,8,3.96,0,8,0.0,3.96,0,0.0,0,0.0,194,96.04,24.56,115.486,42.416,45.082,1034.84,29.174,711.78,3.138,76.51,10.104,246.55,63.4,64.9,63.7,65.2,65.2,75.6,19.1,48.0,3499.0,3503,203
b1d0a191-06deb55d,CTD-0.30,0.6182150410440908,0.4108798483726505,0.8842227490375498,0.4111378765482612,2441,2427,1630,797,811,131,71,35.15,0,71,0.0,35.15,0,0.0,0,0.0,131,64.85,17.16,77.762,41.272,45.182,705.55,28.205,482.12,3.146,53.75,9.922,169.69,63.1,65.1,63.5,64.6,65.1,73.5,18.5,45.8,3499.0,3506,142
b1d0a191-06deb55d,CTD-0.50,0.5903011821239126,0.3917189262572394,0.8696639488120205,0.4001432142944348,2441,2416,1574,842,867,129,73,36.14,0,73,0.0,36.14,0,0.0,0,0.0,129,63.86,16.67,76.43,41.552,45.182,690.71,28.429,472.67,3.14,52.14,9.984,165.89,63.1,64.6,63.6,64.6,64.6,62.9,18.7,46.2,3498.0,3500,140
b1d0a191-06deb55d,CTD-0.70,0.5924919996426902,0.3943925231396453,0.8728600453294787,0.400859367838991,2441,2409,1574,835,867,130,72,35.64,0,72,0.0,35.64,0,0.0,0,0.0,130,64.36,16.76,76.897,41.571,44.684,693.47,28.443,474.75,3.156,52.52,9.972,166.21,63.0,64.2,63.4,64.5,64.5,65.3,18.5,46.2,3502.0,3504,139
b1d0a191-06deb55d,CTD-0.90,0.6219199536715483,0.41613289861330865,0.8840524583007402,0.4142573936531188,2441,2437,1643,794,798,137,65,32.18,0,65,0.0,32.18,0,0.0,0,0.0,137,67.82,17.62,81.152,41.949,45.195,732.64,28.764,502.41,3.149,54.94,10.036,175.28,63.1,64.5,63.3,64.1,64.5,73.5,18.7,46.7,3508.0,3511,145
b1d0a191-28f0e779,CTD-0.30,0.66412533671448,0.4652575105387495,0.9158798054071619,0.4343271973036038,1615,1624,1116,508,499,129,61,32.11,0,61,0.0,32.11,0,0.0,0,0.0,129,67.89,16.35,79.243,41.903,45.183,678.97,28.758,465.95,3.106,50.28,10.039,162.74,62.9,64.4,63.2,64.2,64.4,77.3,18.4,46.7,3503.0,3505,135
b1d0a191-28f0e779,CTD-0.50,0.6678646568568103,0.4689366267308534,0.9129928886081007,0.4404362425523556,1615,1655,1122,533,493,129,61,32.11,0,61,0.0,32.11,0,0.0,0,0.0,129,67.89,16.02,78.899,42.815,46.079,680.14,29.502,468.72,3.147,49.95,10.166,161.47,63.2,64.4,63.1,63.9,64.4,76.2,18.7,47.7,3505.0,3510,133
b1d0a191-28f0e779,CTD-0.70,0.7029614006371492,0.5018782374447992,0.9328453001096493,0.4525875389349469,1615,1645,1166,479,449,146,44,23.16,0,44,0.0,23.16,0,0.0,0,0.0,146,76.84,17.93,88.899,43.078,45.58,767.58,29.718,529.6,3.147,56.03,10.213,181.96,63.3,64.8,63.5,64.4,64.8,69.8,18.8,48.7,3506.0,3509,148
b1d0a191-28f0e779,CTD-0.90,0.7219641883403876,0.5229519606362203,0.9378776161361435,0.4577837773901811,1615,1649,1198,451,417,158,32,16.84,0,32,0.0,16.84,0,0.0,0,0.0,158,83.16,19.23,95.714,43.569,45.681,833.82,30.098,576.2,3.16,60.38,10.311,197.23,63.7,65.1,63.6,64.6,65.1,76.4,18.9,49.0,3505.0,3509,159
b1d0a191-2ed2269e,CTD-0.30,0.7383979624315149,0.49280442154332793,0.9277324005118838,0.46525150881158417,3126,3288,2409,879,717,178,25,12.32,0,25,0.0,12.32,0,0.0,0,0.0,178,87.68,23.28,106.565,41.374,44.186,956.35,28.357,655.58,3.076,71.02,9.941,229.75,63.2,64.6,63.4,64.3,64.6,75.6,18.9,46.4,3510.0,3514,189
b1d0a191-2ed2269e,CTD-0.50,0.7376353190990912,0.4931140143188724,0.9288755368518005,0.46494799712872364,3126,3280,2403,877,723,179,24,11.82,0,24,0.0,11.82,0,0.0,0,0.0,179,88.18,23.29,107.741,41.54,44.583,963.15,28.462,660.17,3.151,72.95,9.927,230.03,63.0,64.8,63.3,64.2,64.8,71.6,19.0,46.6,3514.0,3519,190
b1d0a191-2ed2269e,CTD-0.70,0.7376353190990912,0.4931140143188724,0.9288755368518005,0.46494799712872364,3126,3280,2403,877,723,179,24,11.82,0,24,0.0,11.82,0,0.0,0,0.0,179,88.18,22.61,105.361,42.329,45.48,953.3,29.09,655.35,3.166,71.2,10.073,226.75,63.2,64.8,63.4,64.2,64.8,72.2,18.8,47.8,3512.0,3520,188
b1d0a191-2ed2269e,CTD-0.90,0.745726801743895,0.5025200909143106,0.9306523008604781,0.47044893685968536,3126,3311,2423,888,703,187,16,7.88,0,16,0.0,7.88,0,0.0,0,0.0,187,92.12,23.53,109.879,42.533,45.183,998.38,29.248,686.74,3.163,74.12,10.123,237.51,63.4,64.9,63.5,64.4,64.9,68.2,18.8,48.1,3514.0,3516,195
b1d0a191-5490450b,CTD-0.30,0.6236263403623942,0.43847497046402345,0.8726109028474149,0.4113320873607613,1778,1808,1216,592,562,130,74,36.27,0,74,0.0,36.27,0,0.0,0,0.0,130,63.73,16.43,73.592,41.92,45.68,686.1,28.74,470.63,3.136,51.2,10.044,164.27,63.2,65.0,63.5,64.5,65.0,70.3,18.6,46.5,3518.0,3522,138
b1d0a191-5490450b,CTD-0.50,0.6236263403623942,0.43847497046402345,0.8726109028474149,0.4113320873607613,1778,1808,1216,592,562,130,74,36.27,0,74,0.0,36.27,0,0.0,0,0.0,130,63.73,16.2,73.622,42.44,46.078,685.04,29.116,470.17,3.134,50.5,10.19,164.37,63.5,64.8,63.7,64.7,64.8,75.5,18.6,47.2,3518.0,3521,135
b1d0a191-5490450b,CTD-0.70,0.6387515241765851,0.4490302444166641,0.8755571377211958,0.42452302450353013,1778,1858,1237,621,541,139,65,31.86,0,65,0.0,31.86,0,0.0,0,0.0,139,68.14,17.22,78.623,42.803,46.078,733.15,29.447,504.69,3.148,53.78,10.208,174.67,63.7,65.0,63.7,64.7,65.0,80.2,18.7,47.6,3519.0,3522,143
b1d0a191-5490450b,CTD-0.90,0.6550493919461704,0.4611790198534343,0.8912088834434699,0.42741847856284704,1778,1822,1254,568,524,145,59,28.92,0,59,0.0,28.92,0,0.0,0,0.0,145,71.08,18.07,82.174,42.621,45.594,769.42,29.331,529.8,3.124,56.27,10.165,183.35,63.6,65.1,63.7,64.4,65.1,72.9,19.3,47.6,3516.0,3518,151
b1d0a191-65deaeef,CTD-0.30,0.7459029482339906,0.506099219198793,0.9147257053279223,0.4707796767286853,3276,3530,2599,931,677,174,28,13.86,0,28,0.0,13.86,0,0.0,0,0.0,174,86.14,23.25,105.098,40.728,44.172,946.06,27.864,647.46,3.049,70.71,9.815,227.89,63.1,64.6,63.6,64.4,64.7,70.5,19.3,45.5,3510.0,3515,190
b1d0a191-65deaeef,CTD-0.50,0.7545557833566976,0.515054028693448,0.9186819132651891,0.475026833390778,3276,3539,2619,920,657,185,17,8.42,0,17,0.0,8.42,0,0.0,0,0.0,185,91.58,23.56,110.008,42.259,45.082,991.82,29.069,682.3,3.137,73.59,10.053,235.93,63.3,64.9,63.7,64.7,64.9,68.2,19.1,47.8,3521.0,3525,192
b1d0a191-65deaeef,CTD-0.70,0.7545557833566976,0.515054028693448,0.9186819132651891,0.475026833390778,3276,3539,2619,920,657,185,17,8.42,0,17,0.0,8.42,0,0.0,0,0.0,185,91.58,23.67,110.357,42.091,45.068,993.49,28.896,682.33,3.168,74.66,10.027,236.5,63.3,64.7,63.6,64.4,64.7,73.2,19.3,47.4,3527.0,3530,195
b1d0a191-65deaeef,CTD-0.90,0.7557128611539872,0.5162340692714908,0.9189878553430161,0.4757895066955186,3276,3543,2622,921,654,186,16,7.92,0,16,0.0,7.92,0,0.0,0,0.0,186,92.08,24.71,115.453,40.794,44.584,1011.67,27.796,690.95,3.13,77.01,9.868,243.71,63.0,64.8,63.4,64.2,64.8,68.9,18.6,45.8,3529.0,3535,204
b1d0a191-de8948f6,CTD-0.30,0.7292494726962252,0.5623770278226707,0.9592703776808575,0.4342370504440812,2478,2309,1850,459,628,185,17,8.42,0,17,0.0,8.42,0,0.0,0,0.0,185,91.58,23.1,106.744,42.935,45.169,986.33,29.626,680.62,3.143,72.19,10.165,233.53,63.4,64.9,63.5,64.4,64.9,74.4,18.9,48.6,3535.0,3539,193
b1d0a191-de8948f6,CTD-0.50,0.729338815838257,0.5627405649026925,0.9592974398662705,0.43441663260065194,2478,2310,1850,460,628,186,16,7.92,0,16,0.0,7.92,0,0.0,0,0.0,186,92.08,22.84,107.292,43.207,45.38,982.33,29.809,678.02,3.17,71.93,10.228,232.38,63.6,64.7,63.7,64.7,64.7,66.6,18.8,49.1,3533.0,3538,190
b1d0a191-de8948f6,CTD-0.70,0.729338815838257,0.5627405649026925,0.9592974398662705,0.43441663260065194,2478,2310,1850,460,628,186,16,7.92,0,16,0.0,7.92,0,0.0,0,0.0,186,92.08,22.81,107.146,43.336,45.681,984.37,29.909,679.66,3.17,71.88,10.257,232.83,63.7,65.1,63.9,64.9,65.1,66.6,18.8,49.2,3537.0,3542,191
b1d0a191-de8948f6,CTD-0.90,0.7442529674606826,0.5774012296099829,0.9613103421937973,0.440970657317125,2478,2337,1886,451,592,193,9,4.46,0,9,0.0,4.46,0,0.0,0,0.0,193,95.54,23.6,110.492,43.592,45.68,1025.67,30.132,709.01,3.171,74.56,10.289,242.1,63.9,65.3,63.8,64.7,65.3,67.5,19.3,49.5,3528.0,3534,198
b1d10d08-5b108225,CTD-0.30,0.4156080532469445,0.2851851650937352,0.8736648604762671,0.2790769189416126,2123,1472,954,518,1169,101,101,50.0,0,101,0.0,50.0,0,0.0,0,0.0,101,50.0,13.24,58.318,40.854,45.182,540.19,27.948,369.84,3.032,39.92,9.875,130.43,63.2,64.4,63.4,64.1,64.4,74.7,18.9,44.6,3531.0,3535,107
b1d10d08-5b108225,CTD-0.50,0.45698487959320033,0.3014613771198123,0.8886849974625178,0.3001400860091393,2123,1540,1042,498,1081,105,97,48.02,0,97,0.0,48.02,0,0.0,0,0.0,105,51.98,13.2,60.096,42.456,46.079,557.02,29.206,383.64,3.125,40.79,10.124,132.59,63.5,64.8,63.4,64.2,64.8,81.1,19.5,46.7,3532.0,3537,107
b1d10d08-5b108225,CTD-0.70,0.5045714960755214,0.3468975824781536,0.9164280295509264,0.3186717091082899,2123,1561,1130,431,993,125,77,38.12,0,77,0.0,38.12,0,0.0,0,0.0,125,61.88,15.42,71.232,43.222,46.179,665.45,29.829,459.56,3.14,48.23,10.253,157.67,63.7,64.9,63.5,64.1,64.9,84.0,19.6,48.0,3533.0,3536,126
b1d10d08-5b108225,CTD-0.90,0.5241356328745488,0.35446793382129305,0.9326620357893246,0.3197985310380687,2123,1521,1166,355,957,126,76,37.62,0,76,0.0,37.62,0,0.0,0,0.0,126,62.38,15.5,71.634,43.207,46.079,667.31,29.825,460.93,3.134,48.27,10.248,158.11,63.7,64.9,63.5,64.5,64.9,79.0,19.6,48.3,3530.0,3532,127
b1d10d08-743fd86c,CTD-0.30,0.1893390915672,0.12014726244284875,0.7623172051071746,0.14705339566929135,1016,448,224,224,792,54,148,73.27,0,148,0.0,73.27,0,0.0,0,0.0,54,26.73,7.79,31.717,35.816,44.784,273.13,24.048,183.41,2.394,18.2,9.373,71.52,62.0,64.1,62.5,63.4,64.1,67.1,15.0,36.3,3528.0,3530,62
b1d10d08-743fd86c,CTD-0.50,0.24638104633275532,0.14858457983707876,0.8221029112563628,0.17944319460067493,1016,490,280,210,736,70,132,65.35,0,132,0.0,65.35,0,0.0,0,0.0,70,34.65,8.9,39.46,40.676,46.463,361.3,27.864,247.92,2.85,25.14,9.962,88.24,62.8,64.5,62.7,63.6,64.5,79.3,17.2,42.9,3531.0,3533,74
b1d10d08-743fd86c,CTD-0.70,0.23114974247406736,0.14264498323069436,0.8351060262750107,0.16240384266482819,1016,434,263,171,753,73,129,63.86,0,129,0.0,63.86,0,0.0,0,0.0,73,36.14,9.19,41.025,40.905,46.577,376.21,28.104,258.91,2.812,25.67,9.988,91.63,62.7,64.3,62.8,64.0,64.3,70.2,16.5,43.5,3535.0,3538,76
b1d10d08-743fd86c,CTD-0.90,0.25126385251575467,0.17779826500281898,0.8888471005538315,0.17113593431462396,1016,421,269,152,747,113,89,44.06,0,89,0.0,44.06,0,0.0,0,0.0,113,55.94,13.52,62.387,43.686,46.577,584.98,30.424,407.3,2.88,38.53,10.382,139.15,63.3,64.6,63.1,64.5,64.6,80.7,17.0,48.9,3535.0,3538,111
b1d10d08-c35503b8,CTD-0.30,0.7160430848295432,0.5093209647853155,0.9288758644127796,0.46174604732189,3127,3272,2308,964,819,191,11,5.45,0,11,0.0,5.45,0,0.0,0,0.0,191,94.55,24.09,112.172,42.551,45.068,1018.25,29.31,701.34,3.141,75.17,10.101,241.75,63.3,65.0,63.4,64.2,65.0,74.1,18.8,48.3,3533.0,3538,200
b1d10d08-c35503b8,CTD-0.50,0.7227333554999988,0.5161073979101503,0.9308692069108483,0.46472293076733145,3127,3282,2327,955,800,194,8,3.96,0,8,0.0,3.96,0,0.0,0,0.0,194,96.04,24.1,113.78,42.925,45.567,1029.26,29.594,709.67,3.155,75.58,10.176,244.01,63.4,64.9,63.5,64.3,64.9,65.3,18.8,48.8,3532.0,3537,201
b1d10d08-c35503b8,CTD-0.70,0.7227333554999988,0.5161073979101503,0.9308692069108483,0.46472293076733145,3127,3282,2327,955,800,194,8,3.96,0,8,0.0,3.96,0,0.0,0,0.0,194,96.04,24.12,113.875,42.907,45.567,1033.57,29.552,712.1,3.163,76.1,10.191,245.36,63.6,65.1,63.6,64.4,65.1,68.0,18.9,48.7,3535.0,3539,202
b1d10d08-c35503b8,CTD-0.90,0.7227333554999988,0.5161073979101503,0.9308692069108483,0.46472293076733145,3127,3282,2327,955,800,194,8,3.96,0,8,0.0,3.96,0,0.0,0,0.0,194,96.04,24.09,113.722,42.911,45.479,1032.98,29.579,712.26,3.161,75.97,10.171,244.75,63.6,65.1,63.6,64.4,65.1,72.6,18.9,48.8,3533.0,3537,203
b1d10d08-da110fcb,CTD-0.30,0.7896129738389678,0.5722047549904942,0.9341479413086694,0.5019063404367272,2250,2534,1832,702,418,178,16,8.25,0,16,0.0,8.25,0,0.0,0,0.0,178,91.75,22.16,107.319,42.831,45.68,944.81,29.528,651.56,3.148,69.38,10.155,223.87,63.5,65.1,63.6,64.5,65.1,67.0,18.8,48.3,3532.0,3539,185
b1d10d08-da110fcb,CTD-0.50,0.7896129738389678,0.5722047549904942,0.9341479413086694,0.5019063404367272,2250,2534,1832,702,418,178,16,8.25,0,16,0.0,8.25,0,0.0,0,0.0,178,91.75,21.86,107.342,43.156,46.078,939.35,29.785,648.51,3.15,68.43,10.222,222.42,63.6,65.1,63.7,64.7,65.1,68.9,18.8,49.0,3536.0,3539,181
b1d10d08-da110fcb,CTD-0.70,0.8132032232973395,0.5926134720837866,0.9412740751962554,0.5098747760737536,2250,2543,1881,662,369,186,8,4.12,0,8,0.0,4.12,0,0.0,0,0.0,186,95.88,22.74,111.834,43.537,46.577,984.91,30.12,681.55,3.149,71.12,10.268,232.23,63.9,65.4,63.8,64.7,65.4,71.4,18.9,49.3,3543.0,3545,189
b1d10d08-da110fcb,CTD-0.90,0.8132032232973395,0.5926134720837866,0.9412740751962554,0.5098747760737536,2250,2543,1881,662,369,186,8,4.12,0,8,0.0,4.12,0,0.0,0,0.0,186,95.88,22.75,111.835,43.455,46.476,982.79,30.022,678.89,3.157,71.39,10.276,232.51,64.0,65.4,63.9,64.8,65.4,63.6,18.9,49.4,3548.0,3552,188
b1d10d08-ec660956,CTD-0.30,0.6513612835053139,0.4629347972210577,0.930145160597793,0.4109132067339653,2117,1964,1432,532,685,152,50,24.75,0,50,0.0,24.75,0,0.0,0,0.0,152,75.25,19.07,86.636,42.426,45.667,806.8,29.182,555.13,3.147,59.74,10.097,191.93,63.6,65.2,63.8,64.5,65.2,71.8,18.7,47.6,3539.0,3544,159
b1d10d08-ec660956,CTD-0.50,0.6694072021808259,0.4786148970079028,0.9381972441954244,0.41492523760810573,2117,1956,1467,489,650,158,44,21.78,0,44,0.0,21.78,0,0.0,0,0.0,158,78.22,19.52,89.996,43.01,45.68,836.15,29.661,576.67,3.158,61.34,10.191,198.14,63.8,65.2,63.8,64.8,65.2,65.1,18.9,48.5,3544.0,3547,164
b1d10d08-ec660956,CTD-0.70,0.6986537987480681,0.506542679597694,0.9493333296976771,0.42430289819272843,2117,1962,1522,440,595,169,33,16.34,0,33,0.0,16.34,0,0.0,0,0.0,169,83.66,20.72,96.017,43.351,45.58,892.39,29.927,616.13,3.167,65.15,10.258,211.11,63.8,65.2,63.9,64.8,65.2,64.2,19.0,49.1,3552.0,3558,174
b1d10d08-ec660956,CTD-0.90,0.698225840751414,0.5092633589098173,0.9502154989195989,0.42573561600587406,2117,1966,1518,448,599,169,33,16.34,0,33,0.0,16.34,0,0.0,0,0.0,169,83.66,20.82,96.216,43.084,46.078,895.55,29.733,618.19,3.164,65.67,10.187,211.69,63.7,65.2,63.9,64.6,65.2,65.8,19.0,48.8,3558.0,3561,171
b1d22449-117aa773,CTD-0.30,0.21933715694847938,0.13977255573447672,0.7209075411942661,0.1753631783631994,1193,677,318,359,875,56,146,72.28,0,146,0.0,72.28,0,0.0,0,0.0,56,27.72,7.53,32.127,39.555,46.078,295.42,26.792,200.06,3.017,22.55,9.746,72.81,63.0,64.5,63.3,64.1,64.5,72.4,17.5,40.9,3559.0,3560,62
b1d22449-117aa773,CTD-0.50,0.18818123945123508,0.11729430525694615,0.6748472929851446,0.15691057827361152,1193,669,279,390,914,49,153,75.74,0,153,0.0,75.74,0,0.0,0,0.0,49,24.26,6.62,28.315,38.763,45.694,255.4,26.116,172.16,2.949,19.41,9.698,63.83,62.5,63.9,62.9,63.6,63.9,79.9,17.2,39.0,3557.0,3561,54
b1d22449-117aa773,CTD-0.70,0.2383477436477413,0.1512817624592669,0.7592821518065384,0.1832931053636171,1193,664,331,333,862,68,134,66.34,0,134,0.0,66.34,0,0.0,0,0.0,68,33.66,8.75,38.709,41.09,46.179,355.35,28.107,243.23,2.997,25.85,9.986,86.27,63.0,64.4,63.0,63.8,64.3,83.1,18.2,43.0,3552.0,3554,70
b1d22449-117aa773,CTD-0.90,0.2959734020734621,0.19460754953505266,0.8224960251663077,0.21464047942499834,1193,696,390,306,803,82,120,59.41,0,120,0.0,59.41,0,0.0,0,0.0,82,40.59,10.21,46.022,42.193,46.476,426.9,29.002,293.53,3.066,30.99,10.125,102.38,63.0,64.4,63.1,63.9,64.4,76.0,18.2,45.7,3551.0,3555,84
b1d22449-15fb948f,CTD-0.30,0.04458890696498763,0.024774859993906106,0.519657536613728,0.04284403669724769,500,109,30,79,470,95,88,48.09,0,88,0.0,48.09,0,0.0,0,0.0,95,51.91,11.91,57.764,40.569,44.486,480.9,28.822,341.89,1.668,19.65,10.078,119.35,63.0,64.4,62.6,63.2,64.4,82.4,8.6,45.6,3551.0,3556,94
b1d22449-15fb948f,CTD-0.50,0.04458890696498763,0.024774859993906106,0.519657536613728,0.04284403669724769,500,109,30,79,470,95,88,48.09,0,88,0.0,48.09,0,0.0,0,0.0,95,51.91,11.32,57.386,42.143,45.483,474.3,30.087,338.94,1.709,19.12,10.348,116.24,63.3,64.4,62.6,63.3,64.4,92.1,8.1,47.7,3551.0,3553,92
b1d22449-15fb948f,CTD-0.70,0.11157865252584917,0.07241878641694288,0.712104511785464,0.09014473684210526,500,152,64,88,436,109,74,40.44,0,74,0.0,40.44,0,0.0,0,0.0,109,59.56,12.84,65.7,42.797,46.578,544.86,30.446,387.96,1.937,24.46,10.414,132.44,63.3,64.8,62.8,63.8,64.8,82.2,10.0,49.1,3550.0,3552,104
b1d22449-15fb948f,CTD-0.90,0.15261086417464392,0.098232485037954,0.8372040495575984,0.110972972972973,500,148,81,67,419,125,58,31.69,0,58,0.0,31.69,0,0.0,0,0.0,125,68.31,14.58,75.221,43.449,46.591,632.83,30.899,450.4,2.078,30.01,10.472,152.42,63.5,64.8,63.0,64.1,64.8,83.9,10.9,50.2,3550.0,3553,119
b1d22ed6-f1cac061,CTD-0.30,0.7776314779522249,0.49543770332194714,0.8959568651952668,0.5322439722934835,4610,5891,3728,2163,882,194,9,4.43,0,9,0.0,4.43,0,0.0,0,0.0,194,95.57,27.46,127.602,39.545,45.182,1084.46,26.778,734.74,3.155,86.43,9.613,263.29,62.8,64.2,63.1,64.0,64.2,72.5,18.3,43.3,3552.0,3557,224
b1d22ed6-f1cac061,CTD-0.50,0.7812344831287081,0.49785740603622736,0.8971305683403575,0.5342129755438529,4610,5899,3743,2156,867,195,8,3.94,0,8,0.0,3.94,0,0.0,0,0.0,195,96.06,27.16,127.685,40.064,44.981,1083.39,27.212,736.07,3.173,85.73,9.678,261.6,62.5,63.9,62.7,63.5,63.9,75.7,18.5,44.0,3553.0,3556,221
b1d22ed6-f1cac061,CTD-0.70,0.7812344831287081,0.49785740603622736,0.8971305683403575,0.5342129755438529,4610,5899,3743,2156,867,195,8,3.94,0,8,0.0,3.94,0,0.0,0,0.0,195,96.06,27.39,128.505,39.718,44.186,1084.62,26.941,735.81,3.153,85.95,9.625,262.85,62.2,63.7,62.4,63.4,63.7,73.6,18.5,43.6,3558.0,3562,224
b1d22ed6-f1cac061,CTD-0.90,0.7812344831287081,0.49785740603622736,0.8971305683403575,0.5342129755438529,4610,5899,3743,2156,867,195,8,3.94,0,8,0.0,3.94,0,0.0,0,0.0,195,96.06,27.17,127.892,39.928,45.068,1080.71,27.116,734.24,3.163,85.5,9.649,260.97,62.0,63.8,62.3,63.1,63.5,70.6,18.3,43.9,3566.0,3570,219
b1d3907b-2278601b,CTD-0.30,0.13557944265778354,0.07330118155543651,0.6894830249639328,0.11055433651222325,867,328,149,179,718,47,155,76.73,0,155,0.0,76.73,0,0.0,0,0.0,47,23.27,6.6,26.843,37.439,45.183,244.89,25.351,166.19,2.58,16.68,9.508,62.02,61.1,62.8,61.3,62.7,62.8,74.3,14.7,37.3,3571.0,3574,54
b1d3907b-2278601b,CTD-0.50,0.16771030925617186,0.09846303585317459,0.7501223998162267,0.12811511159085484,867,343,172,171,695,69,133,65.84,0,133,0.0,65.84,0,0.0,0,0.0,69,34.16,8.7,38.515,41.098,46.18,353.62,28.43,244.72,2.635,22.59,10.033,86.3,61.7,63.2,61.4,62.2,63.2,80.6,15.2,43.9,3567.0,3572,71
b1d3907b-2278601b,CTD-0.70,0.16173979742147584,0.09626653089392341,0.7731476642917324,0.12089146854187598,867,310,163,147,704,67,135,66.83,0,135,0.0,66.83,0,0.0,0,0.0,67,33.17,8.6,37.688,40.406,45.183,346.92,27.903,239.75,2.573,21.99,9.93,85.17,61.6,63.3,61.4,62.2,63.3,82.6,14.8,43.3,3566.0,3568,71
b1d3907b-2278601b,CTD-0.90,0.20207733922542437,0.12583743708135245,0.8057340818684088,0.14796829919972604,867,357,198,159,669,82,120,59.41,0,120,0.0,59.41,0,0.0,0,0.0,82,40.59,10.19,45.655,41.88,46.578,421.62,29.043,292.65,2.715,27.22,10.122,101.76,61.9,63.3,61.7,62.7,63.3,77.3,16.1,45.8,3574.0,3577,84
b1d4b62c-60aab822,CTD-0.30,0.8404882569896137,0.6474701307815552,0.9626076829896488,0.5068710878855349,2214,2399,1891,508,323,193,10,4.93,0,10,0.0,4.93,0,0.0,0,0.0,193,95.07,23.59,109.994,43.304,45.58,1016.09,29.917,702.12,3.144,73.72,10.243,240.24,62.4,64.1,62.3,63.3,64.1,63.6,18.9,49.6,3591.0,3603,196
b1d4b62c-60aab822,CTD-0.50,0.8405325697178572,0.649009963017655,0.9630740442688248,0.5070410225926001,2214,2398,1890,508,324,194,9,4.43,0,9,0.0,4.43,0,0.0,0,0.0,194,95.57,23.36,110.313,44.134,46.078,1026.97,30.594,712.08,3.158,73.4,10.381,241.49,63.1,64.2,62.8,63.7,64.2,83.8,19.2,50.3,3612.0,3620,196
b1d4b62c-60aab822,CTD-0.70,0.8411309809803625,0.6503814475544647,0.9632395392936193,0.5073735932579556,2214,2399,1891,508,323,195,8,3.94,0,8,0.0,3.94,0,0.0,0,0.0,195,96.06,23.47,110.828,44.203,45.681,1030.06,30.637,714.05,3.17,73.82,10.395,242.18,63.5,64.8,63.2,64.1,64.8,89.8,19.2,50.4,3619.0,3623,195
b1d4b62c-60aab822,CTD-0.90,0.8411309809803625,0.6503814475544647,0.9632395392936193,0.5073735932579556,2214,2399,1891,508,323,195,8,3.94,0,8,0.0,3.94,0,0.0,0,0.0,195,96.06,23.53,111.107,43.939,46.065,1028.35,30.416,711.96,3.164,73.98,10.359,242.41,63.5,64.8,63.5,64.8,64.8,78.6,19.1,50.2,3622.0,3625,195
b1d59b1f-a38aec79,CTD-0.30,0.26515705855292815,0.18421274920901015,0.6672615551451803,0.22566095155286262,298,247,94,153,204,38,130,77.38,0,130,0.0,77.38,0,0.0,0,0.0,38,22.62,5.49,26.451,35.652,45.681,192.23,23.669,127.7,2.724,14.6,9.259,49.92,61.9,63.6,62.5,63.8,63.8,65.8,15.9,33.1,3621.0,3627,45
b1d59b1f-a38aec79,CTD-0.50,0.28133002298518195,0.18569533392602727,0.6931984463347515,0.23771379086382338,298,248,95,153,203,45,123,73.21,0,123,0.0,73.21,0,0.0,0,0.0,45,26.79,6.0,30.724,38.317,46.179,227.46,25.878,153.79,2.794,16.52,9.646,57.15,62.0,63.8,62.2,63.3,63.8,76.5,16.2,38.0,3621.0,3624,50
b1d59b1f-a38aec79,CTD-0.70,0.3250294286523711,0.20999742772287555,0.7403785761647907,0.26439209604534886,298,251,107,144,191,54,114,67.86,0,114,0.0,67.86,0,0.0,0,0.0,54,32.14,6.97,36.486,40.045,46.577,276.89,27.299,189.0,2.91,19.99,9.836,67.9,62.3,63.8,62.3,63.2,63.8,83.2,16.7,40.7,3618.0,3621,58
b1d59b1f-a38aec79,CTD-0.90,0.3405588930904161,0.22716570959167842,0.7579936338024061,0.2721329447311426,298,251,110,141,188,55,113,67.26,0,113,0.0,67.26,0,0.0,0,0.0,55,32.74,7.09,37.218,39.987,46.179,280.56,27.267,191.54,2.875,20.06,9.845,68.96,62.1,63.7,62.2,63.0,63.7,76.3,16.6,40.9,3623.0,3626,58
b1d7b3ac-0bdb47dc,CTD-0.30,0.6481116651606653,0.447989520998584,0.9314530925973095,0.41515952775880577,1480,1385,989,396,491,164,38,18.81,0,38,0.0,18.81,0,0.0,0,0.0,164,81.19,19.82,92.286,43.718,46.577,866.69,30.249,599.95,3.133,62.02,10.336,204.72,63.1,64.2,62.9,63.8,64.2,77.7,18.8,49.7,3618.0,3624,167
b1d7b3ac-0bdb47dc,CTD-0.50,0.7441271358362649,0.5288357376360835,0.953629456414607,0.45525186377342436,1480,1461,1126,335,354,187,15,7.43,0,15,0.0,7.43,0,0.0,0,0.0,187,92.57,22.26,105.051,44.305,46.179,984.51,30.763,683.82,3.125,69.32,10.417,231.37,63.5,64.9,63.2,64.1,64.9,74.7,19.7,50.7,3620.0,3625,187
b1d7b3ac-0bdb47dc,CTD-0.70,0.751377206579191,0.5392167199714145,0.95825446266782,0.45718833531333536,1480,1456,1133,323,347,193,9,4.46,0,9,0.0,4.46,0,0.0,0,0.0,193,95.54,22.77,108.074,44.831,46.678,1015.16,31.225,706.97,3.119,70.6,10.487,237.59,64.0,65.3,63.6,64.4,65.3,88.1,19.2,51.7,3621.0,3624,192
b1d7b3ac-0bdb47dc,CTD-0.90,0.751377206579191,0.5392167199714145,0.95825446266782,0.45718833531333536,1480,1456,1133,323,347,193,9,4.46,0,9,0.0,4.46,0,0.0,0,0.0,193,95.54,22.75,107.974,44.607,46.976,1012.53,31.006,704.04,3.145,71.28,10.455,237.21,64.1,65.4,64.0,64.9,65.4,76.7,19.1,51.3,3622.0,3625,190
b1d7b3ac-36f2d3b7,CTD-0.30,0.5661989515283414,0.3923741128729882,0.844426413135895,0.41240601767674995,724,787,434,353,290,93,83,47.16,0,83,0.0,47.16,0,0.0,0,0.0,93,52.84,11.99,60.546,41.002,46.476,486.33,28.086,333.44,2.979,35.22,9.937,117.67,63.4,64.5,63.7,64.4,64.8,56.9,18.5,44.8,3628.0,3631,97
b1d7b3ac-36f2d3b7,CTD-0.50,0.5846493415238081,0.3894163138881664,0.8656195028121854,0.41510879113698906,724,761,446,315,278,96,80,45.45,0,80,0.0,45.45,0,0.0,0,0.0,96,54.55,11.95,62.088,42.249,45.581,499.16,29.089,343.78,3.051,35.97,10.109,119.41,63.3,64.7,63.6,64.6,64.7,79.8,19.3,46.1,3630.0,3634,98
b1d7b3ac-36f2d3b7,CTD-0.70,0.590477729100867,0.3999330227700606,0.8316273336177471,0.43797101542706474,724,857,452,405,272,92,84,47.73,0,84,0.0,47.73,0,0.0,0,0.0,92,52.27,11.55,59.793,42.113,46.079,481.99,28.963,331.64,3.037,34.7,10.113,115.65,63.4,64.8,63.5,64.2,64.8,69.2,19.1,46.0,3631.0,3635,94
b1d7b3ac-36f2d3b7,CTD-0.90,0.6172006455785211,0.43120696747840714,0.8552646404048954,0.444264873474665,724,829,473,356,251,102,74,42.05,0,74,0.0,42.05,0,0.0,0,0.0,102,57.95,12.43,65.516,43.302,46.976,534.6,29.922,369.37,3.108,38.36,10.272,126.86,63.6,65.2,63.5,64.6,65.2,86.5,18.7,48.0,3631.0,3635,104
b1d7b3ac-5744370e,CTD-0.30,0.1688973181824926,0.10340141787818188,0.5711808141538719,0.1611492983830757,556,404,118,286,438,48,150,75.76,0,150,0.0,75.76,0,0.0,0,0.0,48,24.24,6.67,27.89,37.479,45.183,243.09,25.45,165.11,2.516,16.34,9.513,61.64,62.3,63.8,62.8,63.5,63.8,76.1,14.0,37.2,3627.0,3631,56
b1d7b3ac-5744370e,CTD-0.50,0.4293174073856001,0.3053613192918003,0.8306197306040078,0.3215639988009593,556,480,254,226,302,120,78,39.39,0,78,0.0,39.39,0,0.0,0,0.0,120,60.61,14.26,67.405,43.984,46.975,626.36,30.674,437.13,2.889,40.98,10.422,148.25,63.6,64.9,63.3,64.3,64.9,87.2,16.8,49.3,3628.0,3632,117
b1d7b3ac-5744370e,CTD-0.70,0.43081451049562897,0.30851856401063116,0.8439517514159824,0.3170022423619546,556,462,254,208,302,123,75,37.88,0,75,0.0,37.88,0,0.0,0,0.0,123,62.12,14.57,68.978,44.12,46.578,637.91,30.749,444.81,2.942,42.49,10.429,150.61,63.7,64.9,63.5,64.3,64.9,85.4,17.2,49.5,3633.0,3636,120
b1d7b3ac-5744370e,CTD-0.90,0.5097781641229748,0.3721639701626409,0.8851681895349874,0.3547586930455635,556,480,297,183,259,152,46,23.23,0,46,0.0,23.23,0,0.0,0,0.0,152,76.77,17.93,85.355,44.379,46.577,793.56,31.028,555.1,2.878,51.39,10.473,187.07,63.9,65.0,63.6,64.3,65.0,83.3,17.5,50.6,3634.0,3638,147
b1d7b3ac-995f9d8a,CTD-0.30,0.5997994919687666,0.3868351505088313,0.8853105424171813,0.40479445375320267,755,747,480,267,275,110,79,41.8,0,79,0.0,41.8,0,0.0,0,0.0,110,58.2,14.41,66.854,40.885,45.58,589.34,28.002,403.84,2.946,42.39,9.937,143.11,63.4,64.7,63.5,64.3,64.7,74.8,18.5,45.0,3631.0,3640,117
b1d7b3ac-995f9d8a,CTD-0.50,0.6553252312196054,0.4301787492371704,0.9088830568926897,0.43190249991331775,755,764,517,247,238,122,67,35.45,0,67,0.0,35.45,0,0.0,0,0.0,122,64.55,14.89,72.72,43.5,46.564,642.88,30.136,445.62,3.07,45.24,10.295,152.03,63.7,64.8,63.5,64.3,64.8,88.6,19.3,48.6,3626.0,3629,125
b1d7b3ac-995f9d8a,CTD-0.70,0.6942710002593718,0.46161625005021856,0.9207451170529924,0.45321972413211287,755,785,543,242,212,144,45,23.81,0,45,0.0,23.81,0,0.0,0,0.0,144,76.19,17.41,85.712,43.745,46.078,760.79,30.305,527.27,3.115,54.11,10.324,179.41,63.8,65.2,63.8,64.6,65.2,82.7,19.3,49.0,3628.0,3631,144
b1d7b3ac-995f9d8a,CTD-0.90,0.6750442209113483,0.4470430525173702,0.9188863544873083,0.43956150781595815,755,763,530,233,225,136,53,28.04,0,53,0.0,28.04,0,0.0,0,0.0,136,71.96,16.54,81.095,43.449,46.078,715.53,30.111,496.08,3.06,50.3,10.277,169.14,63.7,65.1,63.7,64.6,65.1,80.6,19.4,48.8,3628.0,3630,138
b1d7b3ac-9e14f05f,CTD-0.30,0.6958557566153938,0.5099990609469259,0.9104238581222898,0.4529033551927899,1312,1391,956,435,356,128,74,36.63,0,74,0.0,36.63,0,0.0,0,0.0,128,63.37,15.96,72.865,42.285,45.681,670.5,29.057,460.73,3.107,49.23,10.121,160.54,63.4,64.7,63.8,64.5,64.7,53.6,18.5,47.2,3626.0,3632,133
b1d7b3ac-9e14f05f,CTD-0.50,0.7409711851149927,0.555406811869892,0.9301935588974922,0.47393639381489766,1312,1407,1003,404,309,147,55,27.23,0,55,0.0,27.23,0,0.0,0,0.0,147,72.77,17.63,82.704,44.009,46.577,772.55,30.466,534.94,3.152,55.26,10.391,182.34,63.9,65.1,63.9,64.8,65.1,78.2,19.1,49.6,3629.0,3631,148
b1d7b3ac-9e14f05f,CTD-0.70,0.7852062386780867,0.5878924401092543,0.9453324819051466,0.490092001308157,1312,1417,1055,362,257,159,43,21.29,0,43,0.0,21.29,0,0.0,0,0.0,159,78.71,18.96,89.309,44.466,47.075,837.73,30.857,581.25,3.157,59.47,10.452,197.01,64.1,65.3,63.9,65.4,65.4,88.2,19.1,50.5,3632.0,3637,159
b1d7b3ac-9e14f05f,CTD-0.90,0.7848645812471172,0.5875967818221244,0.9417771820894735,0.4931519291238209,1312,1435,1056,379,256,161,41,20.3,0,41,0.0,20.3,0,0.0,0,0.0,161,79.7,19.16,90.282,44.271,46.975,844.37,30.698,585.67,3.152,60.03,10.421,198.67,64.0,65.3,63.9,64.7,65.3,79.0,19.2,50.3,3633.0,3640,161
b1d7b3ac-afa57f22,CTD-0.30,0.26067651498693556,0.1745117626806779,0.6363142619191472,0.22527298850574712,400,348,134,214,266,47,123,72.35,0,123,0.0,72.35,0,0.0,0,0.0,47,27.65,6.49,32.111,37.95,46.179,241.22,25.873,164.46,2.447,15.56,9.631,61.2,62.9,64.8,63.0,63.7,64.6,82.2,13.4,38.8,3634.0,3636,54
b1d7b3ac-afa57f22,CTD-0.50,0.2398479892136566,0.14733438869899912,0.6077952370916399,0.2112933526011561,400,346,128,218,272,48,122,71.76,0,122,0.0,71.76,0,0.0,0,0.0,48,28.24,6.29,32.422,39.28,46.577,240.62,26.895,164.66,2.529,15.49,9.856,60.47,62.8,64.0,62.8,63.8,64.0,75.5,13.8,39.8,3633.0,3636,51
b1d7b3ac-afa57f22,CTD-0.70,0.281766841384705,0.1839220007562011,0.667623668772117,0.23479532163742695,400,342,140,202,260,55,115,67.65,0,115,0.0,67.65,0,0.0,0,0.0,55,32.35,7.01,36.669,40.254,46.578,279.56,27.719,192.63,2.598,17.97,9.936,68.97,62.7,64.4,62.6,63.4,64.4,80.6,14.2,41.7,3636.0,3639,57
b1d7b3ac-afa57f22,CTD-0.90,0.4884223356346475,0.3437850323291303,0.8619009703916167,0.3410734870317004,400,347,209,138,191,82,88,51.76,0,88,0.0,51.76,0,0.0,0,0.0,82,48.24,9.94,53.988,42.417,47.076,419.7,29.395,291.05,2.801,27.64,10.22,101.01,63.0,64.3,62.8,63.4,64.3,80.2,15.9,46.4,3646.0,3648,82
b1d968b9-563405f4,CTD-0.30,0.6772353033452922,0.49930266171503596,0.8844984114723796,0.43246957885990417,2656,2755,1978,777,678,91,112,55.17,0,112,0.0,55.17,0,0.0,0,0.0,91,44.83,12.44,55.004,39.546,44.683,488.11,26.781,330.72,3.068,37.81,9.698,119.58,62.5,64.0,62.7,63.8,64.0,77.7,18.0,42.1,3648.0,3649,102
b1d968b9-563405f4,CTD-0.50,0.7171352207797246,0.5253994029809345,0.8978968416460328,0.4526064036443435,2656,2822,2068,754,588,104,99,48.77,0,99,0.0,48.77,0,0.0,0,0.0,104,51.23,13.7,62.036,40.728,44.785,556.35,27.751,379.32,3.136,42.71,9.841,134.32,62.4,64.3,62.7,63.6,64.3,70.3,18.3,44.0,3653.0,3655,114
b1d968b9-563405f4,CTD-0.70,0.7163757524093064,0.5279133433545217,0.8985367887963692,0.4534729747602307,2656,2824,2063,761,593,104,99,48.77,0,99,0.0,48.77,0,0.0,0,0.0,104,51.23,13.67,61.894,40.806,44.286,552.79,27.831,377.07,3.132,42.38,9.844,133.34,62.2,63.9,62.5,63.5,63.9,75.6,18.5,44.3,3649.0,3652,113
b1d968b9-563405f4,CTD-0.90,0.7751988783198749,0.5796976495115662,0.9107251674138342,0.4816523980736108,2656,2917,2220,697,436,153,50,24.63,0,50,0.0,24.63,0,0.0,0,0.0,153,75.37,19.14,88.779,42.651,45.182,813.77,29.36,560.44,3.16,60.17,10.13,193.16,62.8,64.2,62.7,63.5,64.2,71.3,18.8,47.8,3652.0,3655,160
b1d968b9-ce42734f,CTD-0.30,0.7100238829600074,0.5026638552957559,0.8757544117061932,0.48309879244228454,3559,4257,2710,1547,849,144,59,29.06,0,59,0.0,29.06,0,0.0,0,0.0,144,70.94,19.34,88.385,40.562,44.071,779.1,27.634,530.92,3.137,60.19,9.791,188.0,62.3,63.8,62.7,64.0,64.0,64.9,18.3,45.1,3645.0,3650,158
b1d968b9-ce42734f,CTD-0.50,0.681180494050281,0.47349849769002084,0.8594298998137072,0.4603300993977632,3559,4142,2676,1466,883,122,81,39.9,0,81,0.0,39.9,0,0.0,0,0.0,122,60.1,16.77,76.551,39.759,44.084,662.0,26.935,448.71,3.122,51.88,9.702,161.41,61.9,63.8,62.5,63.7,63.8,72.8,18.1,44.0,3649.0,3653,139
b1d968b9-ce42734f,CTD-0.70,0.7157434682979097,0.5035049001010424,0.8701259274963307,0.48140217612463776,3559,4263,2776,1487,783,142,61,30.05,0,61,0.0,30.05,0,0.0,0,0.0,142,69.95,18.88,87.311,40.87,44.683,767.28,27.883,523.63,3.131,58.69,9.856,184.96,62.0,63.8,62.3,63.2,63.8,66.5,18.4,45.4,3652.0,3654,155
b1d968b9-ce42734f,CTD-0.90,0.7646525138398845,0.5493312476726612,0.890731472435138,0.5002281140985007,3559,4284,2923,1361,636,162,41,20.2,0,41,0.0,20.2,0,0.0,0,0.0,162,79.8,21.22,98.731,41.298,44.185,872.95,28.236,597.17,3.148,66.42,9.914,209.36,62.2,64.0,62.4,63.4,64.0,64.0,18.8,46.2,3656.0,3662,175
b1d971b4-ac67ca0d,CTD-0.30,0.7714550740664171,0.5589398747638568,0.9356435120020673,0.48952051420305825,2503,2746,1987,759,516,173,26,13.07,0,26,0.0,13.07,0,0.0,0,0.0,173,86.93,22.05,102.49,41.846,45.58,918.02,28.726,630.34,3.108,68.09,10.012,219.59,62.2,63.9,62.3,63.2,63.9,68.2,19.2,47.2,3661.0,3666,181
b1d971b4-ac67ca0d,CTD-0.50,0.7753454458761324,0.5615892159795914,0.9377879667107731,0.48960092917738485,2503,2736,1996,740,507,174,25,12.56,0,25,0.0,12.56,0,0.0,0,0.0,174,87.44,21.47,102.195,43.155,45.68,919.22,29.751,633.82,3.169,67.44,10.234,217.96,62.8,64.0,62.7,63.5,64.0,77.9,19.0,48.8,3667.0,3670,180
b1d971b4-ac67ca0d,CTD-0.70,0.7753454458761324,0.5615892159795914,0.9377879667107731,0.48960092917738485,2503,2736,1996,740,507,174,25,12.56,0,25,0.0,12.56,0,0.0,0,0.0,174,87.44,21.72,102.914,42.724,45.183,921.77,29.432,635.01,3.152,67.94,10.141,218.82,62.7,64.3,62.9,63.8,64.3,74.4,19.4,48.3,3666.0,3668,180
b1d971b4-ac67ca0d,CTD-0.90,0.8039928855336519,0.5889862099684949,0.94519907260997,0.5047784725809288,2503,2786,2057,729,446,189,10,5.03,0,10,0.0,5.03,0,0.0,0,0.0,189,94.97,23.18,110.785,43.31,45.681,1000.11,29.906,690.82,3.154,72.72,10.25,236.56,63.1,64.6,63.0,63.9,64.6,67.6,19.0,49.2,3666.0,3670,193
b1d9e136-6c94ea3f,CTD-0.30,0.7380156323018231,0.542566738081356,0.9507691958969189,0.4460516875583894,2342,2277,1778,499,564,161,41,20.3,0,41,0.0,20.3,0,0.0,0,0.0,161,79.7,19.98,91.912,42.95,45.581,850.66,29.626,586.63,3.132,62.05,10.192,201.98,63.1,64.6,63.3,64.2,64.6,66.8,18.7,48.6,3664.0,3666,165
b1d9e136-6c94ea3f,CTD-0.50,0.7418351751369978,0.5469252278290869,0.9520257525000371,0.44876286230754375,2342,2287,1784,503,558,168,34,16.83,0,34,0.0,16.83,0,0.0,0,0.0,168,83.17,20.47,95.514,43.709,46.079,889.58,30.238,615.58,3.159,64.24,10.311,209.76,63.5,64.8,63.4,64.2,64.8,83.9,19.2,49.3,3665.0,3667,171
b1d9e136-6c94ea3f,CTD-0.70,0.7551568471467598,0.5584652440557152,0.9555941191555564,0.4525395665137521,2342,2291,1814,477,528,169,33,16.34,0,33,0.0,16.34,0,0.0,0,0.0,169,83.66,20.54,95.896,43.589,45.681,892.57,30.143,617.37,3.159,64.62,10.287,210.58,63.5,64.9,63.5,64.5,64.9,78.6,19.1,49.4,3664.0,3670,172
b1d9e136-6c94ea3f,CTD-0.90,0.7644949517299373,0.5673635250974962,0.9582661977463576,0.45793296124510363,2342,2309,1831,478,511,178,24,11.88,0,24,0.0,11.88,0,0.0,0,0.0,178,88.12,21.68,101.29,43.533,46.078,938.35,30.09,648.67,3.163,68.12,10.28,221.55,63.4,64.8,63.4,64.3,64.8,73.2,19.3,49.5,3665.0,3667,179
b1d9e136-9ab25cb3,CTD-0.30,0.7113728100833112,0.4758375233135048,0.8829987582317517,0.48081002921504185,2942,3445,2240,1205,702,161,41,20.3,0,41,0.0,20.3,0,0.0,0,0.0,161,79.7,20.93,96.09,41.577,45.082,866.02,28.479,593.34,3.155,65.63,9.944,207.05,63.1,64.4,63.2,64.0,64.5,71.7,18.6,46.4,3668.0,3671,172
b1d9e136-9ab25cb3,CTD-0.50,0.7298272161105614,0.49406284683251267,0.8899985842343524,0.4904003793157835,2942,3474,2284,1190,658,172,30,14.85,0,30,0.0,14.85,0,0.0,0,0.0,172,85.15,21.89,102.022,42.362,45.169,923.15,29.129,635.04,3.16,68.71,10.073,219.4,63.2,64.4,63.2,64.1,64.4,83.3,19.2,47.4,3672.0,3674,177
b1d9e136-9ab25cb3,CTD-0.70,0.7356840280588188,0.4999378333909599,0.8939043018095957,0.4923264326635194,2942,3464,2296,1168,646,176,26,12.87,0,26,0.0,12.87,0,0.0,0,0.0,176,87.13,22.2,103.925,42.609,45.68,938.89,29.324,646.1,3.167,69.81,10.118,222.98,63.2,64.4,63.3,64.2,64.4,73.6,18.9,48.0,3676.0,3678,183
b1d9e136-9ab25cb3,CTD-0.90,0.7524095171390517,0.5120588113120335,0.8963940765208439,0.5046522550608907,2942,3536,2339,1197,603,184,18,8.91,0,18,0.0,8.91,0,0.0,0,0.0,184,91.09,23.31,109.129,42.489,45.58,989.5,29.233,681.0,3.16,73.48,10.096,235.02,63.2,64.6,63.3,64.2,64.6,73.7,19.1,47.8,3680.0,3683,192
b1dac7f7-6b2e0382,CTD-0.30,0.6994679002931796,0.48223108526123565,0.9242462787980925,0.45297120978242456,3637,3752,2637,1115,1000,194,8,3.96,0,8,0.0,3.96,0,0.0,0,0.0,194,96.04,24.8,115.51,42.081,45.081,1034.84,28.887,710.12,3.153,77.59,10.041,247.12,62.9,64.5,63.3,64.2,64.5,66.9,18.6,47.8,3682.0,3684,202
b1dac7f7-6b2e0382,CTD-0.50,0.6994679002931796,0.48223108526123565,0.9242462787980925,0.45297120978242456,3637,3752,2637,1115,1000,194,8,3.96,0,8,0.0,3.96,0,0.0,0,0.0,194,96.04,24.77,116.249,41.937,44.286,1032.05,28.758,707.82,3.155,77.57,10.024,246.66,62.9,64.5,63.3,64.7,64.5,57.5,19.2,47.7,3683.0,3687,202
b1dac7f7-6b2e0382,CTD-0.70,0.6994679002931796,0.48223108526123565,0.9242462787980925,0.45297120978242456,3637,3752,2637,1115,1000,194,8,3.96,0,8,0.0,3.96,0,0.0,0,0.0,194,96.04,24.42,115.139,42.47,45.183,1033.6,29.2,711.01,3.17,77.0,10.099,245.59,63.0,64.6,63.3,64.2,64.6,67.0,18.8,48.1,3689.0,3692,203
b1dac7f7-6b2e0382,CTD-0.90,0.6994679002931796,0.48223108526123565,0.9242462787980925,0.45297120978242456,3637,3752,2637,1115,1000,194,8,3.96,0,8,0.0,3.96,0,0.0,0,0.0,194,96.04,24.47,115.365,42.493,46.078,1034.82,29.215,711.59,3.167,77.05,10.111,246.17,63.1,64.7,63.2,64.4,64.7,65.9,18.8,48.1,3690.0,3692,204
b1db7e22-cfa74dc3,CTD-0.30,0.3276874963368495,0.20165826286411984,0.8994578731990607,0.21330620468956799,1420,713,498,215,922,97,106,52.22,0,106,0.0,52.22,0,0.0,0,0.0,97,47.78,12.06,53.947,41.876,46.578,504.14,28.784,346.89,2.995,35.87,10.096,121.38,62.8,64.4,62.7,63.6,64.4,74.5,18.0,45.7,3687.0,3694,101
b1db7e22-cfa74dc3,CTD-0.50,0.3893913476765346,0.256778286283934,0.9314587020693867,0.2401307057001696,1420,764,579,185,841,132,71,34.98,0,71,0.0,34.98,0,0.0,0,0.0,132,65.02,15.71,72.793,44.022,47.075,687.81,30.57,477.46,3.028,47.34,10.424,163.02,63.5,65.0,63.0,63.8,65.0,82.7,18.6,49.8,3686.0,3690,130
b1db7e22-cfa74dc3,CTD-0.70,0.4017102161960598,0.26957683992762227,0.938236259299612,0.24604396404265388,1420,774,594,180,826,154,49,24.14,0,49,0.0,24.14,0,0.0,0,0.0,154,75.86,18.09,84.596,44.453,47.075,798.93,30.899,555.39,3.057,54.87,10.496,188.66,63.7,65.1,63.3,64.3,65.1,80.3,18.5,50.9,3687.0,3691,150
b1db7e22-cfa74dc3,CTD-0.90,0.39893811643551236,0.27024540968349464,0.9424367922711868,0.24286496316502437,1420,759,588,171,832,161,42,20.69,0,42,0.0,20.69,0,0.0,0,0.0,161,79.31,19.0,88.468,44.285,46.577,837.42,30.776,582.31,3.042,57.38,10.467,197.74,63.9,65.2,63.6,64.7,65.2,83.1,19.4,50.6,3692.0,3694,157
b1dce572-c6a8cb5e,CTD-0.30,0.6014571822132827,0.4144912114844237,0.8941167744340434,0.3918006563878496,2542,2387,1636,751,906,120,82,40.59,0,82,0.0,40.59,0,0.0,0,0.0,120,59.41,16.26,70.779,39.894,44.683,646.03,27.21,440.57,2.945,47.64,9.739,157.82,63.0,64.3,63.4,64.0,64.6,66.8,19.1,43.9,3692.0,3697,131
b1dce572-c6a8cb5e,CTD-0.50,0.6228824446495531,0.43336267195923195,0.9007167505465171,0.4073464894731889,2542,2458,1677,781,865,126,76,37.62,0,76,0.0,37.62,0,0.0,0,0.0,126,62.38,16.29,73.802,41.498,45.68,671.06,28.398,459.4,3.135,50.62,9.965,161.05,63.0,64.6,63.2,64.0,64.6,60.8,19.2,45.6,3690.0,3693,136
b1dce572-c6a8cb5e,CTD-0.70,0.6474577503577374,0.455233089726155,0.9168894031618852,0.41232407221214606,2542,2418,1730,688,812,136,66,32.67,0,66,0.0,32.67,0,0.0,0,0.0,136,67.33,17.09,78.58,42.401,46.079,721.1,29.11,495.14,3.162,53.72,10.129,172.24,63.2,64.6,63.3,64.2,64.6,75.8,18.7,47.0,3694.0,3696,142
b1dce572-c6a8cb5e,CTD-0.90,0.6875526100145333,0.4850420894647489,0.9373265584231832,0.4224720350289057,2542,2392,1817,575,725,151,51,25.25,0,51,0.0,25.25,0,0.0,0,0.0,151,74.75,18.85,87.154,42.653,46.094,798.79,29.346,549.66,3.133,58.62,10.173,190.5,63.1,64.5,63.2,64.2,64.5,78.5,18.8,47.9,3698.0,3703,159
b1dd58c1-8b546ba7,CTD-0.30,0.766197111709501,0.5659715691438024,0.9578906305951319,0.46434030467166765,2456,2456,1920,536,536,179,18,9.14,0,18,0.0,9.14,0,0.0,0,0.0,179,90.86,22.26,105.39,42.846,45.581,949.74,29.557,655.45,3.134,69.33,10.154,224.96,63.2,64.7,63.3,64.4,64.7,74.8,18.9,48.4,3698.0,3703,185
b1dd58c1-8b546ba7,CTD-0.50,0.7689611659314523,0.5715512038339227,0.9604423457529566,0.4663879973326227,2456,2457,1921,536,535,184,13,6.6,0,13,0.0,6.6,0,0.0,0,0.0,184,93.4,22.66,108.503,43.156,45.581,974.19,29.796,672.79,3.162,71.26,10.199,230.14,63.4,64.7,63.6,64.4,64.7,69.0,19.6,49.0,3703.0,3706,188
b1dd58c1-8b546ba7,CTD-0.70,0.7704989115788716,0.5734192851093447,0.9611534985368275,0.4667594284819998,2456,2456,1924,532,532,185,12,6.09,0,12,0.0,6.09,0,0.0,0,0.0,185,93.91,22.88,109.44,42.795,45.183,977.19,29.491,673.44,3.153,71.94,10.152,231.81,63.2,64.9,63.6,64.5,64.9,60.9,19.4,49.0,3704.0,3708,189
b1dd58c1-8b546ba7,CTD-0.90,0.7733572309517516,0.5771818448273152,0.962185645139437,0.46914952659711534,2456,2465,1928,537,528,189,8,4.06,0,8,0.0,4.06,0,0.0,0,0.0,189,95.94,23.34,111.659,42.983,45.081,997.85,29.65,688.38,3.155,73.2,10.179,236.27,63.4,64.6,63.7,64.8,64.8,54.5,19.6,48.9,3701.0,3706,193
b1df722f-57d21f3f,CTD-0.30,0.5134534095805484,0.3163996398616632,0.809414665817524,0.37995620888261855,1935,2044,1104,940,831,118,84,41.58,0,84,0.0,41.58,0,0.0,0,0.0,118,58.42,15.65,69.345,40.609,44.784,629.48,27.742,430.06,3.034,46.99,9.833,152.42,63.0,64.4,63.3,64.0,64.4,58.8,19.2,44.4,3699.0,3703,126
b1df722f-57d21f3f,CTD-0.50,0.5408786426837178,0.3347299517977246,0.8274341031648418,0.39109468147876864,1935,2032,1157,875,778,125,77,38.12,0,77,0.0,38.12,0,0.0,0,0.0,125,61.88,15.47,71.944,42.726,45.782,654.54,29.427,450.88,3.132,47.92,10.167,155.74,63.2,64.6,63.5,64.2,64.6,69.1,18.7,47.7,3702.0,3705,128
b1df722f-57d21f3f,CTD-0.70,0.60263020492432,0.38524834756554593,0.8377123579913324,0.4309163043937027,1935,2204,1277,927,658,159,43,21.29,0,43,0.0,21.29,0,0.0,0,0.0,159,78.71,19.33,91.074,43.635,46.065,840.13,30.141,580.54,3.16,60.74,10.333,198.84,63.7,65.0,63.7,64.5,65.0,82.0,19.0,49.2,3702.0,3706,163
b1df722f-57d21f3f,CTD-0.90,0.6645704382207307,0.43714226597132005,0.8685911395758321,0.45797877719542346,1935,2223,1381,842,554,181,21,10.4,0,21,0.0,10.4,0,0.0,0,0.0,181,89.6,21.77,103.116,43.942,46.179,955.59,30.442,662.27,3.157,68.54,10.344,224.78,63.8,65.1,63.7,64.6,65.1,77.7,19.0,50.1,3702.0,3706,183
b1df722f-5bcc3db7,CTD-0.30,0.3699336932419962,0.21689556590653636,0.6649353142876273,0.3223805225040555,1365,1619,599,1020,766,105,97,48.02,0,97,0.0,48.02,0,0.0,0,0.0,105,51.98,13.35,60.584,41.612,46.079,551.08,28.465,377.14,3.106,41.03,10.041,132.91,63.2,64.8,63.4,64.2,64.8,69.9,18.3,45.6,3703.0,3706,110
b1df722f-5bcc3db7,CTD-0.50,0.37107718427921793,0.2181077164746399,0.6661852903819595,0.32290904483616034,1365,1619,599,1020,766,106,96,47.52,0,96,0.0,47.52,0,0.0,0,0.0,106,52.48,14.27,66.011,39.999,46.578,572.84,27.11,389.1,3.058,43.47,9.831,140.27,62.9,64.9,63.1,64.2,64.9,73.5,18.1,43.2,3704.0,3706,119
b1df722f-5bcc3db7,CTD-0.70,0.4981552665591087,0.28097439433361027,0.7130292238408102,0.4129302650012709,1365,1859,808,1051,557,153,49,24.26,0,49,0.0,24.26,0,0.0,0,0.0,153,75.74,18.56,87.169,43.524,46.578,806.06,30.054,556.73,3.158,58.4,10.312,190.93,63.5,65.2,63.4,64.2,65.2,74.3,18.9,49.3,3717.0,3730,155
b1df722f-5bcc3db7,CTD-0.90,0.5109828301113938,0.2855465475143138,0.7125237567771887,0.42367321706944344,1365,1908,830,1078,535,158,44,21.78,0,44,0.0,21.78,0,0.0,0,0.0,158,78.22,19.1,89.83,43.909,46.492,832.75,30.403,576.71,3.149,59.65,10.357,196.39,63.8,65.1,63.7,64.5,65.1,78.3,19.1,49.5,3744.0,3752,161
b1e0c01d-dd9e6e2f,CTD-0.30,0.6229136880538405,0.3931571499671819,0.895673564148788,0.4153786042411003,2054,2041,1353,688,701,143,59,29.21,0,59,0.0,29.21,0,0.0,0,0.0,143,70.79,18.06,82.191,42.395,45.694,765.49,29.164,526.79,3.107,55.98,10.124,182.72,63.5,64.8,63.6,64.5,64.8,75.2,18.8,47.7,3762.0,3773,148
b1e0c01d-dd9e6e2f,CTD-0.50,0.682669660798591,0.4411010472708895,0.9176557981928283,0.44282249673303875,2054,2099,1461,638,593,166,36,17.82,0,36,0.0,17.82,0,0.0,0,0.0,166,82.18,20.29,94.711,43.575,46.079,883.03,30.107,610.21,3.153,63.81,10.315,209.01,63.8,65.0,63.7,64.3,65.0,82.2,18.8,49.4,3779.0,3799,170
b1e0c01d-dd9e6e2f,CTD-0.70,0.6680803968000626,0.43112831731750445,0.9192584412888675,0.43360349660722985,2054,2048,1428,620,626,162,40,19.8,0,40,0.0,19.8,0,0.0,0,0.0,162,80.2,19.75,92.11,43.432,46.18,855.74,30.009,591.35,3.151,62.03,10.272,202.36,63.5,64.8,63.6,64.5,64.8,71.4,18.9,49.5,3813.0,3825,165
b1e0c01d-dd9e6e2f,CTD-0.90,0.7142342044372474,0.46953294021065783,0.9315018964395052,0.45690850808878625,2054,2116,1513,603,541,183,19,9.41,0,19,0.0,9.41,0,0.0,0,0.0,183,90.59,22.12,103.817,43.872,46.092,968.52,30.358,670.47,3.164,69.72,10.35,228.34,63.9,65.0,63.7,64.5,65.0,84.5,19.1,49.9,3838.0,3846,187
b1e1a7b8-0aec80e8,CTD-0.30,0.6240965120472965,0.4192129971365368,0.9267546571360181,0.3863075866196816,1982,1723,1303,420,679,139,64,31.53,0,64,0.0,31.53,0,0.0,0,0.0,139,68.47,17.42,78.811,42.663,45.694,742.16,29.346,510.61,3.15,54.74,10.167,176.82,63.7,65.0,63.7,64.5,65.0,73.0,18.5,47.8,3840.0,3841,146
b1e1a7b8-0aec80e8,CTD-0.50,0.6240965120472965,0.4192129971365368,0.9267546571360181,0.3863075866196816,1982,1723,1303,420,679,139,64,31.53,0,64,0.0,31.53,0,0.0,0,0.0,139,68.47,17.33,79.056,43.053,46.092,743.19,29.711,513.15,3.134,53.99,10.207,176.05,63.7,65.3,63.6,64.5,65.3,78.5,19.5,48.2,3840.0,3843,140
b1e1a7b8-0aec80e8,CTD-0.70,0.6240965120472965,0.4192129971365368,0.9267546571360181,0.3863075866196816,1982,1723,1303,420,679,139,64,31.53,0,64,0.0,31.53,0,0.0,0,0.0,139,68.47,17.27,78.85,43.02,46.079,741.51,29.652,511.28,3.146,54.12,10.222,176.11,63.7,65.0,63.5,64.3,65.0,78.3,19.5,48.3,3834.0,3837,143
b1e1a7b8-0aec80e8,CTD-0.90,0.6240965120472965,0.4192129971365368,0.9267546571360181,0.3863075866196816,1982,1723,1303,420,679,139,64,31.53,0,64,0.0,31.53,0,0.0,0,0.0,139,68.47,17.25,78.847,43.062,46.564,737.58,29.717,509.19,3.145,53.76,10.201,174.62,63.5,65.1,63.5,64.4,65.1,75.7,19.3,48.4,3836.0,3837,139
b1e1a7b8-65ec7612,CTD-0.30,0.6569701332649446,0.4466834878391127,0.9006043329073795,0.42326151370996684,1860,1858,1307,551,553,170,32,15.84,0,32,0.0,15.84,0,0.0,0,0.0,170,84.16,20.8,96.165,43.425,46.578,897.61,29.974,619.66,3.155,65.15,10.296,212.79,63.8,65.1,63.7,64.7,65.1,75.4,18.7,49.0,3843.0,3847,173
b1e1a7b8-65ec7612,CTD-0.50,0.6866927546269512,0.4726102607633608,0.9164237547198455,0.4392478837794555,1860,1880,1344,536,516,188,14,6.93,0,14,0.0,6.93,0,0.0,0,0.0,188,93.07,22.45,105.657,44.301,46.477,991.89,30.712,688.02,3.174,70.91,10.414,232.96,64.1,65.2,64.0,65.0,65.2,86.9,19.1,50.3,3842.0,3848,189
b1e1a7b8-65ec7612,CTD-0.70,0.6882804886786222,0.4750137294710989,0.919271214524246,0.43891323098154217,1860,1870,1344,526,516,190,12,5.94,0,12,0.0,5.94,0,0.0,0,0.0,190,94.06,22.84,107.03,44.144,46.079,1003.35,30.58,695.3,3.172,72.0,10.391,236.05,64.1,65.3,64.1,65.1,65.3,77.2,19.6,50.3,3848.0,3852,190
b1e1a7b8-65ec7612,CTD-0.90,0.691131286942378,0.4773732856784158,0.920413927733503,0.44034870169758134,1860,1873,1348,525,512,193,9,4.46,0,9,0.0,4.46,0,0.0,0,0.0,193,95.54,22.98,108.293,44.412,46.577,1014.06,30.808,703.5,3.164,72.21,10.439,238.35,64.1,65.6,64.0,64.8,65.6,73.5,19.2,50.9,3849.0,3853,192
b1e1a7b8-a7426a97,CTD-0.30,0.6600645517006548,0.48591290895998884,0.9262400077226225,0.4289724198776464,1838,1797,1249,548,589,193,10,4.93,0,10,0.0,4.93,0,0.0,0,0.0,193,95.07,23.0,107.195,44.19,46.18,1016.86,30.611,704.67,3.165,72.7,10.415,239.48,64.2,65.5,64.3,65.1,65.5,77.0,19.2,50.5,3847.0,3852,194
b1e1a7b8-a7426a97,CTD-0.50,0.6607199886999542,0.48657163235091944,0.9265698764742345,0.42921130187357354,1838,1797,1250,547,588,194,9,4.43,0,9,0.0,4.43,0,0.0,0,0.0,194,95.57,22.82,107.696,44.784,47.062,1018.82,31.116,708.2,3.161,71.79,10.507,238.82,64.5,65.7,64.4,65.2,65.7,79.9,19.3,51.2,3845.0,3852,189
b1e1a7b8-a7426a97,CTD-0.70,0.6607199886999542,0.48657163235091944,0.9265698764742345,0.42921130187357354,1838,1797,1250,547,588,194,9,4.43,0,9,0.0,4.43,0,0.0,0,0.0,194,95.57,23.07,108.223,44.441,46.578,1022.19,30.836,709.63,3.172,72.8,10.433,239.76,64.5,65.7,64.3,65.3,65.7,74.0,19.8,50.6,3854.0,3857,191
b1e1a7b8-a7426a97,CTD-0.90,0.6608805918998482,0.4868753968123448,0.9267492919037753,0.42932514170940206,1838,1797,1250,547,588,195,8,3.94,0,8,0.0,3.94,0,0.0,0,0.0,195,96.06,23.27,109.106,44.401,46.678,1030.28,30.822,715.22,3.173,73.58,10.406,241.47,64.4,65.8,64.3,65.2,65.8,73.4,20.0,50.7,3850.0,3858,193
b1e1a7b8-b397c445,CTD-0.30,0.42185597843942224,0.2909705996860613,0.8384882611972533,0.3080151945868033,1561,1280,702,578,859,120,82,40.59,0,82,0.0,40.59,0,0.0,0,0.0,120,59.41,15.1,67.646,42.653,46.18,639.35,29.385,440.74,3.081,46.03,10.187,152.58,64.1,65.3,64.0,65.1,65.3,80.7,18.9,47.4,3849.0,3852,126
b1e1a7b8-b397c445,CTD-0.50,0.4500718217389101,0.3106584888448883,0.8666310034463863,0.31857472592941405,1561,1257,741,516,820,128,74,36.63,0,74,0.0,36.63,0,0.0,0,0.0,128,63.37,15.73,72.363,43.175,46.179,678.21,29.816,468.45,3.094,48.52,10.266,161.24,63.9,65.2,63.9,64.7,65.2,75.9,19.9,48.4,3846.0,3848,131
b1e1a7b8-b397c445,CTD-0.70,0.48066763114722116,0.3333757896083189,0.8857663806223534,0.3329124778685175,1561,1270,784,486,777,139,63,31.19,0,63,0.0,31.19,0,0.0,0,0.0,139,68.81,16.95,78.255,43.693,46.18,734.77,30.217,508.3,3.142,52.78,10.334,173.7,64.1,65.3,63.9,64.7,65.3,77.9,19.8,49.0,3847.0,3850,139
b1e1a7b8-b397c445,CTD-0.90,0.5686445449416437,0.40692308859526005,0.9347085214600549,0.36336529015927677,1561,1271,913,358,648,181,21,10.4,0,21,0.0,10.4,0,0.0,0,0.0,181,89.6,21.72,101.385,44.039,46.079,950.58,30.523,658.95,3.145,67.83,10.372,223.8,64.1,65.4,64.1,64.9,65.4,57.1,20.1,50.0,3846.0,3850,180
b1e2346e-c5f98707,CTD-0.30,0.13854373799155947,0.10115925161881167,0.625165381546216,0.12238367064521707,369,188,54,134,315,65,75,53.57,0,75,0.0,53.57,0,0.0,0,0.0,65,46.43,8.3,52.197,39.807,45.782,329.39,27.855,230.84,1.996,16.31,9.956,82.25,63.4,65.0,63.1,64.0,65.0,74.2,10.8,42.5,3851.0,3852,67
b1e2346e-c5f98707,CTD-0.50,0.1416552626674891,0.09670411950297335,0.6575773772279465,0.12315048437840698,369,174,57,117,312,64,76,54.29,0,76,0.0,54.29,0,0.0,0,0.0,64,45.71,7.8,50.861,41.163,46.279,320.96,29.047,226.73,1.984,15.33,10.132,78.9,63.3,64.7,63.0,63.8,64.7,85.1,10.6,44.6,3854.0,3858,63
b1e2346e-c5f98707,CTD-0.70,0.24733484298828282,0.16550211978420218,0.7993115956060466,0.19203995961528242,369,204,95,109,274,81,59,42.14,0,59,0.0,42.14,0,0.0,0,0.0,81,57.86,9.68,64.365,42.523,46.577,411.02,29.992,290.12,2.222,21.3,10.309,99.6,63.5,64.8,63.0,63.8,64.8,84.0,12.2,47.2,3859.0,3861,79
b1e2346e-c5f98707,CTD-0.90,0.24733484298828282,0.16550211978420218,0.7993115956060466,0.19203995961528242,369,204,95,109,274,81,59,42.14,0,59,0.0,42.14,0,0.0,0,0.0,81,57.86,9.66,64.16,42.547,46.677,406.76,29.997,286.9,2.207,21.04,10.344,98.82,63.4,64.7,63.0,64.3,64.7,80.9,12.1,47.1,3860.0,3863,79
b1e3e9f5-92377424,CTD-0.30,0.6199246849677371,0.42686535526475067,0.8603138744799508,0.41706233762599443,3358,3533,2301,1232,1057,111,92,45.32,0,92,0.0,45.32,0,0.0,0,0.0,111,54.68,15.16,67.6,39.915,45.068,600.56,27.074,407.49,3.087,46.39,9.754,146.69,62.7,64.8,63.2,64.0,64.8,66.7,18.2,44.7,3854.0,3856,126
b1e3e9f5-92377424,CTD-0.50,0.6892455041734433,0.4785783274927266,0.8885549134761567,0.43978639242100004,3358,3548,2522,1026,836,122,81,39.9,0,81,0.0,39.9,0,0.0,0,0.0,122,60.1,16.19,73.772,40.361,44.583,653.61,27.428,444.49,3.131,50.56,9.802,158.56,62.4,64.2,62.9,64.0,64.6,55.3,18.2,45.2,3855.0,3857,134
b1e3e9f5-92377424,CTD-0.70,0.6858567922523547,0.4696442715723457,0.8908471681000041,0.43626555267151007,3358,3502,2507,995,851,119,84,41.38,0,84,0.0,41.38,0,0.0,0,0.0,119,58.62,15.83,71.955,40.574,44.684,640.3,27.615,435.77,3.136,49.44,9.823,155.09,62.3,63.8,62.7,63.4,63.9,65.5,18.2,45.3,3860.0,3868,131
b1e3e9f5-92377424,CTD-0.90,0.7620160513834087,0.5435853024071002,0.9158975619954729,0.4627243940726918,3358,3563,2740,823,618,131,72,35.47,0,72,0.0,35.47,0,0.0,0,0.0,131,64.53,17.19,78.668,41.184,45.567,703.08,28.121,480.14,3.148,53.66,9.915,169.28,62.4,63.8,62.5,63.2,63.9,61.2,18.4,45.7,3867.0,3869,142
b1e62c91-eca210a9,CTD-0.30,0.5739212789025434,0.4086937759244897,0.9305422351598016,0.36893727457999,1571,1309,929,380,642,140,41,22.65,0,41,0.0,22.65,0,0.0,0,0.0,140,77.35,17.33,88.736,42.564,45.681,738.43,29.439,510.96,2.955,51.11,10.171,176.36,62.5,64.2,62.5,63.3,64.2,69.1,17.3,48.1,3872.0,3874,145
b1e62c91-eca210a9,CTD-0.50,0.5804116076613133,0.4137870440686351,0.932833565441492,0.37131419710918945,1571,1312,939,373,632,149,32,17.68,0,32,0.0,17.68,0,0.0,0,0.0,149,82.32,18.03,94.045,43.4,45.681,781.37,30.125,542.42,2.959,53.24,10.317,185.71,63.1,64.3,63.0,63.7,64.3,77.5,17.3,49.2,3873.0,3878,150
b1e62c91-eca210a9,CTD-0.70,0.5804116076613133,0.4137870440686351,0.932833565441492,0.37131419710918945,1571,1312,939,373,632,149,32,17.68,0,32,0.0,17.68,0,0.0,0,0.0,149,82.32,17.71,93.093,43.984,46.577,778.85,30.629,542.58,2.964,52.34,10.391,183.93,63.2,64.6,63.0,64.1,64.6,78.4,17.9,50.0,3874.0,3877,148
b1e62c91-eca210a9,CTD-0.90,0.5804116076613133,0.4137870440686351,0.932833565441492,0.37131419710918945,1571,1312,939,373,632,149,32,17.68,0,32,0.0,17.68,0,0.0,0,0.0,149,82.32,17.65,92.909,44.057,46.677,774.56,30.68,539.51,2.971,52.1,10.407,182.94,63.3,64.8,63.1,63.8,64.8,79.9,17.7,50.4,3878.0,3881,147
b1e6efc0-2552cc5d,CTD-0.30,0.4312377153017003,0.2682619260913871,0.8161700283057315,0.31488099131293074,884,761,426,335,458,81,122,60.1,0,122,0.0,60.1,0,0.0,0,0.0,81,39.9,10.44,45.901,41.132,46.578,426.61,28.054,291.31,3.067,31.66,10.011,103.64,63.0,64.5,62.8,63.7,64.5,85.1,18.3,44.0,3869.0,3873,88
b1e6efc0-2552cc5d,CTD-0.50,0.4402500354549979,0.2736462172380324,0.8150318292888049,0.32602009666025694,884,793,429,364,455,89,114,56.16,0,114,0.0,56.16,0,0.0,0,0.0,89,43.84,11.08,49.838,42.196,46.975,463.94,28.952,318.5,3.098,33.95,10.146,111.48,62.8,64.4,62.8,63.7,64.5,80.8,18.6,46.0,3868.0,3870,92
b1e6efc0-2552cc5d,CTD-0.70,0.46014149603549914,0.29474454738508443,0.8431642317912136,0.33073522018158696,884,765,441,324,443,103,100,49.26,0,100,0.0,49.26,0,0.0,0,0.0,103,50.74,12.56,57.108,43.154,46.577,537.03,29.769,370.76,3.124,38.75,10.262,127.52,63.1,64.7,63.0,63.7,64.7,80.7,18.9,47.4,3869.0,3872,105
b1e6efc0-2552cc5d,CTD-0.90,0.5645945339545313,0.37952882022312584,0.8920273647482152,0.3820429026311378,884,810,528,282,356,149,54,26.6,0,54,0.0,26.6,0,0.0,0,0.0,149,73.4,17.81,82.06,44.249,46.578,786.84,30.695,546.1,3.15,55.88,10.405,184.85,63.5,64.7,63.2,64.1,64.7,82.3,19.9,50.1,3867.0,3871,147
b1e88fd2-c1e4fd2b,CTD-0.30,0.44654700068067393,0.2772718494067566,0.9257954281858238,0.28296078060656554,1241,797,578,219,663,119,74,38.34,0,74,0.0,38.34,0,0.0,0,0.0,119,61.66,14.78,69.312,42.021,45.681,615.84,29.547,433.27,2.246,32.68,10.228,149.89,63.3,64.5,63.0,64.3,64.5,78.9,13.3,47.9,3868.0,3872,120
b1e88fd2-c1e4fd2b,CTD-0.50,0.498802664955679,0.32316330480143735,0.9529883315760593,0.30071844847799084,1241,809,636,173,605,138,55,28.5,0,55,0.0,28.5,0,0.0,0,0.0,138,71.5,16.45,79.934,43.401,45.881,711.4,30.574,501.58,2.442,39.74,10.384,170.07,63.5,64.8,63.3,64.4,64.8,85.1,14.3,49.8,3874.0,3879,133
b1e88fd2-c1e4fd2b,CTD-0.70,0.5278675899210589,0.3445775061842915,0.9637395495376647,0.3083976409287978,1241,815,670,145,571,149,44,22.8,0,44,0.0,22.8,0,0.0,0,0.0,149,77.2,17.57,85.97,43.932,46.079,771.46,30.968,544.22,2.496,43.54,10.468,183.69,63.8,64.9,63.3,64.4,64.9,85.0,14.5,50.5,3870.0,3874,144
b1e88fd2-c1e4fd2b,CTD-0.90,0.5578131977178037,0.377413986449721,0.9759680015754091,0.3209389190620118,1241,831,701,130,540,166,27,13.99,0,27,0.0,13.99,0,0.0,0,0.0,166,86.01,19.44,95.642,44.225,46.078,858.27,31.168,605.18,2.56,49.47,10.496,203.62,63.9,65.1,63.5,64.6,65.1,86.8,15.1,51.3,3868.0,3870,160
b1e8ad72-c3c79240,CTD-0.30,0.6423782141186962,0.45867438895493623,0.938612477363059,0.3944727387015436,979,858,653,205,326,144,59,29.06,0,59,0.0,29.06,0,0.0,0,0.0,144,70.94,17.74,79.782,42.994,46.078,761.76,29.767,527.69,2.994,52.93,10.233,181.13,63.7,65.1,63.6,64.6,65.1,81.0,19.4,48.3,3869.0,3872,144
b1e8ad72-c3c79240,CTD-0.50,0.6603522893506738,0.47448080329890835,0.9490040052294703,0.39819643776654035,979,851,667,184,312,152,51,25.12,0,51,0.0,25.12,0,0.0,0,0.0,152,74.88,17.92,83.467,44.6,47.076,794.16,31.02,552.4,3.1,55.14,10.48,186.62,64.0,65.2,63.8,64.7,65.2,88.7,19.1,50.7,3872.0,3877,146
b1e8ad72-c3c79240,CTD-0.70,0.6605783784100789,0.4753597525198588,0.9492777894077389,0.398346474555561,979,851,667,184,312,153,50,24.63,0,50,0.0,24.63,0,0.0,0,0.0,153,75.37,18.46,84.968,43.715,46.179,803.56,30.29,557.03,3.069,56.3,10.356,190.23,63.9,65.2,63.8,64.6,65.2,79.4,19.3,49.4,3871.0,3874,148
b1e8ad72-c3c79240,CTD-0.90,0.6786757911638285,0.5041512601847209,0.9515411901079462,0.41604011179527683,979,887,680,207,299,163,40,19.7,0,40,0.0,19.7,0,0.0,0,0.0,163,80.3,19.2,89.654,44.536,47.076,852.81,30.944,592.94,3.098,59.15,10.494,200.73,64.2,65.3,63.8,64.9,65.3,88.8,19.1,50.8,3876.0,3878,156
b1e9ee0e-67e26f2e,CTD-0.30,0.5212991212799061,0.31140035961449486,0.8301086117872785,0.34596173897098204,4556,4041,2801,1240,1755,53,150,73.89,0,150,0.0,73.89,0,0.0,0,0.0,53,26.11,8.81,36.891,33.76,42.689,298.34,21.913,194.18,2.949,25.84,8.898,78.32,62.0,64.1,62.9,63.5,64.1,65.5,16.8,34.1,3876.0,3878,71
b1e9ee0e-67e26f2e,CTD-0.50,0.5317974326118741,0.3187679469592448,0.8352268408410667,0.3501410455553766,4556,4056,2842,1214,1714,68,135,66.5,0,135,0.0,66.5,0,0.0,0,0.0,68,33.5,10.16,44.594,37.009,43.189,372.92,24.626,248.35,3.069,30.8,9.314,93.77,61.7,63.4,62.3,63.0,63.4,67.4,17.7,38.0,3877.0,3879,83
b1e9ee0e-67e26f2e,CTD-0.70,0.5293180465720166,0.314806067860101,0.8341350109666823,0.3458183642407128,4556,4013,2838,1175,1718,66,137,67.49,0,137,0.0,67.49,0,0.0,0,0.0,66,32.51,9.96,43.425,36.51,42.69,360.61,24.208,239.38,3.071,30.21,9.23,91.01,61.1,62.9,61.9,62.7,62.9,58.2,17.6,37.3,3886.0,3891,81
b1e9ee0e-67e26f2e,CTD-0.90,0.5299886275612293,0.3107291030033989,0.8334445183601992,0.34453214188727793,4556,3996,2848,1148,1708,67,136,67.0,0,136,0.0,67.0,0,0.0,0,0.0,67,33.0,10.04,43.9,36.917,42.603,370.88,24.584,247.36,3.081,30.79,9.253,92.73,60.9,62.9,61.4,62.2,62.9,72.8,17.6,37.7,3892.0,3893,80
b1ea0ae4-4f770228,CTD-0.30,0.6615582437873144,0.526906068523368,0.9357024757838798,0.43106861304196414,1598,1549,1073,476,525,128,72,36.0,0,72,0.0,36.0,0,0.0,0,0.0,128,64.0,16.11,73.473,42.286,45.581,678.65,29.104,467.23,3.093,49.55,10.089,161.87,61.9,63.4,61.7,62.8,63.4,77.8,19.1,46.5,3894.0,3896,134
b1ea0ae4-4f770228,CTD-0.50,0.7494313539080104,0.5999515724581035,0.9610707131126206,0.461875451569983,1598,1585,1210,375,388,142,58,29.0,0,58,0.0,29.0,0,0.0,0,0.0,142,71.0,17.23,81.211,43.532,46.678,743.09,30.097,513.61,3.139,53.57,10.296,175.91,62.5,63.8,62.4,63.4,63.8,76.1,19.0,49.0,3890.0,3898,143
b1ea0ae4-4f770228,CTD-0.70,0.8050804677574697,0.642295106108011,0.970391220844564,0.4839875625303215,1598,1633,1297,336,301,159,41,20.5,0,41,0.0,20.5,0,0.0,0,0.0,159,79.5,19.1,90.592,43.902,46.591,834.45,30.386,577.61,3.155,59.91,10.361,196.93,62.9,64.3,62.7,63.5,64.3,74.7,19.0,49.8,3893.0,3899,158
b1ea0ae4-4f770228,CTD-0.90,0.8064106673289071,0.6434165351676876,0.9707557857656361,0.48430486056131095,1598,1633,1299,334,299,160,40,20.0,0,40,0.0,20.0,0,0.0,0,0.0,160,80.0,19.18,91.039,44.076,46.976,841.68,30.542,583.45,3.148,60.01,10.386,198.22,63.3,64.4,62.9,64.4,64.6,85.6,19.0,50.0,3883.0,3888,160
b1eb9133-5cc75c18,CTD-0.30,0.161220505115494,0.0884277841942941,0.6725723802482321,0.13797501571434675,567,289,102,187,465,46,75,61.98,0,75,0.0,61.98,0,0.0,0,0.0,46,38.02,6.17,43.701,38.197,43.988,233.62,26.602,162.62,1.909,11.66,9.687,59.34,62.3,63.8,62.1,62.7,63.7,83.0,10.5,38.9,3882.0,3886,49
b1eb9133-5cc75c18,CTD-0.50,0.18297016998052748,0.10109851878707096,0.7036199976770001,0.15169324006013044,567,298,115,183,452,41,80,66.12,0,80,0.0,66.12,0,0.0,0,0.0,41,33.88,5.24,38.315,39.381,45.483,204.76,27.343,142.43,2.203,11.33,9.835,51.0,62.3,63.9,62.0,62.8,63.9,82.6,11.8,39.0,3884.0,3884,43
b1eb9133-5cc75c18,CTD-0.70,0.24851234968729674,0.12724793549273472,0.7642724281089114,0.19852975605187992,567,339,157,182,410,49,72,59.5,0,72,0.0,59.5,0,0.0,0,0.0,49,40.5,6.16,45.737,40.633,45.383,246.39,28.315,171.98,2.34,14.0,9.977,60.41,62.3,63.5,61.9,62.7,63.5,91.2,13.2,41.2,3884.0,3885,50
b1eb9133-5cc75c18,CTD-0.90,0.3177895960219555,0.16885593234994226,0.8140515744215806,0.23935770316467364,567,373,197,176,370,64,57,47.11,0,57,0.0,47.11,0,0.0,0,0.0,64,52.89,7.88,59.61,41.671,46.065,325.23,29.094,227.36,2.463,19.07,10.115,78.8,62.4,63.5,62.0,63.2,63.5,86.7,15.3,44.1,3883.0,3885,64
b1ebfc3c-740ec84a,CTD-0.30,0.5512709786866234,0.3691530746607069,0.9575224694366884,0.32682575924295776,2272,1600,1285,315,987,153,50,24.63,0,50,0.0,24.63,0,0.0,0,0.0,153,75.37,19.0,86.332,42.618,46.078,805.95,29.381,555.74,3.086,58.28,10.152,191.93,62.5,64.0,62.5,63.8,64.3,72.5,19.2,48.2,3885.0,3888,156
b1ebfc3c-740ec84a,CTD-0.50,0.5779397632100998,0.3909485873384608,0.9628478058503357,0.33987014110130764,2272,1649,1342,307,930,161,42,20.69,0,42,0.0,20.69,0,0.0,0,0.0,161,79.31,19.38,90.368,43.853,46.578,844.13,30.384,584.98,3.129,60.15,10.341,199.0,63.1,64.3,62.9,63.8,64.3,76.6,19.3,49.7,3889.0,3893,162
b1ebfc3c-740ec84a,CTD-0.70,0.598811718797432,0.4095832172762128,0.9695728360590544,0.349407490587919,2272,1676,1383,293,889,174,29,14.29,0,29,0.0,14.29,0,0.0,0,0.0,174,85.71,20.71,97.046,44.391,46.578,912.8,30.811,633.55,3.15,64.75,10.43,214.49,63.3,64.7,63.1,63.9,64.7,85.0,19.3,50.7,3890.0,3894,172
b1ebfc3c-740ec84a,CTD-0.90,0.6070668960810386,0.41796453498125724,0.9715947100121423,0.35313376109739003,2272,1688,1400,288,872,185,18,8.87,0,18,0.0,8.87,0,0.0,0,0.0,185,91.13,21.87,102.807,44.736,46.577,973.84,31.082,676.81,3.159,68.67,10.495,228.35,63.7,65.0,63.4,64.4,65.0,82.6,19.2,51.1,3892.0,3895,182
b1ebfc3c-cc9c2bb8,CTD-0.30,0.5638314599301973,0.37099576426171665,0.9147623888356479,0.3641785227863627,1849,1557,1094,463,755,131,71,35.15,0,71,0.0,35.15,0,0.0,0,0.0,131,64.85,16.22,74.518,43.043,46.578,695.0,29.694,479.72,3.122,50.25,10.226,165.03,63.4,64.8,63.4,64.1,64.8,76.3,18.8,48.0,3894.0,3897,134
b1ebfc3c-cc9c2bb8,CTD-0.50,0.5703293971968121,0.38531556061900296,0.9235346202542197,0.36924296943304247,1849,1557,1094,463,755,152,50,24.75,0,50,0.0,24.75,0,0.0,0,0.0,152,75.25,18.3,85.621,43.887,47.076,796.58,30.41,552.09,3.138,56.88,10.338,187.61,63.5,64.9,63.3,64.2,64.9,79.0,18.9,49.7,3890.0,3895,151
b1ebfc3c-cc9c2bb8,CTD-0.70,0.6004788268082853,0.40778112092438085,0.934778057647711,0.3768146297899921,1849,1557,1151,406,698,164,38,18.81,0,38,0.0,18.81,0,0.0,0,0.0,164,81.19,19.79,92.831,43.925,46.976,864.09,30.431,598.64,3.132,61.57,10.362,203.88,63.7,64.9,63.3,64.2,64.9,80.7,19.2,49.8,3891.0,3896,165
b1ebfc3c-cc9c2bb8,CTD-0.90,0.6161225236921009,0.4193375720561214,0.9363796685939273,0.38887367843236686,1849,1604,1176,428,673,177,25,12.38,0,25,0.0,12.38,0,0.0,0,0.0,177,87.62,21.04,99.296,44.317,46.989,932.35,30.733,646.92,3.158,66.29,10.425,219.15,63.8,65.2,63.6,64.4,65.2,80.3,19.1,50.4,3887.0,3890,176
b1ee702d-0ae1fc10,CTD-0.30,0.3858396025029523,0.24662819894398194,0.8430880352834966,0.27968715393133997,1400,1032,577,455,823,104,99,48.77,0,99,0.0,48.77,0,0.0,0,0.0,104,51.23,13.05,58.404,42.051,46.179,542.03,28.933,372.96,3.04,39.14,10.078,129.94,63.1,64.9,63.3,64.2,64.9,82.7,18.3,46.2,3886.0,3894,107
b1ee702d-0ae1fc10,CTD-0.50,0.3951106162080627,0.25290484518484113,0.855433714914781,0.2812841645533954,1400,1014,590,424,810,107,96,47.29,0,96,0.0,47.29,0,0.0,0,0.0,107,52.71,13.06,59.55,43.013,46.578,559.7,29.669,386.27,3.098,40.21,10.246,133.22,63.5,64.8,63.4,64.4,64.8,80.5,18.5,47.4,3891.0,3892,110
b1ee702d-0ae1fc10,CTD-0.70,0.4836555192613422,0.3045646738355094,0.8754394229547047,0.32891976861167005,1400,1136,729,407,671,139,64,31.53,0,64,0.0,31.53,0,0.0,0,0.0,139,68.47,16.65,77.097,44.063,46.578,727.39,30.599,505.09,3.07,50.66,10.394,171.65,63.7,64.9,63.4,64.3,64.9,85.5,18.5,49.7,3893.0,3896,139
b1ee702d-0ae1fc10,CTD-0.90,0.512150079903002,0.32744964111603636,0.8918946121621075,0.34118609022556384,1400,1140,767,373,633,161,42,20.69,0,42,0.0,20.69,0,0.0,0,0.0,161,79.31,19.04,88.789,44.337,46.578,844.27,30.797,586.77,3.107,59.03,10.433,198.47,63.9,65.0,63.6,64.4,65.2,79.4,18.9,50.5,3898.0,3901,158
b1ee702d-4a193906,CTD-0.30,0.18192142167853229,0.1180614283081421,0.8245471698239489,0.1313620247547775,1622,578,325,253,1297,106,97,47.78,0,97,0.0,47.78,0,0.0,0,0.0,106,52.22,13.17,58.87,41.734,46.577,545.92,29.106,380.82,2.458,32.06,10.169,133.04,63.4,65.0,63.2,64.2,65.0,80.1,13.9,46.7,3896.0,3898,108
b1ee702d-4a193906,CTD-0.50,0.18052106020123276,0.11822504729140242,0.824353280583652,0.1305634482388892,1622,575,322,253,1300,107,96,47.29,0,96,0.0,47.29,0,0.0,0,0.0,107,52.71,12.78,58.641,43.209,46.976,551.15,30.308,386.68,2.529,32.19,10.373,132.28,63.7,64.9,63.2,63.8,64.9,89.0,13.8,48.5,3897.0,3898,105
b1ee702d-4a193906,CTD-0.70,0.21922736539168797,0.14654769764671463,0.8924902594311102,0.14670230233073597,1622,573,376,197,1246,135,68,33.5,0,68,0.0,33.5,0,0.0,0,0.0,135,66.5,15.85,73.552,43.879,46.976,695.76,30.844,489.34,2.592,40.94,10.442,165.47,63.7,65.1,63.5,64.3,65.1,78.9,14.9,50.2,3898.0,3904,131
b1ee702d-4a193906,CTD-0.90,0.23037907821120965,0.15508437836675376,0.8977668690296534,0.1532875325156002,1622,593,394,199,1228,145,58,28.57,0,58,0.0,28.57,0,0.0,0,0.0,145,71.43,16.98,79.026,44.096,46.664,745.44,31.024,524.64,2.586,43.6,10.485,177.2,63.9,65.2,63.5,64.2,65.2,84.1,15.2,50.7,3898.0,3899,139
b1f022d3-45162c67,CTD-0.30,0.581759650951932,0.4276390669314267,0.9366769439208277,0.3535775430479416,1373,1078,835,243,538,86,116,57.43,0,116,0.0,57.43,0,0.0,0,0.0,86,42.57,11.72,49.72,39.484,45.183,460.47,26.787,312.67,2.982,34.65,9.715,113.15,62.8,64.5,63.2,63.9,64.5,60.8,18.7,43.2,3898.0,3902,94
b1f022d3-45162c67,CTD-0.50,0.578005188026529,0.41622448937917306,0.9291628039125805,0.34915579071373165,1373,1077,838,239,535,96,106,52.48,0,106,0.0,52.48,0,0.0,0,0.0,96,47.52,12.17,54.426,42.118,46.577,510.14,28.926,350.42,3.104,37.54,10.088,122.18,63.2,64.6,63.1,63.9,64.6,77.1,19.2,46.4,3897.0,3903,99
b1f022d3-45162c67,CTD-0.70,0.6188868231627475,0.4579062587132931,0.9382492038668634,0.37302722013068945,1373,1136,888,248,485,107,95,47.03,0,95,0.0,47.03,0,0.0,0,0.0,107,52.97,13.28,60.25,42.691,46.578,568.3,29.356,391.09,3.142,41.7,10.193,135.52,63.3,64.7,63.5,64.4,64.7,76.9,18.7,47.6,3892.0,3899,111
b1f022d3-45162c67,CTD-0.90,0.6247944806665717,0.470983630843094,0.9487776974257178,0.3696364529567255,1373,1106,890,216,483,110,92,45.54,0,92,0.0,45.54,0,0.0,0,0.0,110,54.46,13.6,61.903,42.829,46.578,579.19,29.494,399.1,3.133,42.25,10.202,137.83,63.1,64.3,63.2,64.2,64.3,75.2,18.8,47.9,3897.0,3900,114
b1f0efd9-37a14dda,CTD-0.30,0.5981706496521362,0.4157164142886347,0.8893250747148406,0.39282447692970907,1667,1578,1072,506,595,100,103,50.74,0,103,0.0,50.74,0,0.0,0,0.0,100,49.26,12.91,57.247,41.327,45.681,529.74,28.317,363.08,3.014,38.57,9.996,128.1,62.8,64.3,62.9,63.9,64.3,71.7,17.8,45.5,3902.0,3906,107
b1f0efd9-37a14dda,CTD-0.50,0.6241418892383772,0.43889053790950766,0.9016401897439917,0.39989292217892297,1667,1572,1113,459,554,113,90,44.33,0,90,0.0,44.33,0,0.0,0,0.0,113,55.67,14.14,64.153,42.679,46.079,599.7,29.521,414.94,2.993,41.98,10.164,142.79,63.0,64.4,62.9,63.8,64.4,75.6,18.7,47.7,3901.0,3904,116
b1f0efd9-37a14dda,CTD-0.70,0.7222807502345268,0.5239728599223255,0.944640204713594,0.44129035750328305,1667,1618,1244,374,423,155,48,23.65,0,48,0.0,23.65,0,0.0,0,0.0,155,76.35,18.89,87.246,43.514,46.079,817.62,30.126,566.29,3.116,58.41,10.273,192.92,63.1,64.7,63.2,64.1,64.7,67.7,19.5,49.4,3902.0,3909,156
b1f0efd9-37a14dda,CTD-0.90,0.7321909971591135,0.5369002077449274,0.9483717025659798,0.4491083468288028,1667,1638,1254,384,413,164,39,19.21,0,39,0.0,19.21,0,0.0,0,0.0,164,80.79,19.66,91.699,44.116,46.591,867.01,30.579,601.35,3.148,61.75,10.388,203.92,63.6,64.7,63.4,64.2,64.7,85.3,18.9,49.9,3904.0,3906,163
b1f0efd9-e900c6e5,CTD-0.30,0.6738287795497874,0.4842517843076867,0.9382699383463093,0.4291035180025322,2006,1919,1386,533,620,178,24,11.88,0,24,0.0,11.88,0,0.0,0,0.0,178,88.12,21.71,100.593,43.478,45.581,938.7,30.075,649.34,3.134,67.61,10.268,221.75,63.4,64.9,63.4,64.2,64.9,63.7,18.7,49.6,3900.0,3902,181
b1f0efd9-e900c6e5,CTD-0.50,0.7033303695640777,0.506703572994445,0.9465094199741557,0.4376189377924318,2006,1928,1446,482,560,185,17,8.42,0,17,0.0,8.42,0,0.0,0,0.0,185,91.58,22.41,104.996,43.85,46.079,978.51,30.375,677.92,3.138,69.97,10.336,230.62,63.8,65.0,63.5,64.3,65.0,79.0,19.4,49.8,3907.0,3910,187
b1f0efd9-e900c6e5,CTD-0.70,0.7064211354104468,0.5091049630195991,0.9477252648034579,0.4381109009420337,2006,1926,1452,474,554,186,16,7.92,0,16,0.0,7.92,0,0.0,0,0.0,186,92.08,22.4,105.229,43.999,46.477,979.75,30.517,679.69,3.13,69.63,10.352,230.42,63.8,65.1,63.7,64.5,65.1,78.0,19.3,50.1,3912.0,3914,186
b1f0efd9-e900c6e5,CTD-0.90,0.7064211354104468,0.5091049630195991,0.9477252648034579,0.4381109009420337,2006,1926,1452,474,554,186,16,7.92,0,16,0.0,7.92,0,0.0,0,0.0,186,92.08,22.32,105.08,44.085,46.477,982.14,30.544,680.66,3.162,70.34,10.378,231.14,63.9,65.2,63.8,64.6,65.2,82.3,19.0,50.3,3912.0,3915,186
b1f20aa0-3401c3bf,CTD-0.30,0.31506020343834285,0.2183355164398763,0.9296801252424334,0.19693303380402222,2050,912,673,239,1377,116,86,42.57,0,86,0.0,42.57,0,0.0,0,0.0,116,57.43,14.2,64.773,42.863,46.591,608.49,29.673,421.74,2.932,41.33,10.258,145.42,63.7,64.9,63.5,64.4,64.9,85.0,17.4,47.4,3912.0,3914,118
b1f20aa0-3401c3bf,CTD-0.50,0.3339046693748807,0.23575589760133134,0.9431075141553922,0.20260339920738354,2050,917,709,208,1341,120,82,40.59,0,82,0.0,40.59,0,0.0,0,0.0,120,59.41,14.37,66.641,43.767,46.678,624.4,30.452,434.58,2.928,41.71,10.388,148.11,63.8,65.1,63.6,64.5,65.1,81.7,17.8,49.0,3911.0,3915,119
b1f20aa0-3401c3bf,CTD-0.70,0.3257394868930056,0.22983033077401976,0.9317728150454941,0.20127720954628897,2050,930,696,234,1354,114,88,43.56,0,88,0.0,43.56,0,0.0,0,0.0,114,56.44,13.68,63.316,43.41,47.076,593.66,30.146,412.6,2.939,39.99,10.326,141.07,63.8,64.9,63.7,64.5,64.9,76.6,17.4,48.3,3911.0,3913,113
b1f20aa0-3401c3bf,CTD-0.90,0.34829988215216334,0.2437240927709551,0.9389373982067719,0.20992532558554428,2050,957,744,213,1306,122,80,39.6,0,80,0.0,39.6,0,0.0,0,0.0,122,60.4,14.54,67.59,43.723,47.076,633.29,30.401,440.63,2.965,42.73,10.358,149.94,63.7,64.9,63.8,64.6,64.9,75.1,17.8,49.0,3910.0,3911,121
b1f20aa0-50213047,CTD-0.30,0.14977881442375196,0.0784237852544583,0.7923471828697274,0.08648672684423495,1046,258,197,61,849,52,151,74.38,0,151,0.0,74.38,0,0.0,0,0.0,52,25.62,7.39,29.154,37.106,45.296,272.9,25.418,187.28,2.19,15.95,9.498,69.67,62.7,64.4,62.7,63.8,64.4,75.3,12.1,37.9,3912.0,3916,58
b1f20aa0-50213047,CTD-0.50,0.14915344351626061,0.07865503241165117,0.7928791563322616,0.0861425032177426,1046,257,196,61,850,53,150,73.89,0,150,0.0,73.89,0,0.0,0,0.0,53,26.11,7.11,29.518,38.794,45.681,271.06,26.748,187.09,2.287,16.03,9.759,67.94,62.5,63.9,62.5,63.2,63.9,85.2,12.0,39.8,3911.0,3912,55
b1f20aa0-50213047,CTD-0.70,0.15025816779688428,0.07743368092828143,0.8120630985868038,0.08738671516734287,1046,246,193,53,853,60,143,70.44,0,143,0.0,70.44,0,0.0,0,0.0,60,29.56,7.93,33.452,39.23,45.681,306.66,27.11,211.99,2.296,17.92,9.825,76.75,62.4,63.9,62.3,63.7,63.9,79.0,12.6,41.6,3910.0,3912,64
b1f20aa0-50213047,CTD-0.90,0.18288833735313276,0.10258284236504156,0.826879327063372,0.11241686411769562,1046,301,230,71,816,94,109,53.69,0,109,0.0,53.69,0,0.0,0,0.0,94,46.31,11.57,51.637,41.859,46.578,482.15,29.212,336.7,2.468,28.36,10.179,117.09,62.8,64.4,62.5,63.3,64.4,84.1,13.7,46.5,3910.0,3911,95
b1f20aa0-6ef1db42,CTD-0.30,0.256624527461657,0.15959686481139468,0.8651908571276218,0.17759546008574933,2129,953,588,365,1541,103,99,49.01,0,99,0.0,49.01,0,0.0,0,0.0,103,50.99,12.82,57.869,42.194,46.476,534.62,29.184,369.99,2.875,36.26,10.135,128.36,62.7,64.0,62.6,63.4,64.0,72.8,17.5,46.6,3908.0,3915,104
b1f20aa0-6ef1db42,CTD-0.50,0.3106013797130903,0.18758014848236387,0.876161829938303,0.21290793758005605,2129,1121,706,415,1423,106,96,47.52,0,96,0.0,47.52,0,0.0,0,0.0,106,52.48,12.86,59.634,43.106,47.076,549.99,29.835,380.77,3.01,38.3,10.262,130.92,62.9,64.1,62.7,63.7,64.1,76.9,18.2,47.8,3907.0,3909,107
b1f20aa0-6ef1db42,CTD-0.70,0.3075891489035707,0.18618097865721253,0.8808319827504316,0.20682229935400437,2129,1078,703,375,1426,124,78,38.61,0,78,0.0,38.61,0,0.0,0,0.0,124,61.39,14.75,69.005,43.806,46.578,643.42,30.468,447.71,2.944,43.15,10.393,152.56,63.3,64.5,62.9,63.9,64.5,82.0,17.8,49.4,3911.0,3915,124
b1f20aa0-6ef1db42,CTD-0.90,0.3142203179058908,0.198600773320528,0.9027318952026004,0.20753715188194616,2129,1043,705,338,1424,135,67,33.17,0,67,0.0,33.17,0,0.0,0,0.0,135,66.83,15.95,74.925,44.226,46.678,699.77,30.798,487.48,2.994,47.23,10.435,165.07,63.4,64.8,63.1,63.8,64.8,85.4,18.0,50.1,3913.0,3914,131
b1f25ff6-1ddb7e43,CTD-0.30,0.7385592842900219,0.5382505398469984,0.9358043989780177,0.4761305731236577,1294,1381,977,404,317,185,18,8.87,0,18,0.0,8.87,0,0.0,0,0.0,185,91.13,22.09,102.295,44.136,46.477,973.02,30.591,674.71,3.16,69.55,10.385,228.77,63.7,64.8,63.5,64.4,64.8,68.6,19.1,50.3,3918.0,3921,186
b1f25ff6-1ddb7e43,CTD-0.50,0.7783653298066429,0.5718379382977298,0.9395117917059883,0.49768214632926566,1294,1434,1029,405,265,194,9,4.43,0,9,0.0,4.43,0,0.0,0,0.0,194,95.57,22.87,107.425,44.691,46.578,1020.43,31.048,709.13,3.165,72.17,10.478,239.13,64.0,65.5,63.8,65.1,65.5,85.7,19.2,51.4,3922.0,3925,192
b1f25ff6-1ddb7e43,CTD-0.70,0.7783653298066429,0.5718379382977298,0.9395117917059883,0.49768214632926566,1294,1434,1029,405,265,194,9,4.43,0,9,0.0,4.43,0,0.0,0,0.0,194,95.57,22.89,107.258,44.678,46.591,1019.74,31.038,708.69,3.159,71.99,10.481,239.06,64.1,65.5,64.0,64.8,65.5,82.5,19.5,51.2,3924.0,3931,190
b1f25ff6-1ddb7e43,CTD-0.90,0.7793071881502964,0.5726139076833221,0.9399020108554409,0.498009264947758,1294,1434,1030,404,264,195,8,3.94,0,8,0.0,3.94,0,0.0,0,0.0,195,96.06,23.16,108.136,44.505,46.577,1028.44,30.903,714.41,3.16,72.89,10.442,241.14,64.3,65.4,64.1,64.8,65.4,77.3,20.0,50.9,3925.0,3929,191
b1f4491b-07b32e8c,CTD-0.30,0.5390378270511478,0.3606758481583554,0.8926404626746738,0.3573927041266427,1818,1565,1041,524,777,122,81,39.9,0,81,0.0,39.9,0,0.0,0,0.0,122,60.1,15.68,69.927,41.709,45.681,652.04,28.612,447.31,3.072,47.98,10.025,156.75,63.7,65.2,63.6,64.6,65.2,83.2,19.0,45.8,3922.0,3926,131
b1f4491b-07b32e8c,CTD-0.50,0.5972589256854249,0.3959643438242141,0.8961082910361371,0.3918301642150114,1818,1702,1156,546,662,130,73,35.96,0,73,0.0,35.96,0,0.0,0,0.0,130,64.04,16.06,73.882,42.936,46.578,685.34,29.576,472.18,3.123,49.77,10.237,163.39,63.8,64.9,63.6,64.4,64.9,86.4,18.7,47.8,3921.0,3925,134
b1f4491b-07b32e8c,CTD-0.70,0.6191926658932005,0.414097104070869,0.9150703722957741,0.40410933699003704,1818,1704,1173,531,645,159,44,21.67,0,44,0.0,21.67,0,0.0,0,0.0,159,78.33,19.28,89.691,43.552,46.477,835.25,30.088,577.27,3.141,60.13,10.324,197.85,63.8,65.0,63.6,64.3,65.0,78.9,18.9,49.1,3927.0,3932,161
b1f4491b-07b32e8c,CTD-0.90,0.6671527952811888,0.4519403482339306,0.9285637926428787,0.42517712650762507,1818,1751,1257,494,561,175,28,13.79,0,28,0.0,13.79,0,0.0,0,0.0,175,86.21,20.99,98.153,43.927,46.577,919.2,30.391,636.16,3.16,66.02,10.376,217.02,63.9,65.0,63.7,64.5,65.0,74.2,18.9,50.0,3927.0,3930,175
b1f4491b-09593e90,CTD-0.30,0.4812199042680767,0.3174655949005071,0.9050630758898669,0.3139385789342007,1142,840,582,258,560,84,118,58.42,0,118,0.0,58.42,0,0.0,0,0.0,84,41.58,10.7,47.315,41.41,46.578,442.61,28.288,302.52,3.096,32.99,10.026,107.09,63.2,64.9,63.2,63.9,64.9,78.8,18.2,44.7,3927.0,3930,89
b1f4491b-09593e90,CTD-0.50,0.48030349292034996,0.3202582329219825,0.9043706788514438,0.3184781986022227,1142,856,576,280,566,89,113,55.94,0,113,0.0,55.94,0,0.0,0,0.0,89,44.06,11.03,49.814,42.266,46.577,466.08,29.013,320.12,3.115,34.26,10.138,111.7,63.2,64.7,63.1,63.8,64.7,76.0,18.6,46.1,3932.0,3934,91
b1f4491b-09593e90,CTD-0.70,0.5390131010218885,0.3769363741306466,0.9306438908270279,0.34213003502626976,1142,880,638,242,504,116,86,42.57,0,86,0.0,42.57,0,0.0,0,0.0,116,57.43,13.93,64.187,43.677,46.577,609.21,30.209,421.55,3.137,43.66,10.33,143.99,63.4,64.7,63.3,64.2,64.7,75.6,18.9,48.8,3928.0,3935,117
b1f4491b-09593e90,CTD-0.90,0.6458916315411168,0.4615156941449687,0.9708652592779755,0.3725361134945168,1142,894,751,143,391,152,50,24.75,0,50,0.0,24.75,0,0.0,0,0.0,152,75.25,17.89,83.76,44.587,46.678,793.95,30.962,551.53,3.15,55.99,10.475,186.43,63.7,65.2,63.5,64.7,65.2,85.8,19.3,50.8,3929.0,3934,149
b1f4491b-16256d7c,CTD-0.30,0.647124488957832,0.413758887175878,0.8978667973735974,0.43213937608177744,2797,2871,1913,958,884,170,32,15.84,0,32,0.0,15.84,0,0.0,0,0.0,170,84.16,21.45,99.365,42.43,45.68,903.75,29.202,622.02,3.116,66.35,10.112,215.37,63.4,65.0,63.6,64.4,65.0,72.7,18.5,47.9,3929.0,3933,180
b1f4491b-16256d7c,CTD-0.50,0.6628239231085036,0.4247971607969583,0.9005140265998647,0.442198203814221,2797,2925,1954,971,843,175,27,13.37,0,27,0.0,13.37,0,0.0,0,0.0,175,86.63,21.68,102.018,42.927,46.079,925.93,29.587,638.42,3.137,67.57,10.204,219.95,63.4,64.8,63.5,64.3,64.8,72.2,18.7,48.6,3929.0,3939,181
b1f4491b-16256d7c,CTD-0.70,0.6686770720115112,0.4288010889967552,0.902246205769621,0.4458034483010223,2797,2940,1968,972,829,177,25,12.38,0,25,0.0,12.38,0,0.0,0,0.0,177,87.62,21.89,103.014,43.032,46.18,937.15,29.691,646.89,3.142,68.29,10.199,221.98,63.5,64.9,63.4,64.3,64.9,64.0,18.6,48.6,3932.0,3937,182
b1f4491b-16256d7c,CTD-0.90,0.6713527041527106,0.4303796910370563,0.9020996646918285,0.44762632693511656,2797,2953,1976,977,821,178,24,11.88,0,24,0.0,11.88,0,0.0,0,0.0,178,88.12,21.99,103.562,42.918,45.694,940.34,29.593,648.64,3.143,68.74,10.182,222.96,63.3,64.8,63.5,64.2,64.8,58.4,18.5,48.6,3935.0,3938,183
b1f4491b-33824f31,CTD-0.30,0.7173671894841018,0.4604802896523183,0.9025013226531343,0.4786898781101105,2610,2956,1963,993,647,168,34,16.83,0,34,0.0,16.83,0,0.0,0,0.0,168,83.17,21.68,99.316,41.747,45.195,900.96,28.632,617.92,3.11,67.09,10.005,215.95,63.2,64.7,63.4,64.6,64.7,74.2,18.8,46.6,3935.0,3939,179
b1f4491b-33824f31,CTD-0.50,0.7045986003029789,0.449217555539001,0.900353757342823,0.4702640443676584,2610,2914,1933,981,677,162,40,19.8,0,40,0.0,19.8,0,0.0,0,0.0,162,80.2,20.45,95.372,42.486,45.195,862.7,29.241,593.63,3.157,64.14,10.088,204.93,63.2,64.9,63.5,65.0,65.0,70.3,18.7,47.6,3934.0,3936,169
b1f4491b-33824f31,CTD-0.70,0.7216153105946432,0.46520613830282953,0.9056068563496379,0.47914305391193857,2610,2943,1972,971,638,176,26,12.87,0,26,0.0,12.87,0,0.0,0,0.0,176,87.13,22.15,103.263,42.592,45.979,939.29,29.328,647.0,3.153,69.44,10.111,222.85,63.2,64.7,63.3,63.9,64.7,76.2,19.1,47.7,3938.0,3940,187
b1f4491b-33824f31,CTD-0.90,0.7287897292800756,0.4715712641439184,0.908442524713993,0.4835090965395445,2610,2957,1985,972,625,192,10,4.95,0,10,0.0,4.95,0,0.0,0,0.0,192,95.05,23.84,111.704,42.943,46.577,1019.75,29.606,703.41,3.163,74.96,10.174,241.38,63.3,65.1,63.4,64.5,65.1,73.7,19.1,48.5,3941.0,3945,195
b1f4491b-846d8cb2,CTD-0.30,0.450297066441389,0.32179003904007847,0.8657485415139283,0.31615255755731186,1567,1248,753,495,814,86,116,57.43,0,116,0.0,57.43,0,0.0,0,0.0,86,42.57,11.12,48.806,41.222,46.18,454.7,28.177,310.98,3.098,34.05,9.947,109.68,62.9,64.4,62.9,63.6,64.4,78.0,18.5,44.1,3941.0,3944,92
b1f4491b-846d8cb2,CTD-0.50,0.4728321986076952,0.35181362977354996,0.904713022309283,0.3132493371553194,1567,1157,777,380,790,107,95,47.03,0,95,0.0,47.03,0,0.0,0,0.0,107,52.97,13.27,60.185,42.453,46.078,560.27,29.184,385.3,3.133,41.27,10.136,133.7,63.0,64.4,62.9,63.6,64.4,73.9,19.0,46.9,3938.0,3941,109
b1f4491b-846d8cb2,CTD-0.70,0.5070165371071158,0.38606715415255244,0.9137181994173781,0.3318353002507707,1567,1207,829,378,738,123,79,39.11,0,79,0.0,39.11,0,0.0,0,0.0,123,60.89,15.06,69.082,42.996,46.179,642.43,29.617,442.59,3.137,46.83,10.242,153.01,63.0,64.4,63.0,63.8,64.4,73.2,18.8,48.0,3935.0,3943,125
b1f4491b-846d8cb2,CTD-0.90,0.5726073065371334,0.43594741289851047,0.9434396382412936,0.3550448871878168,1567,1227,924,303,643,142,60,29.7,0,60,0.0,29.7,0,0.0,0,0.0,142,70.3,17.07,79.15,43.926,46.577,745.74,30.42,516.79,3.148,53.31,10.357,175.64,63.4,64.8,63.2,64.2,64.8,85.6,19.0,49.4,3939.0,3943,143
b1f4491b-97465266,CTD-0.30,0.41510372595746825,0.2569360131582722,0.8396438273925905,0.27376922198340753,1845,1305,881,424,964,88,115,56.65,0,115,0.0,56.65,0,0.0,0,0.0,88,43.35,11.44,50.114,41.0,45.183,464.24,28.01,317.37,3.089,34.89,9.902,111.99,62.7,64.3,63.0,63.8,64.3,75.0,18.2,44.6,3942.0,3945,95
b1f4491b-97465266,CTD-0.50,0.46609669194897524,0.2945062034217145,0.8706201870613204,0.3030022695001986,1845,1378,954,424,891,103,100,49.26,0,100,0.0,49.26,0,0.0,0,0.0,103,50.74,12.89,58.048,42.286,46.078,540.06,29.035,371.0,3.14,40.04,10.11,129.02,62.8,64.0,62.8,64.3,64.3,71.4,18.6,46.6,3942.0,3948,107
b1f4491b-97465266,CTD-0.70,0.4758979301013121,0.3030498935662014,0.8775752109270905,0.3051948770216565,1845,1372,970,402,875,111,92,45.32,0,92,0.0,45.32,0,0.0,0,0.0,111,54.68,13.73,62.233,42.903,46.079,584.98,29.576,403.53,3.143,42.77,10.184,138.68,63.0,64.2,62.8,63.9,64.2,74.7,18.8,47.5,3945.0,3950,115
b1f4491b-97465266,CTD-0.90,0.5021789259681716,0.32159837634967425,0.8882765000464795,0.32140502431025714,1845,1423,1010,413,835,130,73,35.96,0,73,0.0,35.96,0,0.0,0,0.0,130,64.04,15.83,72.587,43.486,46.079,686.49,30.069,475.01,3.155,49.62,10.263,161.86,63.0,64.3,62.9,64.1,64.3,79.9,18.9,48.8,3950.0,3955,132
b1f4491b-9958bd99,CTD-0.30,0.6890043868427715,0.43956682883170384,0.9203780374522658,0.4452875781401763,2775,2829,1994,835,781,180,22,10.89,0,22,0.0,10.89,0,0.0,0,0.0,180,89.11,22.53,104.31,42.575,45.169,953.83,29.299,656.43,3.153,70.61,10.124,226.79,62.9,64.4,63.0,64.1,64.7,63.4,18.7,48.5,3950.0,3953,187
b1f4491b-9958bd99,CTD-0.50,0.6956237323227741,0.4433379097337154,0.9257146153131153,0.4469641079800938,2775,2815,2005,810,770,184,18,8.91,0,18,0.0,8.91,0,0.0,0,0.0,184,91.09,22.62,106.384,43.224,46.079,973.38,29.833,672.08,3.162,71.09,10.228,230.21,63.0,64.6,63.3,64.2,64.6,78.6,18.8,49.2,3953.0,3957,189
b1f4491b-9958bd99,CTD-0.70,0.7119811999466858,0.4548310477618328,0.9297301937372902,0.45426453899360303,2775,2842,2048,794,727,193,9,4.46,0,9,0.0,4.46,0,0.0,0,0.0,193,95.54,23.9,112.183,43.068,45.581,1024.75,29.706,707.0,3.153,74.91,10.209,242.84,63.2,64.6,63.3,64.1,64.3,61.9,19.2,48.9,3955.0,3958,198
b1f4491b-9958bd99,CTD-0.90,0.7119811999466858,0.4548310477618328,0.9297301937372902,0.45426453899360303,2775,2842,2048,794,727,193,9,4.46,0,9,0.0,4.46,0,0.0,0,0.0,193,95.54,23.96,112.179,43.114,45.581,1027.76,29.783,710.19,3.137,74.67,10.194,242.9,63.2,64.6,63.2,64.2,64.6,78.8,19.7,49.0,3956.0,3959,199
b1f4491b-bf7d513f,CTD-0.30,0.25631473366720614,0.15149994458945112,0.685635262909903,0.21886843011905216,1359,1038,418,620,941,40,163,80.3,0,163,0.0,80.3,0,0.0,0,0.0,40,19.7,6.61,24.703,32.56,43.203,212.49,21.048,137.46,2.689,17.46,8.823,57.58,61.0,62.8,62.0,62.5,62.8,56.9,17.0,31.9,3959.0,3964,53
b1f4491b-bf7d513f,CTD-0.50,0.42158259293535905,0.27794956171457846,0.8334382916890711,0.30765551846735484,1359,1117,620,497,739,75,128,63.05,0,128,0.0,63.05,0,0.0,0,0.0,75,36.95,9.75,42.821,40.781,45.68,393.98,27.822,269.08,3.075,29.59,9.884,95.3,62.3,63.5,62.2,63.1,63.5,80.3,18.8,43.0,3955.0,3957,80
b1f4491b-bf7d513f,CTD-0.70,0.383506563682452,0.2503112138242197,0.8020315503974814,0.29063839475742187,1359,1115,573,542,786,66,137,67.49,0,137,0.0,67.49,0,0.0,0,0.0,66,32.51,8.66,37.728,40.437,46.18,348.99,27.566,238.12,3.014,25.9,9.857,84.98,61.9,63.5,62.2,63.1,63.5,68.9,18.1,43.0,3954.0,3956,70
b1f4491b-bf7d513f,CTD-0.90,0.5172274158419542,0.3558676847688846,0.8808640581823705,0.35456370199110904,1359,1183,746,437,613,114,89,43.84,0,89,0.0,43.84,0,0.0,0,0.0,114,56.16,14.02,63.972,42.653,46.079,593.41,29.385,408.87,3.082,42.81,10.186,141.72,62.3,63.6,62.4,63.2,63.6,72.3,19.0,47.5,3958.0,3964,116
b1f4491b-cf446195,CTD-0.30,0.5607241990892704,0.37585142566450663,0.8931821876503749,0.3800518111295782,2910,2661,1716,945,1194,169,33,16.34,0,33,0.0,16.34,0,0.0,0,0.0,169,83.66,21.64,99.447,41.835,44.683,904.15,28.76,621.82,3.068,66.22,10.007,216.11,62.4,63.8,62.5,63.3,63.8,75.7,19.0,47.1,3956.0,3967,181
b1f4491b-cf446195,CTD-0.50,0.5784596356832248,0.3915687317200785,0.9020501709583215,0.38718461366259205,2910,2671,1762,909,1148,177,25,12.38,0,25,0.0,12.38,0,0.0,0,0.0,177,87.62,22.1,103.696,42.572,44.696,939.75,29.331,647.79,3.122,68.77,10.119,223.19,62.5,64.0,62.6,63.6,64.0,62.3,19.3,48.1,3958.0,3962,184
b1f4491b-cf446195,CTD-0.70,0.5798608790159637,0.39190019386153757,0.9018080038218655,0.3880972362305562,2910,2678,1767,911,1143,178,24,11.88,0,24,0.0,11.88,0,0.0,0,0.0,178,88.12,22.07,103.973,42.769,45.195,937.67,29.476,646.23,3.12,68.37,10.172,223.06,62.6,64.0,62.8,63.7,64.0,62.8,19.0,48.6,3962.0,3964,184
b1f4491b-cf446195,CTD-0.90,0.603699293212903,0.4110411098894171,0.9117117680004411,0.3955827445794926,2910,2682,1837,845,1073,191,11,5.45,0,11,0.0,5.45,0,0.0,0,0.0,191,94.55,23.68,111.482,42.966,45.58,1011.54,29.686,698.97,3.09,72.67,10.19,239.9,62.8,64.3,62.9,63.7,64.3,74.3,19.6,49.0,3965.0,3968,197
b1f4491b-d8d1459c,CTD-0.30,0.5926142825949021,0.4157287302027373,0.9034893333649175,0.3847897650320763,1508,1369,947,422,561,130,73,35.96,0,73,0.0,35.96,0,0.0,0,0.0,130,64.04,16.67,73.896,41.543,44.696,685.94,28.541,471.26,3.027,49.95,9.974,164.74,62.5,64.0,62.8,63.8,64.0,61.3,19.1,46.1,3969.0,3977,136
b1f4491b-d8d1459c,CTD-0.50,0.7136669104855338,0.5206911147950349,0.9510069440491524,0.43084300573867895,1508,1413,1108,305,400,183,20,9.85,0,20,0.0,9.85,0,0.0,0,0.0,183,90.15,21.85,101.711,44.427,46.578,964.49,30.838,669.75,3.15,68.26,10.439,226.48,63.5,64.4,62.9,63.7,64.4,89.5,19.5,50.6,3973.0,3978,182
b1f4491b-d8d1459c,CTD-0.70,0.7194522030929948,0.5272791758871145,0.9555965710636758,0.4335074734889002,1508,1411,1112,299,396,189,14,6.9,0,14,0.0,6.9,0,0.0,0,0.0,189,93.1,22.4,104.737,44.481,46.578,995.71,30.878,691.5,3.157,70.55,10.446,233.67,63.6,64.8,63.2,64.0,64.8,82.6,19.3,50.9,3962.0,3971,187
b1f4491b-d8d1459c,CTD-0.90,0.724014673151435,0.5309358762920497,0.9557206852199662,0.4374832354781987,1508,1424,1118,306,390,194,9,4.43,0,9,0.0,4.43,0,0.0,0,0.0,194,95.57,23.2,107.998,44.274,46.578,1022.19,30.701,708.97,3.156,72.8,10.416,240.42,63.6,64.9,63.5,64.4,64.9,83.9,20.0,50.8,3968.0,3971,192
b1f4491b-dd8dfed5,CTD-0.30,0.412697349130428,0.27573198754377903,0.8728406418557784,0.28562114780221637,2330,1651,1029,622,1301,102,101,49.75,0,101,0.0,49.75,0,0.0,0,0.0,102,50.25,13.1,58.398,41.483,46.079,542.24,28.415,371.64,3.082,40.17,9.986,130.42,63.0,64.6,63.1,63.9,64.6,79.4,18.5,45.5,3969.0,3976,108
b1f4491b-dd8dfed5,CTD-0.50,0.4038546091566834,0.2679503991009004,0.8662626603358969,0.28159584774365604,2330,1648,1010,638,1320,102,101,49.75,0,101,0.0,49.75,0,0.0,0,0.0,102,50.25,12.8,58.19,42.454,46.578,540.77,29.165,371.59,3.125,39.76,10.164,129.43,63.1,64.3,63.0,63.9,64.3,83.8,18.6,46.5,3965.0,3972,106
b1f4491b-dd8dfed5,CTD-0.70,0.4778458589713259,0.32699288011903477,0.9149408641604438,0.310797298752442,2330,1674,1165,509,1165,124,79,38.92,0,79,0.0,38.92,0,0.0,0,0.0,124,61.08,15.61,71.161,42.273,45.581,654.93,29.08,450.55,3.073,47.57,10.12,156.81,63.0,64.4,63.0,63.9,64.4,73.3,19.3,46.9,3969.0,3973,128
b1f4491b-dd8dfed5,CTD-0.90,0.5180104192929377,0.36147036989614334,0.9291731211852424,0.3263443280610663,2330,1716,1257,459,1073,142,61,30.05,0,61,0.0,30.05,0,0.0,0,0.0,142,69.95,17.52,80.631,42.933,46.079,747.7,29.648,516.51,3.097,53.85,10.187,177.34,63.0,64.3,63.1,63.9,64.3,75.0,19.5,48.2,3971.0,3976,144
b1f6c103-5ce1f3c6,CTD-0.30,0.34128783720928146,0.2379802095280264,0.8677416598331178,0.2418063851932302,762,464,274,190,488,106,73,40.78,0,73,0.0,40.78,0,0.0,0,0.0,106,59.22,12.94,65.997,42.37,46.18,545.54,29.728,383.12,2.369,30.23,10.273,132.19,63.1,64.4,62.7,63.8,64.4,85.5,13.8,47.4,3975.0,3980,104
b1f6c103-5ce1f3c6,CTD-0.50,0.2819786235464851,0.19355464513532433,0.860443806671458,0.20008231618862551,762,389,228,161,534,102,77,43.02,0,77,0.0,43.02,0,0.0,0,0.0,102,56.98,12.2,63.353,42.759,46.18,521.62,30.169,368.49,2.243,27.12,10.348,126.01,63.2,64.8,62.7,63.6,64.8,89.7,12.4,48.2,3972.0,3974,101
b1f6c103-5ce1f3c6,CTD-0.70,0.28770375303786344,0.19732611038997855,0.8628194458674123,0.20393700787401572,762,395,232,163,530,104,75,41.9,0,75,0.0,41.9,0,0.0,0,0.0,104,58.1,12.28,64.102,43.24,46.079,529.27,30.611,375.01,2.228,27.02,10.401,127.24,63.2,64.2,62.6,63.6,64.2,85.9,12.3,49.1,3970.0,3973,99
b1f6c103-5ce1f3c6,CTD-0.90,0.40495743965228603,0.2848660397802594,0.9099620240050382,0.2722596531103715,762,485,319,166,443,120,59,32.96,0,59,0.0,32.96,0,0.0,0,0.0,120,67.04,14.15,74.412,43.707,46.578,611.76,30.811,431.36,2.448,34.15,10.448,146.25,63.3,64.5,62.7,63.7,64.5,84.5,14.3,49.8,3974.0,3976,114
b1f6c103-8b75ea3e,CTD-0.30,0.39607947921172026,0.2626808477675016,0.8971621734412905,0.24964871731637234,2420,1441,1033,408,1387,135,67,33.17,0,67,0.0,33.17,0,0.0,0,0.0,135,66.83,16.94,76.249,42.703,45.581,719.35,29.458,496.29,3.085,51.91,10.16,171.15,63.1,64.2,63.0,63.8,64.2,77.8,19.6,48.0,3976.0,3978,139
b1f6c103-8b75ea3e,CTD-0.50,0.397297534705135,0.2638948438112853,0.8982858999734515,0.2502802581355097,2420,1442,1035,407,1385,136,66,32.67,0,66,0.0,32.67,0,0.0,0,0.0,136,67.33,16.41,76.338,43.74,46.578,716.93,30.258,496.24,3.149,51.5,10.333,169.2,63.3,64.5,63.0,64.0,64.5,81.6,19.7,49.3,3977.0,3980,133
b1f6c103-8b75ea3e,CTD-0.70,0.41080802089991053,0.27777536504745065,0.9236489398017133,0.25621935845356497,2420,1416,1043,373,1377,153,49,24.26,0,49,0.0,24.26,0,0.0,0,0.0,153,75.74,18.41,85.952,43.928,46.179,805.47,30.433,558.36,3.15,57.61,10.345,189.49,63.3,64.8,63.1,64.1,64.8,86.8,19.9,49.5,3968.0,3980,151
b1f6c103-8b75ea3e,CTD-0.90,0.46569379786297604,0.3159275310729344,0.9423521800966966,0.28493335285568644,2420,1524,1166,358,1254,175,27,13.37,0,27,0.0,13.37,0,0.0,0,0.0,175,86.63,20.81,98.005,44.315,46.577,921.96,30.746,639.97,3.161,65.63,10.407,216.35,63.5,64.7,63.4,64.2,64.7,83.3,19.9,50.6,3971.0,3975,170
b1f6c103-b00e8aad,CTD-0.30,0.40811022442340783,0.2792534743734062,0.9117636952699268,0.25708172285010683,2271,1350,987,363,1284,109,93,46.04,0,93,0.0,46.04,0,0.0,0,0.0,109,53.96,14.02,62.093,41.371,45.68,578.31,28.415,397.21,2.977,41.59,9.979,139.51,63.0,64.4,63.1,63.7,64.4,68.9,19.2,45.7,3975.0,3978,115
b1f6c103-b00e8aad,CTD-0.50,0.4328388529081587,0.29634368049893917,0.9219298045122295,0.26836444724667025,2271,1387,1039,348,1232,120,82,40.59,0,82,0.0,40.59,0,0.0,0,0.0,120,59.41,14.71,67.751,43.038,46.578,629.88,29.716,435.32,3.075,44.79,10.248,149.76,63.3,64.7,63.1,63.7,64.7,85.5,19.2,48.0,3976.0,3978,119
b1f6c103-b00e8aad,CTD-0.70,0.46804490375121927,0.315526749157037,0.93358128314249,0.28471094086869336,2271,1445,1114,331,1157,128,74,36.63,0,74,0.0,36.63,0,0.0,0,0.0,128,63.37,15.55,71.901,43.486,46.18,672.83,30.103,466.0,3.084,47.58,10.299,159.25,63.3,64.3,63.1,63.9,64.3,78.2,19.5,48.8,3973.0,3975,127
b1f6c103-b00e8aad,CTD-0.90,0.5015605682369471,0.3433989286454091,0.9458004265879721,0.2990070838763436,2271,1486,1184,302,1087,143,59,29.21,0,59,0.0,29.21,0,0.0,0,0.0,143,70.79,17.27,80.33,43.631,46.578,750.67,30.234,520.6,3.091,53.0,10.306,177.07,63.4,64.7,63.2,63.8,64.7,84.1,19.6,49.1,3974.0,3978,140
b1f85377-44885085,CTD-0.30,0.5659949029549111,0.3670951357285886,0.8654398585392988,0.40123545667550714,1434,1453,860,593,574,150,53,26.11,0,53,0.0,26.11,0,0.0,0,0.0,150,73.89,18.59,84.342,42.582,46.578,791.04,29.344,545.59,3.09,57.23,10.147,188.22,63.1,64.4,63.2,64.4,64.4,69.3,19.4,47.8,3980.0,3982,151
b1f85377-44885085,CTD-0.50,0.6232099109295898,0.4058468716783551,0.8812095585370265,0.42772613768279333,1434,1503,949,554,485,175,28,13.79,0,28,0.0,13.79,0,0.0,0,0.0,175,86.21,20.93,97.917,44.172,46.477,922.46,30.637,639.99,3.151,65.68,10.384,216.79,63.6,64.8,63.4,64.2,64.8,82.3,19.9,50.3,3979.0,3985,173
b1f85377-44885085,CTD-0.70,0.6236535125344933,0.40701311664144474,0.8814288134508118,0.427645055314439,1434,1502,950,552,484,177,26,12.81,0,26,0.0,12.81,0,0.0,0,0.0,177,87.19,21.14,98.947,44.42,46.577,933.61,30.831,648.28,3.154,66.18,10.435,219.15,64.0,65.1,63.5,64.3,65.1,89.0,19.9,50.3,3977.0,3982,172
b1f85377-44885085,CTD-0.90,0.625144208025818,0.408369575316918,0.8806967867993423,0.4288628939472974,1434,1508,953,555,481,179,24,11.82,0,24,0.0,11.82,0,0.0,0,0.0,179,88.18,21.32,99.914,44.373,46.578,943.9,30.77,654.7,3.166,67.27,10.437,221.93,64.0,65.2,63.7,64.7,65.2,80.1,20.0,50.5,3983.0,3985,174
b1fbaab8-68db7df7,CTD-0.30,0.5035143500078013,0.3339722518685239,0.8921834707015315,0.3316105754455267,1108,881,597,284,511,83,119,58.91,0,119,0.0,58.91,0,0.0,0,0.0,83,41.09,10.89,47.055,40.677,45.581,442.43,27.778,302.36,3.006,32.58,9.893,107.48,63.2,64.7,63.3,64.3,64.7,80.6,19.0,43.2,3990.0,3991,87
b1fbaab8-68db7df7,CTD-0.50,0.5122043278280436,0.33890983552644005,0.8903627583718974,0.3313164616026916,1108,882,613,269,495,80,122,60.4,0,122,0.0,60.4,0,0.0,0,0.0,80,39.6,9.98,44.917,42.17,46.564,419.26,28.981,288.32,3.092,30.66,10.097,100.28,63.1,64.4,63.2,64.1,64.4,79.5,18.9,45.3,3995.0,3997,82
b1fbaab8-68db7df7,CTD-0.70,0.5030989932748251,0.3369581927113595,0.9075050175599813,0.31981216087026754,1108,827,594,233,514,72,130,64.36,0,130,0.0,64.36,0,0.0,0,0.0,72,35.64,9.14,40.556,41.283,46.578,373.78,28.276,256.37,3.05,27.46,9.957,89.95,62.7,64.3,62.9,63.8,64.3,70.0,19.1,43.3,3995.0,3997,74
b1fbaab8-68db7df7,CTD-0.90,0.6297305459003935,0.4789314227735755,0.9612115656404442,0.37544923766343735,1108,891,712,179,396,135,67,33.17,0,67,0.0,33.17,0,0.0,0,0.0,135,66.83,15.97,74.69,44.333,46.678,706.11,30.745,489.93,3.152,50.08,10.436,166.1,63.5,64.8,63.1,64.7,64.8,79.2,19.2,49.9,3995.0,3997,133
b1fbf878-b31a8293,CTD-0.30,0.4837978726187223,0.3349674462053108,0.9325507192350903,0.3088915028352203,2215,1541,1104,437,1111,160,41,20.4,0,41,0.0,20.4,0,0.0,0,0.0,160,79.6,19.36,90.159,43.618,46.578,839.71,30.228,582.24,3.066,58.89,10.323,198.57,63.4,64.5,63.4,64.8,64.8,78.5,18.6,49.5,3992.0,3997,161
b1fbf878-b31a8293,CTD-0.50,0.5082829462584668,0.3525990374712018,0.9430431929507964,0.3180111678745396,2215,1558,1155,403,1060,167,34,16.92,0,34,0.0,16.92,0,0.0,0,0.0,167,83.08,20.02,94.163,44.079,46.578,878.7,30.634,610.97,3.068,61.02,10.376,206.71,63.6,64.9,63.5,64.3,64.9,82.0,19.3,50.0,3989.0,3991,164
b1fbf878-b31a8293,CTD-0.70,0.528886337192287,0.371444745590535,0.9522914072421071,0.3266539109247913,2215,1575,1195,380,1020,175,26,12.94,0,26,0.0,12.94,0,0.0,0,0.0,175,87.06,20.69,98.069,44.488,47.075,919.74,30.94,639.89,3.093,63.83,10.455,216.02,63.8,65.0,63.6,64.3,65.0,83.1,18.9,50.9,3989.0,3994,173
b1fbf878-b31a8293,CTD-0.90,0.5628794320499357,0.39680749454394654,0.9611130630190257,0.33946807571534865,2215,1611,1269,342,946,183,18,8.96,0,18,0.0,8.96,0,0.0,0,0.0,183,91.04,21.61,102.67,44.743,46.578,959.61,31.167,668.59,3.089,66.17,10.486,224.85,63.9,65.2,63.7,65.1,65.2,83.8,18.9,51.4,3994.0,3998,179
b1fc95c9-644e3c3f,CTD-0.30,0.5463209705970613,0.39437122509305733,0.7686791896360428,0.4117550054322521,1516,1836,984,852,532,96,106,52.48,0,106,0.0,52.48,0,0.0,0,0.0,96,47.52,13.19,56.232,39.601,44.185,515.05,26.938,350.25,2.956,38.47,9.707,126.33,62.8,64.8,63.2,64.0,64.8,64.0,18.8,43.0,3999.0,4001,108
b1fc95c9-644e3c3f,CTD-0.50,0.5483318758666051,0.39759539210684064,0.7702289383463337,0.41270361651367443,1516,1837,985,852,531,98,104,51.49,0,104,0.0,51.49,0,0.0,0,0.0,98,48.51,12.8,56.928,41.195,45.581,523.97,28.142,358.18,3.106,39.4,9.947,126.39,62.9,64.6,63.1,63.9,64.6,74.4,19.0,44.7,3997.0,4000,107
b1fc95c9-644e3c3f,CTD-0.70,0.5484583276876936,0.39799606910365504,0.7702396513990786,0.4125344896678219,1516,1837,985,852,531,99,103,50.99,0,103,0.0,50.99,0,0.0,0,0.0,99,49.01,12.87,57.29,41.221,45.581,526.28,28.21,360.3,3.075,39.18,9.936,126.81,62.7,64.3,62.8,63.7,64.3,69.9,19.2,45.0,4000.0,4002,105
b1fc95c9-644e3c3f,CTD-0.90,0.648196266063761,0.4724079166684308,0.8316264626265356,0.45133708511937626,1516,1806,1113,693,403,125,77,38.12,0,77,0.0,38.12,0,0.0,0,0.0,125,61.88,15.59,71.38,42.573,46.476,658.27,29.281,452.59,3.142,48.6,10.151,157.07,62.8,64.3,62.7,63.6,64.3,73.7,18.7,47.5,4001.0,4003,130
b1fc95c9-cb2882c7,CTD-0.30,0.6323179257990005,0.41605843321207736,0.8433978076283704,0.4253861307202112,3158,3438,2277,1161,881,106,96,47.52,0,96,0.0,47.52,0,0.0,0,0.0,106,52.48,14.56,65.325,39.767,45.094,575.83,26.943,390.33,3.122,45.14,9.702,140.36,62.2,63.6,62.5,63.2,63.6,70.4,18.0,43.4,3999.0,4002,120
b1fc95c9-cb2882c7,CTD-0.50,0.6508996295393061,0.4367580047505645,0.8621782599810941,0.43751496953195146,3158,3448,2281,1167,877,119,83,41.09,0,83,0.0,41.09,0,0.0,0,0.0,119,58.91,15.66,71.744,40.991,45.681,637.87,27.945,435.1,3.166,49.15,9.88,153.62,62.2,63.7,62.6,63.4,63.7,65.0,18.4,45.5,4003.0,4004,129
b1fc95c9-cb2882c7,CTD-0.70,0.6959510625961046,0.46974801998317284,0.8715424969980564,0.45217902956243394,3158,3490,2446,1044,712,128,74,36.63,0,74,0.0,36.63,0,0.0,0,0.0,128,63.37,18.15,84.031,38.702,46.079,730.01,26.041,495.98,3.097,56.69,9.563,177.34,61.7,63.5,62.3,63.3,63.5,57.1,17.8,42.6,4006.0,4009,150
b1fc95c9-cb2882c7,CTD-0.90,0.7160882490851679,0.484090818751706,0.8782676127712787,0.45778814253592154,3158,3488,2510,978,648,128,74,36.63,0,74,0.0,36.63,0,0.0,0,0.0,128,63.37,16.81,77.373,41.116,46.079,687.85,28.072,469.89,3.148,52.53,9.896,165.43,61.8,63.3,62.0,62.9,63.3,74.8,18.5,45.9,4005.0,4008,139
b1ff4656-0435391e,CTD-0.30,0.6712878427007197,0.4760753551408551,0.9022277397165385,0.44291468562163344,2561,2683,1813,870,748,162,40,19.8,0,40,0.0,19.8,0,0.0,0,0.0,162,80.2,20.7,94.551,41.91,45.581,866.73,28.802,595.9,3.098,63.94,10.011,206.89,62.2,63.9,62.1,62.9,63.9,74.2,19.2,46.8,4010.0,4013,169
b1ff4656-0435391e,CTD-0.50,0.6762129291787666,0.4814954411778098,0.9035127738560087,0.446206845049003,2561,2698,1823,875,738,166,36,17.82,0,36,0.0,17.82,0,0.0,0,0.0,166,82.18,20.34,95.672,43.442,46.079,880.8,30.037,609.09,3.157,63.98,10.247,207.73,62.6,64.2,62.4,63.2,64.2,80.5,18.9,49.0,4011.0,4013,170
b1ff4656-0435391e,CTD-0.70,0.6762129291787666,0.4814954411778098,0.9035127738560087,0.446206845049003,2561,2698,1823,875,738,166,36,17.82,0,36,0.0,17.82,0,0.0,0,0.0,166,82.18,20.44,96.159,43.101,45.694,876.45,29.723,604.57,3.156,64.09,10.223,207.8,62.7,64.1,62.6,63.6,64.1,73.0,18.9,48.6,4014.0,4016,171
b1ff4656-0435391e,CTD-0.90,0.7297309920207248,0.5226315365328263,0.92125440255943,0.4651508684614282,2561,2729,1954,775,607,185,17,8.42,0,17,0.0,8.42,0,0.0,0,0.0,185,91.58,22.51,106.42,43.692,45.681,978.95,30.227,677.48,3.177,71.07,10.288,230.4,63.1,64.2,62.8,63.7,64.2,84.6,19.0,49.5,4013.0,4015,188
b1ff4656-94ee8536,CTD-0.30,0.5820614739831638,0.45123892043058483,0.9298721366251825,0.34683994341308444,1439,1120,886,234,553,122,81,39.9,0,81,0.0,39.9,0,0.0,0,0.0,122,60.1,15.05,67.822,42.853,46.578,637.36,29.567,439.75,3.112,46.25,10.174,151.36,62.7,64.3,62.8,63.7,64.3,77.3,18.7,47.5,4013.0,4014,124
b1ff4656-94ee8536,CTD-0.50,0.5842907280337599,0.4514998478995234,0.9465538978979995,0.3429065226444359,1439,1078,876,202,563,133,70,34.48,0,70,0.0,34.48,0,0.0,0,0.0,133,65.52,16.0,73.436,43.809,46.578,696.64,30.319,482.29,3.152,50.04,10.337,164.31,63.2,64.4,62.9,63.7,64.4,86.7,19.0,49.0,4016.0,4017,132
b1ff4656-94ee8536,CTD-0.70,0.6128718599541367,0.4886311415024024,0.9582394212482266,0.3556766931093365,1439,1098,909,189,530,157,46,22.66,0,46,0.0,22.66,0,0.0,0,0.0,157,77.34,18.68,86.583,44.277,46.591,823.51,30.711,571.33,3.15,58.51,10.416,193.66,63.5,64.6,63.1,64.1,64.6,83.4,19.2,50.1,4017.0,4021,156
b1ff4656-94ee8536,CTD-0.90,0.6409263322624684,0.5150732253276942,0.9633392028092915,0.36839696104958625,1439,1128,947,181,492,170,33,16.26,0,33,0.0,16.26,0,0.0,0,0.0,170,83.74,20.39,94.162,44.072,46.477,895.69,30.537,620.53,3.153,64.05,10.381,211.11,63.5,64.8,63.3,64.0,64.8,73.1,19.9,50.2,4013.0,4015,170
b1ff4656-ebcfeb35,CTD-0.30,0.30987096808233355,0.18418649205524976,0.8681813578174914,0.2129910530645825,1326,704,445,259,881,61,142,69.95,0,142,0.0,69.95,0,0.0,0,0.0,61,30.05,8.96,35.386,36.668,43.8,321.3,24.584,215.26,2.743,24.05,9.341,81.98,62.1,63.7,62.5,63.2,63.7,58.6,17.9,37.7,4014.0,4015,72
b1ff4656-ebcfeb35,CTD-0.50,0.28805501872528644,0.16561032533235087,0.8050583453563271,0.21224053264823534,1326,782,433,349,893,56,147,72.41,0,147,0.0,72.41,0,0.0,0,0.0,56,27.59,7.66,32.036,38.992,45.694,293.42,26.322,198.16,2.999,22.49,9.672,72.77,62.1,63.8,62.3,63.2,63.8,77.9,18.4,39.8,4014.0,4015,62
b1ff4656-ebcfeb35,CTD-0.70,0.2578825510130546,0.1546859535625025,0.8048693518186341,0.19127047201534786,1326,706,385,321,941,38,165,81.28,0,165,0.0,81.28,0,0.0,0,0.0,38,18.72,5.59,21.961,36.746,44.198,203.58,24.526,136.13,2.905,15.96,9.314,51.48,61.6,63.3,61.7,62.6,63.3,77.3,17.7,34.9,4009.0,4010,44
b1ff4656-ebcfeb35,CTD-0.90,0.35886121442600655,0.22089066893297518,0.9142181980603146,0.23155213845642558,1326,708,501,207,825,96,107,52.71,0,107,0.0,52.71,0,0.0,0,0.0,96,47.29,12.05,53.387,42.22,46.092,505.7,29.1,348.75,3.041,36.31,10.079,120.64,62.2,63.5,62.0,63.1,63.5,69.2,19.6,46.4,4013.0,4014,99
b200b84e-4a792877,CTD-0.30,0.32778470226777023,0.2076873730580838,0.8975876488628592,0.2245421201729536,1765,950,599,351,1166,124,76,38.0,0,76,0.0,38.0,0,0.0,0,0.0,124,62.0,15.77,70.675,41.872,45.594,653.71,28.914,451.4,2.891,45.07,10.066,157.23,62.3,63.8,62.1,63.1,63.8,79.6,19.2,46.6,4014.0,4016,131
b200b84e-4a792877,CTD-0.50,0.40991385630358274,0.25769601168770057,0.9350812411269434,0.2630691234458042,1765,1041,742,299,1023,154,46,23.0,0,46,0.0,23.0,0,0.0,0,0.0,154,77.0,18.36,86.719,44.007,46.591,805.22,30.57,559.72,3.059,55.82,10.378,189.68,62.8,64.1,62.4,63.4,64.1,84.8,19.5,49.8,4016.0,4018,154
b200b84e-4a792877,CTD-0.70,0.40658950337900496,0.25536577803928606,0.9324614110026964,0.26126239717914707,1765,1038,738,300,1027,154,46,23.0,0,46,0.0,23.0,0,0.0,0,0.0,154,77.0,18.11,86.16,44.625,47.089,802.28,31.049,558.4,3.095,55.5,10.48,188.39,63.2,64.3,62.8,63.6,64.3,87.4,19.0,50.8,4016.0,4018,150
b200b84e-4a792877,CTD-0.90,0.4398533942995479,0.2753413496376302,0.9474227229976726,0.2753418832946229,1765,1066,793,273,972,171,29,14.5,0,29,0.0,14.5,0,0.0,0,0.0,171,85.5,20.35,96.355,44.151,46.578,893.73,30.654,620.63,3.09,62.46,10.408,210.64,63.3,64.5,62.9,63.9,64.5,75.0,19.9,50.4,4022.0,4026,166
b200e97a-bf074435,CTD-0.30,0.6652240863064578,0.444262813972809,0.877310700100978,0.4501142210938884,2442,2705,1749,956,693,173,29,14.36,0,29,0.0,14.36,0,0.0,0,0.0,173,85.64,21.97,100.645,42.173,45.183,922.76,29.056,635.92,3.054,66.73,10.063,220.11,62.9,64.5,63.0,63.8,64.5,73.4,19.1,47.6,4024.0,4027,181
b200e97a-bf074435,CTD-0.50,0.668928228621079,0.4476563717969004,0.8786482654779303,0.4528940439536466,2442,2718,1754,964,688,177,25,12.38,0,25,0.0,12.38,0,0.0,0,0.0,177,87.62,21.81,102.284,43.173,46.079,935.59,29.767,645.23,3.166,68.51,10.24,221.84,63.3,64.4,63.1,64.0,64.4,62.9,18.9,48.7,4024.0,4027,182
b200e97a-bf074435,CTD-0.70,0.668928228621079,0.4476563717969004,0.8786482654779303,0.4528940439536466,2442,2718,1754,964,688,177,25,12.38,0,25,0.0,12.38,0,0.0,0,0.0,177,87.62,21.75,102.05,43.099,45.681,933.6,29.724,644.06,3.162,68.4,10.213,221.14,63.1,64.3,63.3,64.4,64.4,73.4,18.9,49.0,4025.0,4027,181
b200e97a-bf074435,CTD-0.90,0.678866244393815,0.4545550072909486,0.8860886926564234,0.45739352913827275,2442,2711,1768,943,674,183,19,9.41,0,19,0.0,9.41,0,0.0,0,0.0,183,90.59,22.37,105.142,43.209,46.079,963.4,29.825,665.33,3.169,70.51,10.215,227.57,63.2,64.2,63.4,64.2,64.2,53.7,19.0,49.2,4027.0,4030,186
b20234fd-822029be,CTD-0.30,0.45565390253757365,0.2944034637651386,0.9270057814279721,0.28928782527360625,1921,1255,913,342,1008,148,54,26.73,0,54,0.0,26.73,0,0.0,0,0.0,148,73.27,17.88,82.665,43.815,46.477,778.62,30.355,539.47,3.148,55.89,10.312,183.26,63.4,64.7,63.3,64.3,64.7,87.7,19.0,49.5,4027.0,4030,149
b20234fd-822029be,CTD-0.50,0.47778870700297105,0.3195060670791667,0.9384043449902971,0.2976409794445614,1921,1269,950,319,971,160,42,20.79,0,42,0.0,20.79,0,0.0,0,0.0,160,79.21,18.91,88.881,44.622,46.976,838.44,31.004,582.68,3.155,59.22,10.463,196.55,63.9,65.0,63.5,64.3,65.0,86.0,19.2,50.6,4027.0,4031,159
b20234fd-822029be,CTD-0.70,0.4860222143623003,0.3242958377484947,0.9442562870070697,0.298618590552023,1921,1261,964,297,957,167,35,17.33,0,35,0.0,17.33,0,0.0,0,0.0,167,82.67,19.67,92.649,44.604,46.975,873.73,30.978,607.11,3.163,61.84,10.462,204.78,63.9,65.3,63.7,64.5,65.3,87.6,19.1,50.7,4026.0,4028,164
b20234fd-822029be,CTD-0.90,0.5157908168217464,0.349185338084108,0.9539861141149939,0.3115251024429413,1921,1294,1017,277,904,183,19,9.41,0,19,0.0,9.41,0,0.0,0,0.0,183,90.59,21.45,101.448,44.981,46.578,963.82,31.298,670.86,3.169,67.8,10.514,225.17,64.3,65.4,63.9,64.7,65.4,88.8,19.3,51.3,4030.0,4031,179
b202cae2-672e61c5,CTD-0.30,0.7903532205911621,0.6013437783402434,0.9532761985284091,0.4857364923650201,2487,2626,2006,620,481,192,11,5.42,0,11,0.0,5.42,0,0.0,0,0.0,192,94.58,23.75,109.948,43.144,45.581,1018.13,29.783,702.9,3.138,74.03,10.222,241.21,63.8,65.3,63.8,64.7,65.3,79.5,18.9,49.0,4030.0,4034,197
b202cae2-672e61c5,CTD-0.50,0.7927829608245481,0.603667619643505,0.9539278801357259,0.48699671753192647,2487,2630,2011,619,476,194,9,4.43,0,9,0.0,4.43,0,0.0,0,0.0,194,95.57,23.65,110.855,43.482,46.079,1024.83,30.04,708.08,3.161,74.45,10.281,242.3,63.8,65.2,63.8,64.4,65.2,65.5,18.9,49.7,4036.0,4038,198
b202cae2-672e61c5,CTD-0.70,0.7944581294261717,0.6056561295460711,0.9533795948091861,0.4890681163837127,2487,2644,2015,629,472,195,8,3.94,0,8,0.0,3.94,0,0.0,0,0.0,195,96.06,23.76,111.25,43.657,45.978,1031.13,30.2,713.28,3.163,74.66,10.294,243.19,63.9,65.3,63.9,64.9,65.3,81.8,19.1,49.8,4037.0,4040,199
b202cae2-672e61c5,CTD-0.90,0.7944581294261717,0.6056561295460711,0.9533795948091861,0.4890681163837127,2487,2644,2015,629,472,195,8,3.94,0,8,0.0,3.94,0,0.0,0,0.0,195,96.06,24.11,112.068,43.154,45.681,1036.1,29.782,715.24,3.155,75.66,10.217,245.2,63.8,65.3,63.9,64.9,65.3,72.7,19.8,49.0,4037.0,4040,201
b202cae2-f46c74a6,CTD-0.30,0.6387644817516334,0.48148548706465305,0.944249113531881,0.3984436147306118,2328,2046,1526,520,802,146,56,27.72,0,56,0.0,27.72,0,0.0,0,0.0,146,72.28,19.05,84.617,41.217,44.57,779.69,28.302,535.49,2.977,56.22,9.939,187.98,63.3,64.9,63.6,64.5,64.9,71.8,19.3,46.0,4035.0,4037,159
b202cae2-f46c74a6,CTD-0.50,0.683284781134153,0.5242525186141405,0.9583235236405604,0.41573954066657437,2328,2084,1620,464,708,165,37,18.32,0,37,0.0,18.32,0,0.0,0,0.0,165,81.68,20.21,94.022,43.062,46.078,870.4,29.716,601.01,3.128,63.06,10.219,206.33,63.5,64.8,63.8,64.8,64.8,52.2,19.2,48.9,4040.0,4043,167
b202cae2-f46c74a6,CTD-0.70,0.7048681743603897,0.5482326416928257,0.9661538470781728,0.4232773560196536,2328,2094,1663,431,665,181,21,10.4,0,21,0.0,10.4,0,0.0,0,0.0,181,89.6,21.75,102.18,44.036,46.079,955.97,30.476,661.92,3.167,68.6,10.393,225.45,64.0,65.2,63.9,64.8,65.2,84.7,19.1,49.9,4041.0,4043,182
b202cae2-f46c74a6,CTD-0.90,0.7058128572724036,0.5514714811734472,0.9671104872898189,0.4233279264266263,2328,2091,1664,427,664,186,16,7.92,0,16,0.0,7.92,0,0.0,0,0.0,186,92.08,22.54,105.614,43.853,46.078,983.95,30.35,680.94,3.159,70.85,10.344,232.17,63.9,65.2,63.9,64.8,65.2,74.5,19.5,50.0,4041.0,4043,188
b2036451-aa924fd1,CTD-0.30,0.7056732107071684,0.4896665309703273,0.9217924465346298,0.4559815341529763,1941,2028,1423,605,518,143,59,29.21,0,59,0.0,29.21,0,0.0,0,0.0,143,70.79,18.29,82.557,41.57,44.684,757.86,28.555,520.87,3.013,54.8,10.001,182.18,63.2,65.0,63.6,64.4,65.0,61.4,18.7,46.6,4043.0,4045,151
b2036451-aa924fd1,CTD-0.50,0.7184220218674711,0.4957862676735674,0.9280762439781598,0.45983604824782903,1941,2023,1444,579,497,143,59,29.21,0,59,0.0,29.21,0,0.0,0,0.0,143,70.79,17.52,81.655,43.113,46.079,751.15,29.763,518.81,3.113,54.13,10.237,178.22,63.6,65.1,63.6,64.4,65.1,79.1,18.5,48.4,4043.0,4046,145
b2036451-aa924fd1,CTD-0.70,0.7369969219244664,0.51354323843084,0.9289671150315769,0.4713059892616842,1941,2071,1480,591,461,151,51,25.25,0,51,0.0,25.25,0,0.0,0,0.0,151,74.75,18.72,86.769,43.047,45.68,799.74,29.745,552.66,3.074,57.05,10.228,190.03,63.7,64.9,63.6,64.5,64.9,83.2,19.0,48.2,4047.0,4048,155
b2036451-aa924fd1,CTD-0.90,0.7570370888212377,0.5329311766739304,0.9406992723114219,0.47296525132692063,1941,2035,1514,521,427,151,51,25.25,0,51,0.0,25.25,0,0.0,0,0.0,151,74.75,18.73,86.736,43.106,46.078,801.3,29.816,554.42,3.078,57.14,10.212,189.75,63.6,65.1,63.5,64.3,65.1,73.3,19.3,48.2,4049.0,4051,154
b204a5c1-05981158,CTD-0.30,0.6435186926951079,0.45380610389481413,0.9401405658682817,0.3732772119348953,922,755,625,130,297,42,60,58.82,0,60,0.0,58.82,0,0.0,0,0.0,42,41.18,6.11,49.85,36.29,44.185,221.7,24.231,148.43,2.779,16.8,9.279,56.48,62.1,64.1,62.8,63.7,64.1,67.1,17.8,36.3,4049.0,4050,51
b204a5c1-05981158,CTD-0.50,0.6518136614745289,0.45903515115298416,0.943039774997683,0.3775956969508667,922,761,631,130,291,45,57,55.88,0,57,0.0,55.88,0,0.0,0,0.0,45,44.12,6.11,52.86,38.405,44.684,233.72,25.817,157.28,3.005,18.19,9.583,58.24,62.2,63.8,62.6,63.3,63.8,78.0,18.5,38.3,4050.0,4052,51
b204a5c1-05981158,CTD-0.70,0.6518136614745289,0.45903515115298416,0.943039774997683,0.3775956969508667,922,761,631,130,291,45,57,55.88,0,57,0.0,55.88,0,0.0,0,0.0,45,44.12,6.03,52.426,39.356,45.581,230.81,26.561,155.9,3.085,18.03,9.71,56.88,62.5,63.8,62.4,63.8,63.8,90.2,18.4,38.6,4052.0,4053,48
b204a5c1-05981158,CTD-0.90,0.6724400418580122,0.4894923397656112,0.9504993926420636,0.39094499137883093,922,780,645,135,277,52,50,49.02,0,50,0.0,49.02,0,0.0,0,0.0,52,50.98,6.81,60.024,39.694,44.584,266.7,26.919,181.0,3.08,20.63,9.695,65.07,62.1,63.2,62.4,63.3,63.3,64.2,18.9,40.2,4048.0,4050,57
b204a5c1-064b0040,CTD-0.30,0.5003575157406832,0.31968955963067847,0.8659200685370572,0.3477001830000963,2247,1973,1203,770,1044,127,75,37.13,0,75,0.0,37.13,0,0.0,0,0.0,127,62.87,16.2,72.773,41.762,45.081,674.55,28.633,462.64,3.12,50.32,10.01,161.6,62.4,63.8,62.8,63.6,63.8,57.8,18.4,47.1,4049.0,4051,135
b204a5c1-064b0040,CTD-0.50,0.5909684161524302,0.37905329929557574,0.9051482759968225,0.38215451237041964,2247,2018,1408,610,839,143,59,29.21,0,59,0.0,29.21,0,0.0,0,0.0,143,70.79,17.69,81.329,42.811,45.68,756.15,29.503,521.22,3.145,55.45,10.163,179.48,62.7,64.0,62.9,63.8,64.0,65.3,18.7,48.3,4050.0,4052,148
b204a5c1-064b0040,CTD-0.70,0.6351576065582992,0.40959605750326133,0.9244350109968611,0.3960867454366032,2247,2024,1499,525,748,159,43,21.29,0,43,0.0,21.29,0,0.0,0,0.0,159,78.71,19.47,90.101,43.454,45.978,842.19,30.005,581.75,3.165,61.25,10.284,199.19,63.1,64.5,63.1,64.6,64.6,84.3,18.9,49.1,4050.0,4054,164
b204a5c1-064b0040,CTD-0.90,0.6561339528416512,0.4258550175340998,0.9373531631091991,0.406413620870655,2247,2034,1529,505,718,173,29,14.36,0,29,0.0,14.36,0,0.0,0,0.0,173,85.64,21.4,98.608,43.041,45.58,918.42,29.731,634.8,3.121,66.44,10.189,217.18,63.1,64.6,63.1,64.3,64.6,75.6,19.5,48.5,4056.0,4061,176
b204a5c1-fa3d5b88,CTD-0.30,0.6092562653328153,0.41730150850139136,0.9266861318385237,0.39166302952075,2527,2254,1591,663,936,153,49,24.26,0,49,0.0,24.26,0,0.0,0,0.0,153,75.74,20.05,88.648,40.807,44.57,814.67,28.007,559.34,2.931,58.41,9.869,196.92,62.7,64.3,63.0,63.8,64.3,68.3,19.2,45.6,4059.0,4062,165
b204a5c1-fa3d5b88,CTD-0.50,0.6729376633118848,0.4649363527621909,0.9479691945728436,0.41670101432665735,2527,2310,1741,569,786,177,25,12.38,0,25,0.0,12.38,0,0.0,0,0.0,177,87.62,22.03,101.613,42.787,45.183,938.0,29.486,646.56,3.139,68.72,10.162,222.72,63.2,64.5,63.3,64.2,64.5,63.6,19.6,48.2,4052.0,4053,184
b204a5c1-fa3d5b88,CTD-0.70,0.6729376633118848,0.4649363527621909,0.9479691945728436,0.41670101432665735,2527,2310,1741,569,786,177,25,12.38,0,25,0.0,12.38,0,0.0,0,0.0,177,87.62,21.57,100.567,43.558,46.578,936.44,30.096,647.04,3.163,67.94,10.3,221.46,63.5,64.8,63.5,64.4,64.8,71.7,19.0,49.4,4051.0,4056,180
b204a5c1-fa3d5b88,CTD-0.90,0.7018994689741054,0.49046588834773475,0.957727037205039,0.42546878526410026,2527,2318,1809,509,718,185,17,8.42,0,17,0.0,8.42,0,0.0,0,0.0,185,91.58,22.72,105.583,43.44,45.978,984.95,30.041,681.39,3.133,70.94,10.266,232.62,63.5,64.8,63.4,64.4,64.8,87.5,19.7,49.2,4056.0,4059,186
b205eb4d-f84aaa1a,CTD-0.30,0.6849722392065452,0.4927312394550931,0.9442110008364106,0.4249456189223588,2005,1879,1412,467,593,154,48,23.76,0,48,0.0,23.76,0,0.0,0,0.0,154,76.24,19.69,88.23,42.172,45.082,824.95,28.997,567.3,3.1,60.6,10.075,197.06,63.4,64.8,63.3,64.2,64.8,83.2,19.4,46.9,4057.0,4061,159
b205eb4d-f84aaa1a,CTD-0.50,0.6933281353723596,0.49830241721490004,0.9464063995016422,0.4262962731689689,2005,1877,1430,447,575,157,45,22.28,0,45,0.0,22.28,0,0.0,0,0.0,157,77.72,19.21,89.113,43.358,45.979,829.92,29.954,573.42,3.155,60.32,10.248,196.18,63.5,64.9,63.4,64.2,64.9,78.8,19.0,48.9,4059.0,4060,160
b205eb4d-f84aaa1a,CTD-0.70,0.6527263045566396,0.4609343634163669,0.9359171981754706,0.41121815850828464,2005,1844,1351,493,654,150,52,25.74,0,52,0.0,25.74,0,0.0,0,0.0,150,74.26,18.34,85.014,43.229,46.578,791.89,29.84,546.76,3.154,57.71,10.235,187.42,63.4,64.9,63.5,64.7,64.9,66.2,18.9,48.8,4063.0,4066,154
b205eb4d-f84aaa1a,CTD-0.90,0.7412184946896374,0.5367897829436673,0.956814197532312,0.44568247431214497,2005,1928,1521,407,484,170,32,15.84,0,32,0.0,15.84,0,0.0,0,0.0,170,84.16,20.73,96.367,43.599,46.079,898.48,30.173,621.91,3.16,65.05,10.267,211.52,63.7,65.0,63.6,64.7,65.0,75.3,19.4,49.4,4072.0,4078,171
b2064e61-2beadd45,CTD-0.30,0.6088949913696946,0.4171647309231729,0.9363774581579065,0.3789108087353702,2109,1782,1332,450,777,144,59,29.06,0,59,0.0,29.06,0,0.0,0,0.0,144,70.94,17.51,80.809,43.369,46.577,753.82,29.95,520.73,3.133,54.37,10.286,178.73,63.6,65.2,63.7,64.7,65.2,73.0,19.0,48.7,4076.0,4078,145
b2064e61-2beadd45,CTD-0.50,0.6493234682783762,0.449407482606233,0.9481998665591088,0.3883888311132893,2109,1785,1419,366,690,146,57,28.08,0,57,0.0,28.08,0,0.0,0,0.0,146,71.92,17.49,81.835,44.117,46.678,767.27,30.558,531.53,3.157,54.86,10.402,180.88,63.9,65.1,63.7,64.5,65.1,81.2,19.2,49.7,4070.0,4074,145
b2064e61-2beadd45,CTD-0.70,0.6039960199228431,0.4076647870502332,0.9292848076539727,0.3793238055083805,2109,1805,1328,477,781,139,64,31.53,0,64,0.0,31.53,0,0.0,0,0.0,139,68.47,16.79,78.266,43.739,46.677,729.17,30.252,504.36,3.142,52.35,10.345,172.47,63.8,65.0,63.6,64.6,65.0,87.3,19.4,49.2,4067.0,4069,140
b2064e61-2beadd45,CTD-0.90,0.6468744611447067,0.4394535570383871,0.9494293339387241,0.3864682208256881,2109,1773,1412,361,697,146,57,28.08,0,57,0.0,28.08,0,0.0,0,0.0,146,71.92,17.82,82.664,43.519,46.564,768.81,30.075,531.11,3.122,55.21,10.322,182.48,63.8,65.2,63.6,64.4,65.2,88.6,19.8,48.9,4067.0,4069,148
b206a78b-99f405ab,CTD-0.30,0.6171361804568652,0.46312304733058707,0.9512463000947636,0.3795377744252641,2188,1808,1382,426,806,172,30,14.85,0,30,0.0,14.85,0,0.0,0,0.0,172,85.15,21.59,98.109,42.732,45.567,914.85,29.525,632.06,3.047,65.24,10.16,217.55,63.6,64.9,63.6,64.2,64.9,78.0,19.8,48.3,4064.0,4067,177
b206a78b-99f405ab,CTD-0.50,0.6249613866504116,0.46935785752905745,0.95510660862315,0.38118395237882907,2188,1804,1397,407,791,177,25,12.38,0,25,0.0,12.38,0,0.0,0,0.0,177,87.62,21.36,100.217,44.067,46.078,936.0,30.549,649.03,3.134,66.48,10.384,220.48,63.9,65.2,63.7,64.5,65.1,84.7,20.0,50.0,4068.0,4072,174
b206a78b-99f405ab,CTD-0.70,0.6367842722833217,0.4794709287271536,0.9552150189917522,0.3858388219678946,2188,1825,1426,399,762,182,20,9.9,0,20,0.0,9.9,0,0.0,0,0.0,182,90.1,21.76,102.44,44.243,46.079,959.9,30.697,666.26,3.14,68.02,10.406,225.61,63.9,65.2,63.8,64.6,65.2,79.2,20.0,50.5,4069.0,4070,178
b206a78b-99f405ab,CTD-0.90,0.6449437566067094,0.48571850674512246,0.9561891685939669,0.3904523093822744,2188,1844,1443,401,745,185,17,8.42,0,17,0.0,8.42,0,0.0,0,0.0,185,91.58,22.12,104.264,44.176,46.18,971.19,30.6,672.87,3.169,69.61,10.406,228.71,63.9,65.1,63.8,64.7,65.2,74.4,20.1,50.6,4070.0,4072,180
b2080dc7-f9b98a5f,CTD-0.30,0.06452353510800271,0.03240427772203378,0.5475813769455572,0.05306954700760498,1055,258,113,145,942,53,149,73.76,0,149,0.0,73.76,0,0.0,0,0.0,53,26.24,7.25,29.684,38.004,44.088,269.5,26.435,187.39,1.894,13.49,9.675,68.62,62.8,64.3,62.7,63.3,64.3,76.5,9.7,40.0,4068.0,4069,58
b2080dc7-f9b98a5f,CTD-0.50,0.05911893550237257,0.030527747259547176,0.5366933335021503,0.04890534758332213,1055,247,105,142,950,54,148,73.27,0,148,0.0,73.27,0,0.0,0,0.0,54,26.73,6.9,29.975,39.816,44.985,271.07,27.933,190.37,1.969,13.31,9.914,67.4,62.9,64.3,62.5,63.7,64.3,79.7,9.5,42.2,4068.0,4069,57
b2080dc7-f9b98a5f,CTD-0.70,0.14874444302680562,0.09177276624980493,0.8687958329764468,0.10280714546117391,1055,273,167,106,888,126,76,37.62,0,76,0.0,37.62,0,0.0,0,0.0,126,62.38,14.83,68.857,43.508,46.578,641.42,30.682,452.65,2.382,34.98,10.444,153.79,63.4,64.5,63.0,63.9,64.5,79.9,13.6,49.8,4071.0,4074,122
b2080dc7-f9b98a5f,CTD-0.90,0.15286007781717026,0.09275406102351845,0.8742543737246137,0.10434496834676721,1055,274,172,102,883,122,80,39.6,0,80,0.0,39.6,0,0.0,0,0.0,122,60.4,14.39,66.732,43.64,46.677,625.45,30.82,442.09,2.381,33.9,10.439,149.46,63.6,64.8,63.1,64.2,64.8,84.1,14.3,49.8,4072.0,4074,118
b20841f9-cef732d5,CTD-0.30,0.7312750924336329,0.5383510905379989,0.947406028507913,0.4481035549758758,2083,2034,1571,463,512,177,26,12.81,0,26,0.0,12.81,0,0.0,0,0.0,177,87.19,22.45,100.991,42.084,45.081,940.87,29.05,649.73,2.988,66.7,10.045,224.43,63.1,64.7,63.4,64.3,64.7,75.0,19.6,47.7,4071.0,4074,186
b20841f9-cef732d5,CTD-0.50,0.7469641614185991,0.5512250472237763,0.9493541041118757,0.45504120309395274,2083,2058,1604,454,479,185,18,8.87,0,18,0.0,8.87,0,0.0,0,0.0,185,91.13,22.27,104.07,44.006,46.079,978.42,30.487,678.01,3.152,70.0,10.366,230.41,63.7,64.8,63.5,64.4,64.9,78.9,19.3,50.0,4077.0,4078,186
b20841f9-cef732d5,CTD-0.70,0.7471885062584556,0.5527322950766071,0.9497541016725124,0.45483915558785126,2083,2056,1604,452,479,187,16,7.88,0,16,0.0,7.88,0,0.0,0,0.0,187,92.12,22.39,104.929,44.256,46.577,988.06,30.679,685.18,3.178,70.83,10.399,232.05,63.8,65.0,63.7,64.4,65.0,83.7,19.2,50.5,4078.0,4081,186
b20841f9-cef732d5,CTD-0.90,0.7435815599658866,0.5506638360485925,0.948834652131115,0.454399701036714,2083,2058,1596,462,487,186,17,8.37,0,17,0.0,8.37,0,0.0,0,0.0,186,91.63,22.29,104.438,44.038,46.577,977.42,30.508,677.44,3.172,70.26,10.358,229.73,63.8,65.1,63.7,64.3,65.1,67.0,19.0,50.1,4077.0,4079,186
b20b69d2-64b9cdb8,CTD-0.30,0.5188550266920846,0.3805261732526331,0.8689483421775187,0.3660844998073713,1300,1198,711,487,589,140,63,31.03,0,63,0.0,31.03,0,0.0,0,0.0,140,68.97,17.2,77.639,42.953,45.681,739.42,29.668,511.1,3.076,52.74,10.208,175.58,63.4,65.0,63.4,64.7,65.0,77.4,18.4,48.2,4078.0,4080,143
b20b69d2-64b9cdb8,CTD-0.50,0.4685413705127667,0.33611534697747536,0.8437348765319098,0.34118216543730245,1300,1168,648,520,652,126,77,37.93,0,77,0.0,37.93,0,0.0,0,0.0,126,62.07,15.31,69.658,43.367,46.577,659.31,30.019,456.55,3.075,46.69,10.273,156.08,63.5,64.8,63.5,64.5,64.8,81.6,18.5,48.4,4076.0,4078,127
b20b69d2-64b9cdb8,CTD-0.70,0.6263378477462114,0.46092494777575943,0.9212377071220635,0.40685781269801036,1300,1214,844,370,456,174,29,14.29,0,29,0.0,14.29,0,0.0,0,0.0,174,85.71,20.74,95.985,44.153,46.577,911.57,30.672,633.45,3.094,63.81,10.387,214.3,63.7,64.9,63.6,64.7,64.9,74.6,19.1,50.5,4077.0,4082,172
b20b69d2-64b9cdb8,CTD-0.90,0.6467336717057416,0.4824827678723171,0.9250807399600861,0.4170146371846778,1300,1235,871,364,429,183,20,9.85,0,20,0.0,9.85,0,0.0,0,0.0,183,90.15,21.9,101.299,44.218,46.18,964.6,30.686,669.58,3.121,68.01,10.411,227.01,64.0,65.2,64.0,65.0,65.2,74.4,19.4,50.3,4086.0,4089,181
b20b69d2-650e674d,CTD-0.30,0.7560995435441173,0.521988311785877,0.9452034391243821,0.45513722117398464,3258,3259,2553,706,705,173,29,14.36,0,29,0.0,14.36,0,0.0,0,0.0,173,85.64,22.37,102.295,41.738,44.584,930.92,28.669,639.49,3.089,68.84,9.98,222.6,63.3,64.9,63.6,64.4,64.9,68.3,18.7,47.2,4081.0,4084,185
b20b69d2-650e674d,CTD-0.50,0.7540189076772497,0.5213429290395293,0.9462703540323157,0.45532113318604134,3258,3255,2541,714,717,175,27,13.37,0,27,0.0,13.37,0,0.0,0,0.0,175,86.63,22.03,102.757,42.729,45.081,939.87,29.442,647.84,3.165,69.52,10.123,222.51,63.4,64.8,63.5,64.3,64.8,68.9,18.6,48.2,4081.0,4084,183
b20b69d2-650e674d,CTD-0.70,0.7537754764729371,0.5216433161181963,0.9462478069875484,0.45526210325711314,3258,3255,2540,715,718,176,26,12.87,0,26,0.0,12.87,0,0.0,0,0.0,176,87.13,22.09,103.02,42.782,45.081,940.18,29.482,648.19,3.172,69.57,10.129,222.42,63.3,64.6,63.4,64.2,64.6,62.8,18.7,48.3,4091.0,4092,184
b20b69d2-650e674d,CTD-0.90,0.7537754764729371,0.5216433161181963,0.9462478069875484,0.45526210325711314,3258,3255,2540,715,718,176,26,12.87,0,26,0.0,12.87,0,0.0,0,0.0,176,87.13,22.11,103.084,42.707,45.48,943.28,29.432,650.33,3.151,69.49,10.124,223.46,63.2,64.8,63.4,64.6,64.8,70.1,18.9,48.3,4088.0,4092,186
b20b69d2-6e2b9e73,CTD-0.30,0.45601991680120124,0.29038629413850053,0.8410713382018817,0.3164579628789046,1317,1094,666,428,651,109,94,46.31,0,94,0.0,46.31,0,0.0,0,0.0,109,53.69,13.79,61.027,41.85,45.68,575.91,28.799,396.47,3.001,41.28,10.05,138.16,62.9,64.3,62.9,63.7,64.3,71.7,17.8,46.0,4089.0,4091,115
b20b69d2-6e2b9e73,CTD-0.50,0.4044887563142745,0.2601632771177115,0.8118261713661338,0.2905886659602732,1317,1062,599,463,718,101,102,50.25,0,102,0.0,50.25,0,0.0,0,0.0,101,49.75,12.63,56.358,42.525,46.477,530.23,29.318,365.58,3.057,38.08,10.15,126.58,63.1,64.4,63.0,64.0,64.4,79.5,18.2,46.4,4091.0,4094,103
b20b69d2-6e2b9e73,CTD-0.70,0.4139020737486602,0.2639216573232078,0.8231976851698161,0.2998710953364765,1317,1075,600,475,717,108,95,46.8,0,95,0.0,46.8,0,0.0,0,0.0,108,53.2,13.44,60.261,42.624,46.079,569.77,29.398,392.83,3.04,40.63,10.186,136.3,63.1,64.3,63.0,63.8,64.3,88.1,18.3,46.9,4092.0,4094,110
b20b69d2-6e2b9e73,CTD-0.90,0.5147235874860727,0.3393881710054713,0.8961281657211907,0.33894376686101085,1317,1067,720,347,597,137,66,32.51,0,66,0.0,32.51,0,0.0,0,0.0,137,67.49,16.59,75.87,43.548,46.18,718.73,30.161,497.98,3.083,50.73,10.303,170.02,63.2,64.4,63.1,64.0,64.4,76.9,18.6,48.9,4095.0,4096,137
b20b69d2-7767e6b6,CTD-0.30,0.5998382360823553,0.43684916053010603,0.9205859409164653,0.3903805113411106,1032,919,645,274,387,127,76,37.44,0,76,0.0,37.44,0,0.0,0,0.0,127,62.56,15.82,70.737,42.573,46.377,668.81,29.36,461.2,3.057,47.98,10.156,159.63,63.1,64.5,63.0,63.8,64.5,66.6,18.5,47.6,4095.0,4097,131
b20b69d2-7767e6b6,CTD-0.50,0.5636956855506478,0.4097399310370749,0.9171882926097306,0.37004123465301897,1032,877,606,271,426,130,73,35.96,0,73,0.0,35.96,0,0.0,0,0.0,130,64.04,15.84,72.014,43.1,46.578,679.53,29.797,470.15,3.042,47.8,10.261,161.58,63.3,64.5,63.2,64.3,64.5,72.6,18.3,48.4,4090.0,4092,131
b20b69d2-7767e6b6,CTD-0.70,0.5638559735343124,0.41025052726057576,0.9173835913747782,0.3701108429901089,1032,877,606,271,426,131,72,35.47,0,72,0.0,35.47,0,0.0,0,0.0,131,64.53,15.91,72.38,43.331,46.578,681.92,30.006,472.17,3.037,47.82,10.287,161.93,63.2,64.8,63.2,64.3,64.8,77.8,18.2,48.9,4095.0,4098,132
b20b69d2-7767e6b6,CTD-0.90,0.6215181740318044,0.4537461444640657,0.9263831416306902,0.3991352967135447,1032,931,667,264,365,145,58,28.57,0,58,0.0,28.57,0,0.0,0,0.0,145,71.43,17.48,80.087,43.679,46.578,758.01,30.275,525.49,3.067,53.17,10.337,179.35,63.4,64.8,63.3,64.3,64.8,74.9,18.1,49.4,4093.0,4097,145
b20b69d2-bd242bf0,CTD-0.30,0.515775699894043,0.3128265167347716,0.8308927135365844,0.37855846390032805,2122,2169,1174,995,948,110,50,31.25,0,50,0.0,31.25,0,0.0,0,0.0,110,68.75,14.34,82.862,41.138,46.078,583.4,28.133,399.01,3.1,43.93,9.905,140.46,62.9,64.3,63.2,63.8,64.3,72.7,18.3,44.9,4092.0,4094,118
b20b69d2-bd242bf0,CTD-0.50,0.519345596680767,0.30897157517342894,0.8060225052525681,0.3891058987327616,2122,2326,1207,1119,915,119,41,25.62,0,41,0.0,25.62,0,0.0,0,0.0,119,74.38,15.22,89.591,41.942,46.179,630.32,28.761,432.2,3.121,46.86,10.06,151.25,63.1,64.5,63.0,63.8,64.5,78.8,18.5,45.9,4094.0,4098,125
b20b69d2-bd242bf0,CTD-0.70,0.6582440648137025,0.39879152230823434,0.8638044990685815,0.464117758827303,2122,2505,1481,1024,641,149,11,6.88,0,11,0.0,6.88,0,0.0,0,0.0,149,93.12,18.83,112.162,42.277,46.577,794.03,29.055,545.79,3.131,58.72,10.091,189.52,63.0,64.3,63.0,64.2,64.3,76.1,18.5,47.1,4096.0,4097,157
b20b69d2-bd242bf0,CTD-0.90,0.6666891607796236,0.4052062564006508,0.8684157224461704,0.4682090899487091,2122,2507,1495,1012,627,152,8,5.0,0,8,0.0,5.0,0,0.0,0,0.0,152,95.0,19.22,114.551,42.34,46.578,810.4,29.104,557.29,3.136,59.93,10.101,193.18,63.0,64.3,62.9,63.6,64.3,77.1,18.5,47.2,4105.0,4108,161
b20b69d2-ca16c907,CTD-0.30,0.5070732888253118,0.3292580970124499,0.8529928434960478,0.3515957580795486,891,802,496,306,395,76,122,61.62,0,122,0.0,61.62,0,0.0,0,0.0,76,38.38,10.13,44.205,39.957,46.564,403.98,27.125,274.34,3.018,30.42,9.814,99.23,62.4,64.1,62.4,63.4,64.1,80.8,17.5,42.5,4102.0,4105,84
b20b69d2-ca16c907,CTD-0.50,0.5212878967797194,0.33619613620408256,0.8606906462797946,0.3548883431924368,891,798,510,288,381,76,122,61.62,0,122,0.0,61.62,0,0.0,0,0.0,76,38.38,9.86,43.846,40.869,46.577,400.82,27.915,273.81,3.037,29.75,9.917,97.27,62.1,64.0,62.3,63.0,64.0,79.6,17.9,44.2,4101.0,4104,81
b20b69d2-ca16c907,CTD-0.70,0.587483755870875,0.39386544650908106,0.8949456305330694,0.38257800086418375,891,813,561,252,330,97,101,51.01,0,101,0.0,51.01,0,0.0,0,0.0,97,48.99,12.13,55.274,42.286,46.577,511.76,29.078,352.15,3.074,37.09,10.134,122.52,62.5,64.0,62.4,63.3,64.0,73.6,18.3,46.4,4103.0,4104,101
b20b69d2-ca16c907,CTD-0.90,0.5714521796237241,0.3896122537135367,0.8828401521449141,0.38788675711752635,891,845,542,303,349,101,97,48.99,0,97,0.0,48.99,0,0.0,0,0.0,101,51.01,12.58,57.506,42.687,46.463,532.97,29.43,367.67,3.077,38.31,10.181,126.98,62.6,63.8,62.5,63.9,63.9,82.5,18.3,47.0,4101.0,4102,104
b20b69d2-e31380a7,CTD-0.30,0.3234995363797745,0.19855473603115129,0.7023845730887169,0.2684468207955328,529,478,206,272,323,58,116,66.67,0,116,0.0,66.67,0,0.0,0,0.0,58,33.33,7.86,37.839,38.343,44.486,299.42,26.371,206.34,2.357,18.17,9.614,74.91,61.8,63.3,61.8,62.8,63.3,76.5,13.2,39.5,4102.0,4103,64
b20b69d2-e31380a7,CTD-0.50,0.4801998850909851,0.3177941580520343,0.8131610018573383,0.3621942406345341,529,531,275,256,254,71,103,59.2,0,103,0.0,59.2,0,0.0,0,0.0,71,40.8,9.07,46.164,40.712,45.581,364.77,28.19,252.66,2.596,23.16,9.927,88.94,61.7,63.4,61.8,62.6,63.4,84.7,14.9,43.9,4098.0,4099,75
b20b69d2-e31380a7,CTD-0.70,0.5392663147984186,0.37527617866860913,0.8596118707388796,0.3878116842200018,529,525,300,225,229,99,75,43.1,0,75,0.0,43.1,0,0.0,0,0.0,99,56.9,12.14,63.563,42.453,46.078,512.07,29.569,356.86,2.689,32.29,10.195,122.92,62.3,63.7,62.0,63.0,63.7,75.4,16.2,46.9,4102.0,4103,98
b20b69d2-e31380a7,CTD-0.90,0.6463730939453143,0.45273756081712857,0.913629314589637,0.4349801089072596,529,536,351,185,178,118,56,32.18,0,56,0.0,32.18,0,0.0,0,0.0,118,67.82,14.18,75.53,43.321,46.578,612.14,30.244,427.54,2.766,38.93,10.311,145.67,62.6,63.8,62.2,63.2,63.8,85.5,16.5,48.7,4104.0,4107,117
b20b69d2-ffc1d6af,CTD-0.30,0.5688795154538278,0.39092683638559933,0.9208641820720102,0.3766361988845544,1622,1405,948,457,674,137,62,31.16,0,62,0.0,31.16,0,0.0,0,0.0,137,68.84,17.59,79.161,41.413,44.598,725.38,28.46,498.73,2.988,52.23,9.965,174.42,62.1,63.6,62.2,63.2,63.6,74.3,18.9,46.3,4103.0,4105,143
b20b69d2-ffc1d6af,CTD-0.50,0.5878685098334433,0.4084278671602564,0.9257461526981487,0.3834845799731825,1622,1418,981,437,641,148,51,25.63,0,51,0.0,25.63,0,0.0,0,0.0,148,74.37,18.1,84.404,43.282,46.079,780.61,29.945,540.34,3.096,55.71,10.242,184.56,62.6,64.0,62.5,63.5,64.0,78.1,19.3,48.7,4103.0,4105,147
b20b69d2-ffc1d6af,CTD-0.70,0.5892500212288853,0.4099758175979596,0.9256228698788017,0.38471803288063894,1622,1423,983,440,639,149,50,25.13,0,50,0.0,25.13,0,0.0,0,0.0,149,74.87,18.24,85.163,43.335,46.477,790.88,29.985,547.56,3.088,56.23,10.261,187.09,62.8,64.0,62.5,63.3,64.1,89.8,19.2,48.4,4107.0,4110,148
b20b69d2-ffc1d6af,CTD-0.90,0.6332247352527153,0.44053635288626436,0.9473519722687325,0.39219513057467,1622,1395,1053,342,569,159,40,20.1,0,40,0.0,20.1,0,0.0,0,0.0,159,79.9,19.33,90.565,43.504,46.577,840.04,30.12,581.96,3.1,59.7,10.284,198.38,62.8,64.2,62.6,63.7,64.2,72.4,19.4,49.2,4105.0,4108,159
b20b9c19-91e01a50,CTD-0.30,0.6594304587619758,0.43750185756244814,0.8531465837298944,0.4667215181728699,1745,2093,1245,848,500,147,55,27.23,0,55,0.0,27.23,0,0.0,0,0.0,147,72.77,18.32,84.202,42.992,46.078,785.34,29.676,542.27,3.124,56.99,10.191,186.08,62.8,64.1,62.6,63.4,64.1,81.3,18.9,48.3,4108.0,4111,151
b20b9c19-91e01a50,CTD-0.50,0.6623601943940416,0.43639415498645145,0.8539310781748618,0.46998257955811096,1745,2107,1246,861,499,148,54,26.73,0,54,0.0,26.73,0,0.0,0,0.0,148,73.27,18.24,85.018,43.015,46.078,782.78,29.655,540.07,3.153,57.21,10.206,185.5,62.8,64.1,62.7,64.0,64.1,64.6,18.9,48.3,4111.0,4115,151
b20b9c19-91e01a50,CTD-0.70,0.667828849462702,0.44038132531653346,0.8575673070964694,0.4691252511280177,1745,2088,1259,829,486,147,55,27.23,0,55,0.0,27.23,0,0.0,0,0.0,147,72.77,18.06,84.127,43.245,46.079,779.43,29.871,538.61,3.161,56.86,10.212,183.95,62.7,64.2,62.7,63.5,64.2,79.6,19.0,48.8,4117.0,4119,151
b20b9c19-91e01a50,CTD-0.90,0.7307469288636759,0.4892141302099081,0.8755887036219699,0.5008362625283582,1745,2161,1365,796,380,162,40,19.8,0,40,0.0,19.8,0,0.0,0,0.0,162,80.2,19.72,92.359,43.76,46.578,857.44,30.27,593.22,3.175,62.16,10.315,202.06,63.1,64.3,62.9,63.6,64.3,76.4,18.9,49.5,4115.0,4117,166
b20d494a-cdebe83e,CTD-0.30,0.355137296393495,0.24341257574119393,0.7681650390901238,0.28135249730969736,1203,1032,459,573,744,92,106,53.54,0,106,0.0,53.54,0,0.0,0,0.0,92,46.46,11.49,52.705,42.566,46.577,484.98,29.342,334.49,3.085,35.05,10.14,115.44,62.9,64.2,62.6,63.5,64.2,82.3,18.5,46.4,4116.0,4118,96
b20d494a-cdebe83e,CTD-0.50,0.4946079973663978,0.31143714128987254,0.8275400083146105,0.3680720031300866,1203,1194,641,553,562,135,63,31.82,0,63,0.0,31.82,0,0.0,0,0.0,135,68.18,16.27,77.184,43.832,46.578,705.84,30.37,489.13,3.119,50.18,10.343,166.52,63.0,64.1,62.7,63.5,64.1,78.6,19.3,49.2,4115.0,4121,132
b20d494a-cdebe83e,CTD-0.70,0.5026526992091912,0.32043234519915303,0.8396416161184497,0.3694302181460245,1203,1173,647,526,556,146,52,26.26,0,52,0.0,26.26,0,0.0,0,0.0,146,73.74,17.32,82.863,44.336,46.976,762.69,30.78,529.59,3.13,53.78,10.426,179.31,63.3,64.3,62.9,63.8,64.3,74.9,18.9,50.2,4113.0,4115,145
b20d494a-cdebe83e,CTD-0.90,0.5433966225695219,0.35284746756555735,0.8557410988194258,0.39243681225977967,1203,1212,693,519,510,158,40,20.2,0,40,0.0,20.2,0,0.0,0,0.0,158,79.8,18.66,89.585,44.708,46.976,829.91,31.098,577.5,3.141,58.2,10.468,194.21,63.5,64.6,63.1,64.0,64.6,86.3,19.0,50.8,4113.0,4115,155
b20e291a-32ac11c1,CTD-0.30,0.7222037510424647,0.5097647831000341,0.9056689126882748,0.4839233146488434,2599,2965,1954,1011,645,194,8,3.96,0,8,0.0,3.96,0,0.0,0,0.0,194,96.04,24.21,112.095,42.82,45.183,1034.5,29.549,714.18,3.142,75.8,10.129,244.52,63.0,64.5,63.1,63.9,64.5,73.0,18.6,48.7,4116.0,4119,202
b20e291a-32ac11c1,CTD-0.50,0.7222037510424647,0.5097647831000341,0.9056689126882748,0.4839233146488434,2599,2965,1954,1011,645,194,8,3.96,0,8,0.0,3.96,0,0.0,0,0.0,194,96.04,23.96,112.287,43.302,45.58,1032.42,29.936,713.91,3.163,75.33,10.204,243.18,63.2,64.5,63.2,64.1,64.5,72.5,19.2,49.1,4118.0,4122,200
b20e291a-32ac11c1,CTD-0.70,0.7222037510424647,0.5097647831000341,0.9056689126882748,0.4839233146488434,2599,2965,1954,1011,645,194,8,3.96,0,8,0.0,3.96,0,0.0,0,0.0,194,96.04,24.07,112.431,43.023,45.581,1031.24,29.698,712.01,3.157,75.57,10.169,243.65,63.2,64.6,63.3,64.2,64.6,71.2,19.3,48.8,4124.0,4126,198
b20e291a-32ac11c1,CTD-0.90,0.7222037510424647,0.5097647831000341,0.9056689126882748,0.4839233146488434,2599,2965,1954,1011,645,194,8,3.96,0,8,0.0,3.96,0,0.0,0,0.0,194,96.04,23.79,111.698,43.472,45.681,1029.36,30.041,711.5,3.175,75.1,10.255,242.77,63.5,64.7,63.4,64.2,64.7,73.6,18.8,49.3,4123.0,4126,198
b20e291a-6012d836,CTD-0.30,0.6743761685637009,0.47074507009747746,0.9148700550149318,0.4352235586125991,2245,2263,1587,676,658,150,53,26.11,0,53,0.0,26.11,0,0.0,0,0.0,150,73.89,19.1,87.001,42.14,45.681,800.59,28.96,550.33,3.137,59.52,10.043,190.74,63.0,64.5,63.0,63.8,64.5,72.7,18.5,47.3,4124.0,4126,158
b20e291a-6012d836,CTD-0.50,0.6790884711751253,0.47713283152336067,0.9186321381049241,0.43660344001698775,2245,2255,1594,661,651,157,46,22.66,0,46,0.0,22.66,0,0.0,0,0.0,157,77.34,19.53,90.475,42.84,46.18,834.56,29.498,574.83,3.166,61.57,10.176,198.15,62.9,64.3,63.0,64.0,64.6,70.2,18.7,48.4,4126.0,4128,162
b20e291a-6012d836,CTD-0.70,0.6792452393010039,0.47708851220002674,0.9187957311926735,0.4366893663672413,2245,2255,1594,661,651,158,45,22.17,0,45,0.0,22.17,0,0.0,0,0.0,158,77.83,19.64,91.017,42.961,46.079,841.96,29.626,580.75,3.15,61.67,10.185,199.54,62.9,64.5,63.0,63.9,64.5,78.4,18.8,48.5,4126.0,4130,162
b20e291a-6012d836,CTD-0.90,0.6821416937120885,0.47920008800198177,0.9192720524871482,0.43830833514003587,2245,2260,1601,659,644,163,40,19.7,0,40,0.0,19.7,0,0.0,0,0.0,163,80.3,20.14,93.507,42.953,46.079,860.78,29.608,593.6,3.157,63.15,10.188,204.04,62.8,64.3,62.9,64.0,64.3,65.8,18.9,48.5,4126.0,4129,168
b20eae11-149766ce,CTD-0.30,0.10750824594622896,0.061773508009084,0.68366648541466,0.08853910022666797,1752,556,222,334,1530,67,136,67.0,0,136,0.0,67.0,0,0.0,0,0.0,67,33.0,8.71,37.606,40.028,46.591,347.24,27.501,238.85,2.647,22.79,9.881,85.6,62.2,63.8,62.1,63.0,63.8,81.4,15.0,42.4,4128.0,4129,71
b20eae11-149766ce,CTD-0.50,0.15850234003429745,0.09578175636796059,0.7898074202047703,0.1187652937544309,1752,599,314,285,1438,96,107,52.71,0,107,0.0,52.71,0,0.0,0,0.0,96,47.29,11.62,52.969,43.252,46.976,495.59,30.13,345.34,2.808,32.1,10.314,118.15,62.7,64.0,62.3,63.1,64.0,83.9,16.4,48.1,4126.0,4128,95
b20eae11-149766ce,CTD-0.70,0.1703668525156255,0.10226703977411718,0.828847134301307,0.12271291744228598,1752,574,331,243,1421,110,93,45.81,0,93,0.0,45.81,0,0.0,0,0.0,110,54.19,13.16,60.4,43.291,46.976,568.3,30.236,397.13,2.708,35.48,10.346,135.7,62.6,64.0,62.3,63.2,64.0,67.5,15.5,48.7,4127.0,4129,111
b20eae11-149766ce,CTD-0.90,0.18312402962254848,0.11096215446206995,0.8343721928005352,0.13237268157006232,1752,614,352,262,1400,121,82,40.39,0,82,0.0,40.39,0,0.0,0,0.0,121,59.61,14.34,66.106,43.761,46.591,626.26,30.655,438.96,2.69,38.32,10.416,148.97,62.8,63.9,62.3,63.0,63.9,87.1,15.6,49.6,4129.0,4130,119
b20eae11-18cd8ca2,CTD-0.30,0.15974710253836,0.07587906175503199,0.681277268346134,0.13002253867431612,1135,516,230,286,905,48,154,76.24,0,154,0.0,76.24,0,0.0,0,0.0,48,23.76,6.47,27.061,38.999,46.18,248.45,26.526,169.03,2.834,17.91,9.64,61.5,61.6,63.1,61.7,62.5,63.1,75.9,17.0,38.7,4130.0,4131,51
b20eae11-18cd8ca2,CTD-0.50,0.23406413011764107,0.12061249179473787,0.8051895706169144,0.16831803378206547,1135,537,300,237,835,71,131,64.85,0,131,0.0,64.85,0,0.0,0,0.0,71,35.15,8.91,39.643,41.624,46.578,367.9,28.564,252.67,3.005,26.44,10.056,88.79,62.0,63.2,61.8,62.6,63.2,81.5,18.6,43.8,4131.0,4132,73
b20eae11-18cd8ca2,CTD-0.70,0.29092950910759185,0.14978412570125804,0.8745835304368952,0.19632733192874927,1135,552,356,196,779,87,115,56.93,0,115,0.0,56.93,0,0.0,0,0.0,87,43.07,10.71,48.435,42.29,46.578,449.72,29.199,310.63,2.936,31.12,10.155,107.98,62.1,63.7,61.9,62.9,63.7,78.8,18.6,46.1,4135.0,4137,88
b20eae11-18cd8ca2,CTD-0.90,0.38817766928033864,0.2024701194719468,0.9160342260338902,0.24894117964528337,1135,653,462,191,673,116,86,42.57,0,86,0.0,42.57,0,0.0,0,0.0,116,57.43,13.78,63.9,44.024,46.976,599.14,30.558,415.95,3.07,41.71,10.396,141.49,62.4,63.8,62.2,63.3,63.8,85.1,18.7,49.5,4133.0,4135,114
b20eae11-6817ba7a,CTD-0.30,0.2844367599529571,0.16034224932108013,0.7846806010740037,0.2019779394779395,1560,888,538,350,1022,51,151,74.75,0,151,0.0,74.75,0,0.0,0,0.0,51,25.25,7.2,29.592,37.631,45.581,265.27,25.394,178.96,2.74,19.21,9.498,67.1,61.3,63.3,61.4,62.4,63.3,80.6,15.9,37.6,4136.0,4138,59
b20eae11-6817ba7a,CTD-0.50,0.28187639390452146,0.16801734634607832,0.8429787233063106,0.19401436159748178,1560,782,494,288,1066,70,132,65.35,0,132,0.0,65.35,0,0.0,0,0.0,70,34.65,8.96,39.275,40.951,45.694,361.99,28.126,248.74,2.895,25.5,9.931,87.76,61.5,63.1,61.5,62.5,63.1,79.0,17.0,43.3,4139.0,4141,74
b20eae11-6817ba7a,CTD-0.70,0.36420495991146595,0.2233185189792622,0.8949276686906655,0.23428969029430924,1560,866,614,252,946,112,90,44.55,0,90,0.0,44.55,0,0.0,0,0.0,112,55.45,13.58,62.021,42.905,46.578,577.71,29.795,401.4,2.89,38.8,10.219,137.51,61.9,63.4,61.7,62.5,63.4,75.4,17.6,47.8,4134.0,4136,112
b20eae11-6817ba7a,CTD-0.90,0.38032880303900407,0.23249801156582128,0.8888521120224673,0.24610242321780784,1560,910,648,262,912,129,73,36.14,0,73,0.0,36.14,0,0.0,0,0.0,129,63.86,15.47,71.296,43.649,46.578,671.6,30.386,467.82,2.918,44.67,10.345,159.11,62.3,63.5,62.0,63.0,63.5,85.2,17.5,49.1,4140.0,4143,127
b20ff95c-b9444127,CTD-0.30,0.4887059757596225,0.26426937429668784,0.8811164775876167,0.3337937130545274,787,644,409,235,378,78,24,23.53,0,24,0.0,23.53,0,0.0,0,0.0,78,76.47,9.49,86.702,42.787,46.477,405.29,29.457,279.21,3.125,29.51,10.206,96.57,62.2,63.5,61.9,62.7,63.5,84.3,18.6,45.9,4139.0,4140,79
b20ff95c-b9444127,CTD-0.50,0.4887059757596225,0.26426937429668784,0.8811164775876167,0.3337937130545274,787,644,409,235,378,78,24,23.53,0,24,0.0,23.53,0,0.0,0,0.0,78,76.47,9.39,86.688,43.049,46.578,404.95,29.734,279.88,3.094,29.02,10.221,96.05,61.9,63.6,61.8,62.7,63.6,89.1,18.7,46.7,4138.0,4139,78
b20ff95c-b9444127,CTD-0.70,0.4887059757596225,0.26426937429668784,0.8811164775876167,0.3337937130545274,787,644,409,235,378,78,24,23.53,0,24,0.0,23.53,0,0.0,0,0.0,78,76.47,9.36,86.442,43.096,46.578,399.43,29.716,275.72,3.135,28.94,10.244,94.77,62.1,63.2,61.8,62.7,63.2,72.8,19.1,46.4,4137.0,4138,79
b20ff95c-b9444127,CTD-0.90,0.5282201282454793,0.2949458289010455,0.9016318282453523,0.3481928561344063,787,648,439,209,348,85,17,16.67,0,17,0.0,16.67,0,0.0,0,0.0,85,83.33,10.16,94.14,43.471,46.477,438.26,30.033,303.02,3.123,31.41,10.315,103.83,62.2,63.5,61.9,62.9,63.5,86.5,19.1,47.4,4138.0,4140,83
b2102d00-5eb86b71,CTD-0.30,0.5785105934386437,0.38884339231925746,0.9105042690354422,0.37384556718282935,2413,2104,1470,634,943,146,56,27.72,0,56,0.0,27.72,0,0.0,0,0.0,146,72.28,18.11,83.311,42.78,45.581,767.11,29.536,529.61,3.081,55.21,10.164,182.29,62.1,63.4,62.1,63.0,63.4,76.5,19.2,48.3,4140.0,4142,148
b2102d00-5eb86b71,CTD-0.50,0.5785105934386437,0.38884339231925746,0.9105042690354422,0.37384556718282935,2413,2104,1470,634,943,146,56,27.72,0,56,0.0,27.72,0,0.0,0,0.0,146,72.28,17.67,83.105,43.51,46.079,766.84,30.077,530.34,3.148,55.34,10.286,181.16,62.3,63.7,62.1,63.2,63.7,84.2,19.1,49.0,4137.0,4141,148
b2102d00-5eb86b71,CTD-0.70,0.5625715906060547,0.37897968573093893,0.9106270113543461,0.3634410965392124,2413,2044,1430,614,983,144,58,28.71,0,58,0.0,28.71,0,0.0,0,0.0,144,71.29,17.35,81.506,43.735,46.079,753.35,30.265,521.42,3.152,54.24,10.318,177.69,62.4,63.6,62.1,62.8,63.6,79.0,19.1,49.3,4142.0,4144,145
b2102d00-5eb86b71,CTD-0.90,0.6320482808177891,0.4324894520826639,0.923828489884415,0.3922775475540929,2413,2153,1606,547,807,157,45,22.28,0,45,0.0,22.28,0,0.0,0,0.0,157,77.72,19.13,89.569,43.353,45.681,824.68,29.96,570.09,3.146,59.78,10.246,194.82,62.4,63.7,62.2,63.1,63.7,66.2,20.0,49.0,4144.0,4145,160
b2102d00-a8c09be1,CTD-0.30,0.6189176655580498,0.4413756460755889,0.9479514888465745,0.38116257897205286,1943,1623,1234,389,709,168,34,16.83,0,34,0.0,16.83,0,0.0,0,0.0,168,83.17,20.36,94.553,43.638,45.979,881.9,30.271,611.85,3.07,61.96,10.297,208.1,62.6,64.0,62.2,63.1,64.0,91.8,19.2,49.7,4145.0,4147,169
b2102d00-a8c09be1,CTD-0.50,0.6203838603759935,0.4430198140087274,0.9482813097807594,0.3825175360172787,1943,1628,1236,392,707,170,32,15.84,0,32,0.0,15.84,0,0.0,0,0.0,170,84.16,20.16,95.24,44.29,46.976,886.86,30.753,615.91,3.122,62.46,10.415,208.49,62.8,64.3,62.5,63.4,64.3,79.9,19.4,50.5,4146.0,4148,164
b2102d00-a8c09be1,CTD-0.70,0.6349909373436622,0.4538220841654387,0.9542202992523161,0.3853997905177408,1943,1623,1263,360,680,174,28,13.86,0,28,0.0,13.86,0,0.0,0,0.0,174,86.14,20.48,97.071,44.613,46.578,908.53,31.02,631.96,3.124,63.5,10.469,213.07,63.0,64.2,62.7,63.6,64.2,88.7,19.2,51.0,4148.0,4151,168
b2102d00-a8c09be1,CTD-0.90,0.6635684250910387,0.4828542812347122,0.9644898610578965,0.39634146341463417,1943,1640,1311,329,632,190,12,5.94,0,12,0.0,5.94,0,0.0,0,0.0,190,94.06,22.35,106.173,44.621,46.976,994.94,31.03,692.01,3.121,69.52,10.471,233.41,63.1,64.4,62.7,63.6,64.4,83.9,19.3,51.4,4151.0,4153,185
b2131b7b-e58faab7,CTD-0.30,0.15655734446063943,0.07953289181488986,0.5480166058000396,0.14933856399963505,970,678,214,464,756,37,165,81.68,0,165,0.0,81.68,0,0.0,0,0.0,37,18.32,5.4,21.375,36.532,41.792,193.01,24.549,129.76,2.714,14.35,9.269,48.9,61.6,63.3,61.9,62.6,63.3,77.4,15.0,34.6,4145.0,4148,44
b2131b7b-e58faab7,CTD-0.50,0.1599768807564072,0.08012414638796589,0.5615650573658195,0.14717601669723607,970,652,216,436,754,32,170,84.16,0,170,0.0,84.16,0,0.0,0,0.0,32,15.84,4.65,18.617,36.452,41.893,168.56,24.272,112.42,2.902,13.34,9.278,42.8,61.1,62.4,61.5,62.2,62.4,67.4,16.3,33.5,4147.0,4148,38
b2131b7b-e58faab7,CTD-0.70,0.23799608718723142,0.11956948479854217,0.6979785159485662,0.19814369742584276,970,652,280,372,690,61,141,69.8,0,141,0.0,69.8,0,0.0,0,0.0,61,30.2,7.85,34.215,40.263,45.581,316.36,27.703,217.99,2.719,21.25,9.84,77.12,61.5,62.9,61.3,62.0,62.9,73.6,15.8,42.1,4146.0,4148,65
b2131b7b-e58faab7,CTD-0.90,0.26948242465685546,0.14814787587229056,0.7333731882070696,0.21485867310609577,970,666,306,360,664,58,144,71.29,0,144,0.0,71.29,0,0.0,0,0.0,58,28.71,7.52,32.693,40.315,46.179,302.77,27.597,207.46,2.902,21.75,9.816,73.56,61.4,63.1,61.4,62.2,63.1,76.0,17.2,41.8,4143.0,4145,62
b213e4eb-09c01a17,CTD-0.30,0.6881437518269431,0.48952487109521714,0.9506377527505223,0.3936286736080869,1885,1608,1352,256,533,145,57,28.22,0,57,0.0,28.22,0,0.0,0,0.0,145,71.78,18.5,82.814,41.71,45.681,764.48,28.736,526.64,2.968,54.38,10.006,183.45,61.7,63.6,61.8,62.8,63.6,78.6,19.0,47.0,4148.0,4152,152
b213e4eb-09c01a17,CTD-0.50,0.70392663611011,0.5033749166398558,0.952244371770348,0.4016116043289384,1885,1637,1381,256,504,151,51,25.25,0,51,0.0,25.25,0,0.0,0,0.0,151,74.75,18.61,85.816,42.861,45.58,792.19,29.579,546.85,3.112,57.45,10.17,187.89,62.1,63.4,62.2,63.1,63.4,60.1,19.6,48.3,4155.0,4157,153
b213e4eb-09c01a17,CTD-0.70,0.7056756400606641,0.5058965096617057,0.9531717679379107,0.40265381459549476,1885,1639,1383,256,502,153,49,24.26,0,49,0.0,24.26,0,0.0,0,0.0,153,75.74,18.49,86.101,43.613,46.578,802.84,30.16,555.49,3.144,57.76,10.308,189.59,62.5,64.0,62.3,63.1,64.0,79.9,19.0,49.2,4156.0,4158,155
b213e4eb-09c01a17,CTD-0.90,0.7139997681256889,0.5153048693971635,0.9541603416417878,0.4069241353651144,1885,1654,1398,256,487,160,42,20.79,0,42,0.0,20.79,0,0.0,0,0.0,160,79.21,19.3,90.129,43.738,46.079,838.08,30.274,580.09,3.138,60.12,10.326,197.87,62.6,64.0,62.5,63.3,64.0,77.8,18.9,49.8,4158.0,4161,161
b214d1e1-f248c616,CTD-0.30,0.5342125072864601,0.36255089474704116,0.9228424118414343,0.3451354392407378,2069,1631,1148,483,921,161,39,19.5,0,39,0.0,19.5,0,0.0,0,0.0,161,80.5,19.51,91.475,43.708,46.079,845.12,30.235,584.54,3.134,60.59,10.339,199.99,62.7,63.9,62.6,63.6,63.9,80.4,19.0,49.6,4158.0,4161,163
b214d1e1-f248c616,CTD-0.50,0.5467431152113222,0.3781418912142214,0.929739307181086,0.35146372205205434,2069,1642,1168,474,901,175,25,12.5,0,25,0.0,12.5,0,0.0,0,0.0,175,87.5,20.94,99.359,44.092,46.591,919.52,30.547,637.16,3.161,65.85,10.384,216.51,62.7,63.9,62.6,63.5,63.9,73.0,19.6,50.3,4154.0,4156,175
b214d1e1-f248c616,CTD-0.70,0.5469363169294829,0.3785043486979044,0.9299942283012517,0.3515735151876579,2069,1642,1168,474,901,176,24,12.0,0,24,0.0,12.0,0,0.0,0,0.0,176,88.0,20.82,99.213,44.481,46.578,920.1,30.875,638.75,3.165,65.42,10.441,215.93,62.9,64.2,62.7,63.6,64.2,90.8,19.3,50.8,4154.0,4157,174
b214d1e1-f248c616,CTD-0.90,0.5469363169294829,0.3785043486979044,0.9299942283012517,0.3515735151876579,2069,1642,1168,474,901,176,24,12.0,0,24,0.0,12.0,0,0.0,0,0.0,176,88.0,20.85,99.428,44.447,46.591,921.94,30.836,639.78,3.163,65.52,10.448,216.64,63.2,64.4,62.9,64.2,64.4,82.8,19.2,50.6,4153.0,4156,174
b21547c1-73e457f8,CTD-0.30,0.5130775365586604,0.3527939685881599,0.8933400473298203,0.33464075132915516,2076,1662,1143,519,933,117,86,42.36,0,86,0.0,42.36,0,0.0,0,0.0,117,57.64,14.44,66.181,42.641,46.079,610.04,29.355,419.99,3.108,44.43,10.178,145.62,62.4,63.8,62.4,63.3,63.8,76.8,18.7,47.4,4156.0,4158,118
b21547c1-73e457f8,CTD-0.50,0.5328532193177753,0.371707522100125,0.9101708159817357,0.3399195374783794,2076,1642,1173,469,903,127,76,37.44,0,76,0.0,37.44,0,0.0,0,0.0,127,62.56,15.35,71.353,43.373,46.578,661.37,29.936,456.66,3.141,47.81,10.296,156.9,62.7,64.2,62.4,63.2,64.0,77.4,19.4,48.6,4158.0,4160,127
b21547c1-73e457f8,CTD-0.70,0.5363124365251293,0.3760663673371256,0.9119848806380785,0.34131734947892495,2076,1644,1179,465,897,131,72,35.47,0,72,0.0,35.47,0,0.0,0,0.0,131,64.53,15.94,73.931,43.182,46.18,684.56,29.789,472.39,3.142,49.73,10.251,162.43,62.6,63.8,62.4,63.2,63.8,76.8,19.6,48.4,4159.0,4161,128
b21547c1-73e457f8,CTD-0.90,0.5459035924031652,0.38501569507652267,0.9181722687542749,0.3467415944997006,2076,1654,1192,462,884,135,68,33.5,0,68,0.0,33.5,0,0.0,0,0.0,135,66.5,16.33,75.958,43.624,46.591,709.1,30.148,490.24,3.156,51.22,10.32,167.64,62.8,64.3,62.4,63.3,64.3,83.3,20.0,48.9,4160.0,4163,135
b21547c1-796757ac,CTD-0.30,0.17296262702169732,0.10814414546292313,0.8200148515447061,0.1125964826647299,2365,719,482,237,1883,70,132,65.35,0,132,0.0,65.35,0,0.0,0,0.0,70,34.65,9.5,40.109,39.422,46.079,372.67,26.833,253.75,2.869,27.07,9.72,91.86,61.9,63.5,61.8,62.4,63.5,75.5,18.3,41.8,4157.0,4158,78
b21547c1-796757ac,CTD-0.50,0.1885205833964163,0.11638606869950319,0.8478306117279475,0.11878151481965177,2365,722,512,210,1853,80,122,60.4,0,122,0.0,60.4,0,0.0,0,0.0,80,39.6,10.08,44.859,41.958,46.578,418.56,28.851,288.14,3.04,30.17,10.067,100.25,62.1,63.5,61.8,62.5,63.5,82.2,18.9,45.2,4156.0,4159,82
b21547c1-796757ac,CTD-0.70,0.24166542971743837,0.14085144527442178,0.8761889758331657,0.14968238869006925,2365,869,636,233,1729,103,99,49.01,0,99,0.0,49.01,0,0.0,0,0.0,103,50.99,12.57,57.328,43.223,46.578,541.33,29.879,374.39,3.084,38.53,10.26,128.41,62.4,63.7,62.0,62.7,63.6,82.3,19.2,47.9,4157.0,4159,102
b21547c1-796757ac,CTD-0.90,0.2165943612609642,0.1260022683866145,0.8605142446217223,0.13502413934555552,2365,804,580,224,1785,92,110,54.46,0,110,0.0,54.46,0,0.0,0,0.0,92,45.54,11.37,51.326,42.483,46.578,482.15,29.31,332.88,3.041,34.42,10.132,114.85,62.1,63.6,61.9,62.7,63.5,79.9,19.2,46.7,4161.0,4164,94
b2156f8e-72e1547c,CTD-0.30,0.2938278008406082,0.1888681586203284,0.7602393908928766,0.22229724045095067,840,566,290,276,550,54,137,71.73,0,137,0.0,71.73,0,0.0,0,0.0,54,28.27,7.73,32.818,37.242,44.2,284.81,25.208,193.11,2.588,19.6,9.446,72.1,61.1,62.8,61.3,62.2,62.8,65.5,16.0,38.3,4163.0,4165,64
b2156f8e-72e1547c,CTD-0.50,0.3226729064687159,0.21748112950681744,0.7775831745473898,0.24466256701356043,840,604,310,294,530,67,124,64.92,0,124,0.0,64.92,0,0.0,0,0.0,67,35.08,8.71,40.118,40.142,46.078,345.08,27.549,237.05,2.724,23.3,9.869,84.73,61.3,63.0,61.2,62.1,63.0,81.7,16.6,42.8,4166.0,4167,70
b2156f8e-72e1547c,CTD-0.70,0.323242818424476,0.21853679031271572,0.7789296723125161,0.24470899470899468,840,603,310,293,530,68,123,64.4,0,123,0.0,64.4,0,0.0,0,0.0,68,35.6,8.85,40.857,40.176,46.079,352.3,27.597,242.22,2.676,23.35,9.904,86.74,61.3,62.9,61.2,62.1,62.9,82.6,16.7,42.9,4168.0,4169,72
b2156f8e-72e1547c,CTD-0.90,0.37080070720346275,0.25734960904129406,0.8279729654742055,0.2661364711447493,840,604,342,262,498,72,119,62.3,0,119,0.0,62.3,0,0.0,0,0.0,72,37.7,9.21,42.779,41.075,46.079,378.38,28.228,260.33,2.865,26.25,9.981,91.81,61.5,62.7,61.3,62.4,62.7,81.6,17.1,44.0,4167.0,4169,76
b215943a-10e44587,CTD-0.30,0.387728615528941,0.23523633309505193,0.7558206169509609,0.29064316044229965,792,697,370,327,422,81,110,57.59,0,110,0.0,57.59,0,0.0,0,0.0,81,42.41,10.95,48.776,39.056,45.594,427.29,26.812,293.55,2.563,27.87,9.682,105.87,61.0,62.7,61.0,61.9,62.7,77.9,16.6,41.9,4167.0,4168,89
b215943a-10e44587,CTD-0.50,0.4194382108780741,0.2644595192078252,0.7954365831777753,0.3120815295815296,792,700,378,322,414,89,102,53.4,0,102,0.0,53.4,0,0.0,0,0.0,89,46.6,11.07,52.437,42.082,46.078,459.23,29.2,318.82,2.778,30.17,10.104,110.25,61.5,63.0,61.2,62.1,63.0,82.7,17.3,46.0,4167.0,4169,90
b215943a-10e44587,CTD-0.70,0.45351523737404864,0.28839216046289445,0.8138138420092075,0.33506077256077255,792,728,400,328,392,97,94,49.21,0,94,0.0,49.21,0,0.0,0,0.0,97,50.79,12.07,57.438,41.922,46.578,502.11,29.038,348.13,2.758,32.83,10.125,121.15,61.7,63.1,61.3,62.4,63.1,83.9,17.4,46.1,4162.0,4164,98
b215943a-10e44587,CTD-0.90,0.5160435153962989,0.33998432856563887,0.8538687974591991,0.36449856186698293,792,741,442,299,350,113,78,40.84,0,78,0.0,40.84,0,0.0,0,0.0,113,59.16,13.88,66.789,42.413,46.591,583.64,29.463,405.62,2.794,38.35,10.156,139.67,61.8,63.1,61.6,62.5,63.1,66.6,17.8,47.4,4166.0,4167,114
b216243d-55963da2,CTD-0.30,0.6280727914706875,0.464158497151394,0.9468218997269996,0.38473666353197283,1713,1447,1107,340,606,78,25,24.27,0,25,0.0,24.27,0,0.0,0,0.0,78,75.73,10.33,91.149,39.716,44.186,404.35,27.115,276.07,2.873,29.2,9.728,99.07,61.0,62.8,61.4,62.2,62.8,63.5,19.0,42.7,4165.0,4167,84
b216243d-55963da2,CTD-0.50,0.6280727914706875,0.464158497151394,0.9468218997269996,0.38473666353197283,1713,1447,1107,340,606,78,25,24.27,0,25,0.0,24.27,0,0.0,0,0.0,78,75.73,9.86,90.071,41.211,44.584,403.76,28.195,276.43,3.088,30.15,9.928,97.18,61.1,62.9,61.4,62.3,62.9,79.3,19.2,44.4,4165.0,4166,82
b216243d-55963da2,CTD-0.70,0.6578937588218581,0.4878049065567633,0.9528540139234656,0.39860390910175214,1713,1483,1156,327,557,77,26,25.24,0,26,0.0,25.24,0,0.0,0,0.0,77,74.76,9.87,89.93,40.74,44.683,397.28,27.851,271.67,2.993,29.14,9.896,96.48,61.0,62.8,61.3,62.4,62.8,77.2,18.9,43.8,4167.0,4168,81
b216243d-55963da2,CTD-0.90,0.6744704258711386,0.5041754361552176,0.9576973444472373,0.40330976278804087,1713,1488,1183,305,530,85,18,17.48,0,18,0.0,17.48,0,0.0,0,0.0,85,82.52,10.73,98.138,41.617,45.082,440.6,28.581,302.67,3.049,32.24,9.987,105.69,61.3,62.6,61.4,62.4,62.6,65.5,19.3,44.9,4168.0,4170,88
b216243d-ad4306b9,CTD-0.30,0.5972675609126479,0.4001801399172198,0.9141194711890589,0.3859619489994605,1093,975,686,289,407,62,41,39.81,0,41,0.0,39.81,0,0.0,0,0.0,62,60.19,8.32,71.883,39.135,43.699,321.72,26.559,218.41,2.916,23.94,9.66,79.37,61.0,62.6,61.1,61.8,62.6,59.4,19.0,40.4,4170.0,4171,68
b216243d-ad4306b9,CTD-0.50,0.6329887517512768,0.442746511818701,0.9243384640177154,0.40578883878435107,1093,1011,719,292,374,73,30,29.13,0,30,0.0,29.13,0,0.0,0,0.0,73,70.87,9.09,82.608,41.808,45.581,374.99,28.693,257.37,3.095,27.71,10.021,89.9,61.2,62.6,61.2,62.3,62.6,67.8,19.0,44.5,4173.0,4174,75
b216243d-ad4306b9,CTD-0.70,0.6659220305156286,0.45535428559582314,0.9439100471561215,0.4068818676949616,1093,978,753,225,340,75,28,27.18,0,28,0.0,27.18,0,0.0,0,0.0,75,72.82,9.18,84.216,42.372,46.578,388.3,29.124,267.06,3.117,28.49,10.131,92.75,61.6,63.3,61.3,62.2,63.3,83.2,18.6,45.3,4172.0,4173,77
b216243d-ad4306b9,CTD-0.90,0.695952743577819,0.5071898304982108,0.9567628552153159,0.42378975498829113,1093,999,776,223,317,95,8,7.77,0,8,0.0,7.77,0,0.0,0,0.0,95,92.23,11.37,105.409,43.666,46.591,492.21,30.208,340.75,3.13,35.18,10.328,116.28,62.1,63.2,61.4,62.1,63.2,95.0,19.1,47.7,4174.0,4176,95
b2169b74-fa197951,CTD-0.30,0.5942508938216893,0.39820959843802306,0.8948937993624557,0.39198790918040866,2040,1912,1291,621,749,113,90,44.33,0,90,0.0,44.33,0,0.0,0,0.0,113,55.67,14.61,64.982,41.16,44.584,601.2,28.258,412.99,2.992,43.53,9.91,144.67,61.3,63.2,61.7,62.8,63.2,68.2,18.1,45.9,4174.0,4176,121
b2169b74-fa197951,CTD-0.50,0.6197014549232887,0.4168286124321153,0.9090986088090159,0.3983828183172003,2040,1896,1338,558,702,120,83,40.89,0,83,0.0,40.89,0,0.0,0,0.0,120,59.11,15.07,68.615,42.659,45.581,641.26,29.399,442.09,3.113,46.68,10.148,152.49,61.9,63.3,61.7,62.7,63.3,84.3,18.6,47.3,4174.0,4178,126
b2169b74-fa197951,CTD-0.70,0.6379556120672175,0.4156822971350652,0.916341122399853,0.39845769497509614,2040,1866,1382,484,658,115,88,43.35,0,88,0.0,43.35,0,0.0,0,0.0,115,56.65,14.44,65.606,42.425,46.078,609.96,29.232,420.65,3.1,44.4,10.093,144.91,61.8,63.2,61.7,62.6,63.2,79.8,18.3,47.1,4175.0,4177,121
b2169b74-fa197951,CTD-0.90,0.6889299835415961,0.45407562065767193,0.9218100694170024,0.4205837080855944,2040,1949,1493,456,547,139,64,31.53,0,64,0.0,31.53,0,0.0,0,0.0,139,68.47,17.15,78.904,43.313,46.476,736.5,29.945,509.27,3.123,52.99,10.245,174.24,62.2,63.5,61.9,62.7,63.5,83.8,18.6,48.6,4175.0,4177,142
b21742c2-0e7a2b57,CTD-0.30,0.43404714923239485,0.2870951501604604,0.901871559450006,0.2775316481354357,2128,1391,989,402,1139,116,86,42.57,0,86,0.0,42.57,0,0.0,0,0.0,116,57.43,14.61,65.655,42.168,45.992,609.69,28.993,419.31,3.121,45.05,10.055,145.33,61.8,63.1,61.6,62.3,63.1,72.7,18.5,46.6,4173.0,4175,122
b21742c2-0e7a2b57,CTD-0.50,0.43732580577019964,0.29204717592075286,0.8998942944886292,0.28237355351785515,2128,1421,995,426,1133,120,82,40.59,0,82,0.0,40.59,0,0.0,0,0.0,120,59.41,14.76,67.505,43.03,46.092,632.15,29.693,436.42,3.144,46.08,10.193,149.65,62.0,63.3,61.7,62.5,63.2,83.7,19.0,47.7,4173.0,4176,123
b21742c2-0e7a2b57,CTD-0.70,0.4325303018736073,0.2882418187114336,0.9063483784111181,0.2762350745860284,2128,1374,981,393,1147,119,83,41.09,0,83,0.0,41.09,0,0.0,0,0.0,119,58.91,14.67,67.05,42.963,46.094,624.26,29.643,430.71,3.134,45.52,10.186,148.02,62.2,63.4,61.9,62.6,63.4,79.5,18.7,47.7,4176.0,4177,122
b21742c2-0e7a2b57,CTD-0.90,0.43479361145076456,0.28425472220855363,0.9100704314499654,0.2759060673279098,2128,1366,983,383,1145,119,83,41.09,0,83,0.0,41.09,0,0.0,0,0.0,119,58.91,14.66,67.034,43.107,46.092,629.1,29.748,434.33,3.146,45.82,10.213,148.95,62.3,63.4,61.9,62.8,63.4,92.4,18.9,47.6,4177.0,4180,122
b21742c2-18d3463a,CTD-0.30,0.6715749221190414,0.40414750044804854,0.8662460759038064,0.4679197719763191,3260,3771,2384,1387,876,191,11,5.45,0,11,0.0,5.45,0,0.0,0,0.0,191,94.55,24.63,113.651,41.829,45.581,1027.05,28.764,706.53,3.097,75.98,9.967,244.54,61.9,63.5,62.1,63.0,63.5,73.4,18.9,47.0,4178.0,4180,198
b21742c2-18d3463a,CTD-0.50,0.6716364423707955,0.4054575012973687,0.8661223983776054,0.4685126800736132,3260,3777,2383,1394,877,194,8,3.96,0,8,0.0,3.96,0,0.0,0,0.0,194,96.04,24.71,115.602,42.358,45.581,1046.05,29.181,720.98,3.137,77.35,10.039,247.72,62.0,63.7,62.0,62.9,63.7,84.8,19.3,47.7,4184.0,4187,198
b21742c2-18d3463a,CTD-0.70,0.6716364423707955,0.4054575012973687,0.8661223983776054,0.4685126800736132,3260,3777,2383,1394,877,194,8,3.96,0,8,0.0,3.96,0,0.0,0,0.0,194,96.04,24.68,115.531,42.237,45.094,1037.17,29.056,713.63,3.139,77.03,10.041,246.51,62.0,63.2,62.1,63.0,63.2,69.4,19.2,47.6,4188.0,4190,199
b21742c2-18d3463a,CTD-0.90,0.6716364423707955,0.4054575012973687,0.8661223983776054,0.4685126800736132,3260,3777,2383,1394,877,194,8,3.96,0,8,0.0,3.96,0,0.0,0,0.0,194,96.04,24.54,114.985,42.509,45.082,1038.85,29.286,715.96,3.145,76.73,10.078,246.17,62.2,63.5,62.0,62.9,63.5,75.6,19.3,47.8,4189.0,4191,199
b2194b15-1825056a,CTD-0.30,0.3783448427366778,0.2583010696579412,0.896565027187776,0.24244744053631323,1798,1044,728,316,1070,113,90,44.33,0,90,0.0,44.33,0,0.0,0,0.0,113,55.67,13.96,62.754,42.632,45.696,593.94,29.435,410.4,3.034,42.11,10.163,141.43,62.1,63.4,61.8,62.7,63.4,82.2,18.1,46.8,4188.0,4190,118
b2194b15-1825056a,CTD-0.50,0.40209581375900705,0.27879756832947294,0.9123246926523387,0.2574867136324311,1798,1080,760,320,1038,142,61,30.05,0,61,0.0,30.05,0,0.0,0,0.0,142,69.95,16.89,78.315,44.031,46.193,740.73,30.59,514.87,3.063,51.39,10.378,174.47,62.5,63.8,62.1,62.9,63.8,84.2,18.5,49.8,4192.0,4195,140
b2194b15-1825056a,CTD-0.70,0.4125426162820978,0.2873967591717926,0.9249377526835056,0.25721020404286443,1798,1054,777,277,1021,150,53,26.11,0,53,0.0,26.11,0,0.0,0,0.0,150,73.89,17.73,82.47,44.097,46.578,779.5,30.65,542.06,3.066,54.06,10.38,183.38,62.5,63.8,62.3,63.3,63.8,63.4,18.7,50.2,4192.0,4195,150
b2194b15-1825056a,CTD-0.90,0.4276597751484832,0.2987390375812771,0.9325422190929553,0.2651242397320415,1798,1073,800,273,998,162,41,20.2,0,41,0.0,20.2,0,0.0,0,0.0,162,79.8,19.07,89.052,44.453,46.976,846.55,30.913,588.98,3.086,58.63,10.453,198.94,62.8,64.1,62.5,63.5,64.1,84.1,18.7,50.8,4195.0,4196,161
b21bfb83-ea32f716,CTD-0.30,0.4621982416995589,0.2835753467810441,0.8948371989998269,0.28152375994645645,2380,1582,1208,374,1172,64,138,68.32,0,138,0.0,68.32,0,0.0,0,0.0,64,31.68,8.74,37.259,39.257,45.581,342.99,26.549,232.31,3.041,26.43,9.666,84.25,62.0,63.4,62.2,63.2,63.4,72.2,17.9,41.1,4199.0,4200,72
b21bfb83-ea32f716,CTD-0.50,0.48171630848754265,0.30882883565703956,0.9122103964809827,0.28814780342516755,2380,1580,1237,343,1143,79,123,60.89,0,123,0.0,60.89,0,0.0,0,0.0,79,39.11,10.18,45.163,41.438,45.681,413.46,28.398,283.38,3.094,30.85,9.946,99.24,61.8,63.0,61.8,62.6,63.0,78.4,18.6,44.1,4201.0,4202,83
b21bfb83-ea32f716,CTD-0.70,0.5053259357119673,0.31947804920190337,0.9297050454117877,0.2975082253015058,2380,1581,1278,303,1102,81,121,59.9,0,121,0.0,59.9,0,0.0,0,0.0,81,40.1,10.45,46.477,41.093,45.979,429.9,28.08,294.04,3.111,32.42,9.903,103.45,61.7,62.8,61.8,62.5,62.8,72.2,18.4,44.0,4202.0,4203,86
b21bfb83-ea32f716,CTD-0.90,0.5572036224080199,0.3747799704536061,0.9607448595357816,0.3169019190544002,2380,1611,1368,243,1012,126,76,37.62,0,76,0.0,37.62,0,0.0,0,0.0,126,62.38,15.39,70.922,43.306,46.079,663.55,29.915,458.62,3.152,48.18,10.239,156.76,62.1,63.5,61.9,62.8,63.5,81.0,19.0,48.3,4199.0,4200,131
b21c68e6-65674a17,CTD-0.30,0.28018366240962106,0.1565734901516644,0.8010504272224424,0.21325521458331984,1742,1062,525,537,1217,102,101,49.75,0,101,0.0,49.75,0,0.0,0,0.0,102,50.25,12.75,56.9,41.995,45.696,532.29,29.049,368.34,2.866,36.16,10.079,127.79,62.0,63.2,61.8,62.8,63.2,70.8,17.0,46.6,4193.0,4196,107
b21c68e6-65674a17,CTD-0.50,0.30932172367202976,0.17648409732011602,0.818558326628644,0.2293096598945074,1742,1104,581,523,1161,110,93,45.81,0,93,0.0,45.81,0,0.0,0,0.0,110,54.19,13.4,61.307,42.987,46.591,571.14,29.802,396.1,2.928,38.85,10.257,136.19,62.2,63.6,61.9,62.7,63.6,80.6,17.2,48.1,4192.0,4193,110
b21c68e6-65674a17,CTD-0.70,0.3092451729347338,0.17714421168362932,0.8201124852775639,0.22914466130884042,1742,1100,580,520,1162,111,92,45.32,0,92,0.0,45.32,0,0.0,0,0.0,111,54.68,13.48,61.675,43.021,46.678,577.62,29.815,400.66,2.954,39.5,10.252,137.46,62.2,63.6,61.9,62.8,63.6,82.6,17.4,48.0,4194.0,4195,112
b21c68e6-65674a17,CTD-0.90,0.40226610592794354,0.23032683014365823,0.8823740905832185,0.27677067610017075,1742,1182,740,442,1002,155,48,23.65,0,48,0.0,23.65,0,0.0,0,0.0,155,76.35,18.37,85.665,44.163,46.591,807.04,30.77,562.59,2.974,54.16,10.418,190.29,62.5,63.8,62.2,63.3,63.8,81.5,18.0,50.4,4194.0,4196,151
b21c86ac-0dc77d82,CTD-0.30,0.5447463998908499,0.3398865903764595,0.892473271986776,0.32732284068017165,1832,1396,1108,288,724,30,172,85.15,0,172,0.0,85.15,0,0.0,0,0.0,30,14.85,5.09,19.052,32.232,41.908,160.29,20.658,102.83,2.855,14.13,8.719,43.33,60.2,62.1,61.1,61.8,62.1,59.0,16.1,29.2,4196.0,4197,41
b21c86ac-0dc77d82,CTD-0.50,0.5947292211793822,0.3843741506107167,0.9269023236908044,0.350705978162883,1832,1429,1164,265,668,40,162,80.2,0,162,0.0,80.2,0,0.0,0,0.0,40,19.8,6.03,24.364,35.826,45.197,210.06,23.672,138.68,2.95,17.31,9.205,54.07,60.2,61.8,60.9,61.8,61.8,58.5,17.0,34.8,4196.0,4198,49
b21c86ac-0dc77d82,CTD-0.70,0.6549050086494359,0.43868081521312857,0.9682022534290353,0.36441024657995374,1832,1401,1233,168,599,46,156,77.23,0,156,0.0,77.23,0,0.0,0,0.0,46,22.77,6.67,27.513,36.809,45.681,242.97,24.446,161.58,3.004,19.73,9.359,61.66,60.3,62.0,60.8,61.6,62.0,74.9,17.4,36.9,4198.0,4199,55
b21c86ac-0dc77d82,CTD-0.90,0.6733038538187213,0.46393485897662845,0.967140990658616,0.3715148599692616,1832,1432,1270,162,562,70,132,65.35,0,132,0.0,65.35,0,0.0,0,0.0,70,34.65,9.28,40.391,40.239,46.079,369.58,27.359,251.39,3.051,27.96,9.829,90.23,60.9,62.7,60.9,61.8,62.7,71.4,18.1,42.8,4198.0,4199,77
b21c86ac-2eb7ba16,CTD-0.30,0.7765208397489286,0.5609019942301527,0.9537564482090277,0.4766518424948244,2889,2989,2290,699,599,193,10,4.93,0,10,0.0,4.93,0,0.0,0,0.0,193,95.07,24.15,111.819,42.513,44.982,1023.17,29.335,706.27,3.102,74.56,10.076,242.34,61.5,63.1,61.5,62.7,63.1,61.3,19.2,48.4,4200.0,4202,200
b21c86ac-2eb7ba16,CTD-0.50,0.7833545373585569,0.5666222837197771,0.9556739670227323,0.4776708046984664,2889,2985,2310,675,579,195,8,3.94,0,8,0.0,3.94,0,0.0,0,0.0,195,96.06,23.73,112.253,43.526,46.094,1030.12,30.114,713.02,3.166,74.78,10.246,242.32,62.1,63.4,62.1,63.2,63.5,75.9,18.9,49.8,4201.0,4202,198
b21c86ac-2eb7ba16,CTD-0.70,0.7833545373585569,0.5666222837197771,0.9556739670227323,0.4776708046984664,2889,2985,2310,675,579,195,8,3.94,0,8,0.0,3.94,0,0.0,0,0.0,195,96.06,23.77,112.414,43.507,45.681,1032.04,30.078,713.72,3.159,74.84,10.27,243.48,62.4,63.6,62.4,63.8,63.8,77.1,19.0,49.8,4202.0,4205,198
b21c86ac-2eb7ba16,CTD-0.90,0.7833545373585569,0.5666222837197771,0.9556739670227323,0.4776708046984664,2889,2985,2310,675,579,195,8,3.94,0,8,0.0,3.94,0,0.0,0,0.0,195,96.06,23.74,112.301,43.564,45.992,1032.66,30.144,714.72,3.15,74.55,10.27,243.4,62.5,64.0,62.3,63.1,64.0,77.9,18.9,49.8,4205.0,4208,198
b21c86ac-71205084,CTD-0.30,0.6249915773151025,0.4381126550127005,0.9205925934904094,0.3889117339725859,1914,1700,1264,436,650,135,67,33.17,0,67,0.0,33.17,0,0.0,0,0.0,135,66.83,16.63,76.462,43.046,46.477,714.37,29.687,492.95,3.145,52.05,10.214,169.37,62.7,64.2,62.3,63.2,64.2,86.9,18.7,47.7,4211.0,4214,139
b21c86ac-71205084,CTD-0.50,0.6718264201357422,0.48905429130335304,0.9412024887913515,0.41204995039271924,1914,1742,1333,409,581,163,39,19.31,0,39,0.0,19.31,0,0.0,0,0.0,163,80.69,19.46,91.547,44.127,46.578,855.39,30.574,592.87,3.161,61.17,10.393,201.35,62.8,63.9,62.5,63.3,63.9,78.2,19.2,50.1,4214.0,4217,163
b21c86ac-71205084,CTD-0.70,0.6799066335651929,0.49608231960901017,0.9413460314431242,0.41701804138690124,1914,1762,1349,413,565,174,28,13.86,0,28,0.0,13.86,0,0.0,0,0.0,174,86.14,20.71,97.68,44.186,46.578,911.43,30.631,631.95,3.165,65.22,10.389,214.27,62.8,63.8,62.7,63.7,63.8,68.6,19.3,50.5,4210.0,4214,173
b21c86ac-71205084,CTD-0.90,0.7013095466817687,0.5154729277487143,0.946479062285968,0.4245329118323122,1914,1777,1389,388,525,179,23,11.39,0,23,0.0,11.39,0,0.0,0,0.0,179,88.61,21.2,100.129,44.392,46.593,937.9,30.796,650.97,3.17,66.82,10.426,220.11,63.1,64.2,62.8,63.6,64.2,74.5,19.2,50.8,4211.0,4216,176
b21d5efb-5e2cd743,CTD-0.30,0.22498416503942734,0.12747388565368054,0.8070039056134313,0.1639380071999512,1350,607,349,258,1001,89,113,55.94,0,113,0.0,55.94,0,0.0,0,0.0,89,44.06,11.17,49.839,41.512,46.591,460.85,28.75,319.27,2.649,29.3,10.113,112.27,62.5,64.0,62.3,63.3,64.0,77.6,15.6,45.8,4214.0,4217,92
b21d5efb-5e2cd743,CTD-0.50,0.2332977615425887,0.13305832789771949,0.8209007310879104,0.16756116907681978,1350,607,357,250,993,99,103,50.99,0,103,0.0,50.99,0,0.0,0,0.0,99,49.01,11.91,54.887,42.947,46.591,505.6,29.917,352.34,2.723,31.98,10.307,121.28,62.6,64.0,62.2,63.3,64.0,78.3,15.8,48.0,4213.0,4215,98
b21d5efb-5e2cd743,CTD-0.70,0.2375640874066817,0.13827064011915752,0.8345164431992017,0.16732246580475924,1350,593,360,233,990,106,96,47.52,0,96,0.0,47.52,0,0.0,0,0.0,106,52.48,12.67,58.633,43.117,46.591,547.57,30.051,382.02,2.742,34.62,10.324,130.94,62.6,63.9,62.2,63.1,63.9,81.9,16.0,48.4,4215.0,4217,104
b21d5efb-5e2cd743,CTD-0.90,0.2646536192486092,0.15416217139187388,0.8607181577462139,0.1763435247327865,1350,596,398,198,952,112,90,44.55,0,90,0.0,44.55,0,0.0,0,0.0,112,55.45,13.36,62.052,43.466,47.089,578.96,30.291,403.7,2.802,37.29,10.372,137.97,62.7,64.0,62.3,63.2,64.0,84.2,16.4,49.1,4215.0,4218,111
b2208b0f-2796a692,CTD-0.30,0.7282846170373605,0.47622459469663303,0.9355563444312236,0.46161121159937163,4174,4310,3134,1176,1040,192,11,5.42,0,11,0.0,5.42,0,0.0,0,0.0,192,94.58,24.99,115.642,41.418,44.2,1029.58,28.389,705.95,3.117,77.39,9.911,246.24,62.1,63.7,62.4,63.2,63.7,63.1,18.6,46.7,4217.0,4220,202
b2208b0f-2796a692,CTD-0.50,0.7340329639490301,0.48111800989224945,0.9378992092250358,0.4637203511386387,4174,4313,3154,1159,1020,195,8,3.94,0,8,0.0,3.94,0,0.0,0,0.0,195,96.06,25.01,117.457,41.837,44.596,1045.87,28.71,717.93,3.15,78.65,9.977,249.3,62.0,63.6,62.3,63.2,63.6,69.9,18.7,47.4,4219.0,4222,204
b2208b0f-2796a692,CTD-0.70,0.7340329639490301,0.48111800989224945,0.9378992092250358,0.4637203511386387,4174,4313,3154,1159,1020,195,8,3.94,0,8,0.0,3.94,0,0.0,0,0.0,195,96.06,24.93,117.062,41.995,45.082,1045.55,28.83,718.04,3.161,78.58,10.004,248.94,61.9,63.6,62.2,63.1,63.4,70.0,18.7,47.5,4222.0,4225,206
b2208b0f-2796a692,CTD-0.90,0.7340329639490301,0.48111800989224945,0.9378992092250358,0.4637203511386387,4174,4313,3154,1159,1020,195,8,3.94,0,8,0.0,3.94,0,0.0,0,0.0,195,96.06,25.06,117.532,41.902,45.581,1047.33,28.742,718.48,3.159,78.86,10.002,249.98,62.0,63.5,62.1,63.0,63.5,69.1,19.1,47.2,4223.0,4226,208
b229488e-e4714bb7,CTD-0.30,0.36673983161174406,0.23477455531744357,0.8431392748389945,0.2590302638464579,1354,923,540,383,814,85,117,57.92,0,117,0.0,57.92,0,0.0,0,0.0,85,42.08,11.04,47.952,40.789,45.681,446.35,27.901,305.5,2.979,32.46,9.909,108.38,61.7,63.2,61.5,62.3,63.2,79.9,19.2,43.6,4225.0,4227,87
b229488e-e4714bb7,CTD-0.50,0.42471054476653586,0.28217170002321323,0.8953483259196175,0.2840117784726352,1354,924,605,319,749,100,102,50.5,0,102,0.0,50.5,0,0.0,0,0.0,100,49.5,12.23,55.998,42.811,46.591,521.45,29.508,359.67,3.115,37.8,10.189,123.98,62.0,63.6,61.7,62.6,63.6,73.7,19.8,47.0,4228.0,4229,101
b229488e-e4714bb7,CTD-0.70,0.43240881579091783,0.2876659013428945,0.8997960698752159,0.28454681490220407,1354,919,617,302,737,104,98,48.51,0,98,0.0,48.51,0,0.0,0,0.0,104,51.49,12.71,58.129,42.983,46.094,540.99,29.649,373.42,3.122,39.18,10.212,128.39,62.0,63.3,61.9,62.7,63.3,74.8,19.7,47.4,4226.0,4228,105
b229488e-e4714bb7,CTD-0.90,0.5365928874100145,0.372825413189929,0.9525507379672923,0.32666819188237206,1354,962,744,218,610,140,62,30.69,0,62,0.0,30.69,0,0.0,0,0.0,140,69.31,16.56,77.532,44.431,46.989,731.58,30.848,508.17,3.154,51.82,10.429,171.59,62.6,63.8,62.1,63.0,63.8,83.8,19.6,50.1,4226.0,4228,136
b22a4d9f-48b2e986,CTD-0.30,0.5665301793828023,0.40468702807005863,0.9095593775559415,0.37862011274940804,1414,1258,828,430,586,132,71,34.98,0,71,0.0,34.98,0,0.0,0,0.0,132,65.02,17.05,74.524,41.315,45.096,699.61,28.367,480.54,3.001,50.76,9.948,168.31,62.0,63.8,61.9,62.7,63.8,70.4,19.3,45.9,4224.0,4226,140
b22a4d9f-48b2e986,CTD-0.50,0.5932189124376688,0.4269903771674137,0.9272718954531972,0.38558754574663173,1414,1241,862,379,552,142,61,30.05,0,61,0.0,30.05,0,0.0,0,0.0,142,69.95,17.45,79.266,43.131,46.092,747.73,29.784,516.6,3.127,54.1,10.22,177.02,62.4,63.7,62.0,62.8,63.7,81.3,19.6,48.3,4223.0,4225,142
b22a4d9f-48b2e986,CTD-0.70,0.6175225790191731,0.4481334451468362,0.9331012058591005,0.3976131123090886,1414,1267,895,372,519,151,52,25.62,0,52,0.0,25.62,0,0.0,0,0.0,151,74.38,18.5,84.369,43.096,45.979,792.71,29.758,547.67,3.12,57.26,10.218,187.78,62.3,63.7,62.1,62.9,63.7,74.5,19.6,48.5,4223.0,4226,150
b22a4d9f-48b2e986,CTD-0.90,0.6453406132562185,0.4677720867346268,0.9418730671159975,0.4075841185728231,1414,1278,934,344,480,167,36,17.73,0,36,0.0,17.73,0,0.0,0,0.0,167,82.27,20.17,92.676,44.009,46.092,881.39,30.548,611.91,3.125,62.52,10.335,206.96,62.7,64.1,62.3,63.1,64.1,83.5,19.5,49.7,4224.0,4226,164
b22a4d9f-73cc8810,CTD-0.30,0.5839760699343851,0.40722792669349345,0.9250563799042693,0.38459890419833903,2255,1985,1347,638,908,125,78,38.42,0,78,0.0,38.42,0,0.0,0,0.0,125,61.58,16.46,72.122,40.683,43.8,665.52,27.823,455.34,3.018,49.32,9.841,160.86,62.0,63.5,62.1,62.8,63.5,63.1,18.5,44.8,4227.0,4229,133
b22a4d9f-73cc8810,CTD-0.50,0.7108177329323561,0.5018662059316175,0.9698758333230731,0.4255119085253731,2255,2027,1619,408,636,157,46,22.66,0,46,0.0,22.66,0,0.0,0,0.0,157,77.34,19.67,89.842,42.501,45.581,830.7,29.28,572.44,3.106,60.61,10.115,197.66,62.3,64.0,62.2,63.1,64.0,69.8,19.2,47.8,4228.0,4230,159
b22a4d9f-73cc8810,CTD-0.70,0.7179068642298514,0.5088884344914063,0.9725152313832568,0.4282833377548224,2255,2031,1632,399,623,162,41,20.2,0,41,0.0,20.2,0,0.0,0,0.0,162,79.8,20.0,92.01,42.776,45.493,852.06,29.501,587.8,3.129,62.21,10.146,202.05,62.2,63.5,62.2,63.2,63.5,61.3,18.6,48.4,4233.0,4235,166
b22a4d9f-73cc8810,CTD-0.90,0.7677214079328121,0.5498648181690262,0.9830200406059678,0.4393665305626549,2255,2044,1742,302,513,177,26,12.81,0,26,0.0,12.81,0,0.0,0,0.0,177,87.19,21.7,100.416,43.209,45.195,933.95,29.829,644.86,3.149,67.98,10.232,221.11,62.6,63.8,62.4,63.8,63.8,73.8,18.7,48.9,4230.0,4232,182
b22e02cd-6af68e18,CTD-0.30,0.280682643004592,0.18971222924954617,0.8161514028296009,0.20765373633261372,865,498,263,235,602,104,98,48.51,0,98,0.0,48.51,0,0.0,0,0.0,104,51.49,12.79,57.406,42.105,46.578,537.72,29.45,376.69,2.489,31.41,10.166,129.62,62.4,63.7,62.0,62.8,63.7,87.1,14.9,46.7,4233.0,4235,104
b22e02cd-6af68e18,CTD-0.50,0.23669285710263094,0.15022459309869757,0.777777336626518,0.17746299942831734,865,455,232,223,633,81,121,59.9,0,121,0.0,59.9,0,0.0,0,0.0,81,40.1,9.89,44.659,42.125,46.079,411.89,29.497,288.67,2.419,23.38,10.209,99.84,62.4,63.6,61.9,62.7,63.6,79.2,13.5,46.1,4234.0,4237,79
b22e02cd-6af68e18,CTD-0.70,0.3371562745809351,0.22464174054044178,0.8666149797104259,0.2326709306700414,865,507,313,194,552,119,83,41.09,0,83,0.0,41.09,0,0.0,0,0.0,119,58.91,14.06,65.103,43.842,46.989,608.89,30.824,428.15,2.586,35.8,10.432,144.94,62.7,63.8,62.1,62.8,63.8,86.2,15.1,49.7,4237.0,4239,115
b22e02cd-6af68e18,CTD-0.90,0.27405341187354293,0.17851905159672002,0.7925006263814567,0.20448627309027975,865,511,264,247,601,96,106,52.48,0,106,0.0,52.48,0,0.0,0,0.0,96,47.52,11.59,52.87,42.647,46.578,490.55,29.885,343.97,2.484,28.47,10.278,118.1,62.5,63.8,62.1,63.1,63.8,81.1,14.3,47.5,4234.0,4236,96
b22f385b-5d7e5202,CTD-0.30,0.7299720256372266,0.5907219152395914,0.9310041647575102,0.4228040127232689,1281,1206,995,211,286,66,136,67.33,0,136,0.0,67.33,0,0.0,0,0.0,66,32.67,9.51,38.636,37.93,44.186,358.86,25.578,242.0,2.922,27.59,9.43,89.27,61.2,63.1,61.6,62.3,63.1,76.6,18.2,39.8,4234.0,4238,77
b22f385b-5d7e5202,CTD-0.50,0.7414841646203183,0.6056845713307315,0.9488135247176814,0.4161764030588127,1281,1156,995,161,286,68,134,66.34,0,134,0.0,66.34,0,0.0,0,0.0,68,33.66,9.3,39.655,39.233,45.183,362.81,26.532,245.71,3.021,27.78,9.68,89.32,61.4,63.1,61.4,62.2,63.1,77.7,18.2,41.0,4236.0,4241,75
b22f385b-5d7e5202,CTD-0.70,0.7587668965815224,0.6350247816897399,0.952479990932165,0.4319128296081447,1281,1195,1012,183,269,88,114,56.44,0,114,0.0,56.44,0,0.0,0,0.0,88,43.56,11.62,50.824,40.437,45.082,467.9,27.553,319.14,3.064,35.3,9.82,113.47,61.5,62.8,61.5,62.3,62.8,68.0,18.6,43.8,4238.0,4241,95
b22f385b-5d7e5202,CTD-0.90,0.7755018742872897,0.6600999614887981,0.9593400157888277,0.44197370556727805,1281,1212,1026,186,255,117,85,42.08,0,85,0.0,42.08,0,0.0,0,0.0,117,57.92,14.68,66.276,42.402,45.594,617.74,29.178,425.34,3.098,45.02,10.126,147.38,62.0,63.4,61.7,62.7,63.4,78.6,19.5,47.2,4240.0,4244,119
b230132b-ff8f2719,CTD-0.30,0.4401213921552728,0.29540802481066686,0.9017868521988182,0.2858272117534334,1616,1085,759,326,857,88,115,56.65,0,115,0.0,56.65,0,0.0,0,0.0,88,43.35,11.69,50.461,39.599,45.594,458.52,26.919,311.93,2.909,33.56,9.77,113.02,61.3,63.1,61.4,62.3,63.1,70.2,18.9,42.6,4241.0,4247,95
b230132b-ff8f2719,CTD-0.50,0.45357966783787873,0.30562467866168275,0.9098928236442096,0.29098408120628577,1616,1090,778,312,838,97,106,52.22,0,106,0.0,52.22,0,0.0,0,0.0,97,47.78,12.12,54.751,41.862,46.591,500.78,28.787,344.34,2.987,35.71,10.088,120.74,61.6,63.4,61.3,62.4,63.2,78.2,19.1,45.9,4244.0,4247,98
b230132b-ff8f2719,CTD-0.70,0.4974810469654566,0.33538879542837285,0.9312013193476577,0.3028456296269481,1616,1094,846,248,770,119,84,41.38,0,84,0.0,41.38,0,0.0,0,0.0,119,58.62,14.5,66.553,42.928,46.591,620.5,29.599,428.04,3.086,44.51,10.243,147.94,62.0,63.4,61.6,62.6,63.4,79.5,19.4,48.0,4244.0,4248,119
b230132b-ff8f2719,CTD-0.90,0.5167774487680836,0.3494113671642848,0.9342685019667631,0.308851355577796,1616,1108,880,228,736,121,82,40.39,0,82,0.0,40.39,0,0.0,0,0.0,121,59.61,14.71,67.584,43.147,46.591,632.9,29.779,436.77,3.086,45.21,10.282,150.92,62.2,63.5,61.8,62.7,63.5,84.1,19.3,48.3,4242.0,4248,120
b230a7b2-c881c382,CTD-0.30,0.17310033924436186,0.10910276234832314,0.7269908505264622,0.13579844238833788,830,362,174,188,656,37,166,81.77,0,166,0.0,81.77,0,0.0,0,0.0,37,18.23,5.73,21.895,34.477,44.696,193.82,22.799,128.38,2.584,14.45,9.094,50.99,60.5,62.4,60.9,61.7,62.4,66.3,16.0,33.3,4240.0,4244,47
b230a7b2-c881c382,CTD-0.50,0.16855633265151443,0.11261031842692897,0.7580859361181077,0.13345441467361985,830,335,161,174,669,37,166,81.77,0,166,0.0,81.77,0,0.0,0,0.0,37,18.23,5.2,21.259,37.341,46.079,192.82,25.064,129.56,2.796,14.36,9.481,48.91,60.6,62.4,60.7,61.4,62.4,75.8,16.8,36.3,4241.0,4243,44
b230a7b2-c881c382,CTD-0.70,0.1789169227326159,0.11527013996434961,0.7454180783061992,0.13862804980367152,830,359,175,184,655,39,164,80.79,0,164,0.0,80.79,0,0.0,0,0.0,39,19.21,5.43,22.356,37.453,45.283,199.37,25.164,134.09,2.787,14.73,9.502,50.55,60.5,61.9,60.5,61.1,61.9,76.8,17.0,36.4,4246.0,4247,44
b230a7b2-c881c382,CTD-0.90,0.18449047582780242,0.1254024015985465,0.8071596210149051,0.1357893110905159,830,312,173,139,657,41,162,79.8,0,162,0.0,79.8,0,0.0,0,0.0,41,20.2,5.61,23.324,37.97,45.197,212.13,25.674,143.69,2.744,15.21,9.552,53.23,60.4,61.8,60.4,61.3,61.8,76.3,17.0,37.5,4247.0,4249,46
b231a630-c4522992,CTD-0.30,0.5969735562800166,0.3738243233869235,0.9090498658699303,0.38233369800074385,3209,2863,2030,833,1179,136,66,32.67,0,66,0.0,32.67,0,0.0,0,0.0,136,67.33,17.58,79.983,41.44,45.094,726.76,28.424,498.7,3.085,54.03,9.931,174.04,61.0,62.7,61.1,61.9,62.7,71.0,18.6,46.5,4247.0,4252,146
b231a630-c4522992,CTD-0.50,0.6241707907875258,0.3918770619393009,0.9205213061068843,0.3932637517922671,3209,2888,2107,781,1102,144,58,28.71,0,58,0.0,28.71,0,0.0,0,0.0,144,71.29,18.23,84.285,42.183,45.096,765.41,28.991,526.18,3.139,56.87,10.053,182.36,61.3,62.8,61.2,62.0,62.8,65.7,18.7,47.6,4248.0,4251,152
b231a630-c4522992,CTD-0.70,0.6604111248907445,0.419076393995791,0.9330120714840306,0.4060546781379153,3209,2919,2215,704,994,155,47,23.27,0,47,0.0,23.27,0,0.0,0,0.0,155,76.73,19.51,90.619,42.462,45.581,821.76,29.246,566.17,3.127,60.42,10.088,195.17,61.6,63.2,61.4,62.2,63.2,75.7,18.7,48.0,4252.0,4257,162
b231a630-c4522992,CTD-0.90,0.7032900283295486,0.4536532788907489,0.9520255269913106,0.42048044038543503,3209,2931,2326,605,883,176,26,12.87,0,26,0.0,12.87,0,0.0,0,0.0,176,87.13,22.0,102.513,42.615,45.479,935.38,29.397,645.54,3.111,68.2,10.106,221.64,61.7,63.3,61.6,62.4,63.3,64.3,18.9,48.3,4253.0,4260,183
b232c7c9-d251d9ee,CTD-0.30,0.75131167803557,0.508952361204192,0.9277061685321211,0.4763904543846995,3174,3428,2479,949,695,169,33,16.34,0,33,0.0,16.34,0,0.0,0,0.0,169,83.66,22.3,101.626,40.784,43.687,905.49,27.987,621.6,2.968,65.73,9.83,218.16,61.5,63.3,61.6,62.5,63.3,67.8,19.3,45.7,4258.0,4260,183
b232c7c9-d251d9ee,CTD-0.50,0.7702677861266519,0.5252120091638405,0.9354222688303656,0.4823024666657467,3174,3425,2531,894,643,175,27,13.37,0,27,0.0,13.37,0,0.0,0,0.0,175,86.63,22.01,103.562,42.447,45.195,926.28,29.211,637.37,3.131,68.31,10.105,220.59,61.8,63.2,61.8,63.0,63.2,73.0,19.0,48.1,4261.0,4265,181
b232c7c9-d251d9ee,CTD-0.70,0.7675993812504971,0.5256725690064965,0.9366317763715514,0.48089530234563876,3174,3409,2518,891,656,176,26,12.87,0,26,0.0,12.87,0,0.0,0,0.0,176,87.13,21.95,103.458,42.826,45.183,933.71,29.52,643.56,3.156,68.8,10.15,221.35,62.0,63.5,61.9,63.0,63.5,74.8,18.9,48.5,4261.0,4263,183
b232c7c9-d251d9ee,CTD-0.90,0.8063170256816419,0.5581105647349879,0.943705064873704,0.502298099512307,3174,3515,2631,884,543,194,8,3.96,0,8,0.0,3.96,0,0.0,0,0.0,194,96.04,24.09,114.073,42.861,45.183,1026.47,29.554,707.68,3.148,75.4,10.158,243.39,62.0,63.7,62.0,62.9,63.7,72.0,18.9,48.9,4262.0,4266,201
b2331b83-648e56ca,CTD-0.30,0.29732784180283756,0.20929954401682097,0.8873963539466424,0.19680551794069345,1521,721,487,234,1034,93,109,53.96,0,109,0.0,53.96,0,0.0,0,0.0,93,46.04,11.51,51.794,42.552,46.976,488.12,29.331,336.7,3.062,35.01,10.159,116.4,62.1,63.4,61.8,62.7,63.4,78.0,18.6,46.7,4262.0,4263,97
b2331b83-648e56ca,CTD-0.50,0.3303758080926673,0.23354781597185298,0.9124332695445345,0.20990059670484937,1521,738,533,205,988,100,102,50.5,0,102,0.0,50.5,0,0.0,0,0.0,100,49.5,12.09,55.351,43.382,47.076,524.04,29.971,362.37,3.11,37.44,10.3,124.23,62.2,63.9,62.0,62.8,63.9,82.4,18.7,48.3,4265.0,4267,101
b2331b83-648e56ca,CTD-0.70,0.33797488061989944,0.2433666844413041,0.918068623284475,0.21385500226498375,1521,746,542,204,979,108,94,46.53,0,94,0.0,46.53,0,0.0,0,0.0,108,53.47,12.96,59.589,43.958,47.076,563.49,30.471,390.83,3.111,39.79,10.376,132.87,62.5,63.6,62.1,62.9,63.6,88.8,18.8,49.0,4264.0,4266,107
b2331b83-648e56ca,CTD-0.90,0.3790392406749951,0.27876968773564126,0.9466711313287021,0.22941386040459738,1521,764,596,168,925,133,69,34.16,0,69,0.0,34.16,0,0.0,0,0.0,133,65.84,15.71,73.232,44.452,47.076,693.24,30.868,481.53,3.131,48.76,10.454,162.95,62.6,63.8,62.3,63.2,63.8,80.1,19.1,50.4,4264.0,4267,132
b2331b83-a28e6b57,CTD-0.30,0.7131770313284326,0.493377924307261,0.9218110487143408,0.46467130252486777,3230,3438,2386,1052,844,192,11,5.42,0,11,0.0,5.42,0,0.0,0,0.0,192,94.58,24.31,112.628,42.214,44.696,1020.83,29.052,702.55,3.113,75.25,10.048,243.03,62.1,63.6,62.2,62.9,63.6,67.4,18.5,48.0,4263.0,4266,202
b2331b83-a28e6b57,CTD-0.50,0.7135871757659206,0.49398452109573754,0.9218948357127635,0.4650053999568004,3230,3440,2387,1053,843,192,11,5.42,0,11,0.0,5.42,0,0.0,0,0.0,192,94.58,24.0,112.668,42.654,45.183,1017.48,29.408,701.41,3.117,74.32,10.129,241.75,62.2,63.7,62.2,63.1,63.7,77.3,18.6,48.7,4264.0,4269,198
b2331b83-a28e6b57,CTD-0.70,0.7159801055914384,0.49628801333613615,0.9220187546456355,0.46682509667637684,3230,3453,2394,1059,836,195,8,3.94,0,8,0.0,3.94,0,0.0,0,0.0,195,96.06,24.29,114.124,42.704,45.681,1034.11,29.406,712.29,3.15,76.2,10.148,245.62,62.3,63.8,62.3,63.2,63.8,67.5,18.8,48.6,4267.0,4270,202
b2331b83-a28e6b57,CTD-0.90,0.7159801055914384,0.49628801333613615,0.9220187546456355,0.46682509667637684,3230,3453,2394,1059,836,195,8,3.94,0,8,0.0,3.94,0,0.0,0,0.0,195,96.06,24.31,114.17,42.956,45.694,1033.83,29.615,712.54,3.165,76.21,10.176,245.09,62.4,63.9,62.5,63.3,63.9,69.4,18.9,49.0,4268.0,4270,201
b23493b1-3200de1c,CTD-0.30,0.7573644373028288,0.5384851377351384,0.9456660530823419,0.47180923279180176,3179,3301,2468,833,711,186,16,7.92,0,16,0.0,7.92,0,0.0,0,0.0,186,92.08,23.77,110.231,41.86,44.2,990.66,28.775,681.23,3.106,73.36,9.979,236.07,62.0,63.7,62.4,63.4,63.8,74.8,18.5,47.5,4265.0,4270,193
b23493b1-3200de1c,CTD-0.50,0.7641321597976638,0.5451922774864503,0.9490534143143015,0.47244642402773673,3179,3286,2487,799,692,190,12,5.94,0,12,0.0,5.94,0,0.0,0,0.0,190,94.06,24.05,112.762,42.196,44.698,1012.5,29.008,696.32,3.147,75.39,10.041,240.79,62.3,63.7,62.4,63.2,64.0,66.2,19.2,47.7,4273.0,4277,199
b23493b1-3200de1c,CTD-0.70,0.7655065714183263,0.547471300814102,0.9505326724507609,0.4723111877294379,3179,3277,2489,788,690,193,9,4.46,0,9,0.0,4.46,0,0.0,0,0.0,193,95.54,24.14,113.692,42.651,45.082,1023.43,29.39,705.44,3.153,75.58,10.109,242.41,62.2,63.9,62.3,63.2,63.9,70.3,18.8,48.5,4281.0,4285,200
b23493b1-3200de1c,CTD-0.90,0.7672909122807484,0.5487996756341659,0.9511225148728026,0.47293883115265467,3179,3278,2494,784,685,194,8,3.96,0,8,0.0,3.96,0,0.0,0,0.0,194,96.04,24.28,114.265,42.663,44.799,1030.25,29.374,709.49,3.167,76.41,10.122,244.35,62.3,63.8,62.4,63.3,63.8,66.8,18.9,48.5,4280.0,4284,201
b237db93-fab44bf2,CTD-0.30,0.5671311378132575,0.40258238510023336,0.9052432973671394,0.3735634832841691,1017,896,605,291,412,127,76,37.44,0,76,0.0,37.44,0,0.0,0,0.0,127,62.56,16.07,70.964,42.123,45.694,671.34,29.024,462.7,2.991,47.59,10.107,161.05,62.3,63.7,62.0,62.9,63.7,83.4,19.3,46.7,4287.0,4291,129
b237db93-fab44bf2,CTD-0.50,0.6219487020995629,0.4410802744630261,0.9239534427375387,0.39850570602783,1017,924,658,266,359,151,52,25.62,0,52,0.0,25.62,0,0.0,0,0.0,151,74.38,18.1,83.544,43.838,46.578,792.25,30.358,548.8,3.118,56.26,10.362,187.18,62.6,64.1,62.2,63.1,64.1,79.1,19.7,49.8,4282.0,4288,147
b237db93-fab44bf2,CTD-0.70,0.6492188754912387,0.4659767149484398,0.9369028339790267,0.40652127726585074,1017,921,683,238,334,166,37,18.23,0,37,0.0,18.23,0,0.0,0,0.0,166,81.77,19.66,91.416,44.247,46.593,869.23,30.686,603.16,3.138,61.53,10.423,204.54,62.8,64.0,62.7,63.5,64.0,73.2,19.5,50.6,4282.0,4285,166
b237db93-fab44bf2,CTD-0.90,0.6749723351336211,0.4949693126242753,0.9457778193804877,0.41397968021425585,1017,923,708,215,309,183,20,9.85,0,20,0.0,9.85,0,0.0,0,0.0,183,90.15,21.41,100.21,44.963,46.593,961.06,31.312,669.52,3.14,66.99,10.511,224.55,63.1,64.2,62.7,63.5,64.2,87.6,19.4,51.6,4284.0,4287,180
b23a79d1-43dfeecd,CTD-0.30,0.37909756101520276,0.25698167842176767,0.9104015739955701,0.2516878163541741,1690,996,665,331,1025,102,101,49.75,0,101,0.0,49.75,0,0.0,0,0.0,102,50.25,13.01,57.325,41.689,45.581,538.67,28.679,370.81,2.99,38.52,10.019,129.34,62.6,63.9,62.3,63.1,63.9,80.5,19.3,45.3,4284.0,4286,104
b23a79d1-43dfeecd,CTD-0.50,0.441963613457313,0.30506280722418466,0.944448354856853,0.2779665760434991,1690,1036,764,272,926,129,74,36.45,0,74,0.0,36.45,0,0.0,0,0.0,129,63.55,15.53,71.972,43.688,46.477,674.48,30.241,467.07,3.129,48.22,10.318,159.19,62.8,64.1,62.4,63.2,64.1,74.5,19.8,48.8,4280.0,4283,127
b23a79d1-43dfeecd,CTD-0.70,0.4491433461136749,0.313552642615418,0.9522540064175674,0.27688471419769595,1690,1018,775,243,915,138,65,32.02,0,65,0.0,32.02,0,0.0,0,0.0,138,67.98,16.39,76.395,44.306,46.691,721.07,30.746,500.47,3.147,51.15,10.413,169.45,62.9,64.1,62.5,63.3,64.1,86.2,19.5,50.0,4279.0,4281,135
b23a79d1-43dfeecd,CTD-0.90,0.45806828495858004,0.3203104715855432,0.9543394954502046,0.2819626869518894,1690,1033,789,244,901,145,58,28.57,0,58,0.0,28.57,0,0.0,0,0.0,145,71.43,17.18,80.325,44.292,46.593,757.98,30.717,525.95,3.153,53.83,10.422,178.19,63.0,64.1,62.6,63.4,64.1,82.6,19.5,50.0,4286.0,4288,142
b23a79d1-e434acaa,CTD-0.30,0.5613764124150028,0.4107317555848679,0.9264206502404266,0.3662449103415256,1078,899,622,277,456,136,67,33.0,0,67,0.0,33.0,0,0.0,0,0.0,136,67.0,17.09,75.485,42.197,45.596,720.88,29.221,499.51,2.869,48.79,10.107,172.59,62.7,64.0,62.5,63.4,64.0,74.6,18.3,47.2,4290.0,4294,137
b23a79d1-e434acaa,CTD-0.50,0.5935103370900157,0.44682012602769233,0.9421027385140892,0.37752942337991435,1078,902,653,249,425,153,50,24.63,0,50,0.0,24.63,0,0.0,0,0.0,153,75.37,18.26,84.466,44.056,46.578,802.6,30.667,558.83,2.987,54.27,10.403,189.5,63.0,64.2,62.5,63.4,64.2,91.3,18.8,50.1,4291.0,4294,150
b23a79d1-e434acaa,CTD-0.70,0.6014298106701015,0.4548342059374881,0.9454474288550857,0.38127900166689194,1078,906,660,246,418,161,42,20.69,0,42,0.0,20.69,0,0.0,0,0.0,161,79.31,19.13,88.688,44.187,46.578,839.46,30.762,584.65,2.999,56.88,10.425,197.93,63.1,64.2,62.7,63.7,64.2,82.5,18.7,50.2,4292.0,4299,156
b23a79d1-e434acaa,CTD-0.90,0.6028102088737408,0.45618883494295737,0.9426385935953745,0.38438607766338856,1078,918,662,256,416,163,40,19.7,0,40,0.0,19.7,0,0.0,0,0.0,163,80.3,19.34,89.737,44.267,46.578,849.46,30.812,591.39,3.021,57.85,10.434,200.21,63.2,64.3,62.8,63.8,64.3,81.6,18.5,50.4,4288.0,4289,155
b23adb0d-72704b27,CTD-0.30,0.30048467793723294,0.18757599168370348,0.8225762648978476,0.2215937798870383,1208,734,391,343,817,66,136,67.33,0,136,0.0,67.33,0,0.0,0,0.0,66,32.67,8.95,37.794,39.67,45.581,350.79,26.997,238.88,2.909,25.63,9.764,86.28,62.4,63.5,62.3,63.1,63.5,72.7,18.5,41.6,4284.0,4287,72
b23adb0d-72704b27,CTD-0.50,0.33988981943087077,0.21570037307156964,0.8533083940165705,0.24211881162133553,1208,757,438,319,770,76,126,62.38,0,126,0.0,62.38,0,0.0,0,0.0,76,37.62,9.41,42.43,42.46,46.578,394.5,29.249,271.92,3.055,28.29,10.156,94.29,62.5,63.9,62.2,63.1,63.9,90.0,18.7,45.8,4289.0,4293,77
b23adb0d-72704b27,CTD-0.70,0.3653740503837406,0.23272556712562129,0.8737340824293441,0.2519544712893403,1208,759,469,290,739,79,123,60.89,0,123,0.0,60.89,0,0.0,0,0.0,79,39.11,9.77,44.131,42.207,46.577,410.68,28.991,282.27,3.062,29.71,10.154,98.7,62.3,63.6,62.1,62.8,63.6,71.8,18.5,45.7,4291.0,4294,81
b23adb0d-72704b27,CTD-0.90,0.4704608293850274,0.31664030883793304,0.9465612198509225,0.2907827351336514,1208,772,583,189,625,105,97,48.02,0,97,0.0,48.02,0,0.0,0,0.0,105,51.98,12.6,58.301,43.505,46.578,547.61,30.096,379.24,3.095,38.77,10.315,129.6,62.4,63.9,62.2,62.9,63.9,87.2,18.8,48.4,4291.0,4293,106
b23adb0d-8a7aaced,CTD-0.30,0.44589697205901246,0.2986997453096762,0.9294397160991456,0.2884637489726235,2147,1402,985,417,1162,167,36,17.73,0,36,0.0,17.73,0,0.0,0,0.0,167,82.27,20.03,92.95,43.846,46.18,872.66,30.415,605.36,3.082,61.27,10.348,206.03,62.6,63.9,62.4,63.9,63.9,79.3,18.6,50.1,4293.0,4300,166
b23adb0d-8a7aaced,CTD-0.50,0.4493407155644524,0.30290163824961264,0.9309149733169465,0.29010111035213376,2147,1406,992,414,1155,170,33,16.26,0,33,0.0,16.26,0,0.0,0,0.0,170,83.74,20.11,94.373,44.324,46.591,889.93,30.823,619.1,3.079,61.71,10.422,209.12,62.9,64.4,62.6,63.4,64.4,82.0,19.1,50.8,4293.0,4297,168
b23adb0d-8a7aaced,CTD-0.70,0.4742280796423227,0.31781373545897507,0.9346911287309707,0.3031505778341904,2147,1459,1047,412,1100,181,22,10.84,0,22,0.0,10.84,0,0.0,0,0.0,181,89.16,21.59,101.012,43.93,46.477,945.17,30.486,656.14,3.079,66.13,10.365,222.9,62.9,64.0,62.8,63.7,64.0,67.9,19.7,50.4,4294.0,4298,179
b23adb0d-8a7aaced,CTD-0.90,0.4799964784857168,0.32214267702317145,0.9362144550338224,0.30600933498164046,2147,1469,1059,410,1088,186,17,8.37,0,17,0.0,8.37,0,0.0,0,0.0,186,91.63,22.09,103.473,44.399,46.578,977.55,30.879,679.87,3.097,68.15,10.423,229.53,63.2,64.3,63.0,64.0,64.3,73.4,19.8,50.9,4298.0,4303,184
b23b2649-1a78948d,CTD-0.30,0.5276867246508465,0.3557920096552128,0.844668088887384,0.3788877758242357,1332,1322,758,564,574,108,82,43.16,0,82,0.0,43.16,0,0.0,0,0.0,108,56.84,14.3,65.992,40.079,44.186,568.48,27.544,390.89,2.76,39.03,9.775,138.56,62.1,63.8,62.5,63.6,63.8,76.5,18.7,44.2,4298.0,4301,116
b23b2649-1a78948d,CTD-0.50,0.5625073658268531,0.38861634135775125,0.8716281382050415,0.3932697941844283,1332,1312,792,520,540,122,68,35.79,0,68,0.0,35.79,0,0.0,0,0.0,122,64.21,15.28,73.906,42.076,45.978,642.28,28.985,442.81,3.024,45.99,10.067,153.48,62.4,64.0,62.4,63.2,64.0,59.4,19.1,46.7,4296.0,4302,126
b23b2649-1a78948d,CTD-0.70,0.6100607406363414,0.42326404393428996,0.9096906008584467,0.4034634793776288,1332,1258,847,411,485,137,53,27.89,0,53,0.0,27.89,0,0.0,0,0.0,137,72.11,16.87,82.218,42.969,46.079,719.47,29.729,497.91,3.055,51.09,10.185,170.47,62.6,63.9,62.5,63.3,63.9,80.6,19.2,48.2,4294.0,4298,140
b23b2649-1a78948d,CTD-0.90,0.6816332142745618,0.47890449703333404,0.9334604934062166,0.4293633586857886,1332,1284,940,344,392,161,29,15.26,0,29,0.0,15.26,0,0.0,0,0.0,161,84.74,19.59,96.396,43.39,45.594,843.83,30.075,584.99,3.049,59.25,10.265,199.58,62.6,64.1,62.6,63.5,64.1,69.4,19.5,49.4,4298.0,4300,163
b23b2649-6af03cd5,CTD-0.30,0.5915928420074932,0.42381664409016107,0.8735604438908903,0.4101395529823775,1469,1501,923,578,546,110,93,45.81,0,93,0.0,45.81,0,0.0,0,0.0,110,54.19,14.81,63.45,39.825,44.684,583.0,27.254,398.85,2.82,41.28,9.751,142.87,61.9,63.7,62.2,63.0,63.7,68.9,18.9,43.8,4299.0,4302,122
b23b2649-6af03cd5,CTD-0.50,0.6830867290689007,0.5026703826217107,0.9161069343316884,0.4458348217394919,1469,1515,1045,470,424,133,70,34.48,0,70,0.0,34.48,0,0.0,0,0.0,133,65.52,16.46,75.048,42.72,46.079,698.2,29.466,481.72,3.076,50.18,10.178,166.29,62.4,63.9,62.2,63.0,63.9,74.7,18.9,47.7,4303.0,4305,135
b23b2649-6af03cd5,CTD-0.70,0.7881113448094877,0.5887960970962219,0.9441070712798935,0.48900223485837224,1469,1583,1191,392,278,162,41,20.2,0,41,0.0,20.2,0,0.0,0,0.0,162,79.8,19.51,90.455,43.708,46.092,850.23,30.262,588.82,3.146,61.13,10.3,200.28,62.5,64.1,62.4,63.2,64.1,61.8,19.0,49.6,4305.0,4307,162
b23b2649-6af03cd5,CTD-0.90,0.8171186318612483,0.6152283297177794,0.9532813592737274,0.49887021918304086,1469,1591,1228,363,241,179,24,11.82,0,24,0.0,11.82,0,0.0,0,0.0,179,88.18,21.4,99.768,44.208,46.578,942.59,30.634,653.46,3.167,67.42,10.406,221.71,63.1,64.1,62.6,63.6,64.1,83.1,19.2,50.2,4305.0,4307,178
b23b2649-8349d2a1,CTD-0.30,0.31591726282567084,0.1572643913621781,0.7552403228266545,0.2360495829138971,1493,1026,594,432,899,23,69,75.0,0,69,0.0,75.0,0,0.0,0,0.0,23,25.0,3.58,32.767,33.134,42.392,116.47,21.296,74.91,2.879,10.07,8.959,31.49,60.7,62.8,61.6,62.5,62.8,69.4,16.4,27.8,4305.0,4306,30
b23b2649-8349d2a1,CTD-0.50,0.2943417880729682,0.14179009724794336,0.7375239952899068,0.2271877857216569,1493,1019,561,458,932,19,73,79.35,0,73,0.0,79.35,0,0.0,0,0.0,19,20.65,2.99,27.113,32.681,40.112,93.97,20.949,60.28,2.936,8.38,8.796,25.3,60.2,62.1,60.9,61.5,62.1,67.5,16.6,26.2,4307.0,4311,24
b23b2649-8349d2a1,CTD-0.70,0.38513241146924704,0.19298149104430626,0.8079960351370965,0.2643466280438819,1493,1053,690,363,803,32,60,65.22,0,60,0.0,65.22,0,0.0,0,0.0,32,34.78,4.5,43.357,36.812,44.186,163.91,24.404,108.79,3.023,13.39,9.385,41.74,60.5,62.2,60.8,61.7,62.2,64.8,17.3,34.1,4310.0,4311,37
b23b2649-8349d2a1,CTD-0.90,0.40424235398317515,0.20071954497451946,0.8112585690995564,0.28209481124681135,1493,1128,713,415,780,37,55,59.78,0,55,0.0,59.78,0,0.0,0,0.0,37,40.22,5.02,49.189,38.485,44.584,190.02,25.881,127.98,3.03,14.86,9.575,47.19,60.6,61.9,60.7,61.4,61.9,79.0,17.9,36.6,4306.0,4307,41
b23bb45f-ddeea1d8,CTD-0.30,0.5404074926431153,0.35450560628252703,0.8525807669283904,0.36014770974024335,1035,955,625,330,410,72,131,64.53,0,131,0.0,64.53,0,0.0,0,0.0,72,35.47,9.66,40.988,39.484,45.197,377.64,26.797,256.49,3.002,28.59,9.686,92.57,60.5,62.4,60.8,61.5,62.4,67.9,17.8,42.6,4300.0,4304,80
b23bb45f-ddeea1d8,CTD-0.50,0.6530755061710941,0.4382193672145017,0.9014886853842329,0.40240216283295654,1035,981,732,249,303,97,106,52.22,0,106,0.0,52.22,0,0.0,0,0.0,97,47.78,12.2,54.095,42.181,46.079,510.45,28.982,350.84,3.11,37.55,10.09,122.06,61.4,62.8,61.1,61.8,62.8,81.9,18.8,46.3,4304.0,4308,100
b23bb45f-ddeea1d8,CTD-0.70,0.5966507595716226,0.39338067037429497,0.8778163567785031,0.3854619411327296,1035,981,676,305,359,96,107,52.71,0,107,0.0,52.71,0,0.0,0,0.0,96,47.29,12.22,53.81,41.729,46.092,507.95,28.651,349.11,3.065,37.15,10.013,121.68,61.4,62.9,61.3,62.2,62.9,75.4,19.0,46.1,4307.0,4312,99
b23bb45f-ddeea1d8,CTD-0.90,0.5958991728738726,0.4032574721144721,0.8867444876009855,0.38906874767744337,1035,975,666,309,369,99,104,51.23,0,104,0.0,51.23,0,0.0,0,0.0,99,48.77,12.53,55.426,42.009,46.477,524.95,28.879,361.13,3.064,38.18,10.066,125.64,61.6,63.1,61.3,62.1,63.1,84.5,19.2,46.4,4309.0,4310,102
b23c9e00-b425de1b,CTD-0.30,0.46818324024169616,0.3170866598857372,0.9272718402526551,0.2814354408566156,2717,1724,1347,377,1370,117,85,42.08,0,85,0.0,42.08,0,0.0,0,0.0,117,57.92,14.98,67.128,41.467,45.082,619.36,28.503,426.07,2.983,44.43,9.981,148.87,61.5,62.9,61.5,62.2,62.9,75.5,19.3,46.0,4314.0,4319,122
b23c9e00-b425de1b,CTD-0.50,0.47406198811626654,0.326621425314779,0.9324003606989805,0.28466252346577076,2717,1731,1356,375,1361,129,73,36.14,0,73,0.0,36.14,0,0.0,0,0.0,129,63.86,15.77,73.251,43.215,46.092,682.01,29.873,471.69,3.111,49.01,10.23,161.31,62.0,63.3,61.5,62.4,63.3,84.8,19.7,48.1,4320.0,4322,129
b23c9e00-b425de1b,CTD-0.70,0.4889090019849456,0.3409864334172904,0.9375039945307929,0.2927235692850919,2717,1767,1391,376,1326,134,68,33.66,0,68,0.0,33.66,0,0.0,0,0.0,134,66.34,16.25,76.06,43.43,46.591,706.28,30.002,488.09,3.142,50.98,10.286,167.21,62.1,63.3,61.8,62.7,63.3,76.1,19.0,48.9,4318.0,4321,137
b23c9e00-b425de1b,CTD-0.90,0.5072428521231389,0.3588948513195544,0.9510449517915553,0.29896601087893765,2717,1765,1427,338,1290,150,52,25.74,0,52,0.0,25.74,0,0.0,0,0.0,150,74.26,18.0,84.736,43.964,46.578,787.37,30.43,545.24,3.164,56.56,10.37,185.58,62.4,63.7,62.1,63.1,63.7,85.9,19.2,49.6,4317.0,4319,148
b23f7012-32d284ce,CTD-0.30,0.29997396559805745,0.18549993591816868,0.8625709415829846,0.20870033033156515,1660,879,535,344,1125,111,92,45.32,0,92,0.0,45.32,0,0.0,0,0.0,111,54.68,13.74,61.927,42.439,46.593,581.05,29.257,400.94,3.001,40.91,10.181,139.21,62.2,63.5,61.8,62.7,63.5,86.2,17.8,46.9,4321.0,4324,114
b23f7012-32d284ce,CTD-0.50,0.2875091609021611,0.17477856524672622,0.8836772051360072,0.19403568472362734,1660,786,509,277,1151,102,101,49.75,0,101,0.0,49.75,0,0.0,0,0.0,102,50.25,12.45,56.529,42.783,46.49,528.21,29.573,365.31,2.994,36.82,10.216,126.09,62.2,63.6,61.9,62.7,63.6,82.5,18.0,47.2,4320.0,4327,102
b23f7012-32d284ce,CTD-0.70,0.32079975244757214,0.2036557285400186,0.914114289334856,0.20833458522368775,1660,802,557,245,1103,117,86,42.36,0,86,0.0,42.36,0,0.0,0,0.0,117,57.64,14.11,64.757,43.248,46.591,606.09,29.944,419.75,3.016,42.2,10.289,144.14,62.2,63.7,62.0,62.9,63.7,73.5,17.9,48.4,4317.0,4319,117
b23f7012-32d284ce,CTD-0.90,0.3110118065212864,0.19709827681677378,0.909126920999358,0.20403964342217354,1660,792,541,251,1119,123,80,39.41,0,80,0.0,39.41,0,0.0,0,0.0,123,60.59,14.8,68.081,43.495,46.591,638.21,30.218,443.33,2.951,43.21,10.326,151.67,62.5,63.8,62.1,63.1,63.8,81.4,17.6,48.9,4318.0,4319,124
b23f7012-fab06dac,CTD-0.30,0.2581741949743992,0.16172368058817274,0.913761713008999,0.15842477485563836,1714,624,474,150,1240,88,114,56.44,0,114,0.0,56.44,0,0.0,0,0.0,88,43.56,11.12,49.016,41.734,46.578,462.36,28.737,318.72,2.943,32.4,10.053,111.24,61.9,63.4,61.8,62.6,63.4,76.2,17.5,45.5,4315.0,4323,92
b23f7012-fab06dac,CTD-0.50,0.29375984266633626,0.19049863480206514,0.9217408261594424,0.18056968717166472,1714,703,534,169,1180,113,89,44.06,0,89,0.0,44.06,0,0.0,0,0.0,113,55.94,13.6,62.489,43.588,47.089,589.11,30.248,408.91,3.017,40.7,10.323,139.5,62.3,63.5,62.0,62.9,63.5,78.4,18.3,48.9,4313.0,4315,113
b23f7012-fab06dac,CTD-0.70,0.3002718095182536,0.19431297729030625,0.9295844766301989,0.1818642401296735,1714,699,543,156,1171,117,85,42.08,0,85,0.0,42.08,0,0.0,0,0.0,117,57.92,14.12,64.762,43.547,46.593,611.12,30.191,424.07,3.052,42.63,10.305,144.42,62.4,63.7,62.0,62.8,63.7,82.8,18.6,48.6,4315.0,4320,116
b23f7012-fab06dac,CTD-0.90,0.31571967565515663,0.20634864554843388,0.9364981829118108,0.18928224245070055,1714,719,568,151,1146,126,76,37.62,0,76,0.0,37.62,0,0.0,0,0.0,126,62.38,15.2,69.985,43.449,46.593,657.64,30.107,455.95,3.016,45.55,10.326,156.14,62.3,63.7,62.0,63.0,63.7,78.3,19.1,49.0,4312.0,4314,126
b23fe89b-c704fe97,CTD-0.30,0.5455576965869886,0.3874929793005355,0.950132408581716,0.3329083983224012,1166,847,653,194,513,135,68,33.5,0,68,0.0,33.5,0,0.0,0,0.0,135,66.5,16.26,74.712,43.714,46.591,705.41,30.298,489.01,3.068,49.4,10.348,166.99,62.5,63.8,62.1,62.9,63.8,85.6,18.8,49.2,4313.0,4314,135
b23fe89b-c704fe97,CTD-0.50,0.5576077867125094,0.39840253955088967,0.9559887072922273,0.3370830782658238,1166,849,665,184,501,143,60,29.56,0,60,0.0,29.56,0,0.0,0,0.0,143,70.44,17.11,79.014,44.135,46.591,752.63,30.648,522.58,3.099,52.85,10.388,177.2,62.8,64.0,62.3,63.3,64.0,85.3,19.7,49.8,4311.0,4318,143
b23fe89b-c704fe97,CTD-0.70,0.6119286303383547,0.4392356034638386,0.9741718980944902,0.3521107354876328,1166,859,724,135,442,167,36,17.73,0,36,0.0,17.73,0,0.0,0,0.0,167,82.27,19.86,92.336,44.312,46.578,879.02,30.831,611.77,3.067,60.76,10.415,206.49,62.9,64.1,62.6,63.5,64.1,79.6,19.7,50.5,4310.0,4313,165
b23fe89b-c704fe97,CTD-0.90,0.6182950787146391,0.4533777383496516,0.9755605703198443,0.3569805794006241,1166,869,730,139,436,176,27,13.3,0,27,0.0,13.3,0,0.0,0,0.0,176,86.7,20.85,97.05,44.418,46.578,922.9,30.862,641.45,3.119,64.69,10.437,216.76,63.1,64.3,62.7,63.6,64.3,81.0,20.0,50.7,4312.0,4314,174
b24071b8-b3ee1196,CTD-0.30,0.6831382518374297,0.4275884524177728,0.8993443153671317,0.45486155454877075,4862,5247,3506,1741,1356,185,17,8.42,0,17,0.0,8.42,0,0.0,0,0.0,185,91.58,25.85,118.6,39.678,43.289,1021.33,26.996,695.11,3.049,78.39,9.633,247.84,62.1,63.7,62.4,63.3,63.7,75.3,18.5,43.5,4316.0,4321,208
b24071b8-b3ee1196,CTD-0.50,0.7040179760562926,0.4441636840010048,0.9106715802320312,0.4621675716781446,4862,5227,3589,1638,1273,194,8,3.96,0,8,0.0,3.96,0,0.0,0,0.0,194,96.04,26.13,123.03,40.72,43.701,1058.11,27.788,722.24,3.161,82.05,9.771,253.82,61.7,63.5,62.0,63.2,63.5,69.9,18.6,45.2,4327.0,4331,210
b24071b8-b3ee1196,CTD-0.70,0.7040179760562926,0.4441636840010048,0.9106715802320312,0.4621675716781446,4862,5227,3589,1638,1273,194,8,3.96,0,8,0.0,3.96,0,0.0,0,0.0,194,96.04,26.02,122.623,40.676,43.701,1055.65,27.751,720.42,3.167,82.08,9.759,253.15,61.4,63.3,61.8,62.8,63.3,73.7,18.5,45.5,4335.0,4338,211
b24071b8-b3ee1196,CTD-0.90,0.7040179760562926,0.4441636840010048,0.9106715802320312,0.4621675716781446,4862,5227,3589,1638,1273,194,8,3.96,0,8,0.0,3.96,0,0.0,0,0.0,194,96.04,26.2,123.222,40.729,45.082,1063.77,27.815,726.25,3.157,82.49,9.757,255.03,61.4,63.0,61.6,62.3,63.0,74.4,18.6,45.4,4333.0,4334,212
b2408e45-984ba5aa,CTD-0.30,0.574033069096066,0.399032076342284,0.8976860694132573,0.3935378600126226,1945,1837,1154,683,791,142,61,30.05,0,61,0.0,30.05,0,0.0,0,0.0,142,69.95,18.04,81.013,41.971,44.684,756.33,28.941,521.82,3.025,54.39,10.004,180.11,61.5,63.1,61.4,62.4,63.1,71.2,19.6,46.8,4339.0,4345,149
b2408e45-984ba5aa,CTD-0.50,0.634948990065235,0.43817185128558134,0.9252316427150554,0.41715071699348033,1945,1854,1266,588,679,159,44,21.67,0,44,0.0,21.67,0,0.0,0,0.0,159,78.33,19.31,89.772,43.599,46.079,839.88,30.177,581.67,3.145,60.42,10.277,197.8,62.1,63.4,61.8,62.6,63.4,84.3,19.8,49.3,4341.0,4343,160
b2408e45-984ba5aa,CTD-0.70,0.6771378114802716,0.470504568468476,0.9321445567247773,0.4376919154949556,1945,1921,1350,571,595,168,35,17.24,0,35,0.0,17.24,0,0.0,0,0.0,168,82.76,20.22,94.682,44.06,46.079,885.21,30.55,613.8,3.159,63.44,10.35,207.97,62.4,63.6,62.1,62.9,63.6,76.4,19.2,50.0,4339.0,4343,169
b2408e45-984ba5aa,CTD-0.90,0.7161035893373343,0.5012420744696351,0.9353870443678806,0.46099904429464345,1945,2012,1425,587,520,188,15,7.39,0,15,0.0,7.39,0,0.0,0,0.0,188,92.61,22.41,105.518,44.423,46.079,989.65,30.824,686.76,3.166,70.47,10.433,232.42,62.8,64.1,62.2,63.1,64.1,87.1,19.1,50.7,4338.0,4344,186
b242929f-3051abca,CTD-0.30,0.558757153461198,0.39826039164636406,0.9087413038867987,0.3707973981805565,1863,1619,1085,534,778,145,57,28.22,0,57,0.0,28.22,0,0.0,0,0.0,145,71.78,17.78,81.613,43.193,46.578,763.41,29.818,527.21,3.14,55.4,10.235,180.8,62.5,63.9,62.4,63.2,63.9,72.5,18.9,48.4,4342.0,4348,148
b242929f-3051abca,CTD-0.50,0.5904805570500966,0.4162598408649809,0.9235782780749114,0.38214891005592827,1863,1626,1140,486,723,154,48,23.76,0,48,0.0,23.76,0,0.0,0,0.0,154,76.24,18.56,86.576,43.834,46.578,810.56,30.349,561.33,3.157,58.31,10.328,190.93,62.6,64.2,62.4,63.2,64.2,77.8,19.2,49.6,4341.0,4344,155
b242929f-3051abca,CTD-0.70,0.6296682576827392,0.45293439028841576,0.9414753158780995,0.3954179296517319,1863,1632,1205,427,658,170,32,15.84,0,32,0.0,15.84,0,0.0,0,0.0,170,84.16,20.3,95.168,44.138,46.477,891.51,30.598,618.25,3.159,63.71,10.381,209.56,62.8,64.0,62.6,63.5,64.0,82.4,19.1,50.2,4343.0,4350,170
b242929f-3051abca,CTD-0.90,0.637540951110581,0.4666520566137543,0.944081119467526,0.4006484243542399,1863,1647,1216,431,647,183,19,9.41,0,19,0.0,9.41,0,0.0,0,0.0,183,90.59,21.7,102.109,44.415,46.476,960.67,30.847,667.51,3.163,68.29,10.405,224.87,62.9,64.2,62.6,63.5,64.2,83.5,19.2,50.7,4343.0,4348,181
b242f6b2-0033bdfb,CTD-0.30,0.38493466879573074,0.2714174121170765,0.9358840407816322,0.234767499025242,2809,1470,1129,341,1680,126,76,37.62,0,76,0.0,37.62,0,0.0,0,0.0,126,62.38,15.46,70.819,43.11,46.578,667.84,29.743,460.92,3.123,48.29,10.244,158.63,62.8,64.0,62.5,63.3,64.0,82.8,18.7,48.0,4345.0,4349,129
b242f6b2-0033bdfb,CTD-0.50,0.40003224803348536,0.2874184458773502,0.9573890464566533,0.23610763580771885,2809,1427,1155,272,1654,143,59,29.21,0,59,0.0,29.21,0,0.0,0,0.0,143,70.79,17.22,80.109,43.854,46.578,750.58,30.378,520.08,3.152,53.84,10.324,176.66,62.7,63.8,62.6,63.6,63.8,84.1,19.6,49.5,4349.0,4350,141
b242f6b2-0033bdfb,CTD-0.70,0.40772335817546534,0.2892063932493897,0.951156483014072,0.24076643829479102,2809,1470,1185,285,1624,138,64,31.68,0,64,0.0,31.68,0,0.0,0,0.0,138,68.32,16.58,77.328,43.867,46.578,723.46,30.35,500.6,3.151,51.91,10.366,170.95,62.6,64.1,62.4,63.3,64.1,80.4,19.1,49.3,4347.0,4349,139
b242f6b2-0033bdfb,CTD-0.90,0.41543956585640773,0.305409773153227,0.9644839741505127,0.24038357607015257,2809,1436,1195,241,1614,160,42,20.79,0,42,0.0,20.79,0,0.0,0,0.0,160,79.21,19.03,89.37,44.184,46.591,839.56,30.653,582.57,3.149,59.77,10.382,197.21,62.7,64.0,62.5,63.5,64.0,80.0,19.1,50.3,4348.0,4353,160
b242f6b2-99d2f2c1,CTD-0.30,0.12455934649582182,0.06000596968071388,0.6903749882826972,0.100024557956778,1520,509,249,260,1271,49,154,75.86,0,154,0.0,75.86,0,0.0,0,0.0,49,24.14,6.87,27.922,37.436,45.197,250.73,25.458,170.47,2.488,16.6,9.49,63.67,61.4,63.1,61.5,62.3,63.1,81.7,15.0,37.2,4347.0,4351,56
b242f6b2-99d2f2c1,CTD-0.50,0.1544955015624952,0.07259067064418137,0.7463097177872513,0.11652621722846442,1520,534,293,241,1227,56,147,72.41,0,147,0.0,72.41,0,0.0,0,0.0,56,27.59,7.3,31.377,39.854,46.079,289.87,27.517,200.47,2.495,17.99,9.841,71.41,61.6,63.0,61.4,62.0,63.0,85.5,14.2,41.8,4349.0,4353,60
b242f6b2-99d2f2c1,CTD-0.70,0.15623362134169216,0.0728382577242562,0.7496725351693191,0.11721018070504591,1520,533,296,237,1224,58,145,71.43,0,145,0.0,71.43,0,0.0,0,0.0,58,28.57,7.46,32.3,40.08,45.694,298.78,27.747,207.25,2.48,18.25,9.853,73.29,61.4,62.7,61.2,62.4,62.7,73.7,13.9,42.3,4349.0,4355,61
b242f6b2-99d2f2c1,CTD-0.90,0.2247843804873059,0.1281203602681883,0.84636923372668,0.15402837376302653,1520,601,383,218,1137,113,90,44.33,0,90,0.0,44.33,0,0.0,0,0.0,113,55.67,13.52,62.072,43.261,46.691,582.18,30.285,407.69,2.652,35.6,10.323,138.89,62.0,63.4,61.5,62.4,63.4,82.9,15.8,48.8,4350.0,4354,112
b242f6b2-eaa39345,CTD-0.30,0.4590926082627001,0.3140343268260402,0.9256212154305075,0.2866722224668514,1683,1093,811,282,872,143,59,29.21,0,59,0.0,29.21,0,0.0,0,0.0,143,70.79,17.32,79.461,43.63,46.49,751.08,30.306,521.85,3.014,51.78,10.31,177.46,62.2,63.7,61.9,62.7,63.7,77.5,18.7,49.7,4354.0,4360,141
b242f6b2-eaa39345,CTD-0.50,0.4745345534442441,0.32676230589258715,0.9259532696216795,0.2953873374265531,1683,1125,839,286,844,151,51,25.25,0,51,0.0,25.25,0,0.0,0,0.0,151,74.75,17.96,83.796,44.272,46.477,790.26,30.788,549.89,3.065,54.54,10.419,185.84,62.5,63.8,62.1,63.2,63.8,81.6,19.3,50.4,4357.0,4361,145
b242f6b2-eaa39345,CTD-0.70,0.49481322908206,0.3445018908358853,0.9279691849125206,0.3097979646532798,1683,1177,871,306,812,159,43,21.29,0,43,0.0,21.29,0,0.0,0,0.0,159,78.71,18.88,88.306,44.553,46.591,839.62,31.017,584.68,3.09,58.17,10.446,196.77,62.8,64.0,62.3,63.0,64.0,86.1,19.3,50.8,4348.0,4355,154
b242f6b2-eaa39345,CTD-0.90,0.4908346241331347,0.34059758204379353,0.9355657195384027,0.30659639787252607,1683,1151,857,294,826,162,40,19.8,0,40,0.0,19.8,0,0.0,0,0.0,162,80.2,19.03,89.603,44.571,46.989,848.18,31.026,590.88,3.078,58.35,10.466,198.95,62.7,63.9,62.5,64.0,64.0,80.7,18.7,51.0,4354.0,4358,159
b242f6b2-f5da110f,CTD-0.30,0.3687683737816821,0.2401357463971993,0.8991439180624231,0.24109742635658915,1875,1075,734,341,1141,111,90,44.78,0,90,0.0,44.78,0,0.0,0,0.0,111,55.22,13.91,62.88,42.157,46.593,584.32,29.124,403.87,2.941,40.67,10.093,139.79,62.3,63.8,62.3,63.2,63.8,73.5,18.8,46.4,4356.0,4357,115
b242f6b2-f5da110f,CTD-0.50,0.4017954066974404,0.27378862539702264,0.9369936108368586,0.25468417761100687,1875,1066,775,291,1100,143,58,28.86,0,58,0.0,28.86,0,0.0,0,0.0,143,71.14,17.02,79.97,44.059,46.991,742.89,30.708,517.84,2.963,49.87,10.388,175.18,62.6,64.0,62.3,63.2,64.0,75.3,18.4,50.1,4355.0,4359,139
b242f6b2-f5da110f,CTD-0.70,0.40507604113584134,0.27656376450686876,0.924817691490746,0.2644956419316844,1875,1132,782,350,1093,135,66,32.84,0,66,0.0,32.84,0,0.0,0,0.0,135,67.16,16.05,75.507,44.267,46.593,704.23,30.739,489.06,3.134,49.82,10.393,165.34,62.8,63.8,62.5,63.7,63.8,81.6,19.2,49.7,4353.0,4355,131
b242f6b2-f5da110f,CTD-0.90,0.4187681127975553,0.28187883063823516,0.9370699894835152,0.2652785585585586,1875,1110,808,302,1067,144,57,28.36,0,57,0.0,28.36,0,0.0,0,0.0,144,71.64,16.99,80.203,44.33,46.989,750.41,30.825,522.12,3.079,51.95,10.426,176.35,62.8,63.9,62.4,63.7,63.9,81.4,18.7,50.2,4356.0,4360,142
b24380ab-63272e5a,CTD-0.30,0.05806961257450022,0.025324282293708388,0.6303784752141908,0.05081738992084642,811,155,65,90,746,71,129,64.5,0,129,0.0,64.5,0,0.0,0,0.0,71,35.5,9.1,39.632,39.415,44.5,356.07,27.75,250.78,1.762,15.87,9.903,89.42,62.0,63.6,61.5,62.4,63.6,72.7,8.3,42.9,4358.0,4360,75
b24380ab-63272e5a,CTD-0.50,0.0582899620510309,0.025396856873826545,0.6338014196676396,0.05089115570003363,811,154,65,89,746,72,128,64.0,0,128,0.0,64.0,0,0.0,0,0.0,72,36.0,8.81,39.762,41.14,45.497,356.43,29.146,252.64,1.811,15.63,10.184,88.17,62.2,63.6,61.4,62.2,63.6,89.0,8.2,44.9,4360.0,4361,73
b24380ab-63272e5a,CTD-0.70,0.0582899620510309,0.025396856873826545,0.6338014196676396,0.05089115570003363,811,154,65,89,746,72,128,64.0,0,128,0.0,64.0,0,0.0,0,0.0,72,36.0,8.84,39.894,41.046,45.496,358.27,29.095,253.86,1.792,15.68,10.159,88.73,62.0,63.3,61.2,61.9,63.3,87.4,8.2,45.2,4358.0,4359,72
b24380ab-63272e5a,CTD-0.90,0.0582899620510309,0.025396856873826545,0.6338014196676396,0.05089115570003363,811,154,65,89,746,72,128,64.0,0,128,0.0,64.0,0,0.0,0,0.0,72,36.0,8.82,39.787,40.732,45.496,357.66,28.847,253.62,1.778,15.5,10.107,88.54,61.6,63.3,61.1,61.9,63.3,78.7,8.4,44.8,4358.0,4359,71
b24380ab-6dbeb908,CTD-0.30,0.3785153045037573,0.24688101243889263,0.8914280813540808,0.25130823767724514,1481,896,597,299,884,133,69,34.16,0,69,0.0,34.16,0,0.0,0,0.0,133,65.84,16.06,73.928,43.268,46.578,690.1,30.139,480.9,2.815,44.71,10.314,164.49,62.3,63.6,61.7,62.7,63.6,81.9,17.1,49.0,4358.0,4362,131
b24380ab-6dbeb908,CTD-0.50,0.42353925517097435,0.2900837896779529,0.9251109650083396,0.27209429214985603,1481,917,651,266,830,156,46,22.77,0,46,0.0,22.77,0,0.0,0,0.0,156,77.23,18.27,86.145,44.376,46.593,804.59,31.067,563.41,2.838,51.3,10.471,189.88,62.5,63.8,62.2,63.1,63.8,80.7,17.3,51.1,4357.0,4365,150
b24380ab-6dbeb908,CTD-0.70,0.4169864198742469,0.2857937541793435,0.9290427156661586,0.2671550300827635,1481,894,639,255,842,158,44,21.78,0,44,0.0,21.78,0,0.0,0,0.0,158,78.22,18.48,87.189,44.443,47.089,816.22,31.106,571.52,2.853,52.22,10.484,192.49,62.8,64.0,62.4,63.6,64.0,84.0,17.5,51.1,4360.0,4366,153
b24380ab-6dbeb908,CTD-0.90,0.44216112873237834,0.3100165460068713,0.9392910312835342,0.28228020880979865,1481,930,670,260,811,168,34,16.83,0,34,0.0,16.83,0,0.0,0,0.0,168,83.17,19.51,92.347,44.762,46.976,870.48,31.337,609.76,2.891,55.98,10.534,204.74,63.1,64.2,62.6,63.6,64.2,86.2,17.5,51.5,4365.0,4367,161
b24c9ee6-e43a6e8b,CTD-0.30,0.26775491943703805,0.1777991778772976,0.8450734492447776,0.18839908442170458,1061,525,308,217,753,69,133,65.84,0,133,0.0,65.84,0,0.0,0,0.0,69,34.16,8.86,38.728,40.621,46.678,356.48,28.081,246.68,2.557,22.21,9.982,87.59,62.4,63.9,62.0,63.1,63.9,85.4,15.0,43.1,4362.0,4364,71
b24c9ee6-e43a6e8b,CTD-0.50,0.2745330046951693,0.18466420818453005,0.8554435867539907,0.19180108612719357,1061,525,313,212,748,72,130,64.36,0,130,0.0,64.36,0,0.0,0,0.0,72,35.64,8.96,40.213,41.353,46.591,367.37,28.68,254.99,2.585,22.77,10.087,89.61,62.1,63.5,61.8,62.7,63.5,81.2,15.1,44.3,4366.0,4366,73
b24c9ee6-e43a6e8b,CTD-0.70,0.29915056296437237,0.2118712958817141,0.8934385727470959,0.20210226383647686,1061,518,332,186,729,84,118,58.42,0,118,0.0,58.42,0,0.0,0,0.0,84,41.58,10.27,46.772,42.209,46.578,427.54,29.332,297.29,2.683,26.95,10.195,103.3,62.2,63.7,61.8,62.9,63.7,87.0,15.6,46.2,4364.0,4369,84
b24c9ee6-e43a6e8b,CTD-0.90,0.3446229393220167,0.25018941953949636,0.9329495635953792,0.22120587454500426,1061,529,375,154,686,105,97,48.02,0,97,0.0,48.02,0,0.0,0,0.0,105,51.98,12.58,58.144,43.208,46.989,540.0,30.1,376.28,2.78,34.55,10.328,129.17,62.4,63.6,61.8,62.7,63.6,78.1,16.5,48.4,4361.0,4363,105
b24ca67a-594d7d3c,CTD-0.30,0.48663308424482943,0.34133177758044986,0.9473023181578668,0.29749540036441846,1019,663,511,152,508,90,112,55.45,0,112,0.0,55.45,0,0.0,0,0.0,90,44.55,11.28,50.205,42.185,46.477,471.63,29.05,324.98,3.041,33.92,10.094,112.73,62.2,63.7,61.8,62.7,63.7,80.9,18.6,46.1,4353.0,4359,94
b24ca67a-594d7d3c,CTD-0.50,0.5235453514981695,0.36326701325842603,0.9671163740807085,0.3058176885011787,1019,659,544,115,475,105,97,48.02,0,97,0.0,48.02,0,0.0,0,0.0,105,51.98,12.73,58.47,43.173,46.875,548.79,29.799,378.95,3.113,39.47,10.261,130.37,62.2,63.4,61.9,62.7,63.4,77.8,19.0,48.1,4354.0,4359,105
b24ca67a-594d7d3c,CTD-0.70,0.5251591547945054,0.375253891040454,0.9611968759678251,0.3135886002215221,1019,684,546,138,473,115,87,43.07,0,87,0.0,43.07,0,0.0,0,0.0,115,56.93,13.92,63.705,43.621,46.477,604.77,30.224,419.32,3.109,42.96,10.288,142.49,62.3,63.7,62.0,62.8,63.7,80.5,19.9,48.6,4356.0,4360,115
b24ca67a-594d7d3c,CTD-0.90,0.5545482309914147,0.40378922013320817,0.976625094699903,0.31899232166386665,1019,677,572,105,447,157,45,22.28,0,45,0.0,22.28,0,0.0,0,0.0,157,77.72,18.58,86.535,44.456,46.578,822.25,30.884,571.44,3.154,58.22,10.417,192.59,62.6,64.1,62.4,63.2,64.1,74.7,20.2,50.7,4363.0,4368,154
b24d283f-33783d1b,CTD-0.30,0.7101760546474268,0.5138773668195123,0.9552227689462561,0.432530209676649,2991,2800,2170,630,821,171,31,15.35,0,31,0.0,15.35,0,0.0,0,0.0,171,84.65,21.47,99.223,42.576,44.684,909.06,29.316,626.1,3.148,67.13,10.112,215.84,62.3,63.8,62.5,63.4,63.8,71.5,18.7,48.1,4369.0,4376,178
b24d283f-33783d1b,CTD-0.50,0.69701925324261,0.5043628459095919,0.9490301067448054,0.4307378012912644,2991,2818,2135,683,856,162,40,19.8,0,40,0.0,19.8,0,0.0,0,0.0,162,80.2,20.48,94.981,42.054,45.082,862.47,28.928,593.55,3.096,63.38,10.03,205.55,62.1,63.6,62.3,63.2,63.6,64.8,19.4,47.6,4377.0,4379,170
b24d283f-33783d1b,CTD-0.70,0.7124195010510713,0.5186489818957521,0.9546121626585071,0.4367853354009987,2991,2831,2174,657,817,175,27,13.37,0,27,0.0,13.37,0,0.0,0,0.0,175,86.63,21.92,102.079,42.689,45.082,933.9,29.443,644.21,3.12,68.19,10.126,221.5,62.4,63.8,62.3,63.1,63.8,73.2,19.4,48.1,4375.0,4380,183
b24d283f-33783d1b,CTD-0.90,0.7473040424549893,0.5517543636406815,0.9649275760117187,0.4504685195356023,2991,2869,2266,603,725,193,9,4.46,0,9,0.0,4.46,0,0.0,0,0.0,193,95.54,23.96,112.281,42.95,45.581,1022.22,29.701,706.99,3.072,73.03,10.177,242.2,62.3,63.8,62.4,63.4,63.8,72.0,19.2,48.9,4376.0,4378,199
b24f03f7-ff66eaca,CTD-0.30,0.6550056722796957,0.4820249788513034,0.9307606500382014,0.3882822046977737,1165,1015,807,208,358,48,154,76.24,0,154,0.0,76.24,0,0.0,0,0.0,48,23.76,7.05,28.318,36.449,44.186,254.49,24.304,169.91,2.887,20.04,9.258,64.55,61.0,62.9,61.5,62.2,62.9,68.7,17.8,36.4,4375.0,4377,56
b24f03f7-ff66eaca,CTD-0.50,0.6724071657457383,0.49635549681253144,0.9426104585533163,0.38990103357282146,1165,997,822,175,343,62,140,69.31,0,140,0.0,69.31,0,0.0,0,0.0,62,30.69,8.19,35.6,39.857,46.591,323.59,27.035,219.78,3.049,24.62,9.773,79.2,61.4,63.0,61.3,62.7,63.0,81.7,18.8,40.6,4378.0,4380,67
b24f03f7-ff66eaca,CTD-0.70,0.7218897556375935,0.5402638273747586,0.9635037787413208,0.4080737687502656,1165,1010,866,144,299,84,118,58.42,0,118,0.0,58.42,0,0.0,0,0.0,84,41.58,10.62,47.629,41.535,46.578,438.08,28.454,300.15,3.063,32.24,10.018,105.68,61.6,63.3,61.6,62.4,63.3,72.1,19.0,44.7,4379.0,4382,88
b24f03f7-ff66eaca,CTD-0.90,0.747507087218119,0.5693908751421557,0.9737087933235353,0.411550289977984,1165,1002,890,112,275,103,99,49.01,0,99,0.0,49.01,0,0.0,0,0.0,103,50.99,12.88,58.431,42.146,46.578,538.51,28.976,370.27,3.07,39.21,10.101,129.04,61.8,63.5,61.6,62.5,63.5,76.3,19.5,46.2,4374.0,4376,107
b24f7455-e8c55d6a,CTD-0.30,0.5349926732762902,0.34433064285150444,0.8902094168989744,0.3628464161490343,2734,2398,1543,855,1191,147,55,27.23,0,55,0.0,27.23,0,0.0,0,0.0,147,72.77,19.54,86.772,40.402,43.686,788.65,27.731,541.78,2.88,56.02,9.79,190.85,61.5,63.5,61.7,62.5,63.5,66.9,19.1,45.1,4371.0,4373,162
b24f7455-e8c55d6a,CTD-0.50,0.586328610505474,0.3749210997404663,0.9038666634406252,0.38612528629995385,2734,2489,1689,800,1045,170,32,15.84,0,32,0.0,15.84,0,0.0,0,0.0,170,84.16,21.32,98.954,42.582,45.681,906.14,29.378,625.42,3.077,65.35,10.127,215.37,62.0,63.4,62.0,63.0,63.4,74.7,19.1,48.1,4375.0,4377,177
b24f7455-e8c55d6a,CTD-0.70,0.5789445607555929,0.37051347243812055,0.9016489520254602,0.3834103340471711,2734,2481,1668,813,1066,170,32,15.84,0,32,0.0,15.84,0,0.0,0,0.0,170,84.16,21.36,98.839,42.5,46.078,903.01,29.319,623.16,3.072,65.15,10.108,214.7,62.1,63.5,62.1,63.0,63.5,66.8,19.3,48.0,4376.0,4378,177
b24f7455-e8c55d6a,CTD-0.90,0.6008106452688337,0.3856539987898576,0.9093522165743753,0.39191602095061334,2734,2502,1727,775,1007,180,22,10.89,0,22,0.0,10.89,0,0.0,0,0.0,180,89.11,22.56,104.597,42.503,45.594,954.25,29.297,657.83,3.103,69.57,10.104,226.85,62.0,63.4,62.2,63.0,63.4,49.5,19.3,48.3,4378.0,4380,184
b2505382-1423f56a,CTD-0.30,0.5674055769006996,0.3771793728107709,0.9248408273400881,0.3472863161504452,2040,1601,1225,376,815,69,133,65.84,0,133,0.0,65.84,0,0.0,0,0.0,69,34.16,9.67,40.919,38.416,45.082,368.41,26.084,250.43,2.787,26.57,9.545,91.4,61.2,62.9,61.4,62.2,62.9,75.7,18.6,40.8,4378.0,4379,80
b2505382-1423f56a,CTD-0.50,0.657709502112506,0.45236506128884874,0.9464871653983119,0.38387524998275985,2040,1706,1401,305,639,105,97,48.02,0,97,0.0,48.02,0,0.0,0,0.0,105,51.98,12.95,59.865,42.819,46.18,551.92,29.556,381.33,3.086,39.6,10.178,131.0,61.9,63.3,61.8,62.8,63.3,79.8,19.0,47.6,4380.0,4381,108
b2505382-1423f56a,CTD-0.70,0.6662586194319633,0.45852559852185804,0.9478283420151853,0.3888260869565217,2040,1725,1417,308,623,111,91,45.05,0,91,0.0,45.05,0,0.0,0,0.0,111,54.95,13.53,62.945,43.265,46.578,580.54,29.88,401.16,3.103,41.53,10.283,137.86,62.1,63.5,61.9,62.8,63.5,81.8,18.7,48.5,4382.0,4384,111
b2505382-1423f56a,CTD-0.90,0.7211109038638994,0.5089774993582026,0.962688180877088,0.40342856501134244,2040,1746,1519,227,521,120,82,40.59,0,82,0.0,40.59,0,0.0,0,0.0,120,59.41,14.53,67.845,43.583,46.578,629.62,30.177,436.23,3.099,44.64,10.307,148.75,62.1,63.3,61.9,62.8,63.3,85.4,18.6,49.2,4386.0,4387,120
b2505382-272e7823,CTD-0.30,0.15354916919030365,0.08755604184551122,0.7552220230466389,0.10305662134176685,1119,334,223,111,896,29,173,85.64,0,173,0.0,85.64,0,0.0,0,0.0,29,14.36,4.71,17.373,32.978,43.788,153.0,21.459,99.8,2.661,12.25,8.858,40.95,60.2,62.1,60.8,61.3,62.1,68.1,14.9,29.9,4387.0,4388,38
b2505382-272e7823,CTD-0.50,0.15356336339085336,0.08562459013062991,0.7529518688988502,0.10135560181322878,1119,331,224,107,895,30,172,85.15,0,172,0.0,85.15,0,0.0,0,0.0,30,14.85,4.41,17.537,35.203,42.904,154.54,23.291,102.36,2.709,11.85,9.202,40.34,60.0,61.8,60.4,61.2,61.8,79.3,16.0,32.4,4386.0,4388,36
b2505382-272e7823,CTD-0.70,0.15469691230427662,0.08679007176216795,0.7574978904849561,0.10165798660327384,1119,331,224,107,895,34,168,83.17,0,168,0.0,83.17,0,0.0,0,0.0,34,16.83,4.82,19.565,36.489,43.8,171.36,24.358,114.37,2.766,12.98,9.365,44.01,60.2,61.9,60.4,61.2,61.9,76.6,16.4,34.1,4386.0,4387,38
b2505382-272e7823,CTD-0.90,0.18288135554835894,0.1083535603359245,0.8176403920211615,0.11410050587729774,1119,339,246,93,873,43,159,78.71,0,159,0.0,78.71,0,0.0,0,0.0,43,21.29,5.87,24.649,37.797,46.49,220.87,25.367,148.54,2.878,16.71,9.551,55.63,60.1,62.0,60.3,61.2,62.0,69.9,17.4,36.9,4385.0,4386,48
b2505382-2905b23c,CTD-0.30,0.345588147779317,0.22144864730299968,0.9113533537582049,0.2197182866827928,846,431,310,121,536,104,75,41.9,0,75,0.0,41.9,0,0.0,0,0.0,104,58.1,13.12,65.388,40.95,45.196,534.04,28.639,373.67,2.301,29.87,10.01,130.51,60.7,62.3,60.5,61.3,62.3,67.7,15.1,45.9,4384.0,4385,108
b2505382-2905b23c,CTD-0.50,0.3543711561397707,0.22693309406623516,0.9147233414014595,0.224508025950754,846,438,317,121,529,105,74,41.34,0,74,0.0,41.34,0,0.0,0,0.0,105,58.66,12.59,65.444,42.729,46.477,533.43,29.936,373.96,2.515,31.29,10.278,128.18,61.4,62.8,60.9,61.7,62.8,81.8,14.9,48.1,4384.0,4386,104
b2505382-2905b23c,CTD-0.70,0.3514444657575715,0.22973137002700214,0.9155549535272901,0.22267705984246822,846,434,314,120,532,107,72,40.22,0,72,0.0,40.22,0,0.0,0,0.0,107,59.78,12.84,66.819,42.605,46.193,541.49,29.808,378.88,2.521,32.01,10.276,130.6,61.5,62.8,61.1,62.0,62.8,75.6,14.8,48.2,4387.0,4388,106
b2505382-2905b23c,CTD-0.90,0.3916609734789413,0.26460732665059405,0.9362535856534409,0.24298006545056625,846,458,344,114,502,122,57,31.84,0,57,0.0,31.84,0,0.0,0,0.0,122,68.16,14.34,75.705,43.793,46.976,622.44,30.717,436.67,2.62,37.14,10.456,148.63,62.1,63.2,61.4,62.2,63.2,90.8,15.1,49.9,4389.0,4392,117
b2505382-549785d3,CTD-0.30,0.0833282949740707,0.049564787429083,0.5555889577176586,0.07728639466233567,805,283,96,187,709,54,146,73.0,0,146,0.0,73.0,0,0.0,0,0.0,54,27.0,7.33,30.486,38.087,44.299,278.42,26.51,194.09,1.984,14.39,9.593,69.94,60.9,62.4,60.8,61.6,62.4,72.6,11.0,39.8,4387.0,4388,59
b2505382-549785d3,CTD-0.50,0.08411469072889766,0.04861917252711974,0.5635165224753589,0.07762416794674859,805,279,96,183,709,55,145,72.5,0,145,0.0,72.5,0,0.0,0,0.0,55,27.5,7.02,30.714,40.123,45.581,278.75,28.069,195.15,2.126,14.71,9.929,68.89,61.2,62.6,60.7,61.6,62.6,82.5,11.1,42.1,4388.0,4391,56
b2505382-549785d3,CTD-0.70,0.08511802874768978,0.04924317349683943,0.5672128108985427,0.07835437120149603,805,279,97,182,708,57,143,71.5,0,143,0.0,71.5,0,0.0,0,0.0,57,28.5,7.25,31.85,40.428,45.696,286.77,28.307,200.83,2.153,15.2,9.967,70.73,61.1,62.4,60.5,61.3,62.4,78.9,11.8,42.8,4389.0,4391,59
b2505382-549785d3,CTD-0.90,0.19311875771679266,0.1306455793995588,0.8466798107789252,0.14002737130224235,805,295,165,130,640,104,96,48.0,0,96,0.0,48.0,0,0.0,0,0.0,104,52.0,12.4,57.593,43.249,47.091,530.98,30.365,373.08,2.533,30.94,10.351,126.96,61.6,63.1,61.0,62.1,63.1,82.4,14.7,48.9,4386.0,4387,100
b2505382-de5238f0,CTD-0.30,0.35015222000522483,0.21881090649565196,0.8828451160996683,0.22829205718996787,2004,1104,767,337,1237,102,100,49.5,0,100,0.0,49.5,0,0.0,0,0.0,102,50.5,12.66,57.216,42.669,46.593,534.83,29.416,368.74,3.071,38.47,10.182,127.62,61.7,63.1,61.3,62.1,63.1,81.5,18.6,47.2,4386.0,4388,104
b2505382-de5238f0,CTD-0.50,0.34423289813632885,0.21527569460907178,0.8827411433386998,0.2249631372030548,2004,1087,754,333,1250,97,105,51.98,0,105,0.0,51.98,0,0.0,0,0.0,97,48.02,11.91,54.448,42.771,46.593,504.58,29.524,348.42,3.082,36.28,10.165,119.88,61.5,62.9,61.3,62.2,62.9,77.8,18.7,47.3,4388.0,4390,99
b2505382-de5238f0,CTD-0.70,0.3509203598375419,0.21658900253725238,0.881889579932314,0.22052792910419763,2004,1064,779,285,1225,97,105,51.98,0,105,0.0,51.98,0,0.0,0,0.0,97,48.02,11.89,54.386,43.076,46.49,508.45,29.765,351.63,3.081,36.23,10.23,120.6,61.8,63.0,61.5,62.2,63.0,80.5,18.8,47.5,4390.0,4391,99
b2505382-de5238f0,CTD-0.90,0.3815226082622205,0.24410554547630756,0.9166332356580372,0.23156477961768043,2004,1057,820,237,1184,112,90,44.55,0,90,0.0,44.55,0,0.0,0,0.0,112,55.45,13.59,62.718,43.068,46.49,581.99,29.708,401.55,3.119,42.07,10.241,138.37,61.7,63.3,61.8,63.0,63.3,76.5,19.0,48.2,4390.0,4393,113
b250fb0c-01a1b8d3,CTD-0.30,0.6856177029188127,0.4670259474721477,0.9267282185440775,0.43710421781136516,2389,2368,1703,665,686,135,67,33.17,0,67,0.0,33.17,0,0.0,0,0.0,135,66.83,17.23,78.31,41.513,45.197,714.46,28.446,489.75,3.103,53.33,9.964,171.38,61.4,63.0,61.6,62.7,63.0,54.9,18.4,46.5,4389.0,4391,143
b250fb0c-01a1b8d3,CTD-0.50,0.698345892019044,0.479970812084218,0.9309357001465133,0.4433329559923935,2389,2385,1729,656,660,140,62,30.69,0,62,0.0,30.69,0,0.0,0,0.0,140,69.31,17.52,81.082,42.248,46.092,735.81,29.021,505.68,3.15,54.76,10.076,175.37,61.7,63.1,61.7,62.7,63.1,51.7,18.7,47.4,4391.0,4392,145
b250fb0c-01a1b8d3,CTD-0.70,0.742960401225701,0.5130256384532504,0.9433450772507453,0.4588312117625208,2389,2416,1831,585,558,167,35,17.33,0,35,0.0,17.33,0,0.0,0,0.0,167,82.67,20.49,95.764,43.313,46.591,882.06,29.945,609.77,3.151,64.16,10.217,208.14,62.1,63.6,61.9,62.9,63.6,67.0,19.0,48.9,4389.0,4392,171
b250fb0c-01a1b8d3,CTD-0.90,0.7512036917278555,0.5245562473000821,0.9502826054138966,0.463634653999915,2389,2415,1837,578,552,184,18,8.91,0,18,0.0,8.91,0,0.0,0,0.0,184,91.09,22.34,104.88,43.607,46.578,969.42,30.161,670.69,3.168,70.35,10.277,228.38,62.4,64.0,62.1,63.2,64.0,68.9,18.9,49.5,4395.0,4398,187
b251064f-30002542,CTD-0.30,0.7262553495596507,0.5462784190318775,0.9489397328907244,0.4456853629771081,1828,1783,1362,421,466,141,61,30.2,0,61,0.0,30.2,0,0.0,0,0.0,141,69.8,17.37,79.832,43.023,45.596,741.76,29.701,512.16,3.142,54.11,10.18,175.49,62.3,63.8,62.3,63.1,63.8,71.4,18.9,48.2,4399.0,4401,145
b251064f-30002542,CTD-0.50,0.7531265016017319,0.5715754385128975,0.9615655120823026,0.4508569870010724,1828,1765,1403,362,425,156,46,22.77,0,46,0.0,22.77,0,0.0,0,0.0,156,77.23,18.8,87.954,43.785,46.477,819.75,30.326,568.05,3.153,58.92,10.305,192.78,62.5,63.7,62.3,63.0,63.7,75.7,19.0,49.6,4395.0,4397,158
b251064f-30002542,CTD-0.70,0.7622448721525406,0.577798950179655,0.9653487140131348,0.45320304408407985,1828,1762,1417,345,411,159,43,21.29,0,43,0.0,21.29,0,0.0,0,0.0,159,78.71,19.13,89.629,43.905,46.49,837.62,30.381,579.87,3.168,60.32,10.355,197.43,62.8,63.8,62.4,63.2,63.8,80.3,19.1,49.5,4398.0,4401,162
b251064f-30002542,CTD-0.90,0.7803671075094587,0.6048219750103204,0.9696217321836453,0.4625641079046609,1828,1786,1445,341,383,175,27,13.37,0,27,0.0,13.37,0,0.0,0,0.0,175,86.63,21.14,98.782,43.801,46.092,924.9,30.341,640.9,3.14,66.22,10.32,217.79,62.7,64.0,62.5,63.2,64.0,74.0,19.7,49.9,4403.0,4406,175
b251064f-4696b75e,CTD-0.30,0.30530154237568086,0.19491988244829017,0.7706180434287874,0.242231548090252,886,653,287,366,599,59,120,67.04,0,120,0.0,67.04,0,0.0,0,0.0,59,32.96,8.12,38.494,38.075,44.285,305.4,25.849,207.62,2.65,21.01,9.577,76.77,61.6,63.2,61.8,62.8,63.2,60.3,16.1,38.9,4404.0,4406,67
b251064f-4696b75e,CTD-0.50,0.30530154237568086,0.19491988244829017,0.7706180434287874,0.242231548090252,886,653,287,366,599,59,120,67.04,0,120,0.0,67.04,0,0.0,0,0.0,59,32.96,7.77,38.137,39.887,45.681,307.55,27.424,211.59,2.668,20.48,9.795,75.48,61.7,63.5,61.6,62.5,63.2,86.6,16.1,41.0,4406.0,4407,64
b251064f-4696b75e,CTD-0.70,0.30530154237568086,0.19491988244829017,0.7706180434287874,0.242231548090252,886,653,287,366,599,59,120,67.04,0,120,0.0,67.04,0,0.0,0,0.0,59,32.96,7.76,38.059,39.399,44.696,301.0,26.996,206.38,2.679,20.29,9.724,74.33,61.4,62.6,61.6,62.5,62.6,56.6,16.2,40.7,4405.0,4405,63
b251064f-4696b75e,CTD-0.90,0.43039900550822907,0.26466540261592064,0.8373242039886509,0.3171678761343494,886,745,408,337,478,94,85,47.49,0,85,0.0,47.49,0,0.0,0,0.0,94,52.51,11.55,59.554,42.397,46.079,484.49,29.426,336.56,2.825,32.05,10.146,115.88,62.0,63.2,61.7,62.7,63.2,74.1,16.8,46.6,4405.0,4407,94
b251064f-5f6b663e,CTD-0.30,0.5304653490993865,0.3697201836888795,0.8536579645652942,0.3862955655235067,1184,1190,654,536,530,103,100,49.26,0,100,0.0,49.26,0,0.0,0,0.0,103,50.74,13.52,58.71,40.433,44.684,547.26,27.667,374.83,2.929,39.51,9.837,132.92,61.5,63.2,61.8,62.7,63.2,70.8,19.0,45.1,4403.0,4406,112
b251064f-5f6b663e,CTD-0.50,0.5397798540377415,0.3770009966973917,0.8663705293065531,0.3889790494419335,1184,1172,660,512,524,102,101,49.75,0,101,0.0,49.75,0,0.0,0,0.0,102,50.25,12.97,57.871,41.927,46.079,539.98,28.799,371.02,3.08,39.59,10.048,129.38,61.9,63.3,61.7,62.5,63.3,74.8,19.4,46.4,4402.0,4404,106
b251064f-5f6b663e,CTD-0.70,0.6043454362564646,0.4254176831594158,0.8922631773211168,0.41988677109945766,1184,1206,737,469,447,113,90,44.33,0,90,0.0,44.33,0,0.0,0,0.0,113,55.67,14.02,63.365,42.693,46.18,597.53,29.415,411.89,3.131,43.73,10.147,141.91,62.0,63.4,61.9,62.7,63.4,54.6,19.1,47.8,4404.0,4407,117
b251064f-5f6b663e,CTD-0.90,0.6818721983336795,0.472689761818817,0.9197993372851929,0.4513199532730782,1184,1232,830,402,354,131,72,35.47,0,72,0.0,35.47,0,0.0,0,0.0,131,64.53,16.0,73.205,43.367,46.578,691.95,29.957,478.33,3.137,49.92,10.273,163.71,62.3,63.4,62.0,63.0,63.4,87.5,19.0,48.8,4405.0,4408,133
b251064f-8d92db81,CTD-0.30,0.7779458839061733,0.5404654250195643,0.9319132349015706,0.49716691577367805,3464,3883,2778,1105,686,192,10,4.95,0,10,0.0,4.95,0,0.0,0,0.0,192,95.05,24.64,115.06,41.882,44.584,1027.95,28.761,705.99,3.139,77.0,9.982,244.96,61.9,63.6,62.1,62.9,63.6,73.5,18.6,47.3,4406.0,4410,203
b251064f-8d92db81,CTD-0.50,0.7795363633728876,0.5414997629622688,0.9323133661369226,0.4980926235435107,3464,3887,2783,1104,681,193,9,4.46,0,9,0.0,4.46,0,0.0,0,0.0,193,95.54,24.55,115.916,42.117,44.684,1028.82,28.976,707.81,3.121,76.25,10.019,244.76,62.0,63.8,62.0,63.2,63.8,67.9,19.0,47.7,4409.0,4413,199
b251064f-8d92db81,CTD-0.70,0.7806261877247475,0.5437502997623291,0.9319770949909792,0.4995027034579278,3464,3901,2786,1115,678,194,8,3.96,0,8,0.0,3.96,0,0.0,0,0.0,194,96.04,24.84,116.929,42.047,44.683,1038.59,28.885,713.53,3.142,77.6,10.02,247.46,62.1,63.5,62.1,62.9,63.5,67.4,19.2,47.3,4412.0,4414,205
b251064f-8d92db81,CTD-0.90,0.7806261877247475,0.5437502997623291,0.9319770949909792,0.4995027034579278,3464,3901,2786,1115,678,194,8,3.96,0,8,0.0,3.96,0,0.0,0,0.0,194,96.04,24.52,115.88,42.362,45.082,1031.4,29.153,709.85,3.146,76.57,10.062,244.97,62.0,63.8,62.2,63.5,63.8,68.0,18.9,48.0,4412.0,4419,202
b251064f-e7a165fd,CTD-0.30,0.6986487646598051,0.47730707230706554,0.9226404289033727,0.45035982692469856,3840,3953,2789,1164,1051,175,27,13.37,0,27,0.0,13.37,0,0.0,0,0.0,175,86.63,23.05,105.834,41.201,45.082,943.79,28.249,647.19,3.077,70.35,9.876,226.25,61.8,63.4,62.0,62.7,63.4,73.0,18.7,46.0,4416.0,4419,187
b251064f-e7a165fd,CTD-0.50,0.6993526174917238,0.47557584414179865,0.9218260218897371,0.45239134248784985,3840,3978,2790,1188,1050,176,26,12.87,0,26,0.0,12.87,0,0.0,0,0.0,176,87.13,22.65,105.759,41.707,45.094,940.26,28.607,645.21,3.144,70.74,9.957,224.3,61.7,63.4,61.9,62.9,63.4,72.0,18.5,47.0,4415.0,4420,188
b251064f-e7a165fd,CTD-0.70,0.7198084763319428,0.49213249667856374,0.9243359552967323,0.46385383321021095,3840,4061,2868,1193,972,182,20,9.9,0,20,0.0,9.9,0,0.0,0,0.0,182,90.1,23.38,109.386,41.847,44.684,973.95,28.705,668.23,3.178,73.88,9.965,231.84,61.8,63.4,62.0,63.3,63.4,67.0,18.7,47.2,4417.0,4420,193
b251064f-e7a165fd,CTD-0.90,0.7401688483928525,0.5129669948161811,0.9343009505475278,0.47110582357172215,3840,4055,2930,1125,910,194,8,3.96,0,8,0.0,3.96,0,0.0,0,0.0,194,96.04,24.75,116.179,42.119,44.684,1037.43,28.95,713.24,3.16,77.76,10.009,246.44,61.9,63.4,62.1,63.2,63.4,71.0,18.7,47.6,4424.0,4427,206
b251b746-00138418,CTD-0.30,0.4892850145468578,0.3463462904256083,0.969587366568191,0.27190581392262064,1887,1078,947,131,940,90,113,55.67,0,113,0.0,55.67,0,0.0,0,0.0,90,44.33,11.42,50.839,41.593,46.079,473.4,28.429,323.57,3.11,35.36,10.054,114.48,61.7,63.3,61.6,62.4,63.3,78.6,18.4,45.1,4425.0,4426,96
b251b746-00138418,CTD-0.50,0.49733773404895243,0.3649622417612817,0.9724605149830078,0.27258359387158865,1887,1076,961,115,926,112,91,44.83,0,91,0.0,44.83,0,0.0,0,0.0,112,55.17,13.73,62.634,42.892,46.578,587.9,29.546,405.11,3.129,42.82,10.218,139.97,62.1,63.7,61.7,62.5,63.7,79.0,19.3,47.5,4429.0,4430,113
b251b746-00138418,CTD-0.70,0.5056123147329001,0.3729751451574804,0.9797958906796592,0.2729787505329301,1887,1064,971,93,916,112,91,44.83,0,91,0.0,44.83,0,0.0,0,0.0,112,55.17,13.77,62.653,42.647,46.578,582.3,29.359,401.14,3.107,42.3,10.181,138.86,61.9,63.2,61.7,62.4,63.2,83.3,19.5,47.3,4429.0,4431,112
b251b746-00138418,CTD-0.90,0.5143890066207937,0.3882805354431831,0.9852858774047972,0.27820166547479036,1887,1076,982,94,905,135,68,33.5,0,68,0.0,33.5,0,0.0,0,0.0,135,66.5,16.1,74.574,44.071,46.577,706.26,30.542,489.5,3.137,50.23,10.392,166.53,62.5,63.8,62.1,62.9,63.8,86.0,19.1,49.7,4426.0,4428,135
b255cd6c-0bdf0ac7,CTD-0.30,0.4913222812348844,0.35041620788183553,0.8851596576754638,0.32374216020428875,692,541,368,173,324,59,127,68.28,0,127,0.0,68.28,0,0.0,0,0.0,59,31.72,7.74,36.287,40.163,46.578,307.46,27.313,209.26,2.986,22.76,9.864,75.43,61.7,63.2,61.7,62.5,63.2,79.8,17.9,42.0,4427.0,4427,64
b255cd6c-0bdf0ac7,CTD-0.50,0.5594763218198934,0.42066133737269384,0.9234812255074148,0.3470325435643355,692,546,408,138,284,86,100,53.76,0,100,0.0,53.76,0,0.0,0,0.0,86,46.24,10.59,51.965,42.374,46.578,447.97,29.201,308.92,3.02,31.86,10.153,107.19,61.9,63.3,61.7,62.7,63.3,78.3,18.5,46.4,4429.0,4430,87
b255cd6c-0bdf0ac7,CTD-0.70,0.5407544977654948,0.3947832169084195,0.9348799149831513,0.33795963704284976,692,523,388,135,304,86,100,53.76,0,100,0.0,53.76,0,0.0,0,0.0,86,46.24,10.68,52.232,42.132,46.578,445.29,29.04,307.03,2.979,31.41,10.113,106.85,61.8,63.2,61.7,62.4,63.2,84.1,18.8,46.0,4430.0,4431,87
b255cd6c-0bdf0ac7,CTD-0.90,0.5758359828886069,0.43166886294979934,0.945171099315095,0.3522317962212061,692,536,411,125,281,95,91,48.92,0,91,0.0,48.92,0,0.0,0,0.0,95,51.08,11.65,57.315,42.73,46.477,494.16,29.576,342.22,2.976,34.34,10.179,117.61,62.0,63.3,61.6,62.5,63.3,80.4,19.1,47.0,4430.0,4432,95
b255cd6c-2f889586,CTD-0.30,0.5244316676346052,0.3458530249312735,0.8911721311207482,0.35163888412961747,2910,2467,1618,849,1292,144,59,29.06,0,59,0.0,29.06,0,0.0,0,0.0,144,70.94,18.91,83.963,40.985,44.584,773.2,28.158,531.48,2.952,55.56,9.876,186.16,61.8,63.4,61.7,62.8,63.4,75.1,19.2,45.4,4431.0,4433,152
b255cd6c-2f889586,CTD-0.50,0.5820877437428698,0.38783624254747084,0.920919296370061,0.37546784251726445,2910,2504,1764,740,1146,165,38,18.72,0,38,0.0,18.72,0,0.0,0,0.0,165,81.28,20.64,95.023,42.737,45.581,879.84,29.439,606.13,3.147,64.75,10.151,208.96,62.2,63.8,61.9,63.0,63.8,76.9,19.4,48.0,4434.0,4436,168
b255cd6c-2f889586,CTD-0.70,0.6145747549427819,0.41538759643309237,0.9310150204122563,0.38766935027445376,2910,2538,1858,680,1052,183,20,9.85,0,20,0.0,9.85,0,0.0,0,0.0,183,90.15,22.57,104.724,42.92,45.581,964.43,29.621,665.8,3.146,70.57,10.153,228.05,62.1,63.3,62.2,63.1,63.3,62.6,19.1,48.8,4435.0,4438,185
b255cd6c-2f889586,CTD-0.90,0.6296078066640747,0.4267368731389417,0.9376626484720259,0.39467676621008985,2910,2556,1893,663,1017,194,9,4.43,0,9,0.0,4.43,0,0.0,0,0.0,194,95.57,23.7,110.668,43.368,45.58,1025.05,29.947,708.01,3.167,74.74,10.254,242.3,62.5,63.8,62.4,63.2,63.8,63.8,18.8,49.5,4434.0,4436,199
b255cd6c-5ccba454,CTD-0.30,0.2635349768839266,0.14119238098941433,0.8564993827941253,0.18087293848306268,458,206,135,71,323,52,104,66.67,0,104,0.0,66.67,0,0.0,0,0.0,52,33.33,6.82,37.606,38.935,44.684,262.17,27.086,182.83,2.085,13.74,9.764,65.59,61.5,63.2,61.3,61.9,63.2,83.5,11.6,40.0,4437.0,4438,55
b255cd6c-5ccba454,CTD-0.50,0.2596218654834755,0.1387143095268723,0.8357956528725398,0.18256948128800554,458,214,136,78,322,54,102,65.38,0,102,0.0,65.38,0,0.0,0,0.0,54,34.62,6.78,38.808,40.366,46.577,274.01,28.206,191.78,2.178,14.59,9.982,67.64,61.7,63.2,61.2,62.0,63.2,85.1,11.6,42.3,4437.0,4438,55
b255cd6c-5ccba454,CTD-0.70,0.28464169864388494,0.1744009095863033,0.8716585753370318,0.18701713134027542,458,208,145,63,313,78,78,50.0,0,78,0.0,50.0,0,0.0,0,0.0,78,50.0,9.41,55.534,42.25,46.578,395.45,29.575,277.16,2.446,22.85,10.229,95.45,61.8,63.4,61.4,62.2,63.4,84.8,14.4,46.3,4439.0,4441,76
b255cd6c-5ccba454,CTD-0.90,0.2920614115374067,0.1922075360033742,0.886862565894319,0.18892264202687603,458,207,146,61,312,88,68,43.59,0,68,0.0,43.59,0,0.0,0,0.0,88,56.41,10.57,62.745,42.631,46.578,448.7,29.863,314.64,2.479,25.99,10.289,108.07,62.1,63.7,61.4,62.2,63.7,86.2,14.9,47.2,4440.0,4441,84
