sequence,system,ap_50,ap_50_95,avg_precision,avg_recall,total_gt,total_preds,total_tp,total_fp,total_fn,infer_count,skip_count,skip_rate_pct,erd_empty_count,predict_count,erd_empty_rate_pct,predict_rate_pct,erd_infer_count,erd_infer_rate_pct,augmented_infer_count,augmented_infer_rate_pct,pure_infer_count,pure_infer_rate_pct,wall_duration_s,avg_frame_time_ms,avg_power_w,max_power_w,energy_j,avg_power_gpu_w,energy_gpu_j,avg_power_cpu_w,energy_cpu_j,avg_power_io_w,energy_io_j,avg_gpu_temp_c,max_gpu_temp_c,avg_cpu_temp_c,max_cpu_temp_c,max_tj_temp_c,avg_gpu_util_pct,avg_cpu_util_pct,avg_emc_util_pct,avg_ram_used_mb,max_ram_used_mb,n_tegrastats_samples
b1c66a42-6f7d68ca,Vanilla,0.7277070933619987,0.5774806622848028,0.9951949445508251,0.3754365865957749,2612,1977,1909,68,703,202,0,0.0,0,0,0.0,0.0,0,0.0,0,0.0,202,100.0,26.77,125.977,39.778,42.706,1061.6,28.134,750.96,1.756,46.78,9.887,263.85,57.5,59.6,56.9,58.4,59.6,75.7,6.9,45.9,3931.0,3943,217
b1c66a42-6f7d68ca,Adaptive,0.7277340831045327,0.5170606445250349,0.9758638489229874,0.40865498672494266,2612,2227,1933,294,679,180,22,10.89,0,22,0.0,10.89,1,0.5,126,62.38,53,26.24,24.38,114.298,40.341,43.802,978.39,27.468,666.46,3.115,75.29,9.758,236.64,58.4,60.5,58.4,59.6,60.5,71.9,18.9,44.7,4018.0,4023,196
b1c81faa-3df17267,Vanilla,0.3636929956364902,0.2736019804244881,0.9552673392381019,0.20047407283101187,472,202,179,23,293,182,0,0.0,0,0,0.0,0.0,0,0.0,0,0.0,182,100.0,21.98,114.676,42.201,44.601,927.36,30.23,664.64,1.613,35.29,10.358,227.42,60.0,61.5,59.1,60.2,61.5,87.7,7.2,49.8,4012.0,4019,177
b1c81faa-3df17267,Adaptive,0.23773768333697615,0.15753663057700945,0.9240567405330146,0.14142304629734959,472,149,120,29,352,38,144,79.12,126,18,69.23,9.89,4,2.2,11,6.04,23,12.64,13.07,67.298,29.747,44.2,388.43,12.424,164.99,9.864,126.16,7.459,97.28,56.8,60.8,61.1,62.6,62.6,33.1,70.0,20.1,4042.0,4076,112
b1c81faa-c80764c5,Vanilla,0.5368165042573048,0.42448401681805176,0.9997046809937887,0.27120501090719284,866,469,465,4,401,202,0,0.0,0,0,0.0,0.0,0,0.0,0,0.0,202,100.0,24.48,115.012,42.34,44.115,1032.71,30.374,741.02,1.601,38.97,10.365,252.71,60.6,61.8,59.6,60.6,61.8,82.0,7.4,49.9,4030.0,4032,196
b1c81faa-c80764c5,Adaptive,0.524151695119461,0.37791587677829697,0.9921929428698414,0.27444747999020513,866,481,457,24,409,125,77,38.12,1,76,0.5,37.62,1,0.5,17,8.42,107,52.97,15.62,72.248,42.238,44.312,654.75,29.043,450.25,3.084,47.76,10.11,156.74,60.4,62.2,60.6,61.6,62.2,77.5,19.9,47.4,4047.0,4050,128
b1c9c847-3bda4659,Vanilla,0.834158747492421,0.6621579263050276,0.9921960567920379,0.4384467169434236,2937,2610,2466,144,471,203,0,0.0,0,0,0.0,0.0,0,0.0,0,0.0,203,100.0,27.04,126.465,40.046,42.007,1077.81,28.25,760.53,1.877,50.43,9.919,266.85,61.2,62.5,60.7,61.4,62.5,83.1,7.2,45.6,4028.0,4032,219
b1c9c847-3bda4659,Adaptive,0.8265478842153307,0.5772853751198309,0.9635296714388778,0.4856527554042942,2937,3043,2480,563,457,198,5,2.46,0,5,0.0,2.46,1,0.49,175,86.21,22,10.84,27.82,130.447,39.911,42.405,1107.53,27.063,751.31,3.176,87.94,9.672,268.28,61.1,62.7,61.2,62.1,62.7,76.2,18.5,43.3,4049.0,4054,226
b1ca2e5d-84cf9134,Vanilla,0.6441277880573911,0.4217205452883236,0.9725310429510928,0.34883755857263005,3944,2870,2605,265,1339,203,0,0.0,0,0,0.0,0.0,0,0.0,0,0.0,203,100.0,27.43,128.386,39.76,42.607,1088.54,28.01,767.46,1.888,51.34,9.862,269.74,61.7,62.9,61.1,61.9,62.9,82.2,7.3,44.8,4041.0,4045,219
b1ca2e5d-84cf9134,Adaptive,0.6626551994453922,0.41639313813687134,0.9479585281383573,0.3938752913124164,3944,3384,2713,671,1231,197,6,2.96,0,6,0.0,2.96,1,0.49,168,82.76,28,13.79,28.2,132.713,39.41,43.302,1104.71,26.644,747.11,3.164,88.5,9.602,269.1,61.3,62.8,61.6,62.7,62.8,74.0,18.5,42.6,4057.0,4061,230
b1cac6a7-04e33135,Vanilla,0.7670302087244463,0.6041563221504881,0.9902668897207388,0.3985565346246461,1368,1105,1059,46,309,106,0,0.0,0,0,0.0,0.0,0,0.0,0,0.0,106,100.0,13.95,124.88,39.722,42.506,551.69,28.011,389.28,1.806,24.96,9.905,137.45,61.4,62.8,61.1,61.9,62.8,80.4,6.9,44.0,4040.0,4042,112
b1cac6a7-04e33135,Adaptive,0.7745564818966333,0.590894327991865,0.9838215158985951,0.4138606330321057,1368,1159,1075,84,293,81,25,23.58,0,25,0.0,23.58,1,0.94,36,33.96,44,41.51,11.17,98.732,39.474,42.804,435.53,26.59,293.62,3.232,35.42,9.653,106.49,60.8,62.6,61.4,62.1,62.6,79.3,18.7,41.4,4057.0,4061,88
b1cd1e94-549d0bfe,Vanilla,0.7045958513692681,0.564299128527433,0.9920934889214408,0.36725267351936147,1763,1312,1251,61,512,203,0,0.0,0,0,0.0,0.0,0,0.0,0,0.0,203,100.0,25.49,119.428,41.464,43.502,1054.18,29.614,753.37,1.65,41.73,10.2,259.08,62.2,63.4,61.5,62.4,63.4,90.2,7.0,48.0,4043.0,4046,209
b1cd1e94-549d0bfe,Adaptive,0.682171491241102,0.5015948566080398,0.9723415194845463,0.3867914275174627,1763,1430,1226,204,537,164,39,19.21,0,39,0.0,19.21,1,0.49,85,41.87,78,38.42,21.24,98.687,41.611,44.097,878.8,28.454,601.27,3.18,66.92,9.977,210.61,61.9,63.6,62.3,63.3,63.6,68.6,19.0,46.3,4061.0,4071,174
b1ceb32e-3f481b43,Vanilla,0.3743047559696894,0.2632534404164515,0.970810772478065,0.20140324791487585,715,301,275,26,440,138,0,0.0,0,0,0.0,0.0,0,0.0,0,0.0,138,100.0,16.51,114.762,42.732,45.099,699.24,30.642,501.51,1.625,26.54,10.464,171.2,62.8,64.1,62.0,62.8,64.1,90.4,6.8,49.3,4047.0,4048,135
b1ceb32e-3f481b43,Adaptive,0.32789877029602754,0.20747751604515985,0.9242139025516212,0.19784965034965035,715,320,249,71,466,80,58,42.03,43,15,31.16,10.87,14,10.14,27,19.57,39,28.26,13.36,92.345,37.406,44.284,495.35,22.039,292.52,6.244,81.99,9.123,120.85,61.2,63.6,63.1,65.2,65.2,59.9,41.2,35.2,4061.0,4064,109
b1ceb32e-51852abe,Vanilla,0.6547890123250153,0.5102356733628087,0.9920064629466185,0.33549863568347854,2164,1470,1428,42,736,203,0,0.0,0,0,0.0,0.0,0,0.0,0,0.0,203,100.0,25.78,120.763,41.35,43.104,1064.08,29.429,757.6,1.735,44.5,10.186,261.99,62.9,64.2,62.3,63.2,64.2,89.0,6.9,47.7,4046.0,4048,210
b1ceb32e-51852abe,Adaptive,0.6716041446856866,0.4909823344146913,0.9841309718991085,0.3610539042437758,2164,1603,1473,130,691,158,45,22.17,0,45,0.0,22.17,1,0.49,92,45.32,65,32.02,20.84,96.576,41.136,43.8,852.1,28.033,580.92,3.199,65.99,9.904,205.19,62.3,64.2,62.8,63.6,64.2,79.4,18.7,45.6,4064.0,4069,167
b1cebfb7-284f5117,Vanilla,0.6052088948681746,0.4763675061526196,0.9834820150322687,0.3200588173461002,1956,1284,1202,82,754,202,0,0.0,0,0,0.0,0.0,0,0.0,0,0.0,202,100.0,25.37,119.568,41.604,44.115,1054.58,29.672,752.26,1.703,43.11,10.229,259.21,63.1,64.3,62.5,63.2,64.3,81.4,7.0,48.1,4043.0,4048,207
b1cebfb7-284f5117,Adaptive,0.5956940302698626,0.40072316397450597,0.9566762901536325,0.342053377650939,1956,1436,1206,230,750,170,32,15.84,0,32,0.0,15.84,2,0.99,95,47.03,73,36.14,22.19,104.059,41.544,44.698,916.12,28.36,625.77,3.192,70.07,9.993,220.28,62.7,64.2,63.0,64.8,64.8,76.3,19.0,46.1,4077.0,4083,181
b1d0091f-75824d0d,Vanilla,0.7443751970005742,0.645372200774701,0.9977485783969395,0.38021895010639895,1641,1252,1224,28,417,202,0,0.0,0,0,0.0,0.0,0,0.0,0,0.0,202,100.0,25.39,119.743,41.46,43.205,1049.52,29.614,749.84,1.632,41.22,10.214,258.47,63.2,64.4,62.7,63.4,64.4,79.1,7.2,48.2,4054.0,4056,205
b1d0091f-75824d0d,Adaptive,0.7605962007468106,0.612837889703107,0.995282699657659,0.3961213372966586,1641,1310,1253,57,388,147,55,27.23,0,55,0.0,27.23,1,0.5,55,27.23,91,45.05,19.11,88.839,41.546,44.2,789.09,28.394,539.68,3.147,59.48,10.005,189.93,62.8,64.2,63.0,63.7,64.2,76.8,19.3,45.8,4081.0,4085,157
b1d0091f-f2c2d2ae,Vanilla,0.6001118759219859,0.4840038132087193,0.9868049854076645,0.31436848378148174,2451,1574,1489,85,962,202,0,0.0,0,0,0.0,0.0,0,0.0,0,0.0,202,100.0,25.81,121.068,41.36,43.602,1064.31,29.45,757.86,1.717,44.16,10.192,262.29,63.5,64.4,62.7,63.4,64.4,88.7,7.1,47.5,4054.0,4057,205
b1d0091f-f2c2d2ae,Adaptive,0.6178342982664444,0.47535103184804656,0.975442305813264,0.33711769909801115,2451,1717,1547,170,904,163,39,19.31,0,39,0.0,19.31,1,0.5,94,46.53,68,33.66,21.5,99.986,41.294,43.802,882.93,28.194,603.17,3.171,67.55,9.929,212.21,62.7,64.5,63.0,63.9,64.5,76.9,19.0,45.4,4079.0,4087,174
b1d0a191-03dcecc2,Vanilla,0.7374996336815138,0.5558918688355219,0.9883834416747213,0.38695529858432065,3220,2539,2400,139,820,202,0,0.0,0,0,0.0,0.0,0,0.0,0,0.0,202,100.0,26.81,126.636,40.177,42.606,1075.43,28.313,758.24,1.907,50.82,9.957,266.37,63.1,64.3,62.7,63.4,64.3,77.5,7.1,45.6,4058.0,4061,218
b1d0a191-03dcecc2,Adaptive,0.7530269119581139,0.524806996470202,0.9759637580081182,0.4220438753727037,3220,2831,2467,364,753,189,13,6.44,0,13,0.0,6.44,1,0.5,144,71.29,44,21.78,26.36,124.369,39.909,42.804,1046.42,27.023,708.98,3.189,83.3,9.697,254.14,62.4,64.0,62.9,63.7,64.0,73.5,18.5,43.5,4085.0,4093,207
b1d0a191-06deb55d,Vanilla,0.742737263998692,0.5414576014592789,0.9552202894253079,0.42606133396564855,2441,2227,1882,345,559,202,0,0.0,0,0,0.0,0.0,0,0.0,0,0.0,202,100.0,26.89,126.344,40.093,42.607,1075.17,28.289,759.02,1.865,49.77,9.94,266.37,62.9,64.4,62.7,63.8,64.4,83.9,7.3,45.5,4060.0,4063,217
b1d0a191-06deb55d,Adaptive,0.7542091254378152,0.5130968675424928,0.933676296585084,0.45369090678390145,2441,2457,1940,517,501,172,30,14.85,0,30,0.0,14.85,1,0.5,116,57.43,55,27.23,24.18,113.134,39.553,43.303,955.48,26.7,645.49,3.195,76.8,9.658,233.19,62.4,64.2,62.9,63.8,64.2,74.4,18.6,42.9,4085.0,4092,194
b1d0a191-28f0e779,Vanilla,0.7901312072451581,0.6290355936145577,0.9889830361927454,0.4231089103189543,1615,1393,1287,106,328,190,0,0.0,0,0,0.0,0.0,0,0.0,0,0.0,190,100.0,24.17,121.209,41.276,43.091,994.19,29.344,706.95,1.761,42.31,10.171,244.93,63.2,64.5,62.7,63.6,64.5,81.9,6.9,47.5,4058.0,4061,199
b1d0a191-28f0e779,Adaptive,0.7875920102054496,0.5638056064277461,0.9676550397156839,0.4513127739133931,1615,1540,1301,239,314,154,36,18.95,2,34,1.05,17.89,2,1.05,93,48.95,59,31.05,20.63,102.454,40.91,43.8,840.62,27.744,570.71,3.289,67.07,9.876,202.84,62.6,64.3,63.2,64.2,64.3,76.8,20.0,44.8,4089.0,4093,166
b1d0a191-2ed2269e,Vanilla,0.7326508343113758,0.5441525818329398,0.986908973438165,0.38765843718378457,3126,2476,2317,159,809,203,0,0.0,0,0,0.0,0.0,0,0.0,0,0.0,203,100.0,27.12,127.32,40.102,42.095,1086.67,28.251,765.83,1.898,51.27,9.953,269.57,63.1,64.3,62.9,63.8,64.3,82.7,7.2,45.4,4059.0,4061,218
b1d0a191-2ed2269e,Adaptive,0.7464607293918717,0.5191221411963352,0.9724290363497129,0.4231164353525198,3126,2772,2379,393,747,186,17,8.37,0,17,0.0,8.37,1,0.49,137,67.49,48,23.65,26.06,121.959,40.006,43.301,1040.41,27.097,705.05,3.201,82.97,9.708,252.39,62.7,64.2,63.0,63.9,64.2,76.3,18.6,43.4,4088.0,4092,212
b1d0a191-5490450b,Vanilla,0.7265308381430522,0.5730015891671398,0.9765726623229052,0.40512973378327716,1778,1500,1314,186,464,204,0,0.0,0,0,0.0,0.0,0,0.0,0,0.0,204,100.0,26.2,122.098,41.005,43.103,1068.07,29.113,758.44,1.783,46.36,10.109,263.27,63.1,64.5,62.7,63.4,64.5,77.2,6.9,47.2,4066.0,4070,211
b1d0a191-5490450b,Adaptive,0.7005356915495011,0.513141152773065,0.946278509686642,0.4142467526754687,1778,1611,1296,315,482,158,46,22.55,0,46,0.0,22.55,1,0.49,84,41.18,73,35.78,20.92,96.391,41.228,43.8,861.42,28.095,587.3,3.212,66.87,9.921,207.26,62.7,64.6,63.1,63.9,64.6,77.4,18.8,45.3,4095.0,4099,171
b1d0a191-65deaeef,Vanilla,0.7359542690483691,0.5301274093425945,0.9649262728380107,0.39695489356909563,3276,2732,2494,238,782,202,0,0.0,0,0,0.0,0.0,0,0.0,0,0.0,202,100.0,27.21,128.279,39.81,42.106,1082.91,28.028,763.07,1.884,50.92,9.898,268.92,63.1,64.2,62.8,63.5,64.2,83.3,7.2,44.9,4066.0,4069,216
b1d0a191-65deaeef,Adaptive,0.7616656331818681,0.5283003062828189,0.9507203581166264,0.43870425450652356,3276,3085,2604,481,672,182,20,9.9,0,20,0.0,9.9,1,0.5,145,71.78,36,17.82,25.73,121.086,39.715,43.301,1020.12,26.853,690.25,3.205,81.96,9.657,247.92,62.6,64.0,63.0,63.6,64.0,74.4,18.4,42.9,4094.0,4099,208
b1d0a191-de8948f6,Vanilla,0.7624006549382008,0.6232918796740761,0.9903301147139973,0.4015249170455819,2478,2023,1905,118,573,202,0,0.0,0,0,0.0,0.0,0,0.0,0,0.0,202,100.0,26.46,124.46,40.338,42.606,1066.31,28.536,754.75,1.799,47.34,10.003,264.21,62.9,64.3,62.7,63.5,64.3,84.0,7.1,46.2,4072.0,4075,210
b1d0a191-de8948f6,Adaptive,0.77524427888971,0.5983132002883618,0.9811672283703003,0.42743513748605466,2478,2187,1948,239,530,172,30,14.85,0,30,0.0,14.85,1,0.5,104,51.49,67,33.17,23.35,109.094,40.573,42.891,941.32,27.559,639.69,3.188,73.74,9.827,227.9,62.7,64.3,63.0,63.9,64.3,76.5,18.7,44.5,4099.0,4104,189
b1d10d08-5b108225,Vanilla,0.6065391842415949,0.48273740978522434,0.9972787245933774,0.3086727791005158,2123,1316,1291,25,832,202,0,0.0,0,0,0.0,0.0,0,0.0,0,0.0,202,100.0,25.4,120.342,41.572,43.59,1049.82,29.692,749.83,1.648,41.58,10.232,258.41,63.4,64.6,62.9,63.7,64.6,84.5,7.3,48.2,4070.0,4072,202
b1d10d08-5b108225,Adaptive,0.6279470019811424,0.4632664969172097,0.986918766188823,0.3405519954826831,2123,1479,1346,133,777,173,29,14.36,0,29,0.0,14.36,1,0.5,97,48.02,75,37.13,22.17,104.767,42.04,44.684,927.94,28.751,634.93,3.215,70.7,10.074,222.3,63.1,64.7,63.5,64.5,64.7,70.4,19.1,46.9,4099.0,4104,182
b1d10d08-743fd86c,Vanilla,0.34939521208057045,0.2880098421155323,0.9920402739051527,0.18670542158792647,1016,384,357,27,659,202,0,0.0,0,0,0.0,0.0,0,0.0,0,0.0,202,100.0,24.24,115.076,42.767,44.5,1032.18,30.679,740.66,1.615,38.85,10.473,252.67,63.9,65.0,63.3,64.2,65.0,82.0,6.9,50.3,4071.0,4074,195
b1d10d08-743fd86c,Adaptive,0.33370978782865857,0.2445941920581436,0.9739417097399296,0.18594118469962828,1016,394,346,48,670,129,73,36.14,12,61,5.94,30.2,3,1.49,21,10.4,105,51.98,16.97,78.925,41.675,45.195,703.82,27.939,472.48,3.718,62.35,10.018,168.99,63.6,64.8,63.8,66.5,66.5,74.5,23.5,44.9,4099.0,4104,137
b1d10d08-c35503b8,Vanilla,0.7468092210504275,0.5919890319038928,0.993544358366434,0.38685909320693246,3127,2445,2349,96,778,202,0,0.0,0,0,0.0,0.0,0,0.0,0,0.0,202,100.0,27.18,128.826,39.951,42.195,1086.94,28.071,764.14,1.962,53.2,9.917,269.59,63.5,64.7,63.3,63.9,64.7,82.3,7.0,45.1,4071.0,4074,219
b1d10d08-c35503b8,Adaptive,0.743361012135864,0.5478682097159304,0.9734601330719029,0.42397125019253334,3127,2778,2364,414,763,193,9,4.46,0,9,0.0,4.46,1,0.5,158,78.22,34,16.83,27.24,128.949,39.808,42.79,1085.15,26.915,734.26,3.211,87.18,9.682,263.71,63.0,64.4,63.3,64.2,64.4,76.7,18.6,43.0,4094.0,4099,219
b1d10d08-da110fcb,Vanilla,0.8412692378104062,0.7145764926794236,0.9944064446038713,0.44211183009789284,2250,2009,1901,108,349,194,0,0.0,0,0,0.0,0.0,0,0.0,0,0.0,194,100.0,25.38,125.093,40.672,43.602,1031.9,28.759,729.91,1.86,47.06,10.053,254.93,63.5,64.8,63.0,63.8,64.8,84.5,7.1,46.0,4074.0,4079,204
b1d10d08-da110fcb,Adaptive,0.8143984633641117,0.6121122137812757,0.9650960171863098,0.46886391119040544,2250,2242,1877,365,373,176,18,9.28,0,18,0.0,9.28,1,0.52,129,66.49,46,23.71,23.86,117.493,40.795,44.696,969.27,27.755,659.82,3.202,75.81,9.837,233.64,63.0,64.8,63.4,64.2,64.8,81.6,18.5,44.4,4106.0,4112,195
b1d10d08-ec660956,Vanilla,0.7555773811481868,0.6165076304409266,0.9936394334283866,0.3904193081032799,2117,1669,1609,60,508,202,0,0.0,0,0,0.0,0.0,0,0.0,0,0.0,202,100.0,26.11,122.078,40.873,42.693,1059.91,29.037,753.03,1.753,45.42,10.083,261.47,63.3,64.7,63.0,63.7,64.7,89.0,7.3,47.0,4080.0,4083,206
b1d10d08-ec660956,Adaptive,0.7554038355748913,0.5542590612255369,0.9816090275135295,0.42003214974122743,2117,1836,1619,217,498,169,33,16.34,0,33,0.0,16.34,1,0.5,110,54.46,58,28.71,22.49,104.627,41.185,43.8,920.12,28.078,627.24,3.199,71.44,9.908,221.44,63.0,64.6,63.5,64.2,64.6,75.6,18.6,45.4,4106.0,4111,181
b1d22449-117aa773,Vanilla,0.4187337177068996,0.33345939735501495,0.9527815977152027,0.23240753132770295,1193,595,522,73,671,202,0,0.0,0,0,0.0,0.0,0,0.0,0,0.0,202,100.0,24.49,116.033,42.609,44.499,1042.18,30.557,747.56,1.619,39.5,10.434,255.12,64.0,65.1,63.2,63.9,65.1,89.5,7.2,49.8,4081.0,4084,197
b1d22449-117aa773,Adaptive,0.43347411232670285,0.31196248748462274,0.9404339472170816,0.2559599657694298,1193,669,543,126,650,158,44,21.78,0,44,0.0,21.78,1,0.5,69,34.16,88,43.56,19.41,91.455,43.204,45.197,835.36,29.737,575.1,3.184,61.43,10.283,198.82,63.7,65.2,63.8,64.5,65.2,70.2,18.8,48.7,4110.0,4114,161
b1d22449-15fb948f,Vanilla,0.158,0.11930366319589811,1.0,0.08,500,79,79,0,421,183,0,0.0,0,0,0.0,0.0,0,0.0,0,0.0,183,100.0,21.43,112.505,43.407,45.098,924.62,31.223,664.96,1.608,34.25,10.576,225.41,64.1,65.0,63.7,64.4,65.0,83.5,7.1,51.5,4079.0,4081,181
b1d22449-15fb948f,Adaptive,0.072,0.046266791964097456,1.0,0.037000000000000005,500,36,36,0,464,31,152,83.06,143,9,78.14,4.92,10,5.46,5,2.73,16,8.74,12.97,66.943,29.091,44.898,377.15,10.939,142.87,10.797,138.99,7.355,95.29,60.4,64.2,65.1,66.4,66.4,28.8,76.3,17.4,4103.0,4107,111
b1d22ed6-f1cac061,Vanilla,0.8005621107753518,0.5615899533288429,0.9854486347898259,0.42768428776944406,4610,4038,3737,301,873,203,0,0.0,0,0,0.0,0.0,0,0.0,0,0.0,203,100.0,28.59,134.725,38.765,42.106,1104.6,27.078,771.94,2.003,56.9,9.684,275.77,63.0,64.4,63.0,63.7,64.4,71.0,7.1,43.2,4079.0,4081,230
b1d22ed6-f1cac061,Adaptive,0.807476984660402,0.5228656782821731,0.9540010881361979,0.48334609816235874,4610,4829,3826,1003,784,200,3,1.48,0,3,0.0,1.48,1,0.49,190,93.6,9,4.43,31.26,147.804,36.929,43.288,1152.4,24.474,764.45,3.199,99.41,9.255,288.54,62.2,63.7,62.9,63.6,63.7,70.8,17.6,39.1,4085.0,4108,253
b1d3907b-2278601b,Vanilla,0.2920608219091989,0.2199871587188566,0.9724985900385045,0.1553056516724337,867,280,260,20,607,202,0,0.0,0,0,0.0,0.0,0,0.0,0,0.0,202,100.0,24.34,115.236,42.664,44.6,1036.2,30.614,743.78,1.619,39.17,10.431,253.25,63.3,64.5,62.6,63.7,64.5,89.4,7.2,50.0,4089.0,4090,195
b1d3907b-2278601b,Adaptive,0.32359890195671587,0.213575936226348,0.962295564377507,0.18026880202943094,867,331,290,41,577,160,42,20.79,0,42,0.0,20.79,21,10.4,39,19.31,100,49.5,20.65,97.326,42.572,44.885,880.47,28.594,592.39,3.864,79.07,10.114,209.01,63.2,64.5,63.6,65.7,65.7,75.7,24.5,46.6,4119.0,4122,168
b1d4b62c-60aab822,Vanilla,0.83289759086537,0.710619444863793,0.9948425976266201,0.43351596052529096,2214,1937,1852,85,362,203,0,0.0,0,0,0.0,0.0,0,0.0,0,0.0,203,100.0,26.06,123.234,40.962,43.104,1063.3,29.105,755.79,1.753,45.38,10.104,262.13,63.4,64.6,63.0,63.7,64.6,85.2,7.1,47.3,4092.0,4095,212
b1d4b62c-60aab822,Adaptive,0.8243951885358471,0.6403896581298825,0.9772026155088847,0.46263931120462465,2214,2131,1854,277,360,170,33,16.26,0,33,0.0,16.26,1,0.49,117,57.64,52,25.62,22.55,106.14,41.183,43.802,920.95,28.051,627.25,3.198,71.43,9.935,222.27,63.0,64.6,63.4,64.1,64.6,71.8,18.7,45.7,4115.0,4119,183
b1d59b1f-a38aec79,Vanilla,0.7115568598362193,0.5639478145554164,0.9941244169968076,0.3750633855331842,298,225,213,12,85,168,0,0.0,0,0,0.0,0.0,0,0.0,0,0.0,168,100.0,20.17,114.362,42.57,44.513,857.12,30.515,614.78,1.62,32.43,10.435,209.91,63.8,64.8,63.0,63.7,64.9,91.7,7.0,49.6,4092.0,4094,163
b1d59b1f-a38aec79,Adaptive,0.5786603115049496,0.3850896792673487,0.9442578499559716,0.33986335328617207,298,222,180,42,118,100,68,40.48,16,52,9.52,30.95,3,1.79,11,6.55,86,51.19,13.55,75.483,40.18,45.197,544.16,26.418,359.06,3.933,52.15,9.828,132.95,62.7,64.8,63.6,65.5,65.5,72.7,24.7,42.7,4114.0,4119,111
b1d7b3ac-0bdb47dc,Vanilla,0.7641305918032358,0.6292214448941807,0.9961499083663106,0.3910339463174515,1480,1164,1135,29,345,202,0,0.0,0,0,0.0,0.0,0,0.0,0,0.0,202,100.0,25.21,119.489,41.734,44.001,1047.84,29.812,748.71,1.646,41.24,10.276,257.89,63.8,64.8,63.3,64.1,64.8,80.5,7.2,48.5,4089.0,4091,201
b1d7b3ac-0bdb47dc,Adaptive,0.7293299100106676,0.5251044061320862,0.9687163254353728,0.41209181209181206,1480,1287,1105,182,375,168,34,16.83,0,34,0.0,16.83,1,0.5,83,41.09,84,41.58,21.37,101.108,42.311,44.698,897.96,28.976,615.08,3.196,67.68,10.138,215.19,63.5,64.9,63.6,64.3,64.9,68.9,18.9,47.3,4114.0,4118,176
b1d7b3ac-36f2d3b7,Vanilla,0.8607021584481174,0.7066745529785589,0.995074046640264,0.4421388496295344,724,645,626,19,98,176,0,0.0,0,0,0.0,0.0,0,0.0,0,0.0,176,100.0,21.77,117.656,41.919,44.102,910.28,29.972,651.15,1.614,34.89,10.333,224.24,63.9,64.9,63.2,63.9,64.9,86.6,7.2,48.5,4087.0,4089,175
b1d7b3ac-36f2d3b7,Adaptive,0.7749065056567221,0.5393172019118138,0.9663888337442704,0.43792157994557596,724,670,576,94,148,118,58,32.95,13,45,7.39,25.57,2,1.14,38,21.59,78,44.32,15.85,84.779,41.001,44.711,642.67,27.377,428.91,3.722,58.66,9.902,155.1,63.2,64.8,63.7,66.3,66.3,68.9,23.1,43.8,4109.0,4118,131
b1d7b3ac-5744370e,Vanilla,0.6125252055639667,0.5077835659016656,0.9861535725677473,0.320578701873666,556,364,345,19,211,198,0,0.0,0,0,0.0,0.0,0,0.0,0,0.0,198,100.0,23.8,114.909,42.835,44.601,1014.16,30.735,727.9,1.618,38.16,10.482,248.1,64.2,65.2,63.4,64.0,65.2,92.3,7.2,50.2,4088.0,4091,194
b1d7b3ac-5744370e,Adaptive,0.5336348107363895,0.38966348494352626,0.9291760925635193,0.3106198978640921,556,386,316,70,240,137,61,30.81,9,52,4.55,26.26,5,2.53,29,14.65,103,52.02,17.47,83.527,42.665,45.296,741.09,29.048,505.61,3.426,58.56,10.191,176.92,63.6,65.2,64.0,66.6,66.6,70.5,21.7,47.6,4115.0,4119,143
b1d7b3ac-995f9d8a,Vanilla,0.7942711304054133,0.6344523651052832,0.9842248369863081,0.4248792927918394,755,657,608,49,147,189,0,0.0,0,0,0.0,0.0,0,0.0,0,0.0,189,100.0,23.3,116.862,41.854,44.5,972.63,29.917,695.62,1.614,37.33,10.323,239.68,64.0,65.2,63.6,64.2,65.1,79.4,7.0,48.7,4090.0,4093,184
b1d7b3ac-995f9d8a,Adaptive,0.7469915361755195,0.5117068331869374,0.948849050003537,0.44825822430409734,755,738,583,155,172,148,41,21.69,0,41,0.0,21.69,3,1.59,73,38.62,72,38.1,18.64,92.946,42.641,45.197,789.7,29.191,540.73,3.282,60.63,10.167,188.35,63.7,65.2,64.1,66.2,66.2,68.0,19.8,47.3,4118.0,4122,154
b1d7b3ac-9e14f05f,Vanilla,0.8416531097394663,0.719857802295351,0.9967310534423086,0.43745838969438217,1312,1154,1107,47,205,202,0,0.0,0,0,0.0,0.0,0,0.0,0,0.0,202,100.0,25.14,119.27,41.708,43.702,1045.18,29.791,746.34,1.623,40.67,10.294,258.17,64.0,65.2,63.6,64.2,65.2,79.1,7.0,48.8,4087.0,4096,208
b1d7b3ac-9e14f05f,Adaptive,0.7944953045306553,0.5913130782893898,0.9645714712777115,0.45868294589904457,1312,1279,1068,211,244,151,51,25.25,0,51,0.0,25.25,1,0.5,77,38.12,73,36.14,19.26,90.602,42.134,45.109,809.11,28.819,553.73,3.23,61.78,10.086,193.6,63.7,64.9,64.2,65.5,65.5,70.3,19.0,46.7,4111.0,4116,160
b1d7b3ac-afa57f22,Vanilla,0.7363738020892155,0.6114065255873371,0.998021990766706,0.3798108552631579,400,304,295,9,105,170,0,0.0,0,0,0.0,0.0,0,0.0,0,0.0,170,100.0,20.45,114.915,42.546,45.012,868.36,30.483,622.51,1.625,32.99,10.438,212.86,64.2,65.4,63.7,64.4,65.4,82.0,7.1,49.6,4091.0,4094,162
b1d7b3ac-afa57f22,Adaptive,0.6963617276411995,0.5073559585490516,0.9849758924695058,0.3750407166123778,400,307,282,25,118,98,72,42.35,12,60,7.06,35.29,4,2.35,12,7.06,82,48.24,13.02,71.866,40.958,45.096,530.49,27.118,351.91,3.944,50.58,9.897,128.0,63.4,65.2,64.2,66.9,66.9,61.8,24.7,43.9,4114.0,4118,109
b1d968b9-563405f4,Vanilla,0.7971132581374609,0.6538378905025344,0.9471539668403702,0.41721764855611343,2656,2414,2234,180,422,203,0,0.0,0,0,0.0,0.0,0,0.0,0,0.0,203,100.0,27.16,127.727,40.061,42.505,1088.55,28.232,767.48,1.883,50.99,9.946,270.08,63.8,65.1,63.6,64.3,65.1,80.2,7.2,45.4,4086.0,4088,220
b1d968b9-563405f4,Adaptive,0.8148234441241158,0.6365799428219769,0.9456882313685944,0.4526014484204097,2656,2604,2281,323,375,168,35,17.24,0,35,0.0,17.24,1,0.49,107,52.71,60,29.56,23.55,110.077,39.846,42.79,937.49,26.952,634.62,3.208,75.17,9.686,227.69,63.1,64.8,63.7,64.7,64.8,77.1,18.3,43.2,4116.0,4121,188
b1d968b9-ce42734f,Vanilla,0.8411082923207799,0.6900904372824519,0.9798787540140649,0.46151649812545065,3559,3399,3041,358,518,203,0,0.0,0,0,0.0,0.0,0,0.0,0,0.0,203,100.0,27.98,131.75,39.315,41.609,1098.68,27.533,769.63,1.994,55.59,9.788,273.46,63.4,64.7,63.3,64.1,64.7,72.0,7.1,44.0,4096.0,4099,227
b1d968b9-ce42734f,Adaptive,0.8300172197579085,0.6212975522552175,0.9497153196068899,0.48764693726761726,3559,3780,3065,715,494,184,19,9.36,0,19,0.0,9.36,1,0.49,144,70.94,39,19.21,27.25,128.071,38.685,42.404,1049.52,26.003,705.8,3.192,86.32,9.491,257.4,62.8,64.5,63.2,64.0,64.5,74.5,18.0,41.1,4124.0,4129,219
b1d971b4-ac67ca0d,Vanilla,0.8276874548364863,0.6744978998174577,0.9903680026504895,0.4419546322191148,2503,2250,2087,163,416,199,0,0.0,0,0,0.0,0.0,0,0.0,0,0.0,199,100.0,26.25,124.869,40.388,42.207,1057.48,28.506,746.58,1.894,49.44,9.988,261.46,63.1,64.5,62.8,63.5,64.5,79.0,7.2,45.9,4101.0,4105,221
b1d971b4-ac67ca0d,Adaptive,0.8162213645088834,0.5989834999885603,0.9674570972549908,0.47605424995552087,2503,2524,2082,442,421,179,20,10.05,0,20,0.0,10.05,1,0.5,138,69.35,40,20.1,24.62,117.186,40.369,43.289,993.67,27.379,674.38,3.215,78.86,9.776,240.43,62.7,64.3,63.1,63.8,64.3,81.0,18.6,44.1,4124.0,4129,197
b1d9e136-6c94ea3f,Vanilla,0.7587332387787326,0.6313361029496172,0.9974717195267429,0.3880631236620147,2342,1825,1781,44,561,202,0,0.0,0,0,0.0,0.0,0,0.0,0,0.0,202,100.0,26.06,122.674,40.759,42.593,1061.46,28.903,753.11,1.791,46.42,10.065,261.93,63.2,64.7,63.0,63.8,64.7,79.1,7.1,46.9,4101.0,4105,211
b1d9e136-6c94ea3f,Adaptive,0.7672760212621574,0.5974201990016363,0.9861929706725693,0.4219478972282844,2342,2025,1813,212,529,173,29,14.36,0,29,0.0,14.36,1,0.5,121,59.9,51,25.25,23.68,111.162,40.33,43.39,960.57,27.327,652.37,3.194,75.35,9.809,232.85,62.9,64.5,63.3,63.9,64.5,77.5,18.5,44.2,4134.0,4139,193
b1d9e136-9ab25cb3,Vanilla,0.7506640424259559,0.5574218885889723,0.9781468421290598,0.40414104034623355,2942,2462,2252,210,690,202,0,0.0,0,0,0.0,0.0,0,0.0,0,0.0,202,100.0,26.82,126.468,40.288,42.605,1080.15,28.391,761.6,1.934,51.69,9.962,266.87,63.4,64.5,63.1,63.6,64.5,80.6,7.0,45.6,4108.0,4112,218
b1d9e136-9ab25cb3,Adaptive,0.764775301786962,0.5479791603738865,0.9553341172935353,0.4474568284901392,2942,2835,2324,511,618,188,14,6.93,0,14,0.0,6.93,1,0.5,151,74.75,36,17.82,26.25,123.637,40.156,43.687,1052.48,27.211,713.54,3.21,83.9,9.734,255.04,63.0,64.3,63.3,64.1,64.3,76.8,18.6,43.5,4138.0,4141,211
b1dac7f7-6b2e0382,Vanilla,0.7321724245117156,0.54973502475828,0.9710067372529351,0.3996771462725033,3637,3041,2733,308,904,202,0,0.0,0,0,0.0,0.0,0,0.0,0,0.0,202,100.0,27.05,127.855,40.104,42.607,1081.55,28.2,760.62,1.965,52.9,9.939,268.03,63.2,64.4,62.9,63.7,64.4,74.4,6.8,45.4,4112.0,4117,225
b1dac7f7-6b2e0382,Adaptive,0.750725555018037,0.5244030390976974,0.9512392641001143,0.44115617900507964,3637,3472,2832,640,805,197,5,2.48,0,5,0.0,2.48,1,0.5,175,86.63,21,10.4,28.22,133.418,39.463,43.8,1110.26,26.654,750.2,3.193,89.59,9.616,270.47,62.7,64.1,63.0,64.2,64.7,74.9,18.4,42.6,4138.0,4143,231
b1db7e22-cfa74dc3,Vanilla,0.47457910497229927,0.36006785420480564,0.9847230541952317,0.2523531666187601,1420,735,683,52,737,203,0,0.0,0,0,0.0,0.0,0,0.0,0,0.0,203,100.0,24.67,116.163,42.437,44.101,1045.86,30.43,750.07,1.614,39.7,10.393,256.09,63.5,64.7,62.9,63.8,64.7,86.1,7.2,49.7,4109.0,4112,200
b1db7e22-cfa74dc3,Adaptive,0.49092940370378596,0.34323816053021394,0.9683586865788861,0.2756828592916724,1420,824,715,109,705,163,40,19.7,0,40,0.0,19.7,2,0.99,78,38.42,83,40.89,20.24,94.899,42.884,45.295,863.04,29.405,591.97,3.233,64.89,10.245,206.18,63.4,64.8,63.7,65.2,65.2,65.8,19.5,48.2,4137.0,4143,170
b1dce572-c6a8cb5e,Vanilla,0.7763193266772259,0.6121163075818971,0.9957133010327404,0.39996707655143593,2542,2048,1981,67,561,202,0,0.0,0,0,0.0,0.0,0,0.0,0,0.0,202,100.0,26.26,123.118,40.669,43.103,1066.9,28.824,756.44,1.777,46.46,10.068,264.0,63.5,64.8,63.1,63.9,64.8,82.0,7.2,46.6,4112.0,4117,212
b1dce572-c6a8cb5e,Adaptive,0.7739051513085329,0.5582422828793933,0.9821350953225646,0.4243417421845372,2542,2224,1994,230,548,168,34,16.83,0,34,0.0,16.83,1,0.5,111,54.95,56,27.72,22.76,106.183,40.781,43.8,925.92,27.722,629.81,3.218,72.79,9.841,223.32,63.1,64.8,63.5,64.2,64.8,78.7,18.8,44.5,4135.0,4140,186
b1dd58c1-8b546ba7,Vanilla,0.7943352638938264,0.6575782524516792,0.9963324394331556,0.4103206573765331,2456,2028,1957,71,499,197,0,0.0,0,0,0.0,0.0,0,0.0,0,0.0,197,100.0,25.77,124.412,40.461,42.605,1038.64,28.643,735.58,1.805,46.14,10.013,256.93,63.3,64.7,63.1,64.2,64.7,77.7,7.0,46.3,4113.0,4117,205
b1dd58c1-8b546ba7,Adaptive,0.7857096330142727,0.5873954077554276,0.9786679054155738,0.4423282394252316,2456,2256,1956,300,500,177,20,10.15,0,20,0.0,10.15,1,0.51,126,63.96,50,25.38,24.0,115.689,40.703,43.788,973.56,27.652,661.89,3.227,76.82,9.823,234.85,63.0,64.7,63.3,64.2,64.7,78.6,18.7,44.5,4140.0,4144,194
b1df722f-57d21f3f,Vanilla,0.6886589949311923,0.507867503700517,0.9604521498968119,0.3906285754689086,1935,1608,1377,231,558,202,0,0.0,0,0,0.0,0.0,0,0.0,0,0.0,202,100.0,25.54,120.996,41.34,43.602,1053.98,29.492,752.26,1.635,41.5,10.214,260.23,63.7,64.8,63.1,63.8,64.8,81.2,7.2,47.8,4117.0,4121,205
b1df722f-57d21f3f,Adaptive,0.6753961903249908,0.44467276619599366,0.9281039557739714,0.41182862679955706,1935,1792,1379,413,556,176,26,12.87,0,26,0.0,12.87,1,0.5,107,52.97,68,33.66,22.86,108.189,41.554,44.198,944.29,28.342,644.24,3.215,72.89,9.997,227.16,63.1,64.8,63.6,64.2,64.8,65.5,18.8,46.6,4142.0,4145,185
b1df722f-5bcc3db7,Vanilla,0.6442541643448614,0.4511865709808058,0.9480965111557282,0.3668685884752367,1365,1083,921,162,444,202,0,0.0,0,0,0.0,0.0,0,0.0,0,0.0,202,100.0,24.75,117.344,42.144,44.101,1041.06,30.16,745.2,1.636,40.3,10.348,255.55,63.9,65.2,63.3,64.1,65.2,87.9,6.7,49.3,4116.0,4119,204
b1df722f-5bcc3db7,Adaptive,0.6045314764386874,0.3559043203899094,0.879340054850058,0.3911079952586486,1365,1301,906,395,459,185,17,8.42,0,17,0.0,8.42,1,0.5,121,59.9,63,31.19,23.39,110.834,42.516,45.197,990.79,29.117,678.82,3.211,74.62,10.188,237.35,63.7,65.2,63.9,64.8,65.2,72.0,18.9,47.6,4141.0,4148,197
b1e0c01d-dd9e6e2f,Vanilla,0.707836322192113,0.5111024946853818,0.9862880262285311,0.37345588796565393,2054,1569,1472,97,582,202,0,0.0,0,0,0.0,0.0,0,0.0,0,0.0,202,100.0,26.23,123.664,40.656,42.618,1062.13,28.762,751.7,1.845,48.04,10.049,262.39,63.8,65.0,63.7,64.3,65.0,75.5,7.1,46.7,4114.0,4119,212
b1e0c01d-dd9e6e2f,Adaptive,0.7184741892924098,0.48563716763388454,0.9659920943014532,0.41183796425093894,2054,1792,1512,280,542,181,21,10.4,0,21,0.0,10.4,1,0.5,119,58.91,61,30.2,24.32,114.314,40.952,43.802,991.36,27.865,674.87,3.213,77.52,9.874,238.98,63.5,65.0,64.0,64.8,65.0,75.9,18.9,45.0,4137.0,4141,197
b1e1a7b8-0aec80e8,Vanilla,0.6652016839175621,0.4895901692070323,0.9877864368277703,0.3446826031989051,1982,1392,1334,58,648,203,0,0.0,0,0,0.0,0.0,0,0.0,0,0.0,203,100.0,25.79,120.242,41.222,43.602,1060.45,29.364,755.87,1.687,43.2,10.171,261.39,63.9,65.2,63.6,64.3,65.2,82.8,7.2,47.5,4114.0,4120,207
b1e1a7b8-0aec80e8,Adaptive,0.6828629126133781,0.47249668057552485,0.9746108004849029,0.374700897991366,1982,1546,1383,163,599,164,39,19.21,0,39,0.0,19.21,1,0.49,97,47.78,66,32.51,21.41,99.366,41.485,44.3,884.52,28.284,603.54,3.225,68.43,9.976,212.55,63.5,65.0,64.1,65.1,65.1,70.6,18.7,45.8,4146.0,4150,176
b1e1a7b8-65ec7612,Vanilla,0.6913218282592182,0.5373684787576647,0.9849341321701701,0.3643815264783007,1860,1386,1304,82,556,202,0,0.0,0,0,0.0,0.0,0,0.0,0,0.0,202,100.0,25.86,121.765,41.236,43.205,1066.0,29.349,759.03,1.731,44.6,10.156,262.37,64.0,65.2,63.6,64.5,65.2,92.1,7.1,47.2,4118.0,4124,207
b1e1a7b8-65ec7612,Adaptive,0.687423263130365,0.48894989784944987,0.9593192116923261,0.39708087713552753,1860,1576,1319,257,541,173,29,14.36,0,29,0.0,14.36,1,0.5,120,59.41,52,25.74,22.62,106.226,41.639,44.198,935.2,28.424,638.46,3.219,72.2,9.996,224.54,63.6,65.1,64.1,64.8,65.0,71.2,18.9,46.1,4145.0,4149,184
b1e1a7b8-a7426a97,Vanilla,0.6336758368975054,0.5155842766233348,0.9951871505188732,0.32451988796329656,1838,1202,1170,32,668,203,0,0.0,0,0,0.0,0.0,0,0.0,0,0.0,203,100.0,25.07,118.218,41.88,44.101,1050.24,29.928,750.91,1.658,41.33,10.294,258.0,64.2,65.3,63.7,64.4,65.3,76.0,6.9,48.8,4120.0,4127,203
b1e1a7b8-a7426a97,Adaptive,0.6381234825578992,0.4804697918425723,0.9756533065831621,0.356345700097343,1838,1366,1194,172,644,178,25,12.32,0,25,0.0,12.32,1,0.49,112,55.17,65,32.02,22.65,106.359,42.388,44.3,956.42,29.027,655.41,3.2,71.87,10.161,229.14,64.0,65.4,64.2,65.0,65.4,77.5,19.4,47.1,4150.0,4160,183
b1e1a7b8-b397c445,Vanilla,0.5709326502433592,0.4513950751848298,0.9825450489827424,0.30074149191522614,1561,964,906,58,655,202,0,0.0,0,0,0.0,0.0,0,0.0,0,0.0,202,100.0,24.82,117.261,42.023,44.102,1040.74,30.05,744.39,1.636,40.39,10.338,255.96,64.4,65.5,64.0,64.8,65.5,81.7,7.1,49.1,4127.0,4129,206
b1e1a7b8-b397c445,Adaptive,0.5777745735046361,0.4116883548132691,0.9650567843578964,0.3323706605335658,1561,1098,925,173,636,172,30,14.85,0,30,0.0,14.85,1,0.5,95,47.03,76,37.62,21.59,101.679,42.478,44.799,915.8,29.09,627.42,3.21,69.02,10.178,219.36,64.0,65.4,64.5,65.4,65.4,66.7,19.1,47.8,4147.0,4153,176
b1e2346e-c5f98707,Vanilla,0.40717625222354614,0.33318335897779877,0.9871042562371037,0.2143446279183289,369,161,152,9,217,140,0,0.0,0,0,0.0,0.0,0,0.0,0,0.0,140,100.0,16.59,113.4,43.165,45.099,708.43,30.974,508.41,1.62,26.52,10.571,173.5,64.9,65.7,64.0,64.7,65.7,95.1,7.0,50.1,4125.0,4127,135
b1e2346e-c5f98707,Adaptive,0.1860812811601436,0.12617176738183805,0.87175217104586,0.12126139443212612,369,110,76,34,293,40,100,71.43,88,12,62.86,8.57,3,2.14,15,10.71,22,15.71,10.35,69.487,31.449,44.898,322.56,14.768,151.8,8.693,88.93,7.988,81.84,61.5,64.7,64.8,66.5,66.5,35.2,59.0,21.3,4153.0,4160,87
b1e3e9f5-92377424,Vanilla,0.821039859790528,0.6658594522421122,0.9944645358032215,0.4274770972143153,3358,2899,2770,129,588,203,0,0.0,0,0,0.0,0.0,0,0.0,0,0.0,203,100.0,27.53,129.183,39.816,42.107,1094.23,27.946,768.5,1.981,54.23,9.889,271.5,63.7,64.9,63.4,64.2,64.9,82.1,7.1,44.8,4125.0,4129,221
b1e3e9f5-92377424,Adaptive,0.8363673563771957,0.6338576316509782,0.9829203814456272,0.4537017342768957,3358,3139,2847,292,511,183,20,9.85,0,20,0.0,9.85,1,0.49,133,65.52,49,24.14,26.08,121.93,39.557,42.802,1031.27,26.719,696.9,3.214,83.57,9.624,250.8,63.1,64.8,63.6,64.2,64.8,79.9,18.5,42.7,4151.0,4157,205
b1e62c91-eca210a9,Vanilla,0.6645951355243818,0.5102850790035698,0.9878444006240304,0.3476237469604202,1571,1112,1056,56,515,181,0,0.0,0,0,0.0,0.0,0,0.0,0,0.0,181,100.0,22.47,118.897,41.629,44.998,934.22,29.715,667.15,1.644,36.73,10.27,230.34,63.7,65.0,63.2,64.2,65.0,75.1,7.2,48.3,4134.0,4138,178
b1e62c91-eca210a9,Adaptive,0.6879287129224734,0.48596339152948503,0.9716636166930008,0.38487643792355225,1571,1267,1105,162,466,151,30,16.57,10,20,5.52,11.05,3,1.66,90,49.72,58,32.04,19.98,105.45,41.272,44.684,823.79,27.845,555.8,3.472,69.32,9.954,198.67,63.3,64.7,64.0,66.9,66.8,63.5,21.4,45.7,4159.0,4164,164
b1e6efc0-2552cc5d,Vanilla,0.6328969018595247,0.49448687852412787,0.9829514786638999,0.3383992659955488,884,614,568,46,316,203,0,0.0,0,0,0.0,0.0,0,0.0,0,0.0,203,100.0,24.92,117.133,42.104,44.088,1045.02,30.106,747.63,1.642,40.58,10.356,256.82,64.1,65.2,63.6,64.4,65.2,84.5,7.3,49.2,4126.0,4131,201
b1e6efc0-2552cc5d,Adaptive,0.6273512203537174,0.438913641475425,0.9647672084415808,0.3606200770906653,884,675,569,106,315,145,58,28.57,0,58,0.0,28.57,1,0.49,51,25.12,93,45.81,18.47,85.31,42.218,44.3,775.85,28.937,531.91,3.14,57.57,10.141,186.37,63.7,65.1,64.0,64.9,65.1,72.8,19.2,47.0,4152.0,4156,153
b1e88fd2-c1e4fd2b,Vanilla,0.5639126464552795,0.40329024923356604,0.9967228008101582,0.2871512881574149,1241,716,702,14,539,193,0,0.0,0,0,0.0,0.0,0,0.0,0,0.0,193,100.0,24.07,119.61,41.574,45.099,1008.61,29.618,720.34,1.658,39.4,10.299,248.87,64.1,65.2,63.7,64.3,65.2,88.4,6.8,48.5,4132.0,4137,196
b1e88fd2-c1e4fd2b,Adaptive,0.6020494680745762,0.405910067041531,0.994450609059842,0.3100820754795351,1241,776,751,25,490,105,88,45.6,59,29,30.57,15.03,10,5.18,38,19.69,57,29.53,17.31,84.951,37.839,44.298,657.04,22.634,395.71,6.091,103.3,9.114,158.03,62.4,65.2,64.3,66.0,66.0,61.7,39.8,35.9,4158.0,4163,145
b1e8ad72-c3c79240,Vanilla,0.7306578715017467,0.6329530811709223,0.998832084651976,0.37301526306890664,979,731,716,15,263,203,0,0.0,0,0,0.0,0.0,0,0.0,0,0.0,203,100.0,24.51,115.608,42.571,44.101,1044.35,30.528,749.35,1.614,39.41,10.428,255.59,64.2,65.3,63.6,64.5,65.3,81.7,6.8,49.9,4132.0,4136,201
b1e8ad72-c3c79240,Adaptive,0.7245934695125549,0.5557833853363607,0.9921129863061154,0.38971968915135036,979,773,713,60,266,147,56,27.59,0,56,0.0,27.59,1,0.49,42,20.69,104,51.23,18.42,85.434,42.768,45.195,783.6,29.364,538.36,3.162,57.71,10.242,187.53,64.2,65.2,64.2,65.0,65.2,86.9,19.4,47.4,4154.0,4161,150
b1e9ee0e-67e26f2e,Vanilla,0.6535903442463423,0.45076590380713616,0.9655281369884896,0.34672683144862343,4556,3353,3078,275,1478,203,0,0.0,0,0,0.0,0.0,0,0.0,0,0.0,203,100.0,27.33,128.928,40.1,41.995,1091.77,28.183,767.46,1.99,54.07,9.927,270.25,63.9,65.1,63.7,64.3,65.1,78.8,6.9,45.2,4126.0,4129,225
b1e9ee0e-67e26f2e,Adaptive,0.660644257480349,0.4426986962771796,0.9553426876917909,0.3557122712852971,4556,3473,3144,329,1412,155,48,23.65,0,48,0.0,23.65,1,0.49,75,36.95,79,38.92,22.45,104.37,39.111,41.395,875.09,26.33,589.59,3.214,71.63,9.567,213.87,63.1,64.6,63.6,64.2,64.6,75.0,18.2,41.5,4155.0,4162,183
b1ea0ae4-4f770228,Vanilla,0.8786037648878111,0.7528024599539087,0.996252330588015,0.4487019141471916,1598,1442,1409,33,189,200,0,0.0,0,0,0.0,0.0,0,0.0,0,0.0,200,100.0,25.37,120.446,41.256,43.603,1044.29,29.31,742.15,1.769,44.65,10.177,257.48,63.5,64.8,63.1,63.8,64.8,86.5,6.9,47.6,4140.0,4142,206
b1ea0ae4-4f770228,Adaptive,0.8601352401372213,0.6611654731175823,0.977091282439114,0.48151673967459324,1598,1600,1397,203,201,154,46,23.0,0,46,0.0,23.0,3,1.5,85,42.5,66,33.0,20.29,95.775,41.448,44.696,836.07,28.242,570.13,3.248,65.23,9.958,200.7,63.3,64.8,63.5,65.3,65.4,77.0,19.2,45.4,4166.0,4171,168
b1eb9133-5cc75c18,Vanilla,0.3611051699869231,0.2427492490936744,0.9877004677260423,0.1907567740901074,567,220,207,13,360,121,0,0.0,0,0,0.0,0.0,0,0.0,0,0.0,121,100.0,14.5,114.006,42.488,44.6,612.63,30.427,438.97,1.627,23.35,10.434,150.31,63.9,65.1,63.1,63.8,65.1,89.9,7.3,48.9,4136.0,4140,116
b1eb9133-5cc75c18,Adaptive,0.2317847527418767,0.12895349715520163,0.9336901443427884,0.13873857623857624,567,176,138,38,429,40,81,66.94,74,7,61.16,5.79,6,4.96,15,12.4,19,15.7,9.74,75.619,32.151,44.312,310.0,15.474,149.8,8.595,82.3,8.082,77.89,60.9,63.7,64.2,65.9,65.9,37.5,58.2,23.5,4163.0,4167,82
b1ebfc3c-740ec84a,Vanilla,0.5720953060368539,0.421247918118957,0.9981486595853573,0.29125317087149877,2272,1327,1302,25,970,203,0,0.0,0,0,0.0,0.0,0,0.0,0,0.0,203,100.0,25.59,120.254,41.49,43.59,1059.14,29.62,756.33,1.639,41.75,10.23,261.06,63.6,64.8,63.0,63.7,64.8,83.9,7.2,48.1,4137.0,4140,203
b1ebfc3c-740ec84a,Adaptive,0.5958229404134903,0.4090887772736621,0.9919745601635038,0.3196438474704302,2272,1473,1361,112,911,161,42,20.69,0,42,0.0,20.69,1,0.49,90,44.33,70,34.48,20.8,97.283,41.737,44.684,865.92,28.495,591.62,3.212,66.32,10.03,207.98,63.1,64.7,63.6,64.6,64.7,71.3,18.9,46.4,4163.0,4168,169
b1ebfc3c-cc9c2bb8,Vanilla,0.5802527196172628,0.4130269239359944,0.9717344408752655,0.3107912624140092,1849,1199,1102,97,747,202,0,0.0,0,0,0.0,0.0,0,0.0,0,0.0,202,100.0,25.14,118.635,41.925,44.6,1050.79,29.974,751.56,1.649,41.17,10.302,258.06,63.8,64.9,63.3,64.1,64.9,90.1,7.2,48.7,4135.0,4139,204
b1ebfc3c-cc9c2bb8,Adaptive,0.6086394311021458,0.39226233740974703,0.94559270252549,0.354416726127985,1849,1428,1177,251,672,171,31,15.35,0,31,0.0,15.35,1,0.5,105,51.98,65,32.18,21.95,103.355,41.914,44.898,916.34,28.67,627.22,3.182,69.25,10.062,219.88,63.4,64.8,63.7,64.5,64.8,66.4,19.0,46.6,4160.0,4165,179
b1ee702d-0ae1fc10,Vanilla,0.4715828968463508,0.35166669119919164,0.9840728204505856,0.2487434973989596,1400,714,670,44,730,203,0,0.0,0,0,0.0,0.0,0,0.0,0,0.0,203,100.0,24.95,117.253,42.233,44.587,1048.54,30.258,751.39,1.623,40.22,10.352,256.93,64.0,65.0,63.5,64.2,65.0,88.5,7.1,49.4,4138.0,4144,205
b1ee702d-0ae1fc10,Adaptive,0.4885905185729301,0.3321751201643406,0.9659083144129766,0.27547677475898336,1400,815,703,112,697,158,45,22.17,0,45,0.0,22.17,1,0.49,81,39.9,76,37.44,19.85,92.725,42.481,44.799,838.17,29.164,575.63,3.162,62.22,10.155,200.33,63.6,65.0,64.1,64.9,65.0,72.1,18.8,47.7,4165.0,4170,163
b1ee702d-4a193906,Vanilla,0.26088972656507026,0.18577604784626492,0.9789676284670692,0.14068083972496812,1622,472,431,41,1191,203,0,0.0,0,0,0.0,0.0,0,0.0,0,0.0,203,100.0,24.26,114.538,42.669,45.098,1034.81,30.588,742.05,1.613,39.0,10.469,253.76,64.2,65.6,63.7,64.4,65.6,81.4,7.2,50.5,4134.0,4140,197
b1ee702d-4a193906,Adaptive,0.2579161975439872,0.1643373999538159,0.9452590768304485,0.14873993032239344,1622,527,438,89,1184,123,80,39.41,60,20,29.56,9.85,7,3.45,52,25.62,64,31.53,19.29,90.54,39.29,45.295,755.34,24.439,470.1,5.408,103.87,9.443,181.37,63.3,65.3,64.8,67.0,67.0,67.3,36.4,40.8,4157.0,4162,160
b1f022d3-45162c67,Vanilla,0.6747713106602561,0.52773236749959,0.9936983821434656,0.35523549651419956,1373,986,931,55,442,202,0,0.0,0,0,0.0,0.0,0,0.0,0,0.0,202,100.0,25.62,120.586,41.255,43.602,1052.77,29.392,750.46,1.694,43.01,10.17,259.3,63.9,65.1,63.6,64.3,65.1,83.0,7.2,47.7,4133.0,4141,205
b1f022d3-45162c67,Adaptive,0.6891067113027972,0.5011921804035353,0.9768991764830302,0.37890585785193903,1373,1081,964,117,409,146,56,27.72,0,56,0.0,27.72,1,0.5,63,31.19,82,40.59,19.16,89.076,41.459,43.788,790.28,28.263,539.17,3.217,61.03,9.979,190.08,63.6,64.9,64.0,64.7,64.9,74.9,18.9,45.5,4167.0,4171,155
b1f0efd9-37a14dda,Vanilla,0.7546539359932255,0.6165116538508584,0.9966436358297334,0.3940103727929659,1667,1321,1261,60,406,203,0,0.0,0,0,0.0,0.0,0,0.0,0,0.0,203,100.0,25.44,119.782,41.608,44.101,1056.22,29.596,751.59,1.78,45.03,10.233,259.59,64.1,65.2,63.7,64.4,65.2,80.6,6.9,48.3,4139.0,4142,211
b1f0efd9-37a14dda,Adaptive,0.7397507881416314,0.5533022732444618,0.9792977131933068,0.41240383502246925,1667,1425,1251,174,416,164,39,19.21,0,39,0.0,19.21,3,1.48,79,38.92,82,40.39,21.48,100.138,41.575,44.785,887.03,28.303,604.33,3.278,69.6,9.994,213.1,63.7,65.0,64.0,65.6,65.6,69.7,19.6,45.8,4168.0,4173,174
b1f0efd9-e900c6e5,Vanilla,0.767377309496268,0.6181141805801081,0.9907764405449366,0.4022736430513101,2006,1638,1552,86,454,202,0,0.0,0,0,0.0,0.0,0,0.0,0,0.0,202,100.0,25.69,121.126,41.215,43.192,1059.36,29.317,753.98,1.718,43.9,10.18,261.47,64.0,65.2,63.7,64.4,65.2,78.4,7.2,47.5,4142.0,4146,207
b1f0efd9-e900c6e5,Adaptive,0.7416600517279046,0.5342945657113167,0.9640555520454174,0.42209787304752405,2006,1800,1529,271,477,183,19,9.41,0,19,0.0,9.41,1,0.5,106,52.48,76,37.62,24.19,114.09,42.333,45.097,1021.07,28.43,685.93,3.851,92.68,10.051,242.47,63.7,65.2,64.3,65.5,65.5,81.3,23.8,46.2,4233.0,4306,194
b1f20aa0-3401c3bf,Vanilla,0.4586521740833154,0.3386141589901087,0.9926116078146,0.2350668603195272,2050,974,947,27,1103,202,0,0.0,0,0,0.0,0.0,0,0.0,0,0.0,202,100.0,24.72,117.57,42.391,45.098,1046.91,30.326,749.13,1.666,41.01,10.4,256.77,64.4,65.3,63.7,64.5,65.3,89.6,7.0,49.4,4160.0,4162,201
b1f20aa0-3401c3bf,Adaptive,0.47773365582410904,0.33304424728612286,0.9869851265579621,0.2555080920902667,2050,1070,990,80,1060,155,47,23.27,10,37,4.95,18.32,7,3.47,77,38.12,71,35.15,20.46,96.646,41.607,44.898,845.46,27.849,565.99,3.752,76.15,10.007,203.32,63.6,65.1,64.2,66.6,66.6,65.0,23.0,45.5,4183.0,4187,169
b1f20aa0-50213047,Vanilla,0.24976524980758105,0.18554081934523764,0.9737906419478161,0.13266067514540208,1046,287,268,19,778,203,0,0.0,0,0,0.0,0.0,0,0.0,0,0.0,203,100.0,24.37,113.878,42.765,44.6,1037.22,30.683,744.44,1.617,39.05,10.465,253.72,64.3,65.6,63.7,64.4,65.6,80.9,7.4,50.3,4155.0,4157,195
b1f20aa0-50213047,Adaptive,0.2402629113087764,0.1756787826458045,0.959579967833419,0.13285141972659045,1046,294,261,33,785,118,85,41.87,0,85,0.0,41.87,1,0.49,14,6.9,103,50.74,14.76,67.083,42.582,45.195,622.26,29.201,427.03,3.18,46.27,10.202,148.96,63.9,65.2,64.1,64.8,65.2,73.7,19.5,46.7,4177.0,4182,121
b1f20aa0-6ef1db42,Vanilla,0.4542574552686534,0.33971291324206654,0.9805013524648644,0.24029508468488384,2129,1054,985,69,1144,202,0,0.0,0,0,0.0,0.0,0,0.0,0,0.0,202,100.0,24.58,117.262,42.355,44.601,1037.41,30.311,742.72,1.655,40.38,10.389,254.31,64.3,65.4,63.8,64.6,65.4,84.1,6.8,49.6,4152.0,4156,204
b1f20aa0-6ef1db42,Adaptive,0.4745048195898584,0.30388319976733646,0.9564911363712102,0.2735675245618442,2129,1251,1045,206,1084,181,21,10.4,0,21,0.0,10.4,2,0.99,114,56.44,65,32.18,22.77,108.153,42.765,45.398,969.09,29.451,667.57,3.085,69.74,10.23,231.77,64.1,65.4,64.2,66.3,66.3,81.8,18.7,48.0,4177.0,4184,184
b1f25ff6-1ddb7e43,Vanilla,0.8148859409704876,0.6718294115891662,0.9937754276025329,0.4264274555398622,1294,1114,1060,54,234,203,0,0.0,0,0,0.0,0.0,0,0.0,0,0.0,203,100.0,25.21,118.481,41.905,43.603,1053.88,29.933,753.15,1.677,41.99,10.295,258.73,64.3,65.5,63.9,64.5,65.5,82.2,6.9,48.6,4150.0,4155,208
b1f25ff6-1ddb7e43,Adaptive,0.7900158973909852,0.5745424552397018,0.96821977674705,0.4575239567233386,1294,1250,1043,207,251,158,45,22.17,0,45,0.0,22.17,1,0.49,81,39.9,76,37.44,20.48,94.93,41.783,44.198,851.55,28.549,582.33,3.206,65.01,10.029,204.21,63.9,65.3,64.2,65.0,65.3,71.4,19.2,46.1,4179.0,4183,165
b1f4491b-07b32e8c,Vanilla,0.6848874907801623,0.5378903965360313,0.9900677465592345,0.3601211360805502,1818,1331,1256,75,562,203,0,0.0,0,0,0.0,0.0,0,0.0,0,0.0,203,100.0,25.74,119.885,41.315,43.602,1062.13,29.371,755.45,1.747,44.71,10.197,261.97,64.3,65.2,63.9,65.0,65.2,73.5,6.9,47.6,4155.0,4159,207
b1f4491b-07b32e8c,Adaptive,0.6761759274032313,0.4692535551858108,0.9577195366060407,0.3938969644688786,1818,1538,1267,271,551,171,32,15.76,0,32,0.0,15.76,1,0.49,104,51.23,66,32.51,22.41,104.505,41.666,44.799,933.08,28.435,637.27,3.215,71.65,10.016,224.16,63.9,65.3,64.1,64.8,65.3,76.6,19.3,45.8,4177.0,4185,184
b1f4491b-09593e90,Vanilla,0.58557871693156,0.47842226984481434,0.9918925723664935,0.3009411735060288,1142,695,674,21,468,202,0,0.0,0,0,0.0,0.0,0,0.0,0,0.0,202,100.0,24.78,117.085,42.231,44.102,1047.4,30.24,750.43,1.624,40.06,10.366,256.91,64.4,65.5,63.8,64.4,65.5,89.5,7.1,49.3,4154.0,4163,201
b1f4491b-09593e90,Adaptive,0.6044504797332263,0.4507671364804396,0.9882400175099104,0.3228281730605544,1142,751,697,54,445,146,56,27.72,0,56,0.0,27.72,1,0.5,51,25.25,94,46.53,18.41,85.573,42.591,45.195,778.79,29.233,534.79,3.158,57.53,10.201,186.48,64.1,65.4,64.1,64.9,65.4,77.9,19.6,47.2,4184.0,4192,150
b1f4491b-16256d7c,Vanilla,0.6867789709439046,0.49684397485069265,0.9745303329313537,0.3706690176855161,2797,2157,1966,191,831,202,0,0.0,0,0,0.0,0.0,0,0.0,0,0.0,202,100.0,26.45,125.146,40.713,44.102,1072.31,28.732,757.07,1.934,50.78,10.047,264.46,64.1,65.3,63.7,64.4,65.3,79.9,7.1,46.2,4160.0,4164,214
b1f4491b-16256d7c,Adaptive,0.6912545179848137,0.45720440413583663,0.9514973216948461,0.40512654873264775,2797,2454,2005,449,792,190,12,5.94,0,12,0.0,5.94,2,0.99,138,68.32,50,24.75,26.01,123.113,40.541,44.396,1050.62,27.506,713.22,3.247,83.86,9.787,253.53,63.4,65.0,63.9,65.1,65.1,75.5,18.8,44.3,4189.0,4193,208
b1f4491b-33824f31,Vanilla,0.7433450945742033,0.5438706715540655,0.987751047807963,0.3935138267380305,2610,2096,1961,135,649,202,0,0.0,0,0,0.0,0.0,0,0.0,0,0.0,202,100.0,26.41,124.337,40.603,43.305,1069.92,28.697,756.39,1.875,49.26,10.031,264.27,63.8,65.1,63.5,64.2,65.1,80.2,7.0,46.2,4164.0,4168,215
b1f4491b-33824f31,Adaptive,0.7436846413238785,0.4981341015111589,0.9615024552450938,0.4339988067373445,2610,2421,1991,430,619,182,20,9.9,0,20,0.0,9.9,1,0.5,125,61.88,56,27.72,25.08,117.963,40.423,44.3,1007.96,27.427,684.06,3.212,79.93,9.784,243.97,63.2,64.8,63.6,64.3,64.8,79.3,18.5,43.9,4194.0,4197,203
b1f4491b-846d8cb2,Vanilla,0.6324755252244564,0.5539528466777611,0.9976711648681985,0.32531669495664806,1567,1023,993,30,574,202,0,0.0,0,0,0.0,0.0,0,0.0,0,0.0,202,100.0,25.24,118.68,41.409,43.602,1042.92,29.561,744.78,1.622,40.71,10.226,257.44,63.7,65.0,63.3,63.9,65.0,68.9,7.1,48.4,4166.0,4169,201
b1f4491b-846d8cb2,Adaptive,0.6344823896607708,0.5112926615933066,0.9883617668466316,0.3451959805036856,1567,1104,1002,102,565,160,42,20.79,0,42,0.0,20.79,1,0.5,68,33.66,91,45.05,20.33,95.019,42.314,44.684,853.84,28.987,585.21,3.203,64.45,10.124,204.18,63.5,65.0,63.8,64.5,65.0,69.8,18.8,47.1,4196.0,4201,169
b1f4491b-97465266,Vanilla,0.6150404514926558,0.44955264209038415,0.9900824207681366,0.3212418895973192,1845,1205,1145,60,700,203,0,0.0,0,0,0.0,0.0,0,0.0,0,0.0,203,100.0,25.83,121.038,41.214,44.001,1060.37,29.331,755.06,1.711,43.78,10.172,261.54,63.9,65.2,63.4,64.2,65.2,83.9,7.1,47.5,4170.0,4175,206
b1f4491b-97465266,Adaptive,0.6285506043524522,0.44038097406806787,0.9776519554229185,0.34727469079202067,1845,1330,1180,150,665,165,38,18.72,0,38,0.0,18.72,1,0.49,88,43.35,76,37.44,21.44,99.881,41.707,44.696,889.77,28.494,608.22,3.214,68.3,9.999,213.26,63.3,64.8,63.7,64.4,64.8,73.3,18.9,46.2,4196.0,4201,176
b1f4491b-9958bd99,Vanilla,0.7066205951568751,0.4934327649380095,0.9813237909781455,0.3787077220672779,2775,2161,1994,167,781,202,0,0.0,0,0,0.0,0.0,0,0.0,0,0.0,202,100.0,26.1,123.117,40.992,43.103,1069.73,29.076,759.23,1.81,46.97,10.106,263.54,63.9,65.0,63.5,64.3,65.0,82.9,6.9,46.9,4178.0,4180,209
b1f4491b-9958bd99,Adaptive,0.7188161318118795,0.47670144399183145,0.9646372672265715,0.4172221184177264,2775,2459,2042,417,733,196,6,2.97,0,6,0.0,2.97,1,0.5,158,78.22,37,18.32,26.4,124.759,40.907,43.788,1076.31,27.836,732.87,3.21,84.12,9.861,259.32,63.3,64.8,63.8,64.7,64.8,74.9,18.9,45.1,4197.0,4206,213
b1f4491b-bf7d513f,Vanilla,0.6401171746668307,0.5316924090524635,0.9957942771403001,0.33183573047038345,1359,908,873,35,486,203,0,0.0,0,0,0.0,0.0,0,0.0,0,0.0,203,100.0,24.65,115.449,42.634,44.687,1049.53,30.572,752.86,1.634,40.1,10.427,256.56,64.0,65.2,63.4,64.2,65.2,89.4,7.3,49.8,4165.0,4168,198
b1f4491b-bf7d513f,Adaptive,0.6385457162465733,0.4712700569812428,0.9777647307268098,0.360622780850377,1359,1019,880,139,479,165,38,18.72,0,38,0.0,18.72,1,0.49,72,35.47,92,45.32,20.44,95.712,43.092,45.297,875.91,29.601,602.01,3.214,65.1,10.277,208.8,63.8,65.2,64.1,65.1,65.2,70.9,19.1,48.2,4196.0,4199,171
b1f4491b-cf446195,Vanilla,0.6136371906629167,0.47011480025672014,0.9878347437842762,0.3240705217509341,2910,1924,1805,119,1105,202,0,0.0,0,0,0.0,0.0,0,0.0,0,0.0,202,100.0,25.44,120.378,41.689,43.602,1058.34,29.727,754.78,1.705,43.24,10.257,260.32,64.2,65.2,63.6,64.2,65.2,89.2,7.0,48.2,4171.0,4173,208
b1f4491b-cf446195,Adaptive,0.6257717770433776,0.42523508922923814,0.9460306399620485,0.3674841373163037,2910,2344,1897,447,1013,201,1,0.5,0,1,0.0,0.5,1,0.5,168,83.17,32,15.84,26.22,124.632,41.672,44.684,1087.25,28.459,742.76,3.203,83.39,10.01,261.1,63.5,65.1,63.9,64.7,65.1,64.1,18.6,46.5,4193.0,4197,211
b1f4491b-d8d1459c,Vanilla,0.722172302827002,0.5676339117027775,0.9901735399780773,0.375632882950358,1508,1151,1099,52,409,203,0,0.0,0,0,0.0,0.0,0,0.0,0,0.0,203,100.0,25.14,117.53,42.066,44.101,1056.56,30.103,756.29,1.635,40.97,10.328,259.31,64.2,65.3,63.5,64.2,65.3,87.4,7.1,48.9,4172.0,4174,202
b1f4491b-d8d1459c,Adaptive,0.7135196708361866,0.5218367989728414,0.9738767314628347,0.4007259749376805,1508,1262,1097,165,411,160,43,21.18,0,43,0.0,21.18,1,0.49,79,38.92,80,39.41,20.44,95.023,42.167,45.183,856.73,28.867,586.83,3.195,64.67,10.105,205.24,63.7,65.1,63.9,64.6,65.1,72.2,19.1,46.9,4198.0,4203,169
b1f4491b-dd8dfed5,Vanilla,0.5766037517810665,0.46537998650878254,0.9925693618705694,0.29707633353770696,2330,1400,1353,47,977,203,0,0.0,0,0,0.0,0.0,0,0.0,0,0.0,203,100.0,25.1,117.85,41.954,44.088,1051.67,30.003,752.32,1.631,40.79,10.32,258.57,64.2,65.4,63.7,64.7,65.4,83.7,7.1,48.9,4169.0,4171,203
b1f4491b-dd8dfed5,Adaptive,0.5768493700682552,0.42500149222338723,0.9792832266319174,0.31834722090446876,2330,1538,1365,173,965,182,21,10.34,0,21,0.0,10.34,1,0.49,99,48.77,82,40.39,23.24,108.91,42.194,44.286,976.6,28.914,669.61,3.194,73.65,10.086,233.35,63.8,65.1,64.3,65.1,65.1,71.7,19.5,47.3,4194.0,4201,189
b1f6c103-5ce1f3c6,Vanilla,0.4520509549506492,0.3553350621662891,0.979947806351536,0.23958158820572964,762,376,351,25,411,179,0,0.0,0,0,0.0,0.0,0,0.0,0,0.0,179,100.0,21.11,112.604,43.346,45.584,907.94,31.148,652.52,1.615,33.76,10.583,221.65,64.6,65.6,64.0,64.7,65.6,84.6,7.3,51.1,4167.0,4168,174
b1f6c103-5ce1f3c6,Adaptive,0.47384733376390686,0.3396534013989784,0.9707145017226878,0.2677471974881644,762,428,369,59,393,92,87,48.6,65,22,36.31,12.29,6,3.35,43,24.02,43,24.02,15.46,81.664,37.538,44.785,578.46,22.252,344.84,6.203,93.81,9.083,139.8,62.6,65.2,64.7,66.6,66.7,61.7,41.7,35.0,4194.0,4197,129
b1f6c103-8b75ea3e,Vanilla,0.50317040309975,0.3825275155209261,0.996187123897824,0.25754511184045764,2420,1254,1222,32,1198,202,0,0.0,0,0,0.0,0.0,0,0.0,0,0.0,202,100.0,24.84,117.59,42.105,44.101,1043.69,30.124,746.81,1.614,39.94,10.367,256.94,64.4,65.6,63.8,64.5,65.6,84.1,7.1,49.3,4165.0,4167,203
b1f6c103-8b75ea3e,Adaptive,0.5368508296665286,0.3730843803060749,0.9807048056747686,0.29368350876798177,2420,1469,1319,150,1101,182,20,9.9,0,20,0.0,9.9,1,0.5,115,56.93,66,32.67,22.81,108.257,42.793,45.681,971.34,29.363,666.71,3.209,72.65,10.221,231.98,64.2,65.5,64.3,64.9,65.5,68.6,19.2,48.0,4192.0,4199,188
b1f6c103-b00e8aad,Vanilla,0.5469252842627332,0.42816432759023754,0.9950258248323692,0.2857835820770004,2271,1309,1247,62,1024,202,0,0.0,0,0,0.0,0.0,0,0.0,0,0.0,202,100.0,24.87,117.66,41.998,44.587,1044.57,30.019,747.05,1.65,40.79,10.329,256.72,64.4,65.6,64.0,64.8,65.6,78.6,7.0,49.1,4166.0,4168,201
b1f6c103-b00e8aad,Adaptive,0.5677660514759086,0.4155241130702752,0.9805754313954028,0.3065898928804807,2271,1438,1311,127,960,162,40,19.8,0,40,0.0,19.8,1,0.5,85,42.08,76,37.62,20.67,97.124,42.298,45.195,867.9,28.99,595.13,3.172,64.85,10.137,207.92,64.2,65.3,64.3,65.1,65.3,72.7,19.1,47.0,4190.0,4196,167
b1f85377-44885085,Vanilla,0.7022970739597776,0.5180075609853202,0.9797595746071951,0.3822302411330771,1434,1134,1024,110,410,203,0,0.0,0,0,0.0,0.0,0,0.0,0,0.0,203,100.0,24.66,116.441,42.363,45.085,1042.9,30.325,746.91,1.646,40.32,10.392,255.67,64.4,65.7,64.0,64.8,65.7,86.2,6.8,49.6,4165.0,4172,201
b1f85377-44885085,Adaptive,0.6838091102206207,0.4493695357324928,0.949339611014039,0.4070402752559143,1434,1272,1015,257,419,174,29,14.29,0,29,0.0,14.29,1,0.49,96,47.29,77,37.93,21.91,103.017,42.688,45.297,929.86,29.256,637.71,3.218,69.81,10.214,222.34,64.3,65.6,64.5,65.1,65.6,69.7,19.3,47.6,4195.0,4199,179
b1fbaab8-68db7df7,Vanilla,0.6837281639301163,0.5964533027108716,0.9993619934781283,0.34614207917762957,1108,767,758,9,350,202,0,0.0,0,0,0.0,0.0,0,0.0,0,0.0,202,100.0,24.18,114.462,42.903,44.7,1036.05,30.794,743.9,1.619,38.96,10.49,253.19,64.8,65.8,64.2,64.9,65.8,84.2,7.1,50.4,4171.0,4173,196
b1fbaab8-68db7df7,Adaptive,0.7034445049585747,0.548641732214729,0.997363142128843,0.3641908454784508,1108,810,781,29,327,130,72,35.64,0,72,0.0,35.64,1,0.5,34,16.83,95,47.03,16.19,75.606,42.45,44.797,687.47,29.078,471.28,3.172,51.07,10.2,165.12,64.1,65.5,64.6,65.4,65.5,67.0,19.0,47.4,4197.0,4203,134
b1fbf878-b31a8293,Vanilla,0.5311414460052211,0.4118712076900833,0.9966062874640779,0.27326048771077904,2215,1217,1180,37,1035,201,0,0.0,0,0,0.0,0.0,0,0.0,0,0.0,201,100.0,24.81,117.843,42.159,44.6,1044.78,30.183,748.2,1.629,40.26,10.347,256.33,64.7,65.8,64.3,64.9,65.8,88.6,7.2,49.3,4173.0,4176,199
b1fbf878-b31a8293,Adaptive,0.5676271013641412,0.40118613917991697,0.9871498778471296,0.3082577114878369,2215,1396,1269,127,946,177,24,11.94,0,24,0.0,11.94,2,1.0,105,52.24,70,34.83,22.32,106.178,42.774,45.398,951.06,29.358,653.01,3.208,71.13,10.207,226.92,64.4,65.7,64.8,66.3,66.3,76.1,19.0,47.8,4206.0,4210,184
b1fc95c9-644e3c3f,Vanilla,0.826069349909713,0.6840008310502645,0.9899102487291431,0.4458355065349451,1516,1376,1261,115,255,202,0,0.0,0,0,0.0,0.0,0,0.0,0,0.0,202,100.0,25.31,118.587,41.754,43.604,1055.4,29.808,753.7,1.688,42.51,10.259,259.19,64.7,65.8,64.2,65.1,65.7,81.4,7.1,48.1,4177.0,4180,205
b1fc95c9-644e3c3f,Adaptive,0.8059337536082201,0.6109567000379884,0.9591495703176656,0.46931464120590505,1516,1526,1257,269,259,166,36,17.82,0,36,0.0,17.82,1,0.5,94,46.53,71,35.15,21.57,100.529,41.972,44.696,899.2,28.709,615.1,3.198,68.38,10.066,215.72,64.2,65.7,64.5,65.2,65.7,76.2,19.0,46.4,4197.0,4202,173
b1fc95c9-cb2882c7,Vanilla,0.8458992205418859,0.6506582103710499,0.9877341646696779,0.44810436143356625,3158,2888,2700,188,458,202,0,0.0,0,0,0.0,0.0,0,0.0,0,0.0,202,100.0,27.25,128.437,39.952,43.104,1086.97,28.117,765.42,1.92,52.01,9.914,269.53,64.3,65.3,64.2,65.0,65.3,77.4,7.1,45.0,4172.0,4175,219
b1fc95c9-cb2882c7,Adaptive,0.836626157256837,0.5978979482799851,0.9692457199147065,0.4658805598529176,3158,3094,2710,384,448,170,32,15.84,0,32,0.0,15.84,1,0.5,100,49.5,69,34.16,24.42,114.323,39.228,43.8,956.37,26.442,645.33,3.206,77.74,9.58,233.31,63.4,65.0,64.2,64.9,65.0,72.9,18.5,42.0,4199.0,4206,196
b1ff4656-0435391e,Vanilla,0.7731484839437763,0.6208660064761001,0.9842455966626859,0.4184637798657357,2561,2202,2005,197,556,202,0,0.0,0,0,0.0,0.0,0,0.0,0,0.0,202,100.0,25.97,122.898,41.0,42.991,1059.16,29.095,751.7,1.785,46.04,10.12,261.42,64.0,65.1,63.7,64.5,65.1,76.7,7.1,47.0,4176.0,4178,217
b1ff4656-0435391e,Adaptive,0.7771992962800969,0.5616359958029148,0.95713726767224,0.4573887041161932,2561,2521,2048,473,513,187,15,7.43,0,15,0.0,7.43,1,0.5,136,67.33,50,24.75,25.2,119.009,40.924,43.686,1028.19,27.835,699.67,3.217,80.56,9.871,247.96,63.6,65.0,64.1,64.9,65.0,71.1,19.1,44.9,4204.0,4208,204
b1ff4656-94ee8536,Vanilla,0.7278431957310657,0.6317331073456425,0.9894184051402823,0.37757975122494275,1439,1103,1058,45,381,203,0,0.0,0,0,0.0,0.0,0,0.0,0,0.0,203,100.0,24.78,116.008,42.205,44.101,1045.16,30.2,748.26,1.649,40.64,10.356,256.26,64.2,65.5,63.7,64.5,65.5,81.2,6.8,49.3,4181.0,4186,204
b1ff4656-94ee8536,Adaptive,0.7432276994692157,0.6124065989125953,0.9834413631742661,0.40333483288200994,1439,1191,1084,107,355,149,54,26.6,0,54,0.0,26.6,1,0.49,66,32.51,82,40.39,18.97,87.644,42.197,44.696,796.32,28.889,545.33,3.223,60.63,10.085,190.37,63.8,65.2,64.2,64.8,65.2,67.8,19.3,46.9,4211.0,4216,154
b1ff4656-ebcfeb35,Vanilla,0.36511031403115163,0.2527757855388725,0.9048271402742041,0.21951346176425432,1326,668,529,139,797,203,0,0.0,0,0,0.0,0.0,0,0.0,0,0.0,203,100.0,24.47,114.079,42.684,44.587,1044.03,30.622,749.39,1.617,39.36,10.445,255.28,64.5,65.7,63.9,64.6,65.7,82.5,7.2,50.0,4192.0,4194,195
b1ff4656-ebcfeb35,Adaptive,0.37363038749573907,0.2475634694781641,0.8767394520579922,0.2441251600067712,1326,793,543,250,783,177,26,12.81,0,26,0.0,12.81,1,0.49,94,46.31,82,40.39,21.65,101.27,43.671,45.681,940.51,30.063,647.64,3.219,69.12,10.389,223.74,64.6,65.5,64.8,65.5,65.5,81.3,19.2,48.9,4215.0,4221,179
b200b84e-4a792877,Vanilla,0.46460908726837036,0.3304147687133314,0.9946288649414198,0.2401597004787701,1765,855,824,31,941,200,0,0.0,0,0,0.0,0.0,0,0.0,0,0.0,200,100.0,24.05,115.169,42.697,44.998,1021.32,30.614,732.35,1.611,38.49,10.471,250.48,64.7,65.8,64.2,65.0,65.8,80.1,7.2,50.3,4187.0,4190,195
b200b84e-4a792877,Adaptive,0.459447337882153,0.29073792425254485,0.9645948964630521,0.2632109778393908,1765,987,832,155,933,156,44,22.0,5,39,2.5,19.5,2,1.0,92,46.0,62,31.0,19.62,93.732,42.65,45.297,832.08,29.021,566.55,3.442,66.87,10.186,198.66,64.3,65.6,64.9,67.4,67.4,64.6,20.6,47.2,4213.0,4219,162
b200e97a-bf074435,Vanilla,0.744792176108422,0.5693262992824965,0.9782764582151356,0.4168739350858556,2442,2114,1846,268,596,202,0,0.0,0,0,0.0,0.0,0,0.0,0,0.0,202,100.0,26.03,122.436,40.89,43.092,1061.71,28.985,752.83,1.804,46.69,10.101,262.19,64.4,65.6,64.2,65.0,65.6,73.5,7.2,47.0,4191.0,4196,213
b200e97a-bf074435,Adaptive,0.7358744159408188,0.5093185469606875,0.945018951758635,0.44275797578279696,2442,2377,1863,514,579,188,14,6.93,0,14,0.0,6.93,1,0.5,140,69.31,47,23.27,25.24,118.844,40.966,44.198,1029.46,27.872,700.84,3.217,80.54,9.877,248.08,63.9,65.5,64.4,65.4,65.5,76.0,18.8,45.0,4219.0,4226,204
b20234fd-822029be,Vanilla,0.5024933001857835,0.357533747807387,0.9867542102470724,0.2645764940586701,1921,1038,977,61,944,202,0,0.0,0,0,0.0,0.0,0,0.0,0,0.0,202,100.0,24.63,116.179,42.284,44.088,1035.68,30.292,742.16,1.625,39.66,10.368,253.86,64.5,65.5,64.0,64.7,65.5,78.8,7.2,49.5,4189.0,4191,197
b20234fd-822029be,Adaptive,0.5118307100623538,0.33782327016764596,0.9702981017546918,0.2859227427894459,1921,1153,1007,146,914,167,35,17.33,0,35,0.0,17.33,1,0.5,86,42.57,80,39.6,20.84,98.209,42.819,45.283,890.01,29.374,610.76,3.213,66.59,10.232,212.66,64.2,65.6,64.4,65.1,65.6,63.9,19.2,48.0,4217.0,4220,174
b202cae2-672e61c5,Vanilla,0.8090513284336704,0.6909936201850522,0.9984255721912537,0.41133464958790095,2487,2051,2015,36,472,203,0,0.0,0,0,0.0,0.0,0,0.0,0,0.0,203,100.0,26.06,121.691,41.391,43.192,1077.83,29.478,767.91,1.721,44.64,10.193,265.28,64.6,65.5,64.0,64.8,65.5,93.3,7.3,47.2,4187.0,4190,208
b202cae2-672e61c5,Adaptive,0.7996990116900378,0.6173335608459384,0.983983768722998,0.43956735022115,2487,2250,2011,239,476,186,17,8.37,0,17,0.0,8.37,1,0.49,125,61.58,60,29.56,25.6,120.025,40.051,44.785,1036.03,27.094,703.35,3.174,81.03,9.783,251.65,63.6,65.2,64.2,65.0,65.2,75.8,18.7,44.0,4216.0,4220,207
b202cae2-f46c74a6,Vanilla,0.7165154630009509,0.6061787245684137,0.9973958847711996,0.36617082369849374,2328,1712,1672,40,656,202,0,0.0,0,0,0.0,0.0,0,0.0,0,0.0,202,100.0,25.34,119.21,41.672,43.603,1054.36,29.701,751.93,1.709,42.97,10.262,259.46,64.3,65.3,63.8,64.6,65.3,89.7,7.0,48.0,4196.0,4198,205
b202cae2-f46c74a6,Adaptive,0.7170055770718559,0.5647894382538954,0.9868345860724095,0.3919641346019412,2328,1868,1684,184,644,177,25,12.38,0,25,0.0,12.38,1,0.5,106,52.48,70,34.65,23.13,108.368,41.634,44.198,961.84,28.432,656.98,3.201,73.83,10.001,231.03,63.7,65.2,64.2,65.3,65.3,78.7,19.2,46.3,4221.0,4227,188
b2036451-aa924fd1,Vanilla,0.8403545585064445,0.6741226554299997,0.9864466804661338,0.46002255154729926,1941,1829,1646,183,295,202,0,0.0,0,0,0.0,0.0,0,0.0,0,0.0,202,100.0,25.59,120.67,41.461,44.088,1061.49,29.545,756.77,1.697,43.23,10.218,261.49,64.3,65.2,63.8,64.5,65.2,85.4,7.2,47.8,4197.0,4199,205
b2036451-aa924fd1,Adaptive,0.8265518110088469,0.6050822105449142,0.9599552990819231,0.48413040708855637,1941,2014,1647,367,294,175,27,13.37,0,27,0.0,13.37,1,0.5,113,55.94,61,30.2,23.01,108.155,41.355,44.785,948.16,28.241,647.82,3.152,72.05,9.962,228.29,63.5,65.1,64.1,65.0,65.1,73.0,18.9,46.0,4223.0,4228,186
b204a5c1-05981158,Vanilla,0.7369575315372886,0.6078266830825367,0.9924686289292091,0.38490867014302205,922,718,684,34,238,102,0,0.0,0,0,0.0,0.0,0,0.0,0,0.0,102,100.0,12.77,118.142,41.323,43.59,525.77,29.427,374.6,1.679,21.26,10.217,129.91,64.0,64.9,63.4,64.1,64.9,87.3,6.8,46.1,4196.0,4197,105
b204a5c1-05981158,Adaptive,0.7324140505892232,0.5727229584502902,0.979717268557681,0.39867444296270016,922,758,687,71,235,76,26,25.49,0,26,0.0,25.49,1,0.98,30,29.41,45,44.12,10.06,91.898,40.547,43.787,403.97,27.476,274.12,3.229,31.92,9.842,97.93,63.2,64.5,63.5,64.4,64.5,71.5,19.2,42.3,4224.0,4228,82
b204a5c1-064b0040,Vanilla,0.7357559415421632,0.5188558021367005,0.9781842226692111,0.40036724569309573,2247,1865,1684,181,563,202,0,0.0,0,0,0.0,0.0,0,0.0,0,0.0,202,100.0,25.8,120.735,41.092,43.091,1056.31,29.208,751.24,1.754,44.91,10.131,260.16,63.6,64.9,63.3,64.2,64.9,78.5,7.0,47.3,4199.0,4207,210
b204a5c1-064b0040,Adaptive,0.7471986357714402,0.48135492561856497,0.9585982619108386,0.4317772857661139,2247,2078,1732,346,515,181,21,10.4,0,21,0.0,10.4,1,0.5,133,65.84,47,23.27,24.06,112.251,41.227,43.687,987.72,28.1,673.78,3.22,76.77,9.906,237.17,63.3,64.9,63.8,64.6,64.9,72.2,19.2,45.3,4222.0,4231,195
b204a5c1-fa3d5b88,Vanilla,0.7633562617805079,0.579524631625447,0.9910954475003829,0.40051511799090506,2527,2055,1944,111,583,202,0,0.0,0,0,0.0,0.0,0,0.0,0,0.0,202,100.0,25.88,121.253,41.244,43.59,1067.87,29.303,759.05,1.779,45.86,10.162,262.96,64.0,65.0,63.4,64.2,65.0,87.7,7.0,47.1,4193.0,4196,209
b204a5c1-fa3d5b88,Adaptive,0.7605046593841461,0.5328156341531732,0.9778563477965198,0.42531218396869364,2527,2232,1952,280,575,173,29,14.36,0,29,0.0,14.36,1,0.5,114,56.44,58,28.71,23.25,108.321,41.121,44.186,954.32,27.986,649.81,3.229,74.67,9.906,229.84,63.5,64.8,63.7,64.4,64.8,79.3,19.2,44.8,4222.0,4228,187
b205eb4d-f84aaa1a,Vanilla,0.7682219781543098,0.6562428549310401,0.9967596924398515,0.39181842733255523,2005,1579,1545,34,460,202,0,0.0,0,0,0.0,0.0,0,0.0,0,0.0,202,100.0,25.39,118.979,41.381,43.69,1044.05,29.509,744.55,1.659,41.8,10.214,257.7,63.7,64.8,63.3,64.2,64.8,80.2,7.2,48.2,4200.0,4203,204
b205eb4d-f84aaa1a,Adaptive,0.7561034474786766,0.5613481188943708,0.9802951017865743,0.4175993944739997,2005,1733,1538,195,467,180,22,10.89,0,22,0.0,10.89,1,0.5,110,54.46,69,34.16,23.34,109.203,41.689,44.286,968.09,28.501,662.22,3.182,73.59,10.007,232.27,63.4,64.8,63.9,64.9,64.9,71.6,19.1,46.4,4224.0,4228,190
b2064e61-2beadd45,Vanilla,0.6383427638763648,0.5095626279601825,0.9934604449292161,0.33230872294126756,2109,1417,1354,63,755,203,0,0.0,0,0,0.0,0.0,0,0.0,0,0.0,203,100.0,25.21,118.964,41.564,44.587,1047.79,29.681,748.6,1.63,40.89,10.253,258.3,63.8,65.2,63.5,64.5,65.2,74.2,7.2,48.7,4200.0,4203,199
b2064e61-2beadd45,Adaptive,0.6709848473988389,0.49755832897722796,0.9851222259529621,0.3626368043661276,2109,1568,1432,136,677,171,32,15.76,0,32,0.0,15.76,1,0.49,106,52.22,64,31.53,21.8,102.73,42.243,45.681,916.86,28.916,627.78,3.192,69.11,10.135,219.98,63.8,65.3,64.1,64.9,65.3,68.7,18.9,47.2,4227.0,4229,181
b206a78b-99f405ab,Vanilla,0.5885508382010288,0.481875703546494,0.9971124325662355,0.3023131851277163,2188,1329,1291,38,897,202,0,0.0,0,0,0.0,0.0,0,0.0,0,0.0,202,100.0,25.1,118.53,41.989,44.088,1053.38,30.041,753.98,1.626,40.62,10.322,258.78,64.4,65.4,63.7,64.5,65.4,91.0,7.3,48.7,4202.0,4204,202
b206a78b-99f405ab,Adaptive,0.6232683302225293,0.47505771236005445,0.9850315123266122,0.33939868862370265,2188,1524,1379,145,809,182,20,9.9,0,20,0.0,9.9,1,0.5,114,56.44,67,33.17,22.92,108.622,42.649,44.785,971.74,29.251,666.67,3.217,73.14,10.181,231.93,63.9,65.3,64.2,65.0,65.3,68.1,19.0,47.9,4228.0,4231,191
b2080dc7-f9b98a5f,Vanilla,0.1608984150608741,0.11487364715839479,0.9861990210018451,0.08380726698262243,1055,180,172,8,883,202,0,0.0,0,0,0.0,0.0,0,0.0,0,0.0,202,100.0,23.29,110.498,43.901,45.584,1017.6,31.609,732.9,1.619,37.38,10.673,247.32,64.7,65.8,64.0,64.8,65.8,86.3,7.1,52.2,4204.0,4207,194
b2080dc7-f9b98a5f,Adaptive,0.02537751098988315,0.01616954910858481,0.9390737966858083,0.015382532159783345,1055,35,28,7,1027,19,183,90.59,175,8,86.63,3.96,2,0.99,4,1.98,13,6.44,12.78,59.178,26.893,40.911,344.7,8.159,106.62,11.901,150.54,6.833,87.53,60.1,63.8,65.6,66.6,66.6,16.4,84.5,12.4,4228.0,4234,110
b20841f9-cef732d5,Vanilla,0.7583654774038502,0.6083076934325715,0.9869290981852571,0.3970675805464576,2083,1689,1599,90,484,203,0,0.0,0,0,0.0,0.0,0,0.0,0,0.0,203,100.0,25.81,120.788,41.426,43.192,1065.22,29.498,758.57,1.72,44.19,10.208,262.46,63.7,64.9,63.2,64.0,64.9,89.9,7.3,47.7,4209.0,4213,206
b20841f9-cef732d5,Adaptive,0.7519152696082492,0.5578088329340174,0.9738982985096752,0.42213185482226173,2083,1836,1597,239,486,167,36,17.73,0,36,0.0,17.73,1,0.49,104,51.23,62,30.54,21.97,102.62,41.525,44.684,906.52,28.319,618.45,3.216,70.04,9.989,218.03,63.4,64.7,63.8,64.6,64.7,77.3,18.7,45.6,4231.0,4240,183
b20b69d2-64b9cdb8,Vanilla,0.6691379458255216,0.5622172340879397,0.994324705530416,0.3496191594664877,1300,917,874,43,426,203,0,0.0,0,0,0.0,0.0,0,0.0,0,0.0,203,100.0,24.76,115.33,42.237,44.088,1042.68,30.244,746.8,1.616,39.78,10.377,256.1,64.0,65.3,63.5,64.3,65.3,83.6,6.9,49.5,4222.0,4234,200
b20b69d2-64b9cdb8,Adaptive,0.6433570590932877,0.48891458989969416,0.9670803234835218,0.37086651583710406,1300,1020,855,165,445,161,42,20.69,0,42,0.0,20.69,1,0.49,71,34.98,89,43.84,20.25,93.688,42.64,45.295,860.0,29.251,590.29,3.207,64.43,10.182,205.27,63.9,65.2,64.1,65.0,65.2,74.7,19.0,47.4,4274.0,4281,170
b20b69d2-650e674d,Vanilla,0.7350781731603546,0.5652416648067128,0.9945571003096437,0.37825174640481635,3258,2487,2407,80,851,202,0,0.0,0,0,0.0,0.0,0,0.0,0,0.0,202,100.0,26.73,125.436,40.603,42.505,1084.34,28.685,766.37,1.884,50.13,10.034,267.84,64.1,65.1,63.6,64.5,65.1,88.4,7.2,45.9,4269.0,4276,212
b20b69d2-650e674d,Adaptive,0.758671164775805,0.5371765691544101,0.9794591783031263,0.4215922633390279,3258,2847,2508,339,750,190,12,5.94,0,12,0.0,5.94,1,0.5,161,79.7,28,13.86,26.27,123.408,40.257,42.79,1053.61,27.294,714.75,3.222,84.04,9.741,254.83,63.2,64.7,63.8,64.5,64.8,79.3,18.5,44.0,4316.0,4330,210
b20b69d2-6e2b9e73,Vanilla,0.554851756413629,0.42081214504271547,0.9872195661428307,0.28531967583287426,1317,765,740,25,577,203,0,0.0,0,0,0.0,0.0,0,0.0,0,0.0,203,100.0,25.01,116.51,42.103,44.601,1047.57,30.082,748.57,1.674,41.58,10.346,257.42,64.0,65.0,63.4,64.2,65.0,89.1,6.9,49.0,4320.0,4335,200
b20b69d2-6e2b9e73,Adaptive,0.545817230484678,0.3644754764963044,0.9616463349334053,0.3113849936957082,1317,872,741,131,576,148,55,27.09,0,55,0.0,27.09,3,1.48,67,33.0,78,38.42,19.19,88.153,41.822,45.196,798.48,28.508,544.53,3.26,62.07,10.054,191.88,63.6,65.0,63.9,65.9,65.9,75.3,19.9,46.0,4361.0,4369,157
b20b69d2-7767e6b6,Vanilla,0.7234108493515579,0.5906669334364806,0.981396393476613,0.38699407537181996,1032,823,759,64,273,203,0,0.0,0,0,0.0,0.0,0,0.0,0,0.0,203,100.0,24.91,115.701,42.104,45.099,1047.64,30.109,749.47,1.648,40.88,10.347,257.29,64.0,65.2,63.5,64.2,65.2,78.7,7.0,49.4,4352.0,4362,203
b20b69d2-7767e6b6,Adaptive,0.6850207835326989,0.4951853820053061,0.9448210525643,0.40650757018589434,1032,917,737,180,295,150,53,26.11,8,45,3.94,22.17,9,4.43,64,31.53,77,37.93,20.22,93.029,41.203,44.298,824.86,27.388,548.57,3.898,77.75,9.917,198.55,63.4,64.8,63.9,66.7,66.7,65.6,24.4,44.6,4385.0,4391,163
b20b69d2-bd242bf0,Vanilla,0.6977211333237349,0.5035086327946925,0.9910893931120002,0.36167315599340005,2122,1556,1493,63,629,160,0,0.0,0,0,0.0,0.0,0,0.0,0,0.0,160,100.0,20.39,121.015,41.131,44.102,836.27,29.225,594.38,1.745,35.36,10.161,206.53,63.8,64.9,63.3,63.9,64.9,86.6,7.1,46.9,4365.0,4370,165
b20b69d2-bd242bf0,Adaptive,0.681790500660264,0.4184399064213788,0.9424733307376366,0.4081972002662472,2122,1913,1506,407,616,153,7,4.38,0,7,0.0,4.38,1,0.62,113,70.62,39,24.38,20.6,122.901,40.545,45.295,831.28,27.528,564.67,3.167,64.72,9.85,201.88,63.2,64.5,63.5,64.4,64.5,74.3,18.2,44.3,4392.0,4394,168
b20b69d2-ca16c907,Vanilla,0.7547799707675987,0.6045162968042266,0.9972198002505844,0.39019131139474983,891,698,674,24,217,198,0,0.0,0,0,0.0,0.0,0,0.0,0,0.0,198,100.0,24.07,114.228,42.666,44.6,1018.15,30.625,730.79,1.608,38.36,10.434,249.0,64.0,65.2,63.2,64.2,65.2,92.1,7.3,49.8,4364.0,4366,201
b20b69d2-ca16c907,Adaptive,0.7184870038431638,0.5283021541946189,0.9699129197761815,0.4083392673471003,891,766,654,112,237,136,62,31.31,0,62,0.0,31.31,2,1.01,34,17.17,100,50.51,17.19,80.684,42.292,44.3,722.57,28.913,494.34,3.244,55.17,10.135,173.06,63.4,64.8,63.9,65.8,65.8,74.5,19.3,46.9,4392.0,4396,144
b20b69d2-e31380a7,Vanilla,0.7420201772725268,0.6233648010080801,0.9986400359832643,0.37802457466918715,529,400,393,7,136,174,0,0.0,0,0,0.0,0.0,0,0.0,0,0.0,174,100.0,20.86,112.857,42.787,44.998,891.71,30.706,640.13,1.612,33.51,10.469,218.06,64.1,65.1,63.4,64.2,65.1,91.5,7.1,50.0,4369.0,4371,167
b20b69d2-e31380a7,Adaptive,0.6698224448812188,0.4745320089941263,0.965346773709352,0.3851825596863404,529,432,363,69,166,103,71,40.8,22,49,12.64,28.16,10,5.75,26,14.94,67,38.51,14.71,78.698,39.941,44.797,584.55,25.541,374.49,4.726,68.62,9.674,141.44,62.9,64.6,63.9,66.6,66.6,69.2,29.9,41.1,4389.0,4391,121
b20b69d2-ffc1d6af,Vanilla,0.7253541114380465,0.5836592515360203,0.9894253668117567,0.37965484579044523,1622,1251,1188,63,434,199,0,0.0,0,0,0.0,0.0,0,0.0,0,0.0,199,100.0,24.67,117.261,41.941,44.499,1033.84,30.012,740.17,1.636,40.15,10.293,253.52,63.9,64.9,63.3,64.4,64.9,87.2,6.8,48.8,4366.0,4369,202
b20b69d2-ffc1d6af,Adaptive,0.6975489210147036,0.48361004419114584,0.9632452599252501,0.3997412214847014,1622,1378,1163,215,459,158,41,20.6,1,40,0.5,20.1,2,1.01,88,44.22,68,34.17,20.74,97.323,41.472,44.698,855.5,28.31,584.44,3.194,65.58,9.968,205.48,63.3,64.8,63.7,65.8,65.8,78.9,19.8,45.7,4389.0,4395,171
b20b9c19-91e01a50,Vanilla,0.8013687621173554,0.6123283094858735,0.9844838552375311,0.4357215971001838,1745,1562,1415,147,330,202,0,0.0,0,0,0.0,0.0,0,0.0,0,0.0,202,100.0,25.24,118.687,41.523,43.603,1048.62,29.653,749.2,1.639,41.19,10.231,258.23,63.6,64.9,63.4,64.1,64.9,85.7,7.2,48.3,4367.0,4369,201
b20b9c19-91e01a50,Adaptive,0.7910174264413782,0.5417091182917358,0.9487163267179087,0.4709484320501872,1745,1795,1429,366,316,182,20,9.9,0,20,0.0,9.9,1,0.5,134,66.34,47,23.27,23.66,110.938,41.617,44.298,978.9,28.458,669.61,3.154,74.0,10.005,235.3,63.3,64.9,63.8,64.8,64.9,71.2,19.4,46.4,4391.0,4395,194
b20d494a-cdebe83e,Vanilla,0.5922493045276191,0.4595360993091774,0.9823251527188019,0.3149486147703057,1203,779,724,55,479,198,0,0.0,0,0,0.0,0.0,0,0.0,0,0.0,198,100.0,23.94,115.042,42.607,44.601,1018.09,30.561,730.38,1.622,38.66,10.424,249.05,64.0,65.2,63.4,64.3,65.2,87.9,7.1,50.1,4368.0,4371,189
b20d494a-cdebe83e,Adaptive,0.555610929311045,0.3524305631546989,0.9329931182462908,0.33368812605358117,1203,895,704,191,499,151,47,23.74,0,47,0.0,23.74,2,1.01,73,36.87,76,38.38,19.0,90.522,42.472,45.195,802.38,29.14,550.87,3.155,59.31,10.176,192.21,63.6,64.9,63.9,65.7,65.6,69.7,19.8,47.4,4389.0,4397,156
b20e291a-32ac11c1,Vanilla,0.7289248744190444,0.5588853697811906,0.9840830427248036,0.3958065340642928,2599,2115,1918,197,681,202,0,0.0,0,0,0.0,0.0,0,0.0,0,0.0,202,100.0,26.66,125.015,40.285,42.605,1071.55,28.475,757.66,1.814,48.09,9.996,265.79,63.7,64.8,63.5,64.2,64.8,71.4,7.1,45.9,4364.0,4365,213
b20e291a-32ac11c1,Adaptive,0.7354624587374192,0.5213085060218199,0.9562323814126262,0.434460998935388,2599,2437,1966,471,633,197,5,2.48,0,5,0.0,2.48,1,0.5,153,75.74,43,21.29,27.08,127.252,40.325,43.701,1090.3,27.326,739.45,3.212,86.43,9.787,264.42,63.3,64.6,63.6,64.5,64.6,68.2,18.8,44.1,4395.0,4401,215
b20e291a-6012d836,Vanilla,0.7619397725359099,0.6064630715026395,0.983399710514173,0.41179123869865697,2245,1901,1734,167,511,203,0,0.0,0,0,0.0,0.0,0,0.0,0,0.0,203,100.0,26.24,122.793,40.888,43.103,1068.91,29.027,759.18,1.737,45.19,10.124,264.54,63.7,64.8,63.2,63.9,64.8,86.9,7.0,46.7,4374.0,4377,212
b20e291a-6012d836,Adaptive,0.7402603391743157,0.5300567157559563,0.9530787043804504,0.43607576793314073,2245,2121,1717,404,528,170,33,16.26,0,33,0.0,16.26,1,0.49,107,52.71,62,30.54,23.46,108.978,40.047,43.303,940.01,27.122,637.15,3.193,74.58,9.733,228.27,63.0,64.5,63.5,64.8,64.8,77.4,18.9,43.6,4401.0,4407,191
b20eae11-149766ce,Vanilla,0.27840350649863754,0.19619227994223215,0.9356473229794671,0.15453138301989008,1752,590,520,70,1232,203,0,0.0,0,0,0.0,0.0,0,0.0,0,0.0,203,100.0,24.16,113.634,42.83,45.099,1029.83,30.711,738.45,1.62,38.86,10.499,252.52,63.8,65.0,63.2,64.1,65.0,80.5,7.3,50.9,4378.0,4379,194
b20eae11-149766ce,Adaptive,0.2892895881860612,0.17219560602136047,0.8983798289740837,0.17699058219178082,1752,720,556,164,1196,176,27,13.3,7,20,3.45,9.85,16,7.88,84,41.38,76,37.44,22.52,106.368,42.82,45.696,963.16,28.654,645.47,3.976,88.54,10.19,229.15,63.8,65.0,64.1,66.9,66.9,77.5,24.9,47.1,4407.0,4413,187
b20eae11-18cd8ca2,Vanilla,0.42467865652908837,0.24564957021065797,0.979494620577098,0.23199773673362165,1135,545,490,55,645,202,0,0.0,0,0,0.0,0.0,0,0.0,0,0.0,202,100.0,23.95,113.298,42.852,44.985,1021.89,30.734,733.2,1.615,38.36,10.503,250.33,64.2,65.2,63.6,64.3,65.2,79.9,7.0,50.8,4385.0,4388,192
b20eae11-18cd8ca2,Adaptive,0.4598766362030659,0.24424434590176247,0.9732038071645505,0.2563673776953397,1135,608,533,75,602,155,47,23.27,0,47,0.0,23.27,1,0.5,59,29.21,95,47.03,18.82,88.588,43.455,45.681,814.76,29.938,561.79,3.132,58.44,10.384,194.53,64.2,65.4,64.2,64.9,65.4,72.1,18.7,48.9,4419.0,4423,157
b20eae11-6817ba7a,Vanilla,0.3979614444608973,0.27230509446523465,0.9395184226959805,0.22263378661795552,1560,758,658,100,902,202,0,0.0,0,0,0.0,0.0,0,0.0,0,0.0,202,100.0,24.37,114.398,42.637,45.098,1037.98,30.578,744.64,1.613,39.13,10.447,254.22,64.4,65.4,63.8,64.4,65.4,83.7,7.2,50.2,4393.0,4395,197
b20eae11-6817ba7a,Adaptive,0.4385131436073931,0.27600647122906086,0.913904516012305,0.26142374436842986,1560,922,741,181,819,174,28,13.86,4,24,1.98,11.88,7,3.47,101,50.0,66,32.67,21.93,103.164,42.606,44.799,931.22,28.909,632.03,3.532,77.12,10.166,222.07,63.7,65.2,64.2,66.3,66.3,58.3,21.6,47.5,4413.0,4418,182
b20ff95c-b9444127,Vanilla,0.5549202013386108,0.32459744288207804,0.9766903266460483,0.29968285874976563,787,488,446,42,341,102,0,0.0,0,0,0.0,0.0,0,0.0,0,0.0,102,100.0,12.61,117.04,41.392,44.101,518.1,29.491,369.5,1.627,20.2,10.274,128.4,64.1,65.1,63.4,64.1,65.1,92.6,7.1,46.4,4384.0,4387,102
b20ff95c-b9444127,Adaptive,0.5550433645972482,0.308360305084259,0.9567370104144262,0.3196233789807941,787,539,452,87,335,78,24,23.53,0,24,0.0,23.53,1,0.98,38,37.25,39,38.24,9.95,91.933,41.506,44.698,408.56,28.26,278.42,3.2,31.32,10.046,98.81,63.4,64.8,63.7,64.7,64.8,68.7,19.1,44.0,4406.0,4412,83
b2102d00-5eb86b71,Vanilla,0.6436251959489991,0.4866191962892047,0.9896734061516479,0.33561047163022895,2413,1646,1568,78,845,202,0,0.0,0,0,0.0,0.0,0,0.0,0,0.0,202,100.0,25.22,119.634,41.521,44.101,1046.61,29.659,747.84,1.618,40.65,10.243,258.12,63.9,65.1,63.5,64.3,65.1,76.7,7.2,48.5,4383.0,4387,203
b2102d00-5eb86b71,Adaptive,0.6790279297882567,0.4781926401519959,0.9795539631679031,0.37666963353390887,2413,1882,1663,219,750,182,20,9.9,2,18,0.99,8.91,1,0.5,130,64.36,51,25.25,23.33,110.865,42.048,44.799,978.59,28.704,668.27,3.272,75.9,10.072,234.42,63.5,65.2,64.0,65.0,65.2,73.2,19.4,47.0,4411.0,4415,191
b2102d00-a8c09be1,Vanilla,0.6885977170179067,0.544088569075811,0.9940319993780238,0.3574470410989758,1943,1403,1345,58,598,202,0,0.0,0,0,0.0,0.0,0,0.0,0,0.0,202,100.0,24.78,117.803,42.094,44.203,1041.58,30.123,745.68,1.622,39.98,10.349,255.93,64.2,65.2,63.6,64.4,65.2,84.9,6.9,49.2,4386.0,4388,203
b2102d00-a8c09be1,Adaptive,0.6904392379667075,0.49895659873858084,0.9804097325159941,0.38774046865493367,1943,1559,1358,201,585,170,32,15.84,0,32,0.0,15.84,1,0.5,112,55.45,57,28.22,21.45,101.655,42.519,45.295,905.96,29.126,620.76,3.215,68.35,10.178,216.85,63.9,65.1,64.1,64.8,65.1,70.6,19.2,47.5,4413.0,4418,176
b2131b7b-e58faab7,Vanilla,0.4443815366431981,0.305487485812477,0.9941068988340528,0.23403187322738936,970,458,433,25,537,202,0,0.0,0,0,0.0,0.0,0,0.0,0,0.0,202,100.0,24.08,113.493,43.023,45.099,1032.2,30.886,741.25,1.615,38.62,10.522,252.33,64.3,65.6,63.7,64.4,65.6,89.4,7.3,50.6,4382.0,4384,194
b2131b7b-e58faab7,Adaptive,0.44264999046299447,0.2643600721476543,0.9832116120159766,0.241335705253231,970,481,435,46,535,105,97,48.02,49,48,24.26,23.76,1,0.5,28,13.86,76,37.62,15.82,73.585,39.547,45.295,624.67,24.962,396.8,5.047,77.36,9.538,150.51,63.1,65.2,64.6,67.1,67.1,55.7,34.2,42.2,4411.0,4415,134
b213e4eb-09c01a17,Vanilla,0.6990474036813148,0.5608999723846664,0.9924375857203652,0.36165263522085106,1885,1380,1327,53,558,202,0,0.0,0,0,0.0,0.0,0,0.0,0,0.0,202,100.0,25.25,118.379,41.628,44.102,1046.64,29.72,747.55,1.632,40.85,10.276,258.24,64.0,65.2,63.6,64.2,65.2,79.3,7.2,48.4,4384.0,4387,205
b213e4eb-09c01a17,Adaptive,0.7289202462558878,0.553332760206275,0.9835203357584144,0.39327273582260336,1885,1523,1393,130,492,164,38,18.81,0,38,0.0,18.81,1,0.5,91,45.05,72,35.64,21.1,98.756,41.943,44.799,879.7,28.665,601.48,3.21,67.06,10.068,211.17,63.6,65.1,63.9,64.7,65.1,73.0,18.9,46.6,4409.0,4414,174
b214d1e1-f248c616,Vanilla,0.5978270033749273,0.43646701831463836,0.9870810835406908,0.3164758290401189,2069,1338,1251,87,818,200,0,0.0,0,0,0.0,0.0,0,0.0,0,0.0,200,100.0,24.68,117.729,42.015,44.102,1036.85,30.08,742.49,1.625,39.97,10.31,254.39,64.0,65.2,63.6,64.2,65.2,85.6,7.2,49.1,4383.0,4384,199
b214d1e1-f248c616,Adaptive,0.6027135456747015,0.40679452219764356,0.9676039959953708,0.34487744160247186,2069,1507,1276,231,793,175,25,12.5,0,25,0.0,12.5,1,0.5,103,51.5,71,35.5,22.23,106.028,42.415,44.696,936.64,29.057,641.75,3.208,70.7,10.151,224.19,63.8,65.2,64.0,64.9,65.2,68.1,19.0,47.3,4409.0,4413,184
b21547c1-73e457f8,Vanilla,0.6143828711794856,0.47507841597570827,0.9927590822717358,0.31802796141820405,2076,1336,1284,52,792,203,0,0.0,0,0,0.0,0.0,0,0.0,0,0.0,203,100.0,24.9,117.657,42.165,43.988,1045.71,30.195,749.07,1.622,40.07,10.348,256.57,64.2,65.2,63.7,64.4,65.2,88.3,7.3,49.3,4383.0,4386,203
b21547c1-73e457f8,Adaptive,0.6613114135616099,0.46651690546066005,0.9827940189603405,0.3594374674424005,2076,1535,1392,143,684,176,27,13.3,0,27,0.0,13.3,1,0.49,111,54.68,64,31.53,22.07,104.33,42.704,45.183,935.99,29.302,642.26,3.212,70.31,10.19,223.42,64.0,65.3,64.1,64.8,65.3,68.3,19.0,48.0,4415.0,4419,183
b21547c1-796757ac,Vanilla,0.2800142063574952,0.20438611660868006,0.9940971153904006,0.14345536144801752,2365,684,666,18,1699,202,0,0.0,0,0,0.0,0.0,0,0.0,0,0.0,202,100.0,24.21,114.376,42.882,44.587,1036.2,30.78,743.94,1.614,38.92,10.487,253.34,64.5,65.6,63.9,64.6,65.6,89.0,7.0,50.4,4393.0,4396,197
b21547c1-796757ac,Adaptive,0.29378877516045376,0.20143223122335413,0.9832765550016535,0.15721749333097196,2365,764,705,59,1660,161,41,20.3,0,41,0.0,20.3,2,0.99,61,30.2,98,48.51,19.87,93.509,43.07,44.885,851.52,29.564,584.93,3.234,63.59,10.272,203.01,64.2,65.8,64.4,66.4,66.4,68.2,19.2,48.4,4418.0,4422,166
b2156f8e-72e1547c,Vanilla,0.43071911872955687,0.34055655228633624,0.993733386722446,0.22012957998212687,840,373,364,9,476,191,0,0.0,0,0,0.0,0.0,0,0.0,0,0.0,191,100.0,23.23,115.561,42.327,45.483,979.06,30.324,701.66,1.607,37.07,10.396,240.34,64.4,65.4,64.0,64.6,65.4,83.8,6.9,49.6,4388.0,4389,187
b2156f8e-72e1547c,Adaptive,0.41968683029232123,0.29800022283620986,0.9589693517424722,0.24038249559082894,840,432,364,68,476,135,56,29.32,17,39,8.9,20.42,24,12.57,33,17.28,78,40.84,19.37,95.979,40.208,44.785,777.16,25.638,495.79,4.871,93.96,9.699,187.4,63.4,65.3,64.6,66.8,66.8,64.5,31.1,41.9,4410.0,4415,160
b215943a-10e44587,Vanilla,0.6683461357763527,0.49609012781684614,0.9735458112093984,0.36194723151244895,792,598,542,56,250,191,0,0.0,0,0,0.0,0.0,0,0.0,0,0.0,191,100.0,23.17,115.032,42.453,45.085,978.84,30.405,701.41,1.614,37.04,10.434,240.39,64.4,65.6,63.8,64.5,65.6,86.0,7.4,49.5,4378.0,4381,186
b215943a-10e44587,Adaptive,0.6753967979401552,0.43300791162636426,0.9391083617841198,0.39442021963824286,792,688,563,125,229,142,49,25.65,5,44,2.62,23.04,13,6.81,58,30.37,71,37.17,18.61,92.191,42.094,45.384,776.87,28.148,519.93,3.881,71.14,10.065,185.8,63.9,65.5,64.3,66.7,66.7,74.8,24.1,45.7,4413.0,4417,153
b216243d-55963da2,Vanilla,0.6820099708602019,0.5378799909341097,0.9952365996898324,0.3541686654743033,1713,1223,1173,50,540,103,0,0.0,0,0,0.0,0.0,0,0.0,0,0.0,103,100.0,13.41,124.188,40.217,42.593,537.67,28.479,380.98,1.715,22.79,10.023,133.9,63.8,65.0,63.4,64.0,65.0,82.4,7.3,44.6,4390.0,4391,107
b216243d-55963da2,Adaptive,0.7177870229435321,0.5403144202049158,0.9878354475788906,0.3867908938602202,1713,1353,1241,112,472,96,7,6.8,0,7,0.0,6.8,1,0.97,72,69.9,23,22.33,12.87,119.566,40.582,43.787,514.88,27.513,349.2,3.247,41.04,9.822,124.64,63.2,64.6,63.6,64.3,64.6,72.4,18.8,43.3,4416.0,4421,104
b216243d-ad4306b9,Vanilla,0.7274215488336733,0.5652737457984095,0.9934871382771017,0.3736005988521999,1093,825,800,25,293,103,0,0.0,0,0,0.0,0.0,0,0.0,0,0.0,103,100.0,12.91,119.624,40.832,43.59,522.89,29.061,372.47,1.643,20.88,10.128,129.54,63.4,64.8,63.1,63.8,64.8,83.2,7.2,45.8,4390.0,4392,102
b216243d-ad4306b9,Adaptive,0.7339900350741683,0.5368326714011131,0.9815436204080498,0.3962609594689402,1093,892,815,77,278,83,20,19.42,0,20,0.0,19.42,1,0.97,41,39.81,41,39.81,10.91,100.267,40.508,43.686,438.13,27.458,297.3,3.209,34.48,9.842,106.35,62.8,64.4,63.4,64.1,64.4,67.1,19.4,43.2,4415.0,4418,87
b2169b74-fa197951,Vanilla,0.7614881108299235,0.5810467240362642,0.9905536397155467,0.4049941643323996,2040,1680,1565,115,475,203,0,0.0,0,0,0.0,0.0,0,0.0,0,0.0,203,100.0,25.98,121.519,40.995,43.59,1062.04,29.13,755.1,1.727,44.48,10.137,262.46,63.6,64.7,63.2,64.2,64.7,72.0,7.1,47.3,4391.0,4394,210
b2169b74-fa197951,Adaptive,0.7690302052524007,0.5330967995252941,0.9705823544139088,0.4292782928388747,2040,1840,1606,234,434,171,32,15.76,0,32,0.0,15.76,2,0.99,102,50.25,67,33.0,22.73,106.062,41.367,44.684,934.63,28.252,638.71,3.162,71.18,9.953,224.74,63.2,64.5,63.5,64.2,64.5,83.3,18.5,45.5,4422.0,4426,182
b21742c2-0e7a2b57,Vanilla,0.5023764340712563,0.37490484295667964,0.9755107635892406,0.27079319228789844,2128,1198,1093,105,1035,202,0,0.0,0,0,0.0,0.0,0,0.0,0,0.0,202,100.0,25.29,118.911,41.678,43.59,1052.11,29.748,751.37,1.679,42.17,10.25,258.56,63.8,64.8,63.1,64.2,64.8,87.5,6.9,48.3,4398.0,4401,206
b21742c2-0e7a2b57,Adaptive,0.5174021696408521,0.35765278842944415,0.9601626220644887,0.2976292432264092,2128,1352,1135,217,993,172,30,14.85,0,30,0.0,14.85,1,0.5,106,52.48,65,32.18,22.31,104.251,41.847,44.785,928.6,28.631,635.58,3.186,70.44,10.031,222.58,63.3,64.6,63.5,64.2,64.6,77.3,19.2,46.5,4426.0,4432,181
b21742c2-18d3463a,Vanilla,0.6919382999706564,0.45696252617708166,0.9525516249817109,0.3858703916379934,3260,2687,2359,328,901,202,0,0.0,0,0,0.0,0.0,0,0.0,0,0.0,202,100.0,26.72,125.495,40.372,42.606,1073.98,28.501,758.31,1.87,49.71,10.001,265.96,63.5,64.6,63.0,63.6,64.6,78.8,7.1,45.8,4399.0,4401,214
b21742c2-18d3463a,Adaptive,0.7007807132034751,0.43986580435437883,0.9258260533100927,0.4260427667881003,3260,3102,2428,674,832,187,15,7.43,0,15,0.0,7.43,1,0.5,151,74.75,35,17.33,26.29,123.664,39.827,43.687,1041.25,26.947,704.69,3.208,83.73,9.672,252.83,62.7,64.1,63.2,64.2,64.2,75.1,18.3,43.2,4425.0,4429,214
b2194b15-1825056a,Vanilla,0.5351780543442431,0.42188408097471103,0.9969968266144409,0.2724792452318294,1798,984,965,19,833,203,0,0.0,0,0,0.0,0.0,0,0.0,0,0.0,203,100.0,24.6,115.468,42.339,44.101,1039.17,30.339,745.08,1.625,39.65,10.375,254.44,63.4,64.7,63.0,64.2,64.6,86.3,7.0,49.8,4407.0,4409,197
b2194b15-1825056a,Adaptive,0.5515878744946475,0.41161023924924,0.9850568073180901,0.29976646746334584,1798,1106,1003,103,795,166,37,18.23,0,37,0.0,18.23,1,0.49,90,44.33,75,36.95,20.84,97.121,42.431,45.197,879.83,29.129,604.49,3.142,64.81,10.16,210.53,63.2,64.8,63.6,64.5,64.8,61.0,19.4,47.7,4431.0,4436,171
b21bfb83-ea32f716,Vanilla,0.5332685560427483,0.40116540101810205,0.9689165093805687,0.2954176396725019,2380,1479,1303,176,1077,202,0,0.0,0,0,0.0,0.0,0,0.0,0,0.0,202,100.0,25.26,118.587,41.832,43.204,1055.09,29.931,755.18,1.612,40.52,10.289,259.38,63.9,64.8,63.2,63.7,64.8,90.8,7.2,48.4,4404.0,4407,202
b21bfb83-ea32f716,Adaptive,0.5439039398843637,0.4012954660330341,0.9486810522092461,0.31408625102322063,2380,1622,1351,271,1029,168,34,16.83,0,34,0.0,16.83,1,0.5,101,50.0,66,32.67,21.54,101.004,41.828,44.286,899.91,28.577,615.27,3.207,68.68,10.044,215.96,63.1,64.8,63.6,64.3,64.8,68.1,18.9,46.8,4428.0,4432,175
b21c68e6-65674a17,Vanilla,0.4988673100091027,0.3237181322144052,0.9861921567091416,0.2633137979750701,1742,937,880,57,862,203,0,0.0,0,0,0.0,0.0,0,0.0,0,0.0,203,100.0,24.43,114.862,42.729,44.687,1038.6,30.661,745.35,1.618,39.25,10.45,254.0,63.9,65.0,63.4,64.0,65.0,79.8,6.9,50.3,4406.0,4409,200
b21c68e6-65674a17,Adaptive,0.5012666385380476,0.29915724891488127,0.9558310598590224,0.28831576834393463,1742,1081,904,177,838,186,17,8.37,0,17,0.0,8.37,4,1.97,94,46.31,88,43.35,23.05,108.61,43.234,45.681,992.0,29.67,681.1,3.278,75.03,10.285,235.87,63.8,65.2,63.9,66.2,66.2,71.6,19.8,48.6,4434.0,4441,193
b21c86ac-0dc77d82,Vanilla,0.7193430537703178,0.5580190902824335,0.9936993705838227,0.3664652329610593,1832,1356,1326,30,506,202,0,0.0,0,0,0.0,0.0,0,0.0,0,0.0,202,100.0,25.3,118.196,41.487,43.59,1045.69,29.628,747.19,1.618,40.59,10.241,257.91,63.9,65.2,63.4,64.1,65.1,70.0,7.3,48.1,4407.0,4411,200
b21c86ac-0dc77d82,Adaptive,0.7281735152265418,0.5486761660470189,0.9901112471816076,0.37431277685275366,1832,1390,1347,43,485,130,72,35.64,0,72,0.0,35.64,1,0.5,28,13.86,101,50.0,16.96,77.96,41.21,43.788,698.88,28.041,475.96,3.22,54.3,9.95,168.62,63.3,65.0,63.7,64.4,65.0,71.8,18.8,45.2,4439.0,4442,140
b21c86ac-2eb7ba16,Vanilla,0.7956962684021891,0.6542998038533858,0.9917033123080191,0.4182847783323652,2889,2451,2315,136,574,203,0,0.0,0,0,0.0,0.0,0,0.0,0,0.0,203,100.0,26.26,123.988,41.033,43.091,1073.92,29.221,765.12,1.695,44.17,10.116,264.62,63.8,64.8,63.3,64.2,64.8,88.7,7.2,46.9,4413.0,4416,209
b21c86ac-2eb7ba16,Adaptive,0.794337214584247,0.5801254193078673,0.9727284415939119,0.4490915814577058,2889,2721,2339,382,550,194,9,4.43,0,9,0.0,4.43,1,0.49,148,72.91,45,22.17,26.12,123.634,40.828,43.687,1065.48,27.769,724.99,3.212,83.6,9.847,256.89,63.1,64.6,63.6,64.4,64.6,69.9,18.6,45.2,4444.0,4449,212
b21c86ac-71205084,Vanilla,0.7374492122773939,0.5796199237078754,0.9823974733284421,0.3899132317339935,1914,1531,1435,96,479,202,0,0.0,0,0,0.0,0.0,0,0.0,0,0.0,202,100.0,25.69,121.502,41.147,43.091,1056.31,29.319,753.12,1.665,42.51,10.163,260.68,63.6,64.7,63.1,63.7,64.7,82.7,7.3,47.5,4422.0,4425,208
b21c86ac-71205084,Adaptive,0.7608603801785779,0.5703685520199218,0.9704011141328936,0.4289886381092376,1914,1721,1490,231,424,175,27,13.37,0,27,0.0,13.37,1,0.5,121,59.9,53,26.24,23.06,108.588,41.309,44.285,951.61,28.19,649.73,3.17,72.79,9.948,229.09,63.2,64.7,63.5,64.2,64.7,71.0,19.2,45.7,4447.0,4452,188
b21d5efb-5e2cd743,Vanilla,0.36834943836720097,0.2591776201978089,0.9572971926646376,0.20432748538011697,1350,589,517,72,833,202,0,0.0,0,0,0.0,0.0,0,0.0,0,0.0,202,100.0,23.87,113.372,43.061,45.085,1026.58,30.902,737.15,1.619,38.39,10.54,251.03,64.0,65.1,63.2,64.1,65.0,85.0,7.2,50.8,4418.0,4420,191
b21d5efb-5e2cd743,Adaptive,0.11709620709332219,0.0740763589171238,0.937029145698311,0.0696866096866097,1350,208,166,42,1184,42,160,79.21,154,6,76.24,2.97,2,0.99,18,8.91,22,10.89,14.44,67.303,30.172,44.298,435.6,12.666,185.26,9.922,140.87,7.584,109.47,60.4,63.8,64.6,66.1,66.1,27.8,70.5,20.7,4442.0,4448,123
b2208b0f-2796a692,Vanilla,0.7570014695955352,0.5381554954630283,0.9878899275332602,0.4030850490556539,4174,3434,3192,242,982,203,0,0.0,0,0,0.0,0.0,0,0.0,0,0.0,203,100.0,27.38,128.658,39.905,42.693,1092.43,28.085,769.17,1.921,52.47,9.898,270.79,63.1,64.3,62.7,63.3,64.3,78.4,7.1,44.9,4417.0,4418,218
b2208b0f-2796a692,Adaptive,0.7731964200758608,0.51987265663841,0.9710756490313687,0.4422875949505795,4174,3883,3289,594,885,200,3,1.48,0,3,0.0,1.48,1,0.49,173,85.22,26,12.81,28.87,135.924,39.24,43.288,1131.77,26.449,763.25,3.212,92.34,9.579,276.18,62.5,64.1,62.9,63.7,64.1,71.9,18.4,42.1,4448.0,4453,240
b229488e-e4714bb7,Vanilla,0.6364565053861991,0.5117699917939554,0.9925616946217068,0.3263740135404037,1354,893,868,25,486,202,0,0.0,0,0,0.0,0.0,0,0.0,0,0.0,202,100.0,24.21,114.935,42.615,44.587,1029.67,30.558,738.72,1.617,38.85,10.441,252.09,63.3,64.5,62.6,63.4,64.5,83.8,7.1,50.3,4429.0,4430,195
b229488e-e4714bb7,Adaptive,0.6690221829311691,0.48124025951000526,0.9910263598369119,0.35153948002847063,1354,965,913,52,441,145,57,28.22,0,57,0.0,28.22,1,0.5,59,29.21,85,42.08,17.98,84.531,42.764,44.797,765.01,29.361,525.47,3.175,56.61,10.228,182.93,63.1,64.5,63.3,64.0,64.5,79.3,19.0,48.0,4449.0,4453,150
b22a4d9f-48b2e986,Vanilla,0.7200759528825407,0.5879509789784307,0.9976951183819768,0.3717791616670131,1414,1055,1020,35,394,203,0,0.0,0,0,0.0,0.0,0,0.0,0,0.0,203,100.0,25.36,118.101,41.703,44.088,1055.81,29.761,753.82,1.683,42.43,10.26,259.56,63.6,64.7,63.1,63.9,64.7,81.5,6.9,48.4,4426.0,4428,207
b22a4d9f-48b2e986,Adaptive,0.7042289589000466,0.5161487583678551,0.981073833912312,0.3905356104660172,1414,1141,1009,132,405,152,51,25.12,0,51,0.0,25.12,1,0.49,66,32.51,85,41.87,19.78,90.953,41.651,44.186,820.02,28.472,560.89,3.171,62.17,10.008,196.97,63.1,64.6,63.4,64.0,64.6,78.8,18.8,46.1,4447.0,4453,161
b22a4d9f-73cc8810,Vanilla,0.8042758516924237,0.644332699386964,0.9951996103659162,0.41784735675107954,2255,1900,1821,79,434,203,0,0.0,0,0,0.0,0.0,0,0.0,0,0.0,203,100.0,25.93,120.633,41.154,44.101,1066.08,29.282,758.94,1.738,44.79,10.134,262.36,63.5,64.7,63.1,63.8,64.7,84.3,6.8,47.4,4424.0,4425,213
b22a4d9f-73cc8810,Adaptive,0.7931489634221659,0.5578915894882203,0.9814060192378857,0.44265439111448357,2255,2063,1810,253,445,173,30,14.78,0,30,0.0,14.78,1,0.49,105,51.72,67,33.0,23.16,107.273,40.944,43.887,944.43,27.906,644.14,3.175,72.89,9.864,227.4,63.0,64.8,63.2,64.2,64.8,74.8,18.5,44.8,4446.0,4451,190
b22e02cd-6af68e18,Vanilla,0.44206351584079884,0.3420062075560267,0.9925701784881074,0.22944084874518905,865,401,385,16,480,202,0,0.0,0,0,0.0,0.0,0,0.0,0,0.0,202,100.0,23.77,112.44,43.185,45.483,1026.38,31.021,737.53,1.621,38.39,10.543,250.46,63.9,65.0,63.1,64.0,65.0,86.2,7.2,51.3,4418.0,4422,192
b22e02cd-6af68e18,Adaptive,0.4249174667378741,0.28305191486400316,0.9666004770814624,0.2450118703550784,865,448,376,72,489,126,76,37.62,42,34,20.79,16.83,12,5.94,50,24.75,64,31.68,18.47,87.085,39.921,45.681,732.63,25.138,461.52,5.145,94.2,9.638,176.92,62.9,64.9,64.0,66.7,66.7,68.7,33.8,41.2,4445.0,4453,154
b22f385b-5d7e5202,Vanilla,0.8227768564972122,0.7215720024880222,0.9898508979632085,0.4349858947829284,1281,1134,1063,71,218,202,0,0.0,0,0,0.0,0.0,0,0.0,0,0.0,202,100.0,25.35,118.607,41.573,43.501,1053.37,29.718,753.3,1.611,40.67,10.243,259.39,63.8,64.9,63.3,64.2,64.9,87.2,7.1,48.3,4425.0,4432,208
b22f385b-5d7e5202,Adaptive,0.8288849765873343,0.7042279226152173,0.9729909476953735,0.44918396782280706,1281,1201,1088,113,193,138,64,31.68,0,64,0.0,31.68,1,0.5,54,26.73,83,41.09,18.1,83.263,41.215,43.788,741.5,28.067,505.41,3.208,57.42,9.94,178.67,63.2,64.8,63.8,64.5,64.8,77.5,18.9,45.4,4454.0,4457,148
b230132b-ff8f2719,Vanilla,0.5724313215190187,0.4661331571262341,0.9954997268197187,0.2929558039749411,1616,953,929,24,687,203,0,0.0,0,0,0.0,0.0,0,0.0,0,0.0,203,100.0,24.65,115.836,42.436,44.189,1041.59,30.407,746.55,1.608,39.38,10.42,255.66,64.0,65.2,63.4,64.2,65.2,84.8,7.2,49.8,4429.0,4431,197
b230132b-ff8f2719,Adaptive,0.583406116862025,0.4288467274298456,0.9845085443447774,0.3174264007597341,1616,1053,954,99,662,156,47,23.15,0,47,0.0,23.15,1,0.49,75,36.95,80,39.41,19.45,90.809,42.747,44.885,826.86,29.336,567.69,3.2,61.71,10.21,197.46,63.7,64.8,63.9,64.8,64.9,73.8,19.1,47.8,4456.0,4459,161
b230a7b2-c881c382,Vanilla,0.3514442012382123,0.2799336388401365,0.9920937199450285,0.1784421968811702,830,299,294,5,536,203,0,0.0,0,0,0.0,0.0,0,0.0,0,0.0,203,100.0,23.97,112.773,43.24,45.098,1032.01,31.066,741.67,1.617,38.47,10.557,251.86,64.2,65.3,63.6,64.4,65.3,85.9,7.3,51.1,4428.0,4430,195
b230a7b2-c881c382,Adaptive,0.32496345854445396,0.23101530027093067,0.9725618772296586,0.17970402510362993,830,311,276,35,554,129,74,36.45,7,67,3.45,33.0,5,2.46,26,12.81,98,48.28,16.42,76.13,42.182,45.283,691.78,28.468,467.84,3.592,58.18,10.122,165.75,63.7,64.9,64.1,66.1,66.1,70.1,22.7,46.1,4455.0,4459,132
b231a630-c4522992,Vanilla,0.7003643371119488,0.4874599761909293,0.9895117146974143,0.3670262963943566,3209,2394,2269,125,940,202,0,0.0,0,0,0.0,0.0,0,0.0,0,0.0,202,100.0,26.33,123.807,40.685,43.091,1066.33,28.814,755.45,1.814,47.43,10.057,263.44,63.8,65.0,63.6,64.2,65.0,83.4,6.9,46.6,4429.0,4432,214
b231a630-c4522992,Adaptive,0.7186801358079141,0.4771904889106722,0.9784233311603416,0.3991371380482986,3209,2658,2343,315,866,182,20,9.9,0,20,0.0,9.9,1,0.5,135,66.83,46,22.77,24.87,116.662,40.564,43.289,1007.17,27.536,684.16,3.219,79.58,9.81,243.43,63.4,64.9,63.8,64.6,64.9,77.2,18.7,44.3,4455.0,4460,203
b232c7c9-d251d9ee,Vanilla,0.7870896858368264,0.6116941552389171,0.9905709024929074,0.41024680046757117,3174,2643,2520,123,654,202,0,0.0,0,0,0.0,0.0,0,0.0,0,0.0,202,100.0,26.57,125.906,40.432,42.693,1074.92,28.553,759.42,1.874,49.6,10.005,265.89,63.6,64.8,63.3,63.9,64.8,77.8,7.0,46.1,4433.0,4436,219
b232c7c9-d251d9ee,Adaptive,0.7952932580700007,0.5747961150741757,0.9761863302189812,0.4507520865584179,3174,2982,2563,419,611,193,9,4.46,0,9,0.0,4.46,1,0.5,157,77.72,35,17.33,26.71,126.687,40.069,43.289,1064.29,27.141,721.17,3.19,84.45,9.739,258.67,63.0,64.6,63.6,64.7,64.7,76.2,18.5,43.9,4463.0,4468,214
b2331b83-648e56ca,Vanilla,0.49078392923159725,0.40477392677534435,0.996246456246152,0.25237691319795746,1521,772,749,23,772,202,0,0.0,0,0,0.0,0.0,0,0.0,0,0.0,202,100.0,24.45,115.278,42.371,44.486,1035.68,30.359,742.44,1.612,39.25,10.4,253.98,63.7,64.9,63.2,64.0,64.9,83.0,7.2,49.9,4434.0,4436,196
b2331b83-648e56ca,Adaptive,0.49224235801091576,0.37215514342933886,0.984143892179523,0.2706809163437641,1521,846,757,89,764,152,50,24.75,0,50,0.0,24.75,1,0.5,68,33.66,83,41.09,18.75,87.993,43.208,45.694,805.96,29.722,554.7,3.209,59.6,10.276,191.66,63.7,65.1,63.7,64.8,65.1,77.8,19.0,48.4,4464.0,4468,157
b2331b83-a28e6b57,Vanilla,0.6957661649207749,0.5368827422390776,0.988262804753793,0.3664046271550258,3230,2413,2271,142,959,203,0,0.0,0,0,0.0,0.0,0,0.0,0,0.0,203,100.0,26.6,124.677,40.481,42.693,1077.84,28.701,764.65,1.744,46.18,10.037,267.01,63.7,65.0,63.5,64.2,64.8,81.5,7.0,46.3,4437.0,4440,213
b2331b83-a28e6b57,Adaptive,0.7026370459576794,0.4939812935028594,0.9664062533151115,0.40363154980350313,3230,2762,2323,439,907,194,9,4.43,0,9,0.0,4.43,1,0.49,149,73.4,44,21.67,26.29,123.714,40.581,43.301,1062.37,27.566,722.13,3.218,83.9,9.797,256.33,63.1,65.0,63.8,64.6,65.0,74.0,18.6,44.8,4459.0,4465,211
b23493b1-3200de1c,Vanilla,0.7824821364583284,0.6224494952386492,0.9912673542573556,0.41432402477708563,3179,2675,2505,170,674,202,0,0.0,0,0,0.0,0.0,0,0.0,0,0.0,202,100.0,26.59,125.141,40.353,42.195,1071.67,28.538,758.18,1.816,48.03,10.0,265.46,63.6,64.7,63.3,64.1,64.7,80.1,7.0,45.9,4438.0,4442,216
b23493b1-3200de1c,Adaptive,0.7805447224976866,0.5638625672807576,0.9673976607734565,0.4485648783719317,3179,3020,2536,484,643,191,11,5.45,0,11,0.0,5.45,1,0.5,156,77.23,34,16.83,26.47,124.932,40.139,43.288,1056.15,27.188,715.59,3.206,84.17,9.744,256.39,63.0,64.7,63.6,64.6,64.7,78.3,18.4,43.9,4466.0,4470,213
b237db93-fab44bf2,Vanilla,0.659648507298082,0.5273300669420539,0.9899958801431531,0.3444753792272933,1017,712,677,35,340,203,0,0.0,0,0,0.0,0.0,0,0.0,0,0.0,203,100.0,24.48,114.423,42.443,44.486,1035.16,30.401,741.76,1.619,39.3,10.423,254.1,63.8,65.0,63.2,64.0,64.9,79.9,7.4,49.9,4444.0,4447,194
b237db93-fab44bf2,Adaptive,0.6623487487685236,0.4774698356924055,0.9726040329323097,0.36727680709981597,1017,780,689,91,328,145,58,28.57,0,58,0.0,28.57,1,0.49,52,25.62,92,45.32,18.02,83.538,42.763,45.283,765.16,29.363,525.44,3.175,56.7,10.225,183.02,63.6,65.2,63.7,64.5,65.2,75.5,19.0,48.0,4465.0,4474,151
b23a79d1-43dfeecd,Vanilla,0.47152218784645356,0.36390500594617653,0.9942576213512004,0.24390575216203914,1690,832,801,31,889,203,0,0.0,0,0,0.0,0.0,0,0.0,0,0.0,203,100.0,24.38,114.881,42.744,45.098,1039.16,30.671,745.88,1.603,38.83,10.47,254.46,64.2,65.2,63.5,64.2,65.2,86.5,7.4,50.3,4435.0,4436,192
b23a79d1-43dfeecd,Adaptive,0.475068442334999,0.321780963621599,0.9748705513084881,0.26287636519152574,1690,927,819,108,871,162,41,20.2,0,41,0.0,20.2,1,0.49,78,38.42,83,40.89,19.88,93.593,43.302,45.795,859.67,29.795,591.99,3.195,63.11,10.311,204.56,64.1,65.2,64.1,64.8,65.2,76.4,19.0,48.6,4460.0,4464,167
b23a79d1-e434acaa,Vanilla,0.6745581136378833,0.5583209905691586,0.9958282786797858,0.34573283858998144,1078,750,730,20,348,203,0,0.0,0,0,0.0,0.0,0,0.0,0,0.0,203,100.0,24.56,115.024,42.526,44.587,1038.5,30.477,744.42,1.615,39.33,10.434,254.75,64.4,65.7,63.8,64.7,65.7,86.8,7.2,50.0,4443.0,4446,196
b23a79d1-e434acaa,Adaptive,0.6125234024277039,0.4609878608553049,0.9778096991603784,0.3447350207157758,1078,772,670,102,408,120,83,40.89,43,40,21.18,19.7,1,0.49,51,25.12,68,33.5,17.52,81.184,39.684,44.785,691.71,25.324,442.15,4.802,83.07,9.558,166.49,63.2,65.3,64.4,66.2,66.2,58.3,30.6,40.6,4471.0,4475,146
b23adb0d-72704b27,Vanilla,0.5225340152118277,0.4085421626732758,0.9970405543367387,0.265963345140921,1208,645,633,12,575,202,0,0.0,0,0,0.0,0.0,0,0.0,0,0.0,202,100.0,23.96,113.779,43.048,45.085,1030.19,30.895,739.62,1.613,38.44,10.541,252.13,64.6,65.6,63.9,64.8,65.8,87.9,6.9,50.9,4445.0,4447,195
b23adb0d-72704b27,Adaptive,0.5329099729788671,0.37564971516171203,0.9930434432525543,0.283238190483482,1208,692,647,45,561,140,62,30.69,0,62,0.0,30.69,1,0.5,43,21.29,96,47.52,17.17,80.667,43.179,45.681,737.2,29.658,506.67,3.194,54.31,10.327,176.22,64.3,65.7,64.3,65.2,65.7,71.5,18.9,48.2,4469.0,4473,144
b23adb0d-8a7aaced,Vanilla,0.5125146894853059,0.3911743686228323,0.9961912712332064,0.26456660313827796,2147,1143,1104,39,1043,203,0,0.0,0,0,0.0,0.0,0,0.0,0,0.0,203,100.0,24.71,116.495,42.426,44.189,1045.59,30.387,749.06,1.629,40.06,10.409,256.46,64.7,65.8,64.0,64.7,65.8,87.8,7.0,49.7,4450.0,4457,203
b23adb0d-8a7aaced,Adaptive,0.5298418918078986,0.3519307085224338,0.9716766223839373,0.2994517759492143,2147,1350,1161,189,986,187,16,7.88,0,16,0.0,7.88,1,0.49,124,61.08,62,30.54,23.22,109.751,42.975,45.384,992.06,29.524,681.62,3.196,73.68,10.255,236.76,64.3,65.7,64.5,65.2,65.7,64.3,19.1,48.5,4476.0,4480,192
b23b2649-1a78948d,Vanilla,0.7702748940582611,0.6164137810958444,0.9861786588395332,0.42033205830067205,1332,1147,1036,111,296,190,0,0.0,0,0,0.0,0.0,0,0.0,0,0.0,190,100.0,23.63,117.701,41.795,43.69,984.89,29.857,703.46,1.634,38.49,10.303,242.93,64.6,65.8,64.0,64.7,65.8,82.8,7.0,48.7,4444.0,4446,190
b23b2649-1a78948d,Adaptive,0.7288598862938586,0.49905187794407474,0.9441511799567944,0.43982869603505753,1332,1289,1007,282,325,157,33,17.37,0,33,0.0,17.37,1,0.53,88,46.32,68,35.79,20.08,99.833,42.275,44.785,841.55,28.971,577.11,3.19,63.25,10.114,201.19,64.2,65.6,64.4,65.2,65.6,73.2,18.6,46.8,4473.0,4477,164
b23b2649-6af03cd5,Vanilla,0.8495808354401108,0.7125798795022137,0.9903756656885053,0.450317473824111,1469,1344,1258,86,211,203,0,0.0,0,0,0.0,0.0,0,0.0,0,0.0,203,100.0,25.44,118.328,41.691,44.088,1054.14,29.815,754.01,1.625,41.0,10.251,259.13,64.5,65.5,64.0,64.7,65.5,80.0,7.1,48.3,4451.0,4453,207
b23b2649-6af03cd5,Adaptive,0.8323834770400372,0.6347415545549574,0.9673401761529287,0.4794369053567779,1469,1489,1250,239,219,160,43,21.18,0,43,0.0,21.18,1,0.49,92,45.32,67,33.0,20.7,96.013,41.827,44.2,860.25,28.595,588.4,3.189,65.38,10.043,206.48,63.9,65.7,64.3,65.0,65.7,75.6,18.7,46.4,4473.0,4476,169
b23b2649-8349d2a1,Vanilla,0.5053857757109754,0.299607361160927,0.9474463612131304,0.2828329877126737,1493,916,792,124,701,92,0,0.0,0,0,0.0,0.0,0,0.0,0,0.0,92,100.0,11.71,121.17,40.8,42.992,476.47,28.954,338.54,1.701,19.66,10.145,118.28,64.2,65.2,63.7,64.5,65.2,90.2,7.0,44.7,4453.0,4456,95
b23b2649-8349d2a1,Adaptive,0.530642732660932,0.29935732099626733,0.9313649628736711,0.3079002666036274,1493,1020,843,177,650,81,11,11.96,0,11,0.0,11.96,1,1.09,57,61.96,23,25.0,10.73,110.917,40.531,43.8,431.44,27.416,292.29,3.264,34.41,9.851,104.74,63.4,64.7,63.8,64.5,64.7,70.6,19.0,42.7,4477.0,4483,87
b23bb45f-ddeea1d8,Vanilla,0.7536440194072165,0.5950392331943083,0.9955945639280261,0.39012187223321504,1035,813,783,30,252,203,0,0.0,0,0,0.0,0.0,0,0.0,0,0.0,203,100.0,25.2,117.128,41.819,44.102,1052.95,29.89,752.98,1.64,41.09,10.289,258.88,64.2,65.3,63.6,64.2,65.3,83.4,7.1,48.6,4448.0,4450,202
b23bb45f-ddeea1d8,Adaptive,0.7589819920443086,0.5398842797440848,0.978964671779366,0.42031451902609546,1035,901,798,103,237,148,55,27.09,0,55,0.0,27.09,1,0.49,60,29.56,87,42.86,18.97,87.261,41.966,45.183,789.94,28.708,540.64,3.171,59.48,10.088,189.82,63.8,65.2,64.0,65.0,65.2,71.8,18.6,46.6,4475.0,4478,156
b23c9e00-b425de1b,Vanilla,0.46728501515592824,0.3690315056109985,0.9937617595300523,0.24085477385899395,2717,1322,1277,45,1440,202,0,0.0,0,0,0.0,0.0,0,0.0,0,0.0,202,100.0,24.84,117.726,42.028,44.102,1038.8,30.067,743.28,1.62,39.97,10.341,255.55,64.2,65.3,63.8,64.6,65.3,76.2,7.2,49.1,4452.0,4457,202
b23c9e00-b425de1b,Adaptive,0.5001598508891993,0.3677913852099172,0.981833383617064,0.26980452756341855,2717,1511,1380,131,1337,179,23,11.39,0,23,0.0,11.39,1,0.5,119,58.91,59,29.21,22.66,107.131,42.602,45.183,960.41,29.208,659.07,3.207,71.93,10.186,229.41,64.2,65.6,64.3,65.2,65.6,78.3,19.4,47.3,4481.0,4486,183
b23f7012-32d284ce,Vanilla,0.3816894322929052,0.29265654909887356,0.986988030448807,0.2014288486302457,1660,683,641,42,1019,203,0,0.0,0,0,0.0,0.0,0,0.0,0,0.0,203,100.0,24.36,114.236,42.721,44.985,1037.25,30.639,744.27,1.619,39.11,10.463,253.87,64.6,65.7,64.0,64.7,65.7,82.5,7.0,50.3,4458.0,4462,195
b23f7012-32d284ce,Adaptive,0.39004389485306123,0.26562297140891256,0.9626465102528589,0.22344434773313787,1660,789,666,123,994,172,31,15.27,0,31,0.0,15.27,7,3.45,80,39.41,85,41.87,21.28,99.851,43.444,45.295,920.19,29.705,629.31,3.418,72.32,10.321,218.56,64.5,66.1,64.6,66.9,66.9,76.4,20.4,48.5,4477.0,4481,178
b23f7012-fab06dac,Vanilla,0.3504339513073406,0.25572614938733235,0.9803068138783804,0.1847049917317508,1714,652,612,40,1102,202,0,0.0,0,0,0.0,0.0,0,0.0,0,0.0,202,100.0,24.29,114.232,42.705,45.085,1034.43,30.626,742.14,1.617,39.03,10.462,253.26,64.8,65.9,64.3,64.9,65.9,83.0,7.4,50.2,4459.0,4461,195
b23f7012-fab06dac,Adaptive,0.3754601932541222,0.2606677468350259,0.971256362336485,0.205982614085184,1714,738,660,78,1054,158,44,21.78,0,44,0.0,21.78,9,4.46,60,29.7,89,44.06,19.79,92.846,43.306,45.694,852.15,29.423,579.0,3.635,71.5,10.249,201.65,64.6,66.0,64.9,67.0,67.0,76.6,22.4,47.7,4481.0,4486,165
b23fe89b-c704fe97,Vanilla,0.574972377586274,0.4697201725968532,0.9990611637171772,0.291068491904905,1166,679,671,8,495,203,0,0.0,0,0,0.0,0.0,0,0.0,0,0.0,203,100.0,24.31,114.058,43.028,44.985,1037.52,30.903,745.1,1.607,38.72,10.518,253.71,65.1,66.0,64.4,65.1,66.0,90.0,7.2,50.6,4453.0,4457,192
b23fe89b-c704fe97,Adaptive,0.5703890451569767,0.40801489703044025,0.9868364961726667,0.30709117153595966,1166,732,672,60,494,141,62,30.54,0,62,0.0,30.54,1,0.49,45,22.17,95,46.8,17.55,81.36,42.745,44.785,745.03,29.343,511.6,3.17,55.1,10.232,178.33,64.5,65.9,64.8,65.5,65.9,66.0,18.8,47.6,4478.0,4487,146
b24071b8-b3ee1196,Vanilla,0.6796341901327341,0.47324460764017895,0.9778794567324725,0.36579627538439907,4862,3689,3370,319,1492,202,0,0.0,0,0,0.0,0.0,0,0.0,0,0.0,202,100.0,28.5,133.675,38.872,42.094,1107.29,27.138,773.48,2.02,57.28,9.714,276.53,64.2,65.4,64.1,64.8,65.4,77.3,7.0,43.1,4453.0,4458,229
b24071b8-b3ee1196,Adaptive,0.6938643572324248,0.4542536551105195,0.956529724832141,0.4025264928356934,4862,4212,3484,728,1378,201,1,0.5,0,1,0.0,0.5,1,0.5,175,86.63,25,12.38,30.31,143.352,38.132,42.292,1150.55,25.524,770.57,3.192,96.01,9.416,283.97,63.4,64.8,64.1,64.8,64.8,70.7,17.9,40.5,4485.0,4489,246
b2408e45-984ba5aa,Vanilla,0.7254138972193575,0.578127635322069,0.9932285578189206,0.379675342329042,1945,1494,1419,75,526,203,0,0.0,0,0,0.0,0.0,0,0.0,0,0.0,203,100.0,25.19,118.271,41.716,43.59,1048.39,29.84,750.11,1.618,40.54,10.259,257.74,63.8,65.1,63.4,64.1,65.1,79.3,7.1,48.8,4466.0,4470,201
b2408e45-984ba5aa,Adaptive,0.7213220674495563,0.5017830740092741,0.9684855631738144,0.41376379857855744,1945,1700,1433,267,512,182,21,10.34,0,21,0.0,10.34,1,0.49,121,59.61,60,29.56,23.06,108.563,42.478,44.785,974.58,29.112,668.0,3.217,73.66,10.149,232.92,63.8,65.3,64.1,64.9,65.3,68.8,18.9,47.6,4492.0,4496,192
b242929f-3051abca,Vanilla,0.654303148827118,0.5215083404404257,0.9947141874826606,0.3361132254611089,1863,1263,1225,38,638,202,0,0.0,0,0,0.0,0.0,0,0.0,0,0.0,202,100.0,24.96,117.242,41.757,44.189,1040.26,29.83,743.47,1.622,40.22,10.305,256.58,64.1,65.2,63.6,64.3,65.2,74.2,7.2,48.8,4463.0,4465,201
b242929f-3051abca,Adaptive,0.649205716627675,0.47341522538334163,0.9783125243660565,0.36257650484738085,1863,1402,1228,174,635,165,37,18.32,0,37,0.0,18.32,1,0.5,87,43.07,77,38.12,21.03,98.526,42.031,44.401,879.09,28.749,601.67,3.191,66.46,10.091,210.96,63.7,65.2,64.0,64.8,65.2,66.1,18.9,47.0,4489.0,4495,173
b242f6b2-0033bdfb,Vanilla,0.4103398743235669,0.32286545074076595,0.9959584091701708,0.21016981251940312,2809,1188,1157,31,1652,202,0,0.0,0,0,0.0,0.0,0,0.0,0,0.0,202,100.0,24.61,116.289,42.291,44.088,1037.57,30.289,743.39,1.629,39.78,10.374,254.39,64.3,65.3,63.8,64.6,65.3,85.0,7.1,49.5,4466.0,4468,198
b242f6b2-0033bdfb,Adaptive,0.44019271902587864,0.3295924871852898,0.9903396701316218,0.2315187287320495,2809,1321,1247,74,1562,168,34,16.83,0,34,0.0,16.83,1,0.5,90,44.55,77,38.12,21.11,99.477,42.707,44.785,895.3,29.3,614.48,3.195,66.77,10.213,214.05,64.0,65.4,64.2,65.0,65.4,71.1,18.9,47.8,4494.0,4497,174
b242f6b2-99d2f2c1,Vanilla,0.3041565383225456,0.21496087772083752,0.9778518818404979,0.16148984666390387,1520,508,472,36,1048,203,0,0.0,0,0,0.0,0.0,0,0.0,0,0.0,203,100.0,24.02,113.212,43.078,44.985,1033.24,30.912,741.67,1.618,38.68,10.547,252.89,64.6,65.5,63.9,64.6,65.5,82.8,7.3,51.0,4465.0,4471,199
b242f6b2-99d2f2c1,Adaptive,0.3046063161034641,0.18773310955334158,0.9454272104081606,0.17633384490385484,1520,583,485,98,1035,152,51,25.12,17,34,8.37,16.75,6,2.96,61,30.05,85,41.87,19.72,92.809,42.118,45.795,827.77,28.14,553.89,3.869,75.23,10.108,198.66,64.0,65.5,64.5,67.0,67.0,67.2,24.0,45.9,4490.0,4495,162
b242f6b2-eaa39345,Vanilla,0.5274910488604743,0.4050645430166962,0.9934541542216945,0.27373054484951875,1683,931,893,38,790,202,0,0.0,0,0,0.0,0.0,0,0.0,0,0.0,202,100.0,24.46,115.483,42.486,44.499,1040.1,30.451,745.91,1.625,39.56,10.41,254.63,64.5,65.8,64.1,64.8,65.6,84.1,7.3,49.8,4465.0,4466,197
b242f6b2-eaa39345,Adaptive,0.5364116557517302,0.3802147692893959,0.9798690080900248,0.2946961878850423,1683,1026,917,109,766,161,41,20.3,0,41,0.0,20.3,1,0.5,74,36.63,86,42.57,19.95,93.977,43.141,45.795,853.15,29.667,586.69,3.194,63.08,10.28,203.38,64.2,65.6,64.3,65.0,65.6,69.0,19.0,48.4,4489.0,4493,166
b242f6b2-f5da110f,Vanilla,0.44623256091815555,0.3390275641777461,0.993361559211025,0.22919631336405527,1875,868,842,26,1033,201,0,0.0,0,0,0.0,0.0,0,0.0,0,0.0,201,100.0,24.23,115.276,42.565,45.496,1031.05,30.503,739.22,1.618,39.0,10.444,252.83,64.5,65.9,64.1,64.9,65.9,81.6,7.2,50.1,4465.0,4469,193
b242f6b2-f5da110f,Adaptive,0.4485918328315107,0.30110327847431373,0.9709691929921541,0.2519768817204301,1875,992,860,132,1015,163,38,18.91,2,36,1.0,17.91,8,3.98,88,43.78,67,33.33,20.8,98.409,42.443,45.096,877.21,28.803,595.8,3.522,72.3,10.117,209.1,64.0,65.8,64.6,66.9,67.1,75.3,22.1,47.2,4489.0,4496,171
b24380ab-63272e5a,Vanilla,0.06312928588028935,0.043333433052738735,0.9832459996483207,0.03349400291447147,811,55,52,3,759,200,0,0.0,0,0,0.0,0.0,0,0.0,0,0.0,200,100.0,22.85,109.355,44.199,45.896,1005.81,31.84,724.63,1.606,36.5,10.753,244.67,65.0,66.0,64.3,65.0,66.0,85.6,7.1,52.8,4470.0,4473,183
b24380ab-63272e5a,Adaptive,0.024843066920748794,0.013299366751894495,0.9363098218653775,0.015435904461798421,811,27,21,6,790,42,158,79.0,153,5,76.5,2.5,25,12.5,4,2.0,13,6.5,15.74,74.752,29.724,42.295,469.95,11.199,179.82,11.045,171.98,7.48,118.15,61.1,64.8,65.8,67.0,67.0,31.9,76.5,18.9,4497.0,4502,132
b24380ab-6dbeb908,Vanilla,0.49036153873935573,0.3733306720530305,0.9882588903635274,0.25755580988531696,1481,777,734,43,747,202,0,0.0,0,0,0.0,0.0,0,0.0,0,0.0,202,100.0,24.07,114.383,42.841,45.497,1030.76,30.741,739.98,1.617,38.76,10.483,252.02,64.3,65.3,63.7,64.5,65.3,80.4,6.9,50.4,4473.0,4476,197
b24380ab-6dbeb908,Adaptive,0.5172075582181381,0.34607287178261126,0.9739424901135224,0.28425046796245224,1481,878,783,95,698,163,39,19.31,6,33,2.97,16.34,11,5.45,71,35.15,81,40.1,20.93,99.087,42.487,45.283,886.29,28.504,595.23,3.854,79.91,10.128,211.15,64.0,65.6,64.5,66.6,66.6,75.0,24.3,46.6,4491.0,4496,174
b24c9ee6-e43a6e8b,Vanilla,0.3806190116623025,0.3016380236539578,0.9936877864986345,0.19894200262839998,1061,426,406,20,655,202,0,0.0,0,0,0.0,0.0,0,0.0,0,0.0,202,100.0,23.72,112.466,43.3,45.584,1025.32,31.121,737.31,1.613,38.02,10.566,249.99,64.6,65.8,64.0,64.7,65.8,83.1,7.2,51.4,4468.0,4470,191
b24c9ee6-e43a6e8b,Adaptive,0.4107437758068217,0.29833685044661745,0.9900809142038342,0.22026290986656083,1061,475,439,36,622,143,59,29.21,17,42,8.42,20.79,25,12.38,41,20.3,77,38.12,19.78,93.55,41.333,45.283,814.19,26.574,523.51,4.878,96.19,9.88,194.48,63.8,65.5,64.8,66.9,66.9,71.4,32.0,43.5,4498.0,4502,164
b24ca67a-594d7d3c,Vanilla,0.5533857724934892,0.44610699029525536,0.9977319437816038,0.2838702581976921,1019,580,565,15,454,202,0,0.0,0,0,0.0,0.0,0,0.0,0,0.0,202,100.0,24.13,113.821,42.915,44.6,1032.91,30.796,741.57,1.611,38.6,10.508,252.74,64.6,65.5,64.0,64.6,65.5,86.2,7.3,50.6,4470.0,4472,193
b24ca67a-594d7d3c,Adaptive,0.559416650814051,0.4254572090548402,0.9930007935366449,0.29702001834426933,1019,612,573,39,446,131,71,35.15,0,71,0.0,35.15,1,0.5,35,17.33,95,47.03,16.13,75.163,42.906,45.183,687.29,29.381,471.03,3.221,51.34,10.303,164.92,64.2,65.5,64.3,65.1,65.5,69.9,18.9,47.7,4499.0,4502,134
b24d283f-33783d1b,Vanilla,0.7487516763379711,0.5904767745794832,0.9896948792104252,0.3901971400928449,2991,2373,2261,112,730,202,0,0.0,0,0,0.0,0.0,0,0.0,0,0.0,202,100.0,26.44,124.414,40.467,42.693,1067.5,28.671,756.61,1.762,46.32,10.034,264.57,64.2,65.2,63.9,64.7,65.3,74.7,7.3,46.3,4476.0,4478,211
b24d283f-33783d1b,Adaptive,0.7626488110019152,0.5660479085522676,0.976886479387749,0.42317243237952135,2991,2630,2322,308,669,180,22,10.89,0,22,0.0,10.89,1,0.5,117,57.92,62,30.69,24.48,115.244,40.627,43.288,992.52,27.595,674.49,3.21,78.13,9.822,239.9,63.6,65.1,63.9,64.5,65.1,72.7,18.4,44.6,4501.0,4505,198
b24f03f7-ff66eaca,Vanilla,0.7560217961480706,0.6367743653879719,0.9973233558189694,0.3970848713601316,1165,929,882,47,283,202,0,0.0,0,0,0.0,0.0,0,0.0,0,0.0,202,100.0,24.63,116.538,42.181,45.085,1034.88,30.188,740.89,1.627,39.76,10.367,254.23,64.1,65.4,63.6,64.6,65.4,78.8,6.9,49.2,4474.0,4477,196
b24f03f7-ff66eaca,Adaptive,0.755247161532677,0.6135821226661609,0.9894712554256023,0.4046316165951359,1165,960,887,73,278,130,72,35.64,0,72,0.0,35.64,1,0.5,35,17.33,94,46.53,16.62,77.315,41.845,44.885,691.08,28.648,473.17,3.145,51.85,10.052,166.06,63.6,65.1,63.8,64.6,65.1,72.6,18.8,46.2,4502.0,4507,137
b24f7455-e8c55d6a,Vanilla,0.6514346592224536,0.4862955853012479,0.9850368726420039,0.343313486625296,2734,1919,1806,113,928,202,0,0.0,0,0,0.0,0.0,0,0.0,0,0.0,202,100.0,26.11,122.359,40.738,44.088,1063.11,28.958,756.06,1.676,43.52,10.104,263.52,63.9,65.2,63.5,64.2,65.2,84.2,7.1,47.0,4477.0,4480,208
b24f7455-e8c55d6a,Adaptive,0.6569592308998179,0.4351171773840953,0.9619533718625307,0.3777853635114184,2734,2203,1847,356,887,183,19,9.41,0,19,0.0,9.41,1,0.5,137,67.82,45,22.28,24.49,115.082,40.975,45.182,1003.49,27.887,683.42,3.191,77.85,9.897,242.21,63.4,65.0,63.7,64.4,65.0,72.7,18.5,45.3,4504.0,4507,200
b2505382-1423f56a,Vanilla,0.7533147557147695,0.5801339056400866,0.9983979458026756,0.3831547105121563,2040,1567,1539,28,501,202,0,0.0,0,0,0.0,0.0,0,0.0,0,0.0,202,100.0,25.2,119.818,41.613,44.587,1046.29,29.718,747.58,1.616,40.42,10.28,258.28,63.8,65.0,63.4,64.0,65.0,81.2,7.2,48.4,4476.0,4478,202
b2505382-1423f56a,Adaptive,0.7622143521566823,0.5565296620660392,0.9939503986103273,0.3975861284684814,2040,1638,1563,75,477,143,59,29.21,0,59,0.0,29.21,1,0.5,57,28.22,85,42.08,18.49,86.972,41.634,44.797,769.38,28.429,525.8,3.186,58.55,10.02,185.03,63.4,64.9,63.8,64.8,64.9,71.6,19.3,46.1,4506.0,4510,152
b2505382-272e7823,Vanilla,0.3065014057178596,0.2250807797317011,0.9969915261933788,0.15468473549613307,1119,347,344,3,775,202,0,0.0,0,0,0.0,0.0,0,0.0,0,0.0,202,100.0,23.79,112.456,43.155,45.085,1023.33,31.005,735.26,1.613,38.19,10.538,249.88,64.0,65.2,63.6,64.3,65.2,76.6,7.3,51.3,4482.0,4486,198
b2505382-272e7823,Adaptive,0.3243214125438042,0.21846648939163624,0.9898205708416614,0.17203202530575118,1119,391,366,25,753,139,63,31.19,2,61,0.99,30.2,7,3.47,37,18.32,95,47.03,17.26,80.964,43.262,45.398,741.37,29.436,504.61,3.557,60.84,10.269,175.91,63.9,65.2,64.1,65.9,65.9,71.4,21.7,47.7,4505.0,4512,143
b2505382-2905b23c,Vanilla,0.45901575492299085,0.3543195828315749,0.9714159618009222,0.2461434127528843,846,434,399,35,447,179,0,0.0,0,0,0.0,0.0,0,0.0,0,0.0,179,100.0,21.09,112.83,43.233,45.598,909.4,31.062,653.6,1.614,33.85,10.556,221.94,64.4,65.6,63.7,64.5,65.6,84.5,7.2,50.8,4477.0,4479,168
b2505382-2905b23c,Adaptive,0.4799865366914178,0.3302669846750145,0.9628751061223282,0.27430615618212917,846,492,418,74,428,106,73,40.78,46,27,25.7,15.08,3,1.68,50,27.93,53,29.61,15.79,83.839,39.734,44.999,625.88,25.246,399.48,4.892,75.34,9.596,151.06,63.1,65.2,64.6,67.1,67.1,49.0,33.6,42.6,4508.0,4512,131
b2505382-549785d3,Vanilla,0.2643233572426995,0.20712435104762267,0.9883187859827586,0.13933202571646505,805,228,215,13,590,200,0,0.0,0,0,0.0,0.0,0,0.0,0,0.0,200,100.0,23.23,111.128,43.611,45.497,1011.52,31.375,728.12,1.612,37.2,10.624,246.21,64.4,65.5,63.7,64.3,65.5,87.5,7.2,51.8,4482.0,4486,185
b2505382-549785d3,Adaptive,0.16809912738113203,0.10726566214716889,0.9508467569770673,0.10002855714999644,805,174,140,34,665,65,135,67.5,106,29,53.0,14.5,3,1.5,17,8.5,45,22.5,14.79,69.876,33.731,45.681,501.88,17.423,263.03,7.975,114.95,8.333,123.89,61.8,65.1,64.7,66.7,66.7,43.9,55.6,28.6,4508.0,4513,125
b2505382-de5238f0,Vanilla,0.3873231551101426,0.28642387138804376,0.9904832814887296,0.20174693244448982,2004,821,783,38,1221,202,0,0.0,0,0,0.0,0.0,0,0.0,0,0.0,202,100.0,24.31,115.035,42.705,44.6,1036.18,30.637,743.46,1.608,38.96,10.46,253.76,64.1,65.2,63.5,64.2,65.2,84.3,7.0,50.1,4485.0,4488,200
b2505382-de5238f0,Adaptive,0.41816842775248797,0.2821546217891712,0.9834271379533207,0.22446179070430566,2004,924,850,74,1154,164,38,18.81,0,38,0.0,18.81,1,0.5,80,39.6,83,41.09,20.25,95.437,43.119,45.681,869.43,29.619,597.6,3.226,64.74,10.275,207.09,63.9,65.3,64.2,65.0,65.3,68.1,19.2,48.3,4510.0,4515,170
b250fb0c-01a1b8d3,Vanilla,0.7626329150140594,0.594734059457329,0.9890400752229256,0.3963372926328138,2389,1924,1841,83,548,202,0,0.0,0,0,0.0,0.0,0,0.0,0,0.0,202,100.0,25.67,120.534,41.159,44.088,1056.58,29.252,751.28,1.747,44.64,10.16,260.66,64.0,65.2,63.6,64.2,65.2,74.3,7.0,47.4,4486.0,4490,209
b250fb0c-01a1b8d3,Adaptive,0.7712297089070197,0.5439449987540124,0.9757305202061669,0.4322391342425695,2389,2146,1876,270,513,169,33,16.34,0,33,0.0,16.34,1,0.5,113,55.94,55,27.23,22.35,104.684,41.128,44.286,914.86,28.003,623.34,3.228,71.5,9.897,220.02,63.4,64.9,63.9,64.7,65.0,66.8,18.7,45.2,4512.0,4515,180
b251064f-30002542,Vanilla,0.8212618467241303,0.7047334153045071,0.9979589632234932,0.4193487805641473,1828,1538,1504,34,324,202,0,0.0,0,0,0.0,0.0,0,0.0,0,0.0,202,100.0,25.04,118.159,41.925,43.69,1048.01,29.992,750.13,1.625,40.41,10.308,257.47,64.1,65.3,63.5,64.2,65.3,82.8,6.9,48.7,4485.0,4487,205
b251064f-30002542,Adaptive,0.7956288545353947,0.6219628856690144,0.9829317072113716,0.4383256218961521,1828,1651,1472,179,356,163,39,19.31,0,39,0.0,19.31,1,0.5,86,42.57,76,37.62,21.09,98.84,41.799,44.286,877.14,28.56,599.7,3.207,67.03,10.032,210.4,63.6,64.9,63.9,64.8,64.9,66.1,19.1,46.3,4508.0,4512,171
b251064f-4696b75e,Vanilla,0.6122043346519305,0.4667554851267857,0.9631654978840556,0.33706217155040724,886,631,561,70,325,179,0,0.0,0,0,0.0,0.0,0,0.0,0,0.0,179,100.0,21.46,114.285,42.732,45.085,913.53,30.638,655.36,1.645,34.97,10.449,223.2,64.2,65.2,63.7,64.3,65.2,87.8,7.0,50.0,4486.0,4489,173
b251064f-4696b75e,Adaptive,0.5380522777469278,0.34497220045796945,0.9146057638447069,0.32833244777159953,886,667,511,156,375,122,57,31.84,28,29,15.64,16.2,10,5.59,46,25.7,66,36.87,17.44,92.137,40.175,45.681,697.81,25.828,449.41,4.667,80.37,9.68,168.03,63.1,65.0,64.2,66.4,66.2,70.4,30.4,41.7,4512.0,4517,144
b251064f-5f6b663e,Vanilla,0.833932659857337,0.6722673976742791,0.9896869276888536,0.44120175561262115,1184,1063,996,67,188,203,0,0.0,0,0,0.0,0.0,0,0.0,0,0.0,203,100.0,25.09,116.809,41.705,44.587,1044.92,29.8,747.02,1.616,40.32,10.289,257.58,63.9,65.2,63.6,64.2,65.2,71.2,7.1,48.8,4484.0,4486,200
b251064f-5f6b663e,Adaptive,0.7771050590332145,0.5414000050400172,0.9604994566592723,0.4518381570546925,1184,1143,946,197,238,146,57,28.08,0,57,0.0,28.08,1,0.49,65,32.02,80,39.41,18.75,86.322,41.874,44.683,780.07,28.659,534.04,3.16,58.71,10.055,187.32,63.5,64.9,64.0,65.3,65.3,63.5,19.0,46.3,4511.0,4516,153
b251064f-8d92db81,Vanilla,0.8104031197066395,0.644896207894371,0.9884588261360441,0.43378948355576846,3464,3066,2833,233,631,202,0,0.0,0,0,0.0,0.0,0,0.0,0,0.0,202,100.0,26.98,127.536,40.103,43.091,1078.2,28.273,760.47,1.877,50.28,9.953,267.45,63.8,65.0,63.5,64.3,65.0,82.9,7.0,45.3,4489.0,4492,214
b251064f-8d92db81,Adaptive,0.8078015121524189,0.5719060038988348,0.9642921407248758,0.4711803073267832,3464,3476,2861,615,603,196,6,2.97,0,6,0.0,2.97,1,0.5,167,82.67,28,13.86,27.79,131.776,39.574,43.189,1099.38,26.723,742.92,3.213,88.92,9.638,267.54,63.0,64.7,63.5,64.7,64.7,70.4,18.2,42.7,4519.0,4521,225
b251064f-e7a165fd,Vanilla,0.7400253406734862,0.540841188824164,0.9794878567876821,0.3982722450918303,3840,3158,2894,264,946,202,0,0.0,0,0,0.0,0.0,0,0.0,0,0.0,202,100.0,27.24,127.821,39.93,41.994,1082.98,28.119,762.78,1.896,51.28,9.915,268.92,63.4,64.5,63.0,63.6,64.5,79.3,7.1,45.0,4494.0,4496,218
b251064f-e7a165fd,Adaptive,0.7479586456441418,0.5149456231938565,0.9573169449387502,0.4406489216629997,3840,3636,2955,681,885,197,5,2.48,0,5,0.0,2.48,1,0.5,178,88.12,18,8.91,28.17,132.729,39.437,42.689,1108.58,26.627,748.9,3.211,90.01,9.599,269.67,62.8,64.3,63.2,63.8,64.3,75.2,18.2,42.5,4520.0,4524,233
b251b746-00138418,Vanilla,0.4839115964542078,0.39312440367420465,0.9961872850426817,0.251003302543331,1887,953,916,37,971,203,0,0.0,0,0,0.0,0.0,0,0.0,0,0.0,203,100.0,24.73,115.877,42.345,44.101,1045.17,30.342,749.32,1.62,39.78,10.382,256.07,63.6,64.8,63.0,63.8,64.8,90.4,7.1,49.5,4502.0,4505,197
b251b746-00138418,Adaptive,0.4963220982140803,0.3907575440503398,0.9916578254755343,0.2622017360742362,1887,1003,943,60,944,146,57,28.08,0,57,0.0,28.08,1,0.49,44,21.67,101,49.75,18.2,84.763,42.68,45.183,770.82,29.305,529.42,3.189,57.43,10.187,183.97,63.3,64.9,63.5,64.2,64.9,69.3,19.0,47.8,4529.0,4533,152
b255cd6c-0bdf0ac7,Vanilla,0.7060176129780665,0.5890729968578122,0.99654059080321,0.364674898245374,692,507,490,17,202,186,0,0.0,0,0,0.0,0.0,0,0.0,0,0.0,186,100.0,22.08,113.178,42.962,44.985,946.36,30.85,679.76,1.614,35.45,10.498,231.15,64.0,65.1,63.4,64.2,65.1,85.3,6.8,50.7,4505.0,4507,180
b255cd6c-0bdf0ac7,Adaptive,0.6825827329301271,0.5212667840706073,0.9902956809311604,0.36371786025361125,692,511,476,35,216,111,75,40.32,7,68,3.76,36.56,3,1.61,16,8.6,92,49.46,14.29,71.969,41.86,44.785,593.5,28.195,399.67,3.607,51.16,10.058,142.67,63.3,64.9,63.7,65.9,65.9,65.6,22.0,45.5,4534.0,4537,118
b255cd6c-2f889586,Vanilla,0.6418434379451969,0.4925498839558241,0.9838942290717184,0.338549246079768,2910,2019,1896,123,1014,203,0,0.0,0,0,0.0,0.0,0,0.0,0,0.0,203,100.0,26.06,121.761,41.019,42.693,1066.98,29.104,757.29,1.793,46.49,10.122,263.19,63.8,65.0,63.4,64.1,65.0,76.3,6.8,47.1,4508.0,4511,218
b255cd6c-2f889586,Adaptive,0.6617970414858083,0.4664803411398702,0.9710248111845962,0.3732799782962561,2910,2280,1968,312,942,191,12,5.91,0,12,0.0,5.91,1,0.49,150,73.89,40,19.7,25.45,119.061,41.146,43.787,1042.93,28.041,711.01,3.21,81.13,9.895,250.79,63.2,64.8,63.7,64.6,64.8,78.4,18.6,45.4,4533.0,4537,208
b255cd6c-5ccba454,Vanilla,0.31240796276297356,0.24185547203996882,0.9919457209950369,0.16562491080857378,458,153,144,9,314,156,0,0.0,0,0,0.0,0.0,0,0.0,0,0.0,156,100.0,18.26,111.363,43.406,45.098,785.02,31.181,564.0,1.622,29.25,10.603,191.77,64.0,65.2,63.4,64.1,65.2,88.1,7.3,50.8,4506.0,4510,145
b255cd6c-5ccba454,Adaptive,0.28852597324258966,0.21447929871891272,0.9927190150438348,0.15082780936822596,458,139,133,6,325,66,90,57.69,54,36,34.62,23.08,8,5.13,7,4.49,51,32.69,11.76,70.861,36.275,44.897,422.92,20.727,241.62,6.612,77.15,8.936,104.15,62.0,64.3,64.3,66.6,66.6,37.8,44.7,34.0,4532.0,4535,97
