sequence,system,ap_50,ap_50_95,avg_precision,avg_recall,total_gt,total_preds,total_tp,total_fp,total_fn,infer_count,skip_count,skip_rate_pct,erd_empty_count,predict_count,erd_empty_rate_pct,predict_rate_pct,erd_infer_count,erd_infer_rate_pct,augmented_infer_count,augmented_infer_rate_pct,pure_infer_count,pure_infer_rate_pct,wall_duration_s,avg_frame_time_ms,avg_power_w,max_power_w,energy_j,avg_power_gpu_w,energy_gpu_j,avg_power_cpu_w,energy_cpu_j,avg_power_io_w,energy_io_j,avg_gpu_temp_c,max_gpu_temp_c,avg_cpu_temp_c,max_cpu_temp_c,max_tj_temp_c,avg_gpu_util_pct,avg_cpu_util_pct,avg_emc_util_pct,avg_ram_used_mb,max_ram_used_mb,n_tegrastats_samples
b1c66a42-6f7d68ca,FixedSkip-2,0.5971427451571084,0.38789780150900466,0.9349766534380848,0.3520783144752009,2612,2038,1647,391,965,101,101,50.0,0,101,0.0,50.0,0,0.0,0,0.0,101,50.0,8.37,31.074,58.514,95.392,471.63,26.659,215.68,11.761,94.85,10.898,87.92,52.3,53.6,50.4,51.4,53.5,56.3,5.2,27.7,5653.0,5670,65
b1c66a42-6f7d68ca,FixedSkip-3,0.4288392154119071,0.25563806974227765,0.8365252980610791,0.29387634476697105,2612,1995,1277,718,1335,68,134,66.34,0,134,0.0,66.34,0,0.0,0,0.0,68,33.66,5.74,20.7,54.457,94.078,294.64,25.449,138.89,11.466,62.29,10.597,57.65,52.9,53.9,51.1,51.9,53.9,49.0,4.9,27.7,5672.0,5672,43
b1c66a42-6f7d68ca,FixedSkip-5,0.2725027955348307,0.15255278007217915,0.6883098578345578,0.2265071857114454,2612,2018,901,1117,1711,41,161,79.7,0,161,0.0,79.7,0,0.0,0,0.0,41,20.3,3.87,12.652,53.229,95.986,189.66,22.555,80.81,10.964,39.1,10.047,35.9,52.7,53.5,51.1,51.7,53.5,47.5,4.9,24.6,5681.0,5682,28
b1c81faa-3df17267,FixedSkip-2,0.359303576627759,0.25073761736848615,0.978090912189736,0.19334880995311937,472,188,173,15,299,91,91,50.0,0,91,0.0,50.0,0,0.0,0,0.0,91,50.0,5.77,25.36,62.166,102.668,338.47,31.801,175.73,12.918,71.18,11.954,65.95,53.8,55.2,51.8,53.2,55.2,62.9,4.5,35.0,5682.0,5682,44
b1c81faa-3df17267,FixedSkip-3,0.30373925384227046,0.20273264169411834,0.9382795872428084,0.1867231638418079,472,195,149,46,323,61,121,66.48,0,121,0.0,66.48,0,0.0,0,0.0,61,33.52,3.99,16.588,35.17,84.88,133.3,30.938,116.54,12.773,48.0,11.744,44.18,54.1,54.4,52.3,52.7,54.4,27.1,4.6,35.2,5682.0,5682,30
b1c81faa-3df17267,FixedSkip-5,0.2083377822439462,0.12447385591079221,0.843677378893151,0.14377723970944312,472,175,110,65,362,37,145,79.67,0,145,0.0,79.67,0,0.0,0,0.0,37,20.33,2.67,10.22,61.445,92.924,150.17,28.038,69.35,12.305,30.33,11.208,27.67,54.3,54.9,52.5,52.7,54.8,59.5,4.5,31.1,5683.0,5683,20
b1c81faa-c80764c5,FixedSkip-2,0.441580991028432,0.29559940553444225,0.9779682336617627,0.23762590942111483,866,426,390,36,476,101,101,50.0,0,101,0.0,50.0,0,0.0,0,0.0,101,50.0,6.26,24.664,66.99,100.784,408.37,32.791,197.81,13.151,79.12,12.113,72.94,54.8,56.0,52.9,53.4,56.0,65.0,4.6,38.0,5684.0,5684,48
b1c81faa-c80764c5,FixedSkip-3,0.3981743494876172,0.2577924453331356,0.9453076608547561,0.22742062549912587,866,428,362,66,504,68,134,66.34,0,134,0.0,66.34,0,0.0,0,0.0,68,33.66,4.82,16.976,51.463,100.516,237.27,29.308,136.24,12.433,57.58,11.386,52.78,54.8,55.3,53.0,53.2,55.5,48.4,5.0,33.5,5684.0,5685,36
b1c81faa-c80764c5,FixedSkip-5,0.3101812106827403,0.1723366155497345,0.8685215295899359,0.20269865708664786,866,432,299,133,567,41,161,79.7,0,161,0.0,79.7,0,0.0,0,0.0,41,20.3,3.43,10.471,58.296,96.244,187.17,25.151,80.49,11.583,36.96,10.597,33.84,54.3,55.0,52.8,53.1,55.0,52.4,5.1,27.6,5683.0,5683,25
b1c9c847-3bda4659,FixedSkip-2,0.6042630911521936,0.3817737739844174,0.8972494504631262,0.37887397209902496,2937,2626,1928,698,1009,102,101,49.75,0,101,0.0,49.75,0,0.0,0,0.0,102,50.25,8.17,30.229,58.712,97.614,461.61,27.051,214.81,11.851,94.0,10.949,86.92,54.3,55.1,52.8,53.3,55.2,53.3,5.2,30.4,5684.0,5684,62
b1c9c847-3bda4659,FixedSkip-3,0.4592434043133746,0.2722223690894926,0.8050086182171499,0.3292712531764814,2937,2641,1580,1061,1357,68,135,66.5,0,135,0.0,66.5,0,0.0,0,0.0,68,33.5,6.85,24.654,51.602,89.912,341.22,22.216,146.0,10.87,71.2,9.987,65.5,53.4,54.2,52.1,52.5,54.2,48.1,5.1,25.5,5684.0,5684,51
b1c9c847-3bda4659,FixedSkip-5,0.2535830007949137,0.15190848706382581,0.617115379681208,0.22971584337964265,2937,2662,999,1663,1938,41,162,79.8,0,162,0.0,79.8,0,0.0,0,0.0,41,20.2,4.83,15.661,46.791,89.3,215.3,19.67,89.63,10.286,46.6,9.43,42.81,52.6,53.3,51.4,51.9,53.3,39.3,5.2,23.5,5684.0,5686,35
b1ca2e5d-84cf9134,FixedSkip-2,0.5058989104240628,0.29344291309404325,0.8877402971292672,0.3137067440406289,3944,2926,2210,716,1734,102,101,49.75,0,101,0.0,49.75,0,0.0,0,0.0,102,50.25,8.88,33.337,59.006,92.498,508.77,25.44,221.18,11.486,99.57,10.692,92.76,53.1,53.8,51.6,52.2,53.9,56.1,5.0,27.5,5684.0,5686,67
b1ca2e5d-84cf9134,FixedSkip-3,0.409047357387581,0.22558589701403303,0.8138634000119528,0.2838536336247115,3944,2963,1912,1051,2032,68,135,66.5,0,135,0.0,66.5,0,0.0,0,0.0,68,33.5,7.3,26.844,50.15,90.336,355.41,21.685,154.16,10.655,75.38,9.876,69.99,52.5,53.3,51.1,51.9,53.3,43.4,5.2,25.2,5688.0,5690,54
b1ca2e5d-84cf9134,FixedSkip-5,0.27937007560849003,0.14163696004493356,0.6960670416755855,0.23155483530271428,3944,2973,1445,1528,2499,41,162,79.8,0,162,0.0,79.8,0,0.0,0,0.0,41,20.2,4.98,16.505,44.241,83.916,209.5,19.508,91.58,10.154,47.32,9.32,43.54,51.8,52.5,50.2,50.7,52.5,35.2,5.3,23.0,5689.0,5693,36
b1cac6a7-04e33135,FixedSkip-2,0.7256809661414325,0.5457995879892298,0.9806942245419769,0.3835871507472385,1368,1080,1011,69,357,53,53,50.0,0,53,0.0,50.0,0,0.0,0,0.0,53,50.0,4.55,31.074,54.95,96.05,237.02,25.005,106.8,11.385,48.39,10.581,45.06,52.1,53.0,50.5,51.2,53.0,50.9,5.0,25.1,5689.0,5700,33
b1cac6a7-04e33135,FixedSkip-3,0.7080819620163243,0.5179357583144237,0.9721314519546461,0.37745886032911735,1368,1075,995,80,373,36,70,66.04,0,70,0.0,66.04,0,0.0,0,0.0,36,33.96,3.67,23.924,49.127,88.108,164.65,21.919,75.18,10.73,36.59,9.848,33.65,52.0,52.6,50.4,50.8,52.6,46.2,5.0,29.1,5700.0,5700,26
b1cac6a7-04e33135,FixedSkip-5,0.6480545285654595,0.4395531767752642,0.9452007679026746,0.36699409814859735,1368,1085,933,152,435,22,84,79.25,0,84,0.0,79.25,0,0.0,0,0.0,22,20.75,2.5,14.324,46.75,87.484,107.76,19.454,43.97,10.208,22.9,9.333,21.0,51.6,52.3,50.2,50.4,52.3,40.9,5.3,23.8,5701.0,5701,18
b1cd1e94-549d0bfe,FixedSkip-2,0.6091686398735204,0.4100661520446233,0.9488831119295845,0.3554875751518073,1763,1358,1119,239,644,102,101,49.75,0,101,0.0,49.75,0,0.0,0,0.0,102,50.25,8.06,29.28,63.449,95.622,489.62,27.22,211.73,11.845,91.87,11.098,86.16,52.6,53.5,50.8,51.4,53.5,61.2,4.9,30.1,5712.0,5715,60
b1cd1e94-549d0bfe,FixedSkip-3,0.49842345774324254,0.3211812178666309,0.8897257770989666,0.3229049933727388,1763,1357,955,402,808,68,135,66.5,0,135,0.0,66.5,0,0.0,0,0.0,68,33.5,6.09,20.169,55.128,89.692,319.73,24.546,142.84,11.226,65.13,10.446,60.68,52.5,53.2,50.8,51.3,53.2,51.6,5.1,27.6,5721.0,5723,46
b1cd1e94-549d0bfe,FixedSkip-5,0.3436205254588548,0.20336951041647916,0.7523114086330205,0.2610457163702042,1763,1373,747,626,1016,41,162,79.8,0,162,0.0,79.8,0,0.0,0,0.0,41,20.2,4.47,13.158,51.479,89.146,217.19,20.897,88.37,10.446,43.98,9.621,40.57,52.0,52.8,50.5,50.8,52.8,47.9,5.1,26.0,5723.0,5723,32
b1ceb32e-3f481b43,FixedSkip-2,0.26469754560590253,0.14216680420771755,0.8779196802418214,0.16443981550364528,715,282,212,70,503,69,69,50.0,0,69,0.0,50.0,0,0.0,0,0.0,69,50.0,4.85,27.442,50.802,88.752,235.41,29.183,133.8,12.325,56.32,11.518,52.72,52.6,53.4,50.9,51.4,53.4,55.1,4.7,31.0,5732.0,5732,35
b1ceb32e-3f481b43,FixedSkip-3,0.20421384049537902,0.1056460511145065,0.7840965843724336,0.14803767660910516,715,294,178,116,537,46,92,66.67,0,92,0.0,66.67,0,0.0,0,0.0,46,33.33,3.47,17.877,64.526,93.876,203.94,27.614,88.41,12.058,38.47,11.192,35.78,53.1,53.7,51.3,51.5,53.7,62.8,4.8,30.8,5732.0,5732,25
b1ceb32e-3f481b43,FixedSkip-5,0.176475754893011,0.08070440860747229,0.676771163271285,0.1445432754214624,715,353,169,184,546,28,110,79.71,0,110,0.0,79.71,0,0.0,0,0.0,28,20.29,2.4,10.93,56.481,91.16,119.93,24.34,51.79,11.458,24.29,10.471,22.22,52.8,53.5,51.1,51.4,53.5,52.6,5.0,26.6,5730.0,5730,17
b1ceb32e-51852abe,FixedSkip-2,0.610641858772373,0.4252255437938097,0.9818565732497879,0.3298001582929527,2164,1469,1342,127,822,102,101,49.75,0,101,0.0,49.75,0,0.0,0,0.0,102,50.25,8.03,28.537,59.762,95.59,464.18,27.545,214.29,11.897,92.38,11.158,86.7,53.1,53.9,51.3,51.8,53.9,58.0,5.0,31.0,5730.0,5730,61
b1ceb32e-51852abe,FixedSkip-3,0.5522241244484776,0.36950607187904705,0.9559291204996333,0.3143355221399713,2164,1459,1240,219,924,68,135,66.5,0,135,0.0,66.5,0,0.0,0,0.0,68,33.5,6.4,21.082,53.2,90.782,329.14,23.451,145.61,11.046,68.37,10.273,63.66,52.6,53.3,51.0,51.4,53.3,47.4,5.1,26.7,5731.0,5732,47
b1ceb32e-51852abe,FixedSkip-5,0.45490699331844586,0.295647235693088,0.8853932408724063,0.2816479786946935,2164,1452,1092,360,1072,41,162,79.8,0,162,0.0,79.8,0,0.0,0,0.0,41,20.2,4.55,13.245,48.739,90.78,212.32,20.459,89.12,10.368,44.96,9.534,41.41,51.9,52.6,50.4,50.7,52.6,40.9,5.1,25.6,5732.0,5733,34
b1cebfb7-284f5117,FixedSkip-2,0.4069205914184862,0.2565267557660492,0.8754010087466262,0.2634828823473039,1956,1259,880,379,1076,101,101,50.0,0,101,0.0,50.0,0,0.0,0,0.0,101,50.0,7.88,28.827,60.907,94.65,466.72,27.384,209.89,11.898,90.91,11.132,85.16,52.7,53.4,50.8,51.4,53.4,60.0,4.9,29.8,5734.0,5735,60
b1cebfb7-284f5117,FixedSkip-3,0.30092159938255736,0.1787941073585179,0.7865767355162822,0.22238430474514295,1956,1227,697,530,1259,68,134,66.34,0,134,0.0,66.34,0,0.0,0,0.0,68,33.66,6.07,20.263,56.242,92.51,326.85,24.449,143.92,11.309,66.3,10.471,61.49,52.5,53.2,50.8,51.2,53.2,49.9,5.0,26.8,5736.0,5736,45
b1cebfb7-284f5117,FixedSkip-5,0.1989356413044635,0.1097258015523189,0.653000788169091,0.1755402005356931,1956,1259,498,761,1458,41,161,79.7,0,161,0.0,79.7,0,0.0,0,0.0,41,20.3,4.33,12.927,54.395,86.01,215.03,21.201,85.21,10.529,42.1,9.74,39.01,52.0,52.7,50.4,50.7,52.7,50.2,5.2,26.2,5736.0,5736,31
b1d0091f-75824d0d,FixedSkip-2,0.7354314506373619,0.5755743063188055,0.9934397244577818,0.3819911952119513,1641,1266,1214,52,427,101,101,50.0,0,101,0.0,50.0,0,0.0,0,0.0,101,50.0,7.7,28.611,60.831,91.75,459.05,28.049,211.46,12.063,90.7,11.271,84.82,52.7,53.5,50.9,51.4,53.5,61.4,4.9,30.8,5737.0,5737,58
b1d0091f-75824d0d,FixedSkip-3,0.7081529779148088,0.5195854339902741,0.9798665751485856,0.38066692175786176,1641,1290,1183,107,458,68,134,66.34,0,134,0.0,66.34,0,0.0,0,0.0,68,33.66,5.78,19.522,55.188,93.242,307.25,25.363,141.53,11.423,63.51,10.625,59.15,52.6,53.3,50.9,51.2,53.3,54.0,5.0,28.4,5738.0,5738,45
b1d0091f-75824d0d,FixedSkip-5,0.5986717517032767,0.407337322563124,0.9328877196674348,0.3564276004312567,1641,1300,1038,262,603,41,161,79.7,0,161,0.0,79.7,0,0.0,0,0.0,41,20.3,4.14,12.437,52.626,89.742,207.25,21.946,86.76,10.607,41.75,9.869,38.91,52.1,52.9,50.5,50.9,52.9,49.4,5.1,27.6,5740.0,5741,32
b1d0091f-f2c2d2ae,FixedSkip-2,0.585201384230396,0.43508636218524427,0.9738722711173966,0.3144313545491636,2451,1600,1470,130,981,101,101,50.0,0,101,0.0,50.0,0,0.0,0,0.0,101,50.0,8.19,29.228,58.118,91.478,458.91,26.69,213.76,11.696,93.34,10.978,87.73,52.6,53.4,50.8,51.3,53.4,59.4,4.9,29.6,5741.0,5741,61
b1d0091f-f2c2d2ae,FixedSkip-3,0.552351519317508,0.3949878586916246,0.9580273560410884,0.30344718458982367,2451,1578,1409,169,1042,68,134,66.34,0,134,0.0,66.34,0,0.0,0,0.0,68,33.66,6.41,21.118,53.344,93.344,327.25,23.391,145.26,11.029,68.3,10.207,63.27,52.2,52.9,50.6,51.0,52.9,48.5,5.1,26.0,5741.0,5742,48
b1d0091f-f2c2d2ae,FixedSkip-5,0.49790590127862366,0.33633110044656517,0.919056062918469,0.2906370745281693,2451,1599,1318,281,1133,41,161,79.7,0,161,0.0,79.7,0,0.0,0,0.0,41,20.3,4.47,13.023,54.947,89.91,234.31,20.609,88.27,10.426,44.42,9.589,40.95,51.7,52.4,50.2,50.6,52.4,50.1,5.2,24.0,5743.0,5744,34
b1d0a191-03dcecc2,FixedSkip-2,0.6171648939099614,0.397921770970051,0.9512454217500211,0.3539019340503964,3220,2460,2071,389,1149,101,101,50.0,0,101,0.0,50.0,0,0.0,0,0.0,101,50.0,8.35,30.539,58.405,92.026,476.12,26.301,214.79,11.572,94.21,10.841,88.35,52.2,53.0,50.4,51.1,53.0,57.8,5.0,28.5,5745.0,5745,65
b1d0a191-03dcecc2,FixedSkip-3,0.5243823594773465,0.31068021646439264,0.8984287462256275,0.32724436859724126,3220,2464,1840,624,1380,68,134,66.34,0,134,0.0,66.34,0,0.0,0,0.0,68,33.66,6.65,23.384,54.376,91.59,350.11,22.975,148.29,10.858,69.8,10.053,64.73,51.8,52.6,50.2,50.7,52.6,48.9,5.1,26.0,5746.0,5746,52
b1d0a191-03dcecc2,FixedSkip-5,0.32573282730581554,0.183930135793087,0.7477943886777464,0.25037776571612913,3220,2426,1294,1132,1926,41,161,79.7,0,161,0.0,79.7,0,0.0,0,0.0,41,20.3,4.65,14.578,48.425,83.036,214.79,20.11,88.27,10.274,44.87,9.426,41.23,51.2,52.0,49.7,50.0,52.0,42.6,5.2,24.2,5747.0,5748,35
b1d0a191-06deb55d,FixedSkip-2,0.5553914285249115,0.3440600345121973,0.8955368959399448,0.34343953192785637,2441,1950,1491,459,950,101,101,50.0,0,101,0.0,50.0,0,0.0,0,0.0,101,50.0,8.39,29.887,60.395,92.776,494.36,26.208,215.01,11.595,94.88,10.828,88.69,51.8,52.8,50.0,50.7,52.8,58.7,4.9,28.7,5750.0,5750,66
b1d0a191-06deb55d,FixedSkip-3,0.4813476001222554,0.276508708367727,0.8425808849863706,0.3208832454032883,2441,1971,1359,612,1082,68,134,66.34,0,134,0.0,66.34,0,0.0,0,0.0,68,33.66,6.74,22.91,51.491,95.176,332.67,22.428,145.11,10.737,69.19,9.958,64.28,51.5,52.2,49.9,50.3,52.2,47.3,5.0,26.4,5751.0,5751,52
b1d0a191-06deb55d,FixedSkip-5,0.32185158086553656,0.17569060025595004,0.7181976377434652,0.2552964468424355,2441,1937,1021,916,1420,41,161,79.7,0,161,0.0,79.7,0,0.0,0,0.0,41,20.3,4.67,14.046,46.022,83.068,203.12,20.057,88.95,10.241,45.19,9.413,41.61,51.0,51.8,49.5,49.7,51.8,38.4,5.2,25.2,5751.0,5751,36
b1d0a191-28f0e779,FixedSkip-2,0.616850860784204,0.40247261662547834,0.9253693080007154,0.3716404082100676,1615,1350,1059,291,556,95,95,50.0,0,95,0.0,50.0,0,0.0,0,0.0,95,50.0,7.46,28.871,61.645,96.832,440.3,27.289,196.59,11.811,84.84,11.076,79.65,51.8,52.8,49.9,50.6,52.8,60.1,4.9,30.0,5753.0,5753,58
b1d0a191-28f0e779,FixedSkip-3,0.5112118456391465,0.30989327245616005,0.8589564122266906,0.3386773647532674,1615,1359,930,429,685,64,126,66.32,0,126,0.0,66.32,0,0.0,0,0.0,64,33.68,5.73,20.475,57.818,97.084,318.1,24.349,134.41,11.207,61.61,10.42,57.38,51.7,52.5,50.0,50.4,52.5,55.6,5.0,27.7,5753.0,5754,44
b1d0a191-28f0e779,FixedSkip-5,0.3405748450435118,0.19387523375305565,0.731871181933876,0.2700396743492719,1615,1350,684,666,931,38,152,80.0,0,152,0.0,80.0,0,0.0,0,0.0,38,20.0,3.94,12.407,50.144,86.342,181.22,21.341,78.9,10.472,38.5,9.722,35.83,51.3,52.1,49.7,50.0,52.1,47.2,5.1,26.1,5753.0,5754,30
b1d0a191-2ed2269e,FixedSkip-2,0.6167940775007181,0.3873735433140111,0.9331880762165673,0.3621882272573175,3126,2510,2043,467,1083,102,101,49.75,0,101,0.0,49.75,0,0.0,0,0.0,102,50.25,8.38,30.222,57.913,92.45,470.82,26.478,217.11,11.637,95.17,10.902,89.23,51.9,52.6,50.1,50.5,52.6,55.1,4.9,29.1,5754.0,5754,66
b1d0a191-2ed2269e,FixedSkip-3,0.5148016947751195,0.2998584506166341,0.8728433693581469,0.32883676580407456,3126,2488,1803,685,1323,68,135,66.5,0,135,0.0,66.5,0,0.0,0,0.0,68,33.5,6.76,23.479,53.731,91.696,353.21,22.671,147.91,10.797,70.14,10.017,65.17,51.4,52.1,49.9,50.7,52.1,47.6,5.1,25.3,5755.0,5755,52
b1d0a191-2ed2269e,FixedSkip-5,0.366223158873878,0.20420514649228044,0.7681077443067184,0.27481369524505195,3126,2470,1399,1071,1727,41,162,79.8,0,162,0.0,79.8,0,0.0,0,0.0,41,20.2,4.7,14.564,48.413,87.894,212.89,20.101,90.46,10.329,46.25,9.45,42.4,50.9,51.6,49.7,50.6,51.7,42.9,5.3,23.3,5756.0,5756,36
b1d0a191-5490450b,FixedSkip-2,0.6078141229953531,0.41847998024119126,0.9156883693804168,0.3575478846394201,1778,1440,1169,271,609,102,102,50.0,0,102,0.0,50.0,0,0.0,0,0.0,102,50.0,8.03,28.541,61.51,92.094,477.96,27.221,213.24,11.808,92.22,11.075,86.58,51.6,52.5,49.9,51.0,52.5,59.5,4.9,29.4,5757.0,5757,63
b1d0a191-5490450b,FixedSkip-3,0.5259806480661464,0.33670745521098105,0.855595005563657,0.3348798236955074,1778,1470,1074,396,704,68,136,66.67,0,136,0.0,66.67,0,0.0,0,0.0,68,33.33,6.18,20.041,57.239,94.724,332.67,24.215,142.42,11.105,65.11,10.354,60.79,51.5,52.4,50.0,50.8,52.4,54.0,5.1,27.0,5757.0,5757,48
b1d0a191-5490450b,FixedSkip-5,0.3660587450749736,0.21950160534421187,0.7562796184380616,0.27315362194346005,1778,1409,819,590,959,41,163,79.9,0,163,0.0,79.9,0,0.0,0,0.0,41,20.1,4.36,12.691,49.556,87.922,203.19,21.269,87.36,10.526,43.02,9.721,39.8,51.1,51.8,49.7,50.4,51.8,44.8,5.1,26.6,5757.0,5757,33
b1d0a191-65deaeef,FixedSkip-2,0.6637326476979181,0.44486959436527956,0.9294186577478784,0.3808208458208458,3276,2750,2327,423,949,101,101,50.0,0,101,0.0,50.0,0,0.0,0,0.0,101,50.0,8.43,30.423,56.068,89.734,458.75,26.155,214.37,11.553,94.43,10.818,88.51,51.6,52.4,50.0,50.8,52.4,54.6,5.0,28.7,5758.0,5759,66
b1d0a191-65deaeef,FixedSkip-3,0.5819260645493194,0.37881755627130775,0.8841049036631667,0.35634538238325564,3276,2746,2133,613,1143,68,134,66.34,0,134,0.0,66.34,0,0.0,0,0.0,68,33.66,6.94,24.657,51.97,95.456,350.51,22.182,150.0,10.72,72.19,9.898,66.75,51.0,51.8,49.7,50.6,51.8,45.9,5.2,25.3,5753.0,5760,54
b1d0a191-65deaeef,FixedSkip-5,0.45557972073777253,0.2707930607395579,0.7959276341615243,0.31806072984111367,3276,2814,1819,995,1457,41,161,79.7,0,161,0.0,79.7,0,0.0,0,0.0,41,20.3,4.84,15.683,59.897,89.958,278.18,19.633,90.97,10.189,46.91,9.38,43.3,50.6,51.2,49.4,50.2,51.2,61.8,5.3,23.4,5754.0,5754,37
b1d0a191-de8948f6,FixedSkip-2,0.6671132690907369,0.4859196132504843,0.9700332524455672,0.3675911966605922,2478,1908,1697,211,781,101,101,50.0,0,101,0.0,50.0,0,0.0,0,0.0,101,50.0,8.24,29.715,59.866,94.708,483.89,26.565,214.63,11.618,93.56,10.9,87.9,51.2,52.1,49.6,50.5,52.2,57.9,4.9,28.7,5756.0,5756,64
b1d0a191-de8948f6,FixedSkip-3,0.6128653958235347,0.41314806019125205,0.9470232989026139,0.3519167829441458,2478,1888,1591,297,887,68,134,66.34,0,134,0.0,66.34,0,0.0,0,0.0,68,33.66,6.42,21.629,54.744,93.34,334.89,23.526,144.32,10.957,66.98,10.186,62.36,51.1,51.8,49.6,50.3,51.8,50.2,5.1,26.7,5757.0,5757,49
b1d0a191-de8948f6,FixedSkip-5,0.4710834478860949,0.27821205563367646,0.8572279964473469,0.30880728280310354,2478,1898,1325,573,1153,41,161,79.7,0,161,0.0,79.7,0,0.0,0,0.0,41,20.3,4.45,13.357,55.093,92.518,234.5,20.719,86.93,10.526,43.98,9.64,40.33,50.7,51.4,49.4,50.2,51.4,49.0,5.3,23.8,5757.0,5758,33
b1d10d08-5b108225,FixedSkip-2,0.5498771343574086,0.39041361839833044,0.9785879886546469,0.2986124674011695,2123,1312,1189,123,934,101,101,50.0,0,101,0.0,50.0,0,0.0,0,0.0,101,50.0,7.62,28.973,62.854,94.152,468.66,28.069,209.95,11.967,89.14,11.285,84.18,51.5,52.3,49.8,50.6,52.3,62.3,4.9,30.8,5758.0,5759,58
b1d10d08-5b108225,FixedSkip-3,0.46798688096722324,0.30793566939342654,0.9364279037399469,0.2741700588881089,2123,1285,1049,236,1074,68,134,66.34,0,134,0.0,66.34,0,0.0,0,0.0,68,33.66,5.81,20.182,54.986,94.34,304.88,25.319,140.84,11.429,63.35,10.666,59.19,51.5,52.1,50.0,50.8,52.1,51.7,5.0,27.9,5759.0,5759,43
b1d10d08-5b108225,FixedSkip-5,0.3261694232272534,0.1901710591222415,0.8090928064267264,0.22690092684406324,2123,1303,817,486,1306,41,161,79.7,0,161,0.0,79.7,0,0.0,0,0.0,41,20.3,4.14,12.767,56.205,87.406,217.42,21.914,86.41,10.579,41.54,9.89,38.9,51.1,51.8,49.8,50.5,51.8,52.6,5.2,26.6,5759.0,5759,31
b1d10d08-743fd86c,FixedSkip-2,0.31013371747233676,0.21947376576782798,0.9765562236815372,0.17512768674185997,1016,370,320,50,696,101,101,50.0,0,101,0.0,50.0,0,0.0,0,0.0,101,50.0,7.09,27.22,66.039,93.656,452.97,30.007,204.88,12.441,84.73,11.679,79.62,52.0,53.2,50.2,51.1,53.2,66.0,4.8,33.5,5762.0,5762,55
b1d10d08-743fd86c,FixedSkip-3,0.26591672344100076,0.1782028027760279,0.9238198704030186,0.1667204929461942,1016,384,284,100,732,68,134,66.34,0,134,0.0,66.34,0,0.0,0,0.0,68,33.66,5.21,18.127,60.517,94.092,301.74,27.582,137.67,11.92,59.32,11.139,55.48,52.1,53.0,50.3,50.7,53.0,61.5,4.9,30.9,5762.0,5762,40
b1d10d08-743fd86c,FixedSkip-5,0.2028962836780489,0.12649306144024255,0.8633068641244172,0.13762606321774246,1016,349,227,122,789,41,161,79.7,0,161,0.0,79.7,0,0.0,0,0.0,41,20.3,3.53,10.84,56.335,88.954,184.97,24.575,80.65,11.312,36.97,10.477,34.3,51.9,52.5,50.2,50.5,52.5,53.9,4.9,26.9,5760.0,5760,27
b1d10d08-c35503b8,FixedSkip-2,0.6063637949895236,0.392199304714454,0.9371308208359744,0.35746064647318554,3127,2471,1997,474,1130,101,101,50.0,0,101,0.0,50.0,0,0.0,0,0.0,101,50.0,8.34,31.022,58.077,94.824,466.36,26.503,215.47,11.636,94.35,10.917,88.59,52.0,52.7,50.2,50.5,52.7,57.2,5.0,29.5,5762.0,5762,64
b1d10d08-c35503b8,FixedSkip-3,0.48283033432128575,0.2912076808523816,0.8658505703273575,0.3212177177182983,3127,2481,1679,802,1448,68,134,66.34,0,134,0.0,66.34,0,0.0,0,0.0,68,33.66,6.82,24.33,55.443,93.05,365.44,22.535,148.75,10.758,70.78,9.968,65.67,51.3,52.0,49.8,50.7,52.0,49.3,5.2,26.0,5762.0,5762,53
b1d10d08-c35503b8,FixedSkip-5,0.29766936093122986,0.174006300636748,0.7092976494114486,0.2436462751706703,3127,2481,1162,1319,1965,41,161,79.7,0,161,0.0,79.7,0,0.0,0,0.0,41,20.3,4.63,14.784,51.364,84.286,231.08,20.298,90.29,10.286,45.55,9.468,41.99,50.8,51.5,49.6,50.0,51.4,46.4,5.2,25.1,5764.0,5764,36
b1d10d08-da110fcb,FixedSkip-2,0.6432441904399654,0.4367245637954264,0.916183718291981,0.38775187046342835,2250,1990,1555,435,695,97,97,50.0,0,97,0.0,50.0,0,0.0,0,0.0,97,50.0,7.71,29.812,61.031,91.914,451.56,26.945,200.9,11.721,87.11,10.988,81.75,51.4,52.2,49.8,50.6,52.2,60.4,5.0,29.1,5765.0,5766,60
b1d10d08-da110fcb,FixedSkip-3,0.5219365440463085,0.3235257685473128,0.8560121246598703,0.3493180076628353,2250,1972,1320,652,930,65,129,66.49,0,129,0.0,66.49,0,0.0,0,0.0,65,33.51,6.09,22.202,56.583,94.704,325.23,23.451,136.4,10.946,63.46,10.209,59.28,51.2,52.1,49.8,50.4,52.1,53.6,5.0,26.9,5767.0,5768,47
b1d10d08-da110fcb,FixedSkip-5,0.34755464162240984,0.20143291394619695,0.719382664500944,0.27655941396857353,2250,1987,980,1007,1270,39,155,79.9,0,155,0.0,79.9,0,0.0,0,0.0,39,20.1,4.3,14.063,54.864,84.948,224.23,20.528,82.74,10.275,41.22,9.558,38.41,50.8,51.4,49.5,49.9,51.4,57.2,5.3,25.8,5767.0,5768,33
b1d10d08-ec660956,FixedSkip-2,0.6311364641261927,0.43450884609286905,0.9600166381036954,0.3530841971105427,2117,1590,1384,206,733,101,101,50.0,0,101,0.0,50.0,0,0.0,0,0.0,101,50.0,8.2,28.467,58.978,90.564,467.86,26.587,212.9,11.615,92.75,10.925,87.33,51.4,52.2,49.7,50.5,52.2,57.0,5.0,29.0,5768.0,5768,65
b1d10d08-ec660956,FixedSkip-3,0.5270354895616447,0.3360322987743515,0.9021051132100233,0.3266287505977704,2117,1615,1210,405,907,68,134,66.34,0,134,0.0,66.34,0,0.0,0,0.0,68,33.66,6.43,20.791,57.15,92.12,357.6,23.317,144.69,10.937,67.63,10.175,63.02,51.1,51.8,49.7,50.4,51.8,50.4,5.1,26.9,5769.0,5769,50
b1d10d08-ec660956,FixedSkip-5,0.3755073552853541,0.22425475537386527,0.7785732766006305,0.27341056079106263,2117,1654,959,695,1158,41,161,79.7,0,161,0.0,79.7,0,0.0,0,0.0,41,20.3,4.64,13.38,48.92,83.732,215.26,20.212,89.54,10.209,44.97,9.439,41.66,50.6,51.3,49.4,50.0,51.3,46.4,5.2,25.7,5770.0,5770,36
b1d22449-117aa773,FixedSkip-2,0.36554833765906397,0.24676842536139895,0.9528576488802648,0.20916790732006357,1193,536,454,82,739,101,101,50.0,0,101,0.0,50.0,0,0.0,0,0.0,101,50.0,7.15,27.346,65.067,94.248,448.79,29.574,205.55,12.267,84.99,11.622,80.61,51.7,53.2,49.7,50.4,52.9,67.6,4.6,32.7,5772.0,5772,56
b1d22449-117aa773,FixedSkip-3,0.3187209606003702,0.20198292435245674,0.9152970990231067,0.19456438550650693,1193,529,408,121,785,68,134,66.34,0,134,0.0,66.34,0,0.0,0,0.0,68,33.66,5.25,18.133,59.576,96.31,291.8,27.288,135.27,11.881,58.76,11.134,55.11,51.9,52.6,50.1,50.6,52.6,60.5,4.9,30.4,5773.0,5773,40
b1d22449-117aa773,FixedSkip-5,0.21513797052104217,0.12478236410944621,0.777469392151722,0.16012192334069952,1193,550,305,245,888,41,161,79.7,0,161,0.0,79.7,0,0.0,0,0.0,41,20.3,3.71,11.404,57.307,95.2,197.6,23.657,83.13,11.022,38.55,10.248,35.91,51.5,52.2,49.9,50.2,52.2,55.7,5.0,28.6,5773.0,5774,29
b1d22449-15fb948f,FixedSkip-2,0.16964088892887294,0.10047813978174339,0.9829450063455668,0.09210638297872342,500,94,86,8,414,92,91,49.73,0,91,0.0,49.73,0,0.0,0,0.0,92,50.27,6.09,26.561,67.405,91.222,394.85,31.328,185.17,12.74,75.14,11.982,70.72,52.4,53.5,50.5,51.0,53.5,71.6,4.5,34.9,5775.0,5778,48
b1d22449-15fb948f,FixedSkip-3,0.12606489801918946,0.07011888291426381,0.9264925829217199,0.07533333333333334,500,84,67,17,433,61,122,66.67,0,122,0.0,66.67,0,0.0,0,0.0,61,33.33,4.3,17.324,60.242,93.038,241.59,29.339,117.68,12.383,49.53,11.555,46.26,52.6,53.3,50.7,51.1,53.3,61.9,4.7,33.6,5778.0,5778,32
b1d22449-15fb948f,FixedSkip-5,0.04936668246286312,0.027445908923573438,0.6190306830819762,0.04407058823529412,500,85,34,51,466,37,146,79.78,0,146,0.0,79.78,0,0.0,0,0.0,37,20.22,2.85,10.463,60.975,91.614,163.39,26.64,71.45,11.816,31.55,10.944,29.28,52.4,52.8,50.6,51.2,52.8,60.4,4.8,29.5,5778.0,5778,22
b1d22ed6-f1cac061,FixedSkip-2,0.5953899231442107,0.3567801686985365,0.8977281169140823,0.3704477072338956,4610,4020,2989,1031,1621,102,101,49.75,0,101,0.0,49.75,0,0.0,0,0.0,102,50.25,9.45,36.083,56.939,94.398,521.31,24.378,224.8,11.209,103.17,10.438,96.14,52.0,52.7,50.6,51.3,52.7,50.3,5.1,27.3,5790.0,5791,73
b1d22ed6-f1cac061,FixedSkip-3,0.4610695175470665,0.2550182378437471,0.813843992429947,0.3264870981957583,4610,4056,2469,1587,2141,68,135,66.5,0,135,0.0,66.5,0,0.0,0,0.0,68,33.5,8.12,31.493,41.607,87.07,331.18,20.092,159.0,10.243,80.77,9.47,74.77,50.8,51.5,49.6,50.2,51.5,31.7,5.3,24.3,5799.0,5802,62
b1d22ed6-f1cac061,FixedSkip-5,0.26666579266658136,0.14390609213050604,0.6509952279505228,0.23434905117536203,4610,3947,1606,2341,3004,41,162,79.8,0,162,0.0,79.8,0,0.0,0,0.0,41,20.2,5.21,18.268,42.085,83.378,210.69,18.432,92.98,9.957,49.96,9.044,45.47,49.9,50.7,49.0,50.0,50.7,30.6,5.4,21.8,5811.0,5811,41
b1d3907b-2278601b,FixedSkip-2,0.25443148502661705,0.163567968895264,0.9438338343113936,0.14539607169617524,867,274,232,42,635,101,101,50.0,0,101,0.0,50.0,0,0.0,0,0.0,101,50.0,7.15,27.24,63.131,92.414,438.01,29.438,204.44,12.317,85.21,11.569,80.14,51.2,52.0,49.3,50.3,52.0,67.6,4.8,31.3,5813.0,5813,56
b1d3907b-2278601b,FixedSkip-3,0.20566344188457042,0.1293971466715522,0.9125072470354724,0.12698369280285934,867,253,191,62,676,68,134,66.34,0,134,0.0,66.34,0,0.0,0,0.0,68,33.66,5.21,17.933,62.478,94.04,309.45,27.597,138.64,11.861,59.43,11.174,56.04,51.7,52.3,49.9,50.5,52.3,61.8,5.0,30.9,5817.0,5820,41
b1d3907b-2278601b,FixedSkip-5,0.1472694173584526,0.07711878260761781,0.775601175719626,0.10791009508011178,867,267,155,112,712,41,161,79.7,0,161,0.0,79.7,0,0.0,0,0.0,41,20.3,3.68,11.137,54.583,89.278,184.85,24.077,82.87,11.122,38.15,10.388,35.67,51.4,52.0,49.9,50.8,52.0,51.3,5.0,27.6,5820.0,5820,27
b1d4b62c-60aab822,FixedSkip-2,0.7218414531613568,0.5161676350767608,0.9599806136088451,0.4014123905758593,2214,1894,1656,238,558,102,101,49.75,0,101,0.0,49.75,0,0.0,0,0.0,102,50.25,8.11,30.736,61.023,94.676,479.1,27.221,213.68,11.812,92.53,11.081,86.86,51.8,52.4,50.1,50.8,52.4,57.8,4.9,30.1,5824.0,5825,61
b1d4b62c-60aab822,FixedSkip-3,0.620076648663964,0.39009479281573023,0.9159985612229351,0.3722939497271173,2214,1874,1478,396,736,68,135,66.5,0,135,0.0,66.5,0,0.0,0,0.0,68,33.5,6.14,21.846,55.57,91.042,326.95,24.296,144.37,11.182,66.26,10.429,61.86,51.5,52.2,50.0,50.6,52.4,51.3,5.0,27.1,5829.0,5832,46
b1d4b62c-60aab822,FixedSkip-5,0.42757219196688906,0.24452242329198035,0.7977676276876683,0.307917524505743,2214,1881,1119,762,1095,41,162,79.8,0,162,0.0,79.8,0,0.0,0,0.0,41,20.2,4.4,14.019,49.613,88.792,206.18,21.094,86.79,10.459,42.81,9.685,39.73,50.9,51.6,49.7,50.4,51.6,43.8,5.1,26.3,5832.0,5832,32
b1d59b1f-a38aec79,FixedSkip-2,0.5203782472540356,0.34391170135596216,0.9221490497927711,0.32781607110466165,298,222,163,59,135,84,84,50.0,0,84,0.0,50.0,0,0.0,0,0.0,84,50.0,6.06,27.227,64.499,94.026,376.03,28.94,170.39,12.197,71.57,11.464,67.37,51.8,52.8,50.0,50.7,52.8,66.0,4.8,31.4,5839.0,5840,48
b1d59b1f-a38aec79,FixedSkip-3,0.45220391523677095,0.2822048070441122,0.8469154548525784,0.3142337807606264,298,240,150,90,148,56,112,66.67,0,112,0.0,66.67,0,0.0,0,0.0,56,33.33,4.41,17.82,57.609,96.864,244.24,26.873,114.22,11.773,49.87,10.997,46.63,51.9,52.4,50.3,50.8,52.4,57.7,5.0,29.9,5839.0,5839,35
b1d59b1f-a38aec79,FixedSkip-5,0.2830131209223122,0.1678552870854087,0.7278526443916641,0.23234116832696297,298,223,97,126,201,34,134,79.76,0,134,0.0,79.76,0,0.0,0,0.0,34,20.24,3.08,11.148,57.934,92.824,157.02,23.317,65.13,11.045,30.7,10.264,28.58,51.5,52.2,50.1,50.9,52.2,55.3,5.1,26.9,5839.0,5839,23
b1d7b3ac-0bdb47dc,FixedSkip-2,0.6179843912241039,0.3967256448311932,0.9473931121567374,0.36410573691238085,1480,1174,952,222,528,101,101,50.0,0,101,0.0,50.0,0,0.0,0,0.0,101,50.0,7.75,29.619,61.629,93.222,461.18,27.983,211.19,11.965,90.04,11.248,84.72,52.0,53.2,50.4,51.1,53.2,59.3,5.0,31.3,5844.0,5846,59
b1d7b3ac-0bdb47dc,FixedSkip-3,0.4574946175855543,0.28148784321644704,0.851386111821759,0.3117193985794669,1480,1172,758,414,722,68,134,66.34,0,134,0.0,66.34,0,0.0,0,0.0,68,33.66,5.62,19.675,56.534,90.076,303.91,26.047,140.36,11.573,62.15,10.783,57.99,51.9,52.6,50.3,51.2,52.6,55.0,5.0,29.1,5845.0,5846,44
b1d7b3ac-0bdb47dc,FixedSkip-5,0.3159337428990032,0.17526389380230575,0.7312455778962799,0.24973287240729103,1480,1161,573,588,907,41,161,79.7,0,161,0.0,79.7,0,0.0,0,0.0,41,20.3,3.89,12.018,56.724,92.302,207.11,22.961,83.96,10.879,39.58,10.096,36.81,51.5,52.3,50.2,50.9,52.3,53.6,5.0,26.6,5845.0,5846,30
b1d7b3ac-36f2d3b7,FixedSkip-2,0.6706211174742482,0.4238492108371731,0.9348449294155892,0.40378028049298764,724,650,510,140,214,88,88,50.0,0,88,0.0,50.0,0,0.0,0,0.0,88,50.0,6.47,27.481,65.552,94.86,408.08,28.762,180.72,12.169,76.26,11.391,71.44,52.1,52.9,50.4,51.1,52.8,65.3,4.8,31.6,5847.0,5859,51
b1d7b3ac-36f2d3b7,FixedSkip-3,0.4829660351109989,0.2964417066389867,0.8327433216490334,0.3416779115852365,724,651,393,258,331,59,117,66.48,0,117,0.0,66.48,0,0.0,0,0.0,59,33.52,4.87,18.686,57.495,95.872,269.4,26.041,122.35,11.54,54.06,10.799,50.64,52.0,52.8,50.4,51.0,52.8,54.9,4.9,29.2,5855.0,5855,38
b1d7b3ac-36f2d3b7,FixedSkip-5,0.3082993185579528,0.19107501146589487,0.6872518079452196,0.2622449241400544,724,646,280,366,444,36,140,79.55,0,140,0.0,79.55,0,0.0,0,0.0,36,20.45,3.51,12.077,47.862,93.99,157.51,22.307,73.67,10.726,35.23,9.954,32.78,51.5,52.1,50.1,51.1,52.1,45.5,5.1,28.4,5855.0,5859,27
b1d7b3ac-5744370e,FixedSkip-2,0.4308614524041764,0.30200506220697454,0.8968286090837236,0.2887873911397198,556,380,254,126,302,99,99,50.0,0,99,0.0,50.0,0,0.0,0,0.0,99,50.0,7.3,28.258,60.346,93.266,425.67,28.876,205.15,12.169,86.26,11.425,81.06,52.2,52.9,50.5,51.2,52.9,61.1,4.8,32.2,5853.0,5853,56
b1d7b3ac-5744370e,FixedSkip-3,0.2905849210652366,0.19016220229261566,0.7808002559986457,0.22260140605464343,556,351,190,161,366,66,132,66.67,0,132,0.0,66.67,0,0.0,0,0.0,66,33.33,5.08,17.853,61.033,89.678,295.28,27.324,133.75,11.921,58.17,11.125,54.34,52.3,53.1,50.7,51.3,53.1,61.1,4.8,30.4,5867.0,5870,40
b1d7b3ac-5744370e,FixedSkip-5,0.1726575325623515,0.11596481433912768,0.5826492763953778,0.16574082506146984,556,395,127,268,429,40,158,79.8,0,158,0.0,79.8,0,0.0,0,0.0,40,20.2,3.46,10.905,58.114,91.044,180.91,24.442,77.48,11.29,35.63,10.479,33.12,52.0,52.6,50.6,51.2,52.6,56.8,5.0,27.5,5870.0,5870,26
b1d7b3ac-995f9d8a,FixedSkip-2,0.6469430014379327,0.3927134868110872,0.9404670424409964,0.386094778321058,755,642,511,131,244,95,94,49.74,0,94,0.0,49.74,0,0.0,0,0.0,95,50.26,7.03,27.377,63.919,95.044,435.73,28.758,197.5,12.103,82.92,11.393,78.13,52.4,53.3,50.6,51.3,53.3,64.6,4.8,32.1,5865.0,5873,55
b1d7b3ac-995f9d8a,FixedSkip-3,0.4987632087182517,0.2781831660965143,0.8492992859996868,0.33868244624315264,755,648,425,223,330,63,126,66.67,0,126,0.0,66.67,0,0.0,0,0.0,63,33.33,5.23,18.499,58.416,92.936,289.89,25.92,128.85,11.527,57.14,10.81,53.63,52.2,52.9,50.6,51.4,52.9,56.9,4.9,29.3,5868.0,5879,39
b1d7b3ac-995f9d8a,FixedSkip-5,0.31589585204414683,0.1655506387594419,0.6837659723567926,0.26390777243511593,755,679,308,371,447,38,151,79.89,0,151,0.0,79.89,0,0.0,0,0.0,38,20.11,3.69,11.644,55.174,91.152,185.97,22.497,77.25,10.8,36.9,10.003,34.24,51.8,52.5,50.3,50.9,52.5,53.6,5.0,27.5,5880.0,5880,27
b1d7b3ac-9e14f05f,FixedSkip-2,0.6713889534468794,0.46272288011190144,0.9484324614535452,0.388804812010214,1312,1108,919,189,393,101,101,50.0,0,101,0.0,50.0,0,0.0,0,0.0,101,50.0,7.52,28.833,62.014,93.54,448.04,28.637,208.7,12.108,88.05,11.389,82.87,52.4,53.2,50.6,51.5,53.2,62.4,4.8,31.6,5891.0,5896,57
b1d7b3ac-9e14f05f,FixedSkip-3,0.5517511454087236,0.35229652337975226,0.872927401258212,0.3523570460704607,1312,1125,809,316,503,68,134,66.34,0,134,0.0,66.34,0,0.0,0,0.0,68,33.66,5.51,19.352,61.029,92.368,321.07,26.487,139.73,11.654,61.27,10.891,57.34,52.3,53.0,50.6,51.2,53.0,55.3,5.0,29.3,5895.0,5902,42
b1d7b3ac-9e14f05f,FixedSkip-5,0.40092364137947545,0.2280572835735299,0.7853286787376265,0.2894521295959228,1312,1072,631,441,681,41,161,79.7,0,161,0.0,79.7,0,0.0,0,0.0,41,20.3,3.99,12.335,56.749,90.042,212.2,22.5,84.04,10.814,40.23,10.039,37.42,51.8,52.4,50.3,51.1,52.4,53.6,5.0,27.7,5902.0,5902,30
b1d7b3ac-afa57f22,FixedSkip-2,0.6940997404866598,0.46675893581610844,0.9892534634185698,0.3717466887417219,400,302,280,22,120,85,85,50.0,0,85,0.0,50.0,0,0.0,0,0.0,85,50.0,5.9,26.871,69.091,94.022,391.22,30.004,170.93,12.452,70.72,11.68,66.41,52.6,53.3,50.7,51.6,53.3,70.3,4.7,32.9,5905.0,5912,46
b1d7b3ac-afa57f22,FixedSkip-3,0.5674253621322906,0.3484273308682549,0.9197702099737862,0.3364191419141914,400,303,244,59,156,57,113,66.47,0,113,0.0,66.47,0,0.0,0,0.0,57,33.53,4.34,17.93,62.084,94.556,252.61,27.567,114.22,11.991,49.53,11.16,46.13,52.6,53.2,51.0,51.4,53.2,62.8,4.9,30.9,5905.0,5905,34
b1d7b3ac-afa57f22,FixedSkip-5,0.3799319926334629,0.21814236719458063,0.8186916335034976,0.26463157894736844,400,285,175,110,225,34,136,80.0,0,136,0.0,80.0,0,0.0,0,0.0,34,20.0,2.9,10.599,56.684,87.086,149.39,24.573,64.76,11.439,30.03,10.5,27.61,52.2,52.8,50.8,51.2,52.8,51.5,4.8,27.1,5900.0,5900,22
b1d968b9-563405f4,FixedSkip-2,0.7375895096191603,0.5368509129027148,0.9208158295513729,0.41717850594544637,2656,2451,2123,328,533,102,101,49.75,0,101,0.0,49.75,0,0.0,0,0.0,102,50.25,8.16,29.58,58.264,94.588,460.22,27.206,216.68,11.771,93.55,11.058,87.95,52.5,53.2,50.9,51.6,53.2,57.9,4.9,30.5,5911.0,5912,64
b1d968b9-563405f4,FixedSkip-3,0.6560072627664594,0.45288935553338217,0.8929760062141318,0.39381857229416417,2656,2406,1939,467,717,68,135,66.5,0,135,0.0,66.5,0,0.0,0,0.0,68,33.5,6.64,23.127,54.184,96.232,354.37,22.975,149.08,10.95,70.74,10.129,65.55,51.8,52.5,50.4,50.9,52.5,50.2,5.1,25.8,5913.0,5913,52
b1d968b9-563405f4,FixedSkip-5,0.4999681687053341,0.3328950451831152,0.7992648289465635,0.3481974678788056,2656,2469,1618,851,1038,41,162,79.8,0,162,0.0,79.8,0,0.0,0,0.0,41,20.2,4.67,14.617,48.866,84.262,216.94,20.043,88.09,10.309,45.02,9.47,41.45,51.1,51.8,49.9,50.3,51.8,42.9,5.3,24.3,5913.0,5913,35
b1d968b9-ce42734f,FixedSkip-2,0.6911243356874011,0.49363578353306936,0.9081472861136223,0.4166783054502118,3559,3412,2670,742,889,102,101,49.75,0,101,0.0,49.75,0,0.0,0,0.0,102,50.25,8.67,31.868,55.947,93.946,474.59,25.705,217.08,11.497,96.83,10.706,90.25,51.5,52.2,50.1,50.7,52.3,53.1,5.0,28.0,5914.0,5915,68
b1d968b9-ce42734f,FixedSkip-3,0.5974832756265589,0.4019562541715097,0.8633501226040793,0.38478445530988376,3559,3367,2405,962,1154,68,135,66.5,0,135,0.0,66.5,0,0.0,0,0.0,68,33.5,7.4,27.296,48.175,87.638,346.7,21.335,152.64,10.502,74.82,9.748,69.55,50.9,51.8,49.6,50.0,51.8,42.0,5.2,25.6,5918.0,5919,57
b1d968b9-ce42734f,FixedSkip-5,0.36768373250027864,0.2458055928646607,0.6974300095577822,0.29452421433889203,3559,3425,1726,1699,1833,41,162,79.8,0,162,0.0,79.8,0,0.0,0,0.0,41,20.2,5.03,16.802,44.083,83.932,215.33,19.224,92.92,10.032,48.29,9.249,44.58,50.3,51.1,49.2,49.6,51.1,37.1,5.4,22.9,5918.0,5918,39
b1d971b4-ac67ca0d,FixedSkip-2,0.6800575746009401,0.45115886078006684,0.9408745029351834,0.39653113511492627,2503,2180,1789,391,714,100,99,49.75,0,99,0.0,49.75,0,0.0,0,0.0,100,50.25,8.27,30.652,58.25,90.746,466.87,26.202,210.63,11.538,92.47,10.836,86.94,51.0,52.0,49.5,50.3,52.0,55.7,4.9,28.2,5926.0,5926,63
b1d971b4-ac67ca0d,FixedSkip-3,0.5310389385928168,0.3255553333911621,0.8634398729289438,0.3483631909366752,2503,2152,1493,659,1010,67,132,66.33,0,132,0.0,66.33,0,0.0,0,0.0,67,33.67,6.6,23.172,50.588,93.694,324.76,22.76,144.69,10.862,68.75,10.098,64.04,50.8,51.5,49.5,49.9,51.5,44.6,5.3,26.6,5922.0,5922,49
b1d971b4-ac67ca0d,FixedSkip-5,0.36696546815878717,0.2101839727693863,0.7392306422697901,0.28564640359125215,2503,2181,1142,1039,1361,40,159,79.9,0,159,0.0,79.9,0,0.0,0,0.0,40,20.1,4.69,14.687,42.405,85.182,193.58,19.805,89.44,10.173,45.7,9.386,42.24,50.3,51.1,49.1,49.5,51.1,34.7,5.2,24.8,5923.0,5923,35
b1d9e136-6c94ea3f,FixedSkip-2,0.6748434340256023,0.4765273343265054,0.9758395051669171,0.3649598306675591,2342,1776,1615,161,727,101,101,50.0,0,101,0.0,50.0,0,0.0,0,0.0,101,50.0,8.53,30.819,57.068,91.908,469.99,25.873,214.86,11.463,94.97,10.775,89.35,51.0,52.0,49.5,50.3,52.3,56.3,5.0,28.1,5919.0,5919,64
b1d9e136-6c94ea3f,FixedSkip-3,0.6000423782498592,0.39067412296547843,0.9367826641925853,0.3498068511653984,2342,1805,1485,320,857,68,134,66.34,0,134,0.0,66.34,0,0.0,0,0.0,68,33.66,6.48,21.795,52.104,88.488,321.24,23.245,144.35,10.958,67.76,10.148,62.84,50.9,51.7,49.5,49.9,51.7,47.1,5.1,27.1,5919.0,5919,49
b1d9e136-6c94ea3f,FixedSkip-5,0.44506502295653944,0.2679881248600276,0.8364226599808737,0.29903043628008363,2342,1810,1201,609,1141,41,161,79.7,0,161,0.0,79.7,0,0.0,0,0.0,41,20.3,4.57,13.668,48.537,87.546,211.71,20.483,88.44,10.24,43.98,9.485,40.81,50.5,51.3,49.0,49.3,51.3,44.5,5.2,26.0,5919.0,5920,35
b1d9e136-9ab25cb3,FixedSkip-2,0.6272646578163243,0.41079135165411673,0.9154151460288099,0.3773265619384534,2942,2512,1991,521,951,101,101,50.0,0,101,0.0,50.0,0,0.0,0,0.0,101,50.0,8.71,31.867,56.356,95.378,481.23,25.505,218.16,11.372,96.94,10.683,91.18,51.0,51.8,49.2,49.6,51.8,53.8,4.9,27.6,5920.0,5920,65
b1d9e136-9ab25cb3,FixedSkip-3,0.5498869533862174,0.34221325941232267,0.874321241706827,0.3517574086461555,2942,2498,1809,689,1133,68,134,66.34,0,134,0.0,66.34,0,0.0,0,0.0,68,33.66,6.79,23.698,47.936,89.808,317.19,22.541,147.76,10.706,69.98,10.043,65.72,50.7,51.3,49.1,49.3,51.3,41.3,5.1,25.6,5921.0,5921,52
b1d9e136-9ab25cb3,FixedSkip-5,0.39606854874379327,0.22967734338795545,0.7606589526129285,0.29453267826044566,2942,2510,1452,1058,1490,41,161,79.7,0,161,0.0,79.7,0,0.0,0,0.0,41,20.3,4.93,15.486,49.966,84.184,240.09,19.432,92.33,10.165,48.05,9.363,44.34,50.2,50.8,48.7,49.2,50.8,44.8,5.3,23.2,5923.0,5923,36
b1dac7f7-6b2e0382,FixedSkip-2,0.5918699294368013,0.3738950053088425,0.9274988585170392,0.3511496823024436,3637,2854,2292,562,1345,101,101,50.0,0,101,0.0,50.0,0,0.0,0,0.0,101,50.0,8.78,32.09,56.975,92.618,487.31,25.235,216.39,11.268,96.36,10.606,90.79,50.7,51.4,48.8,49.6,51.4,51.9,5.0,27.3,5919.0,5928,69
b1dac7f7-6b2e0382,FixedSkip-3,0.4702221951620945,0.2767833645621306,0.8509075992036943,0.31297690269681494,3637,2862,1945,917,1692,68,134,66.34,0,134,0.0,66.34,0,0.0,0,0.0,68,33.66,7.37,26.707,50.67,91.894,361.98,21.209,152.17,10.435,74.55,9.748,69.77,50.2,51.1,48.6,49.0,51.1,44.4,5.1,24.8,5930.0,5930,54
b1dac7f7-6b2e0382,FixedSkip-5,0.2878439484853549,0.15602459013597242,0.6999074592264655,0.238179907039711,3637,2858,1327,1531,2310,41,161,79.7,0,161,0.0,79.7,0,0.0,0,0.0,41,20.3,5.09,16.425,39.417,86.73,191.76,18.992,91.81,9.997,48.01,9.221,44.39,49.6,50.5,48.2,48.4,50.5,25.4,5.3,22.8,5930.0,5930,37
b1db7e22-cfa74dc3,FixedSkip-2,0.35526919268955726,0.22976334358973172,0.9598157384424864,0.1978082902776795,1420,597,523,74,897,102,101,49.75,0,101,0.0,49.75,0,0.0,0,0.0,102,50.25,7.33,27.828,62.631,91.922,444.24,29.122,208.35,12.232,87.21,11.503,82.1,50.9,52.3,48.9,49.7,52.3,65.1,4.9,31.3,5929.0,5930,55
b1db7e22-cfa74dc3,FixedSkip-3,0.3047109527901585,0.18643874611256384,0.9186253178980175,0.183472189066603,1420,590,464,126,956,68,135,66.5,0,135,0.0,66.5,0,0.0,0,0.0,68,33.5,5.41,18.455,59.926,92.12,313.44,26.815,140.17,11.72,61.17,11.0,57.45,51.1,51.9,49.4,49.8,51.9,59.5,4.9,29.9,5925.0,5925,42
b1db7e22-cfa74dc3,FixedSkip-5,0.23332068556381552,0.13444877746750408,0.8523094162608577,0.15501362606015842,1420,553,376,177,1044,41,162,79.8,0,162,0.0,79.8,0,0.0,0,0.0,41,20.2,3.83,11.557,54.724,92.824,196.44,23.161,82.8,10.935,38.93,10.147,36.18,50.8,51.6,49.2,49.6,51.6,50.2,5.2,27.6,5925.0,5925,28
b1dce572-c6a8cb5e,FixedSkip-2,0.6344851921148785,0.4415423177533757,0.9553514549362806,0.35357675050830045,2542,1924,1680,244,862,101,101,50.0,0,101,0.0,50.0,0,0.0,0,0.0,101,50.0,8.67,30.895,55.939,92.862,463.95,25.568,213.92,11.395,95.17,10.717,89.57,51.1,51.9,49.4,49.8,51.9,53.8,5.0,28.4,5934.0,5936,64
b1dce572-c6a8cb5e,FixedSkip-3,0.5357733788390567,0.3493055899790058,0.8952488210743706,0.32718287548223757,2542,1946,1499,447,1043,68,134,66.34,0,134,0.0,66.34,0,0.0,0,0.0,68,33.66,6.76,22.802,53.883,90.794,358.65,22.518,148.32,10.731,70.53,10.016,65.9,50.7,51.4,49.1,49.5,51.4,49.9,5.0,25.6,5934.0,5934,51
b1dce572-c6a8cb5e,FixedSkip-5,0.40726825816660706,0.24986960217201157,0.7997403240203995,0.28069217434573496,2542,1948,1247,701,1295,41,161,79.7,0,161,0.0,79.7,0,0.0,0,0.0,41,20.3,4.56,13.56,51.651,86.196,223.62,20.11,87.25,10.274,44.35,9.491,41.05,50.2,50.8,48.7,49.0,50.8,48.6,5.3,24.4,5934.0,5935,35
b1dd58c1-8b546ba7,FixedSkip-2,0.6376909154178265,0.4452578542229889,0.9482165370423977,0.36795716570936005,2456,1965,1635,330,821,99,98,49.75,0,98,0.0,49.75,0,0.0,0,0.0,99,50.25,8.26,30.586,58.725,95.786,468.42,26.114,210.44,11.506,92.43,10.781,86.72,50.8,51.5,49.0,49.5,51.5,56.3,5.0,28.2,5940.0,5941,64
b1dd58c1-8b546ba7,FixedSkip-3,0.5518034331679107,0.350364740387635,0.9047975066290148,0.3458707255799232,2456,1976,1461,515,995,66,131,66.5,0,131,0.0,66.5,0,0.0,0,0.0,66,33.5,6.37,22.223,53.15,92.678,328.91,23.053,141.46,10.8,66.01,10.12,61.95,50.6,51.4,48.9,49.3,51.4,45.4,5.0,26.7,5941.0,5941,48
b1dd58c1-8b546ba7,FixedSkip-5,0.3512281736932473,0.20651688198399293,0.756792526114947,0.2691952408185594,2456,1965,1047,918,1409,40,157,79.7,0,157,0.0,79.7,0,0.0,0,0.0,40,20.3,4.39,13.639,54.958,85.65,230.32,20.632,86.57,10.472,43.72,9.575,40.05,50.3,50.9,48.7,48.9,50.9,52.1,5.3,24.1,5941.0,5941,34
b1df722f-57d21f3f,FixedSkip-2,0.5307301968985781,0.33782286449039167,0.8646415469330203,0.35160654771768945,1935,1684,1145,539,790,101,101,50.0,0,101,0.0,50.0,0,0.0,0,0.0,101,50.0,7.97,30.176,61.044,92.976,466.42,27.299,210.26,11.82,90.73,11.067,85.06,50.9,51.8,49.1,49.7,51.7,59.7,4.9,29.8,5945.0,5946,62
b1df722f-57d21f3f,FixedSkip-3,0.4320414665773026,0.2659915478234787,0.7935354376327219,0.31250717127716,1935,1671,997,674,938,68,134,66.34,0,134,0.0,66.34,0,0.0,0,0.0,68,33.66,5.94,20.906,55.484,86.76,315.14,24.923,141.72,11.312,64.1,10.555,59.9,51.0,51.7,49.2,49.6,51.7,52.9,5.1,27.8,5939.0,5940,46
b1df722f-57d21f3f,FixedSkip-5,0.32906621562127814,0.19462511385954806,0.6972572115641936,0.27255505241426187,1935,1741,817,924,1118,41,161,79.7,0,161,0.0,79.7,0,0.0,0,0.0,41,20.3,4.25,13.363,54.439,83.506,215.96,21.626,85.75,10.558,41.68,9.792,38.73,50.6,51.2,48.9,49.2,51.3,52.3,5.0,26.3,5940.0,5940,32
b1df722f-5bcc3db7,FixedSkip-2,0.3839115997162792,0.22027976841333827,0.7319697218997852,0.2943820158336287,1365,1240,666,574,699,101,101,50.0,0,101,0.0,50.0,0,0.0,0,0.0,101,50.0,7.6,28.681,60.974,95.02,444.6,28.115,206.88,12.006,88.09,11.275,82.82,51.3,52.4,49.4,50.0,52.4,62.8,4.8,30.9,5940.0,5940,59
b1df722f-5bcc3db7,FixedSkip-3,0.26545034456905936,0.15325538814876433,0.6090511568812099,0.24190374283109986,1365,1294,514,780,851,68,134,66.34,0,134,0.0,66.34,0,0.0,0,0.0,68,33.66,5.74,19.736,55.862,90.194,310.16,25.503,142.06,11.431,63.49,10.679,59.37,51.2,52.0,49.5,49.9,52.0,51.2,5.0,28.6,5940.0,5940,45
b1df722f-5bcc3db7,FixedSkip-5,0.16573226291315699,0.09401555342657529,0.5102637923353784,0.16904456921985406,1365,1141,355,786,1010,41,161,79.7,0,161,0.0,79.7,0,0.0,0,0.0,41,20.3,3.99,12.07,57.208,97.328,214.91,22.526,85.69,10.821,40.98,9.996,37.93,50.9,51.5,49.3,49.7,51.5,54.3,5.1,26.7,5940.0,5940,31
b1e0c01d-dd9e6e2f,FixedSkip-2,0.61240817953437,0.3813228374771283,0.9407248242744218,0.36006424329092374,2054,1626,1320,306,734,101,101,50.0,0,101,0.0,50.0,0,0.0,0,0.0,101,50.0,8.31,29.973,57.445,97.148,461.49,26.501,214.64,11.591,93.7,10.891,88.11,51.3,51.9,49.5,50.0,51.9,56.7,4.9,29.6,5942.0,5942,65
b1e0c01d-dd9e6e2f,FixedSkip-3,0.529105355505924,0.31662458210874506,0.8974482231068387,0.3310353495814027,2054,1592,1185,407,869,68,134,66.34,0,134,0.0,66.34,0,0.0,0,0.0,68,33.66,6.21,20.622,56.309,89.61,338.16,24.024,143.21,11.145,66.21,10.352,61.58,51.1,51.8,49.4,49.7,51.8,51.7,5.0,26.2,5941.0,5942,48
b1e0c01d-dd9e6e2f,FixedSkip-5,0.327991353409473,0.1831208218584081,0.7369968506852362,0.25907123518654857,2054,1640,828,812,1226,41,161,79.7,0,161,0.0,79.7,0,0.0,0,0.0,41,20.3,4.49,13.38,54.582,88.516,238.01,20.772,89.66,10.414,44.71,9.594,41.28,50.6,51.2,49.0,49.2,51.2,53.0,5.3,26.8,5942.0,5942,34
b1e1a7b8-0aec80e8,FixedSkip-2,0.5755150022076512,0.37106958569509707,0.9488666591013917,0.32293355624224096,1982,1381,1196,185,786,102,101,49.75,0,101,0.0,49.75,0,0.0,0,0.0,102,50.25,8.08,28.82,57.785,92.756,453.65,27.041,212.53,11.776,92.29,11.012,86.39,51.1,52.3,49.3,50.0,52.3,58.8,4.9,29.9,5947.0,5947,63
b1e1a7b8-0aec80e8,FixedSkip-3,0.48879042916509385,0.2982467903151636,0.9031462124439127,0.2984272370750676,1982,1365,1057,308,925,68,135,66.5,0,135,0.0,66.5,0,0.0,0,0.0,68,33.5,6.38,20.986,54.768,95.704,329.39,23.518,143.61,10.987,66.86,10.277,62.63,50.9,51.7,49.3,49.7,51.7,52.1,5.0,27.3,5947.0,5948,47
b1e1a7b8-0aec80e8,FixedSkip-5,0.3917237030869821,0.22740720881913146,0.8368413721389019,0.26226283185440263,1982,1338,897,441,1085,41,162,79.8,0,162,0.0,79.8,0,0.0,0,0.0,41,20.2,4.46,12.883,50.524,92.588,212.63,20.742,88.07,10.418,44.06,9.604,40.69,50.5,51.3,49.0,49.3,51.3,48.0,5.3,25.0,5948.0,5949,33
b1e1a7b8-65ec7612,FixedSkip-2,0.576714194043167,0.37107066948967476,0.9342382978921493,0.33526803802399874,1860,1380,1137,243,723,101,101,50.0,0,101,0.0,50.0,0,0.0,0,0.0,101,50.0,8.17,29.648,58.552,91.218,457.13,26.666,210.26,11.652,91.7,10.928,86.07,51.1,52.1,49.3,49.9,52.1,56.7,4.9,29.1,5950.0,5950,63
b1e1a7b8-65ec7612,FixedSkip-3,0.4807260376104047,0.2874230039477778,0.8751147272698695,0.3059381681414548,1860,1378,998,380,862,68,134,66.34,0,134,0.0,66.34,0,0.0,0,0.0,68,33.66,6.04,20.261,53.659,91.4,310.91,24.434,141.87,11.166,64.59,10.444,60.51,51.0,51.8,49.3,50.2,51.8,53.3,5.0,27.6,5951.0,5951,46
b1e1a7b8-65ec7612,FixedSkip-5,0.3168415278438218,0.17183385608492227,0.7375379960850824,0.23885323216898896,1860,1352,750,602,1110,41,161,79.7,0,161,0.0,79.7,0,0.0,0,0.0,41,20.3,4.33,12.994,50.078,90.78,206.33,21.168,86.05,10.421,42.16,9.661,39.17,50.6,51.3,49.1,49.6,51.3,49.4,5.1,28.1,5952.0,5952,32
b1e1a7b8-a7426a97,FixedSkip-2,0.5466646254258745,0.3850657892203059,0.957307186673137,0.31329453803501284,1838,1233,1040,193,798,102,101,49.75,0,101,0.0,49.75,0,0.0,0,0.0,102,50.25,7.45,28.168,62.558,95.962,447.55,28.788,206.13,12.112,86.48,11.416,81.59,51.5,52.8,49.6,50.6,52.8,62.6,4.8,31.8,5951.0,5952,56
b1e1a7b8-a7426a97,FixedSkip-3,0.4614205274257708,0.3022487952729592,0.9047638930977194,0.2868922098875947,1838,1218,919,299,919,68,135,66.5,0,135,0.0,66.5,0,0.0,0,0.0,68,33.5,5.63,19.496,54.92,93.14,298.59,25.792,139.18,11.495,61.83,10.752,57.9,51.4,52.4,49.7,50.3,52.0,54.0,4.9,28.9,5947.0,5947,42
b1e1a7b8-a7426a97,FixedSkip-5,0.3359337345539106,0.19996158271397002,0.8042796372008999,0.24186225985196289,1838,1214,723,491,1115,41,162,79.8,0,162,0.0,79.8,0,0.0,0,0.0,41,20.2,3.85,11.723,57.417,96.066,213.22,22.799,84.25,10.968,40.29,10.116,37.26,51.0,51.8,49.6,50.4,51.8,53.4,5.1,25.6,5947.0,5947,29
b1e1a7b8-b397c445,FixedSkip-2,0.48987116786666995,0.32144812984618293,0.9416006470737289,0.28451675748636385,1561,972,804,168,757,101,101,50.0,0,101,0.0,50.0,0,0.0,0,0.0,101,50.0,7.57,28.499,61.863,95.274,448.23,28.256,206.44,12.004,87.46,11.317,82.52,51.6,52.4,49.9,50.5,52.4,61.7,4.9,31.1,5952.0,5952,57
b1e1a7b8-b397c445,FixedSkip-3,0.3999865997836034,0.24257793035081332,0.8833038372908488,0.2584788257433997,1561,962,688,274,873,68,134,66.34,0,134,0.0,66.34,0,0.0,0,0.0,68,33.66,5.52,18.991,60.614,92.854,318.93,26.237,138.39,11.592,60.97,10.848,57.11,51.6,52.5,50.0,50.7,52.5,56.4,4.9,29.0,5952.0,5952,41
b1e1a7b8-b397c445,FixedSkip-5,0.2797433666226661,0.1494560302791432,0.7902964958621904,0.20799871596645253,1561,914,510,404,1051,41,161,79.7,0,161,0.0,79.7,0,0.0,0,0.0,41,20.3,3.99,11.961,53.661,85.46,204.06,22.408,85.57,10.759,40.9,10.072,38.37,51.2,51.7,49.5,49.8,51.7,52.2,5.1,27.2,5952.0,5952,30
b1e2346e-c5f98707,FixedSkip-2,0.2214860799168813,0.15266065285713737,0.8262956388005231,0.15848379263013412,369,154,93,61,276,70,70,50.0,0,70,0.0,50.0,0,0.0,0,0.0,70,50.0,4.55,26.362,27.043,73.196,113.6,31.153,134.43,12.688,54.58,11.873,51.14,51.7,52.1,49.9,50.4,52.2,17.8,4.3,33.2,5956.0,5956,34
b1e2346e-c5f98707,FixedSkip-3,0.1300615776286824,0.09394547900187795,0.7060621830034228,0.1075860382663977,369,133,57,76,312,47,93,66.43,0,93,0.0,66.43,0,0.0,0,0.0,47,33.57,3.28,17.542,49.59,91.502,149.19,29.653,90.05,12.411,37.57,11.59,35.11,52.2,52.6,50.4,50.7,52.6,50.1,4.5,33.7,5956.0,5956,24
b1e2346e-c5f98707,FixedSkip-5,0.08437282429193546,0.06084006509352328,0.5313590869655648,0.0826196928635953,369,150,42,108,327,28,112,80.0,0,112,0.0,80.0,0,0.0,0,0.0,28,20.0,2.3,10.535,56.659,93.042,115.87,25.515,52.6,11.581,23.79,10.722,22.05,51.9,52.5,50.2,50.4,52.5,54.1,4.8,28.4,5957.0,5957,16
b1e3e9f5-92377424,FixedSkip-2,0.7630783209075217,0.5573607952994555,0.9573109903303256,0.4281341555852639,3358,3066,2662,404,696,102,101,49.75,0,101,0.0,49.75,0,0.0,0,0.0,102,50.25,9.08,32.88,59.24,91.756,522.14,25.06,222.45,11.353,100.66,10.603,94.05,51.7,52.3,50.1,50.4,52.3,54.9,5.1,27.9,5961.0,5964,68
b1e3e9f5-92377424,FixedSkip-3,0.6628701590247384,0.45961897124421836,0.9069294378859738,0.39928623516715606,3358,3084,2422,662,936,68,135,66.5,0,135,0.0,66.5,0,0.0,0,0.0,68,33.5,7.23,26.19,53.265,94.23,373.1,21.535,150.92,10.562,73.7,9.825,68.67,50.9,51.5,49.3,50.2,51.5,48.0,5.3,24.8,5960.0,5966,55
b1e3e9f5-92377424,FixedSkip-5,0.4425735866783246,0.27483782813716895,0.7808511398247506,0.32030613538915514,3358,3034,1805,1229,1553,41,162,79.8,0,162,0.0,79.8,0,0.0,0,0.0,41,20.2,4.78,15.53,49.242,86.884,224.27,19.388,88.43,10.264,46.48,9.365,42.54,50.2,51.0,49.0,50.0,51.0,41.2,5.3,20.7,5960.0,5960,35
b1e62c91-eca210a9,FixedSkip-2,0.48683380814208643,0.31845697864218947,0.940358854669033,0.2809752960424218,1571,968,806,162,765,91,90,49.72,0,90,0.0,49.72,0,0.0,0,0.0,91,50.28,6.55,28.246,60.474,95.706,379.2,28.942,183.61,12.159,76.94,11.455,72.56,51.1,52.2,49.4,50.3,52.2,60.2,4.7,30.5,5959.0,5960,50
b1e62c91-eca210a9,FixedSkip-3,0.45116584534056065,0.2606338601648206,0.8984336622382527,0.28159247800492454,1571,1032,773,259,798,61,120,66.3,0,120,0.0,66.3,0,0.0,0,0.0,61,33.7,4.9,19.387,58.659,92.562,274.31,26.248,122.7,11.592,54.03,10.856,50.65,51.3,52.1,49.7,50.3,52.1,58.4,4.9,29.3,5960.0,5960,38
b1e62c91-eca210a9,FixedSkip-5,0.3202529607068194,0.17596682000099373,0.7855951434085984,0.23256497288376113,1571,1029,603,426,968,37,144,79.56,0,144,0.0,79.56,0,0.0,0,0.0,37,20.44,3.85,14.632,52.414,86.51,201.87,20.918,77.66,10.584,38.4,9.884,35.95,50.8,51.5,49.5,50.2,51.5,48.4,5.2,26.0,5960.0,5960,28
b1e6efc0-2552cc5d,FixedSkip-2,0.5301737785454925,0.34543673366040084,0.9442702534976407,0.30548565580078185,884,588,492,96,392,102,101,49.75,0,101,0.0,49.75,0,0.0,0,0.0,102,50.25,7.61,28.494,58.946,92.18,427.02,28.564,208.98,12.056,87.99,11.371,83.06,51.6,52.3,49.9,50.6,52.3,62.0,4.8,32.0,5964.0,5964,56
b1e6efc0-2552cc5d,FixedSkip-3,0.44104214488640225,0.2732714889209915,0.8822380530522459,0.28424380450091397,884,604,429,175,455,68,135,66.5,0,135,0.0,66.5,0,0.0,0,0.0,68,33.5,5.47,18.518,61.452,94.836,319.77,26.535,138.44,11.713,60.93,10.946,57.01,51.7,52.2,50.1,50.7,52.2,58.3,4.9,29.6,5964.0,5964,40
b1e6efc0-2552cc5d,FixedSkip-5,0.2969076485772975,0.17855809223753688,0.7600561410431982,0.22420776198023137,884,591,316,275,568,41,162,79.8,0,162,0.0,79.8,0,0.0,0,0.0,41,20.2,3.84,11.531,56.178,89.162,201.1,23.092,82.85,10.909,38.98,10.153,36.33,51.3,51.9,49.8,50.6,51.9,53.4,5.2,27.4,5964.0,5964,28
b1e88fd2-c1e4fd2b,FixedSkip-2,0.5276251115444945,0.34337935563322186,0.9931279778947271,0.2724341466464843,1241,683,659,24,582,97,96,49.74,0,96,0.0,49.74,0,0.0,0,0.0,97,50.26,6.76,27.229,55.951,94.088,366.11,29.898,197.03,12.37,81.31,11.691,76.92,52.0,52.8,50.3,51.2,52.8,57.1,4.7,33.4,5964.0,5964,51
b1e88fd2-c1e4fd2b,FixedSkip-3,0.49782386046838206,0.311215774531096,0.9778098010577859,0.262912227295789,1241,675,631,44,610,65,128,66.32,0,128,0.0,66.32,0,0.0,0,0.0,65,33.68,5.07,18.577,60.917,97.032,290.21,27.288,129.96,11.904,56.48,11.102,52.73,52.1,52.9,50.2,50.5,52.9,59.9,4.9,30.4,5964.0,5964,38
b1e88fd2-c1e4fd2b,FixedSkip-5,0.43834515352610026,0.2547131507681074,0.9437520974347947,0.25261120946728854,1241,685,571,114,670,39,154,79.79,0,154,0.0,79.79,0,0.0,0,0.0,39,20.21,3.5,11.473,56.711,89.976,182.9,23.925,78.83,11.247,36.9,10.414,34.22,51.6,52.3,49.9,50.2,52.3,53.3,4.8,26.6,5966.0,5966,26
b1e8ad72-c3c79240,FixedSkip-2,0.6326087433844755,0.4599806695646141,0.9879024448721825,0.34158381734908144,979,682,625,57,354,102,101,49.75,0,101,0.0,49.75,0,0.0,0,0.0,102,50.25,7.65,28.656,62.094,91.424,456.52,28.378,209.92,12.035,88.85,11.341,83.77,52.1,52.8,50.2,50.7,52.8,63.5,4.9,31.2,5963.0,5966,58
b1e8ad72-c3c79240,FixedSkip-3,0.5771507438242514,0.3983159649152528,0.961375625370758,0.3282475170378834,979,683,583,100,396,68,135,66.5,0,135,0.0,66.5,0,0.0,0,0.0,68,33.5,5.47,18.572,60.089,92.302,317.29,26.663,140.64,11.684,61.52,10.969,57.81,52.0,52.7,50.2,50.6,52.7,56.8,4.9,29.7,5963.0,5963,42
b1e8ad72-c3c79240,FixedSkip-5,0.4590093108560653,0.281124610324526,0.8704939165530869,0.2893937425826755,979,692,505,187,474,41,162,79.8,0,162,0.0,79.8,0,0.0,0,0.0,41,20.2,3.86,11.567,52.509,91.298,193.24,23.211,85.55,10.892,40.0,10.137,37.29,51.6,52.2,49.9,50.3,52.2,50.7,4.9,28.1,5963.0,5963,30
b1e9ee0e-67e26f2e,FixedSkip-2,0.5632539963831997,0.3546713406738019,0.8755415273100238,0.34220283682341396,4556,3757,2896,861,1660,102,101,49.75,0,101,0.0,49.75,0,0.0,0,0.0,102,50.25,8.56,31.723,58.329,94.52,490.09,26.065,219.15,11.539,96.81,10.8,90.69,51.8,52.5,50.2,50.9,52.5,55.0,5.0,29.0,5963.0,5964,67
b1e9ee0e-67e26f2e,FixedSkip-3,0.525006964012309,0.3244447343537646,0.8459923221943144,0.3262910059481587,4556,3697,2799,898,1757,68,135,66.5,0,135,0.0,66.5,0,0.0,0,0.0,68,33.5,7.69,29.306,54.08,92.792,404.98,20.676,154.87,10.327,77.08,9.582,71.61,50.8,51.4,49.5,49.9,51.4,49.6,5.1,24.9,5967.0,5967,60
b1e9ee0e-67e26f2e,FixedSkip-5,0.4891420936501175,0.28891496818781126,0.8227629087654856,0.3214078633262562,4556,3737,2672,1065,1884,41,162,79.8,0,162,0.0,79.8,0,0.0,0,0.0,41,20.2,5.23,17.988,50.559,82.522,250.32,19.375,96.87,10.236,50.92,9.277,46.23,50.4,50.7,48.9,49.1,50.7,45.2,5.3,21.7,5970.0,5971,40
b1ea0ae4-4f770228,FixedSkip-2,0.7500286995731738,0.543006060959446,0.9621074156878644,0.4203015682707799,1598,1427,1238,189,360,100,100,50.0,0,100,0.0,50.0,0,0.0,0,0.0,100,50.0,7.86,29.24,60.267,92.244,457.24,27.294,209.32,11.814,90.3,11.053,84.6,50.8,51.8,49.2,49.9,51.8,60.6,4.9,28.9,5972.0,5972,62
b1ea0ae4-4f770228,FixedSkip-3,0.6238341940731785,0.41726850651991604,0.8947686167656427,0.3875473202175334,1598,1457,1092,365,506,67,133,66.5,0,133,0.0,66.5,0,0.0,0,0.0,67,33.5,5.81,20.234,57.641,97.038,318.69,25.012,139.98,11.334,63.18,10.558,58.92,51.0,51.7,49.3,49.7,51.7,53.8,5.0,28.0,5972.0,5972,45
b1ea0ae4-4f770228,FixedSkip-5,0.435872698594891,0.26462340024606323,0.7958160853058726,0.3166679823911711,1598,1411,817,594,781,40,160,80.0,0,160,0.0,80.0,0,0.0,0,0.0,40,20.0,4.18,12.896,52.771,93.966,205.2,21.571,84.42,10.529,41.01,9.77,38.11,50.6,51.3,49.0,49.3,51.3,50.6,5.0,26.9,5972.0,5972,31
b1eb9133-5cc75c18,FixedSkip-2,0.2123886991346695,0.11859621009857943,0.7820854412004054,0.15336124037596593,567,249,144,105,423,61,60,49.59,0,60,0.0,49.59,0,0.0,0,0.0,61,50.41,4.25,26.769,62.252,87.772,250.45,29.299,117.62,12.296,49.15,11.508,46.07,51.4,52.2,49.6,50.0,52.1,65.6,4.8,29.7,5977.0,5977,32
b1eb9133-5cc75c18,FixedSkip-3,0.14678697926170192,0.08197247370868266,0.6680820322228855,0.1256893703983651,567,252,107,145,460,41,80,66.12,0,80,0.0,66.12,0,0.0,0,0.0,41,33.88,3.14,18.054,63.465,92.392,184.52,27.167,78.77,11.786,34.01,11.053,31.95,51.5,52.1,49.7,50.0,52.1,59.1,4.9,30.2,5974.0,5974,24
b1eb9133-5cc75c18,FixedSkip-5,0.10988176502014144,0.06349464585870473,0.6005580088202214,0.10250677056813735,567,239,82,157,485,25,96,79.34,0,96,0.0,79.34,0,0.0,0,0.0,25,20.66,2.09,10.99,60.697,93.426,112.64,24.527,46.68,11.358,21.55,10.472,19.89,51.3,51.9,49.6,49.9,51.9,58.2,4.7,27.5,5974.0,5975,16
b1ebfc3c-740ec84a,FixedSkip-2,0.5342482123076935,0.3472764122698243,0.9836824663334623,0.2830239009816475,2272,1320,1232,88,1040,102,101,49.75,0,101,0.0,49.75,0,0.0,0,0.0,102,50.25,7.55,27.957,57.703,91.512,415.76,28.838,210.11,12.117,88.14,11.429,83.17,51.9,52.5,50.0,50.5,52.5,61.1,4.9,32.7,5975.0,5975,58
b1ebfc3c-740ec84a,FixedSkip-3,0.4866781807199316,0.28851429766817777,0.9607528866482109,0.2787372848200313,2272,1350,1140,210,1132,68,135,66.5,0,135,0.0,66.5,0,0.0,0,0.0,68,33.5,5.48,19.317,54.558,90.568,282.99,26.391,139.98,11.717,61.76,10.895,57.57,51.7,52.5,49.9,50.4,52.5,52.7,5.0,28.7,6000.0,6012,41
b1ebfc3c-740ec84a,FixedSkip-5,0.36249792529666136,0.19872519599940913,0.8658112277604225,0.23913213422324997,2272,1340,919,421,1353,41,162,79.8,0,162,0.0,79.8,0,0.0,0,0.0,41,20.2,4.28,13.083,50.508,86.986,202.36,21.341,86.61,10.491,42.36,9.734,39.37,51.0,51.7,49.4,49.7,51.7,46.6,5.2,27.7,5989.0,5990,31
b1ebfc3c-cc9c2bb8,FixedSkip-2,0.4867210311468448,0.31856421170751625,0.9301828623104289,0.28795617978960325,1849,1188,955,233,894,101,101,50.0,0,101,0.0,50.0,0,0.0,0,0.0,101,50.0,7.72,29.07,62.879,97.53,464.8,27.855,207.64,11.956,88.92,11.226,83.55,51.7,52.5,50.0,50.8,52.5,63.3,4.8,30.7,5990.0,5990,57
b1ebfc3c-cc9c2bb8,FixedSkip-3,0.4238644293683741,0.2563876626985667,0.8729502878446431,0.27622593500346126,1849,1243,871,372,978,68,134,66.34,0,134,0.0,66.34,0,0.0,0,0.0,68,33.66,5.99,20.856,56.97,92.06,327.79,24.69,141.85,11.25,64.44,10.499,60.21,51.4,52.2,50.0,50.6,52.2,51.7,5.0,28.4,5991.0,5991,44
b1ebfc3c-cc9c2bb8,FixedSkip-5,0.27395942775287346,0.15555189598674693,0.7561853982238896,0.21024218760305505,1849,1148,620,528,1229,41,161,79.7,0,161,0.0,79.7,0,0.0,0,0.0,41,20.3,4.12,12.611,52.641,85.784,202.26,21.825,85.07,10.592,41.16,9.855,38.36,51.0,51.7,49.6,50.1,51.7,51.5,5.1,26.1,5991.0,5991,31
b1ee702d-0ae1fc10,FixedSkip-2,0.40841549606724303,0.25509884053665133,0.9224988533605896,0.24128364389233953,1400,759,613,146,787,102,101,49.75,0,101,0.0,49.75,0,0.0,0,0.0,102,50.25,7.52,27.95,60.839,92.384,441.51,28.658,209.06,12.136,88.21,11.407,83.03,51.8,52.6,50.1,50.7,52.6,61.5,4.8,31.9,5994.0,5994,57
b1ee702d-0ae1fc10,FixedSkip-3,0.3406056115948701,0.20039487023057143,0.8573756661480871,0.22171167815235615,1400,767,543,224,857,68,135,66.5,0,135,0.0,66.5,0,0.0,0,0.0,68,33.5,5.65,18.909,61.193,93.03,326.76,25.988,140.82,11.607,62.72,10.811,58.49,51.7,52.4,50.2,50.7,52.4,57.9,5.1,28.8,5991.0,5991,42
b1ee702d-0ae1fc10,FixedSkip-5,0.24097830093226488,0.12676065806994635,0.7540925495252881,0.1847668586290173,1400,769,413,356,987,41,162,79.8,0,162,0.0,79.8,0,0.0,0,0.0,41,20.2,4.0,11.828,54.594,92.28,200.59,22.622,84.83,10.873,40.59,10.06,37.61,51.3,51.9,49.9,50.3,51.9,51.1,5.1,26.2,5991.0,5992,29
b1ee702d-4a193906,FixedSkip-2,0.1951254728953264,0.12272633448963441,0.9168257542232975,0.11804565109922893,1622,434,340,94,1282,102,101,49.75,0,101,0.0,49.75,0,0.0,0,0.0,102,50.25,7.0,27.248,63.173,94.58,426.1,30.558,208.26,12.52,85.13,11.808,80.35,52.2,53.4,50.4,50.8,53.8,66.5,4.7,33.2,5997.0,5997,52
b1ee702d-4a193906,FixedSkip-3,0.1687815553080505,0.09318565567546641,0.9003812204118813,0.1050653761407217,1622,399,297,102,1325,68,135,66.5,0,135,0.0,66.5,0,0.0,0,0.0,68,33.5,5.07,18.027,67.552,96.438,325.36,27.994,136.42,12.07,58.66,11.263,54.78,52.2,52.9,50.6,51.0,52.9,66.0,4.8,31.3,5993.0,5994,38
b1ee702d-4a193906,FixedSkip-5,0.14355300455421732,0.07434917261354329,0.7921201609586273,0.10148778471836427,1622,455,281,174,1341,41,162,79.8,0,162,0.0,79.8,0,0.0,0,0.0,41,20.2,3.52,11.0,53.852,88.606,169.14,24.344,78.47,11.333,36.39,10.498,33.77,51.8,52.4,50.5,50.8,52.5,51.2,4.9,27.0,5994.0,5995,25
b1f022d3-45162c67,FixedSkip-2,0.5832485458930825,0.4228247851593487,0.9693392050997381,0.31940767598720665,1373,920,823,97,550,101,101,50.0,0,101,0.0,50.0,0,0.0,0,0.0,101,50.0,7.76,28.024,60.25,90.504,448.57,27.9,209.23,11.974,89.62,11.235,84.15,52.1,52.8,50.6,51.1,52.8,61.6,4.9,31.3,5999.0,6003,58
b1f022d3-45162c67,FixedSkip-3,0.5490675803808567,0.37189568139666485,0.9483693383798318,0.31224044838289106,1373,929,789,140,584,68,134,66.34,0,134,0.0,66.34,0,0.0,0,0.0,68,33.66,5.98,19.555,59.144,94.262,339.42,24.581,141.2,11.247,64.44,10.501,60.22,51.8,52.5,50.3,50.7,52.5,56.9,5.0,27.6,6003.0,6007,45
b1f022d3-45162c67,FixedSkip-5,0.42736724746159815,0.27783129006045065,0.8908872926087152,0.26580320161956733,1373,862,646,216,727,41,161,79.7,0,161,0.0,79.7,0,0.0,0,0.0,41,20.3,4.22,12.405,50.629,86.714,201.34,21.57,86.29,10.591,42.18,9.803,39.1,51.2,51.9,50.0,51.1,51.9,51.5,5.1,27.0,6007.0,6007,31
b1f0efd9-37a14dda,FixedSkip-2,0.6358771437008228,0.44744836501980645,0.9400357968499704,0.37014989911914215,1667,1354,1116,238,551,102,101,49.75,0,101,0.0,49.75,0,0.0,0,0.0,102,50.25,7.58,28.045,62.142,91.838,456.75,28.523,210.18,12.076,88.76,11.378,83.72,52.0,52.8,50.3,51.0,52.8,61.7,4.8,31.5,6011.0,6012,58
b1f0efd9-37a14dda,FixedSkip-3,0.5328799547398958,0.35478028614489343,0.8910398688700139,0.3349877535805056,1667,1326,973,353,694,68,135,66.5,0,135,0.0,66.5,0,0.0,0,0.0,68,33.5,5.68,19.139,59.303,95.706,320.2,25.677,141.17,11.494,62.9,10.721,58.8,51.8,52.5,50.2,50.8,52.5,54.5,5.1,27.5,6007.0,6007,43
b1f0efd9-37a14dda,FixedSkip-5,0.41775253659267414,0.2601913965731787,0.7867718874092813,0.2964838504380342,1667,1379,845,534,822,41,162,79.8,0,162,0.0,79.8,0,0.0,0,0.0,41,20.2,4.19,12.692,52.486,89.646,204.98,21.96,85.6,10.604,41.14,9.903,38.47,51.3,51.9,49.8,50.3,51.9,51.1,5.1,27.0,6006.0,6007,30
b1f0efd9-e900c6e5,FixedSkip-2,0.5561677457358432,0.36373590648598053,0.9145711925776738,0.3447064229757134,2006,1586,1192,394,814,101,101,50.0,0,101,0.0,50.0,0,0.0,0,0.0,101,50.0,7.79,28.872,57.926,95.332,436.18,27.73,210.87,11.879,90.12,11.185,84.91,51.8,52.8,50.1,50.9,52.8,59.2,4.9,30.3,6010.0,6013,58
b1f0efd9-e900c6e5,FixedSkip-3,0.4152133275950009,0.25237888394924834,0.8195623055244412,0.29753716905709204,2006,1595,954,641,1052,68,134,66.34,0,134,0.0,66.34,0,0.0,0,0.0,68,33.66,6.13,20.736,54.954,93.19,321.17,24.156,142.12,11.112,65.19,10.383,60.98,51.5,52.2,50.1,50.6,52.2,52.2,5.1,27.4,6008.0,6008,48
b1f0efd9-e900c6e5,FixedSkip-5,0.2613639872681712,0.15459135686222467,0.668533757472736,0.22576181511679827,2006,1601,671,930,1335,41,161,79.7,0,161,0.0,79.7,0,0.0,0,0.0,41,20.3,4.38,13.239,51.285,88.058,212.61,21.041,87.43,10.429,43.1,9.673,40.05,51.0,51.6,49.5,50.3,51.6,45.3,5.3,26.5,6009.0,6009,33
b1f20aa0-3401c3bf,FixedSkip-2,0.3445535728593916,0.22960966756704798,0.9790211002824231,0.1841413383364603,2050,780,720,60,1330,101,101,50.0,0,101,0.0,50.0,0,0.0,0,0.0,101,50.0,7.19,27.571,60.791,90.976,421.33,29.528,206.76,12.296,85.85,11.568,80.84,51.9,52.7,50.0,50.6,52.7,65.7,4.7,32.4,6010.0,6010,56
b1f20aa0-3401c3bf,FixedSkip-3,0.30671372097632993,0.1975543216053657,0.9342808529302844,0.17606832922261803,2050,801,667,134,1383,68,134,66.34,0,134,0.0,66.34,0,0.0,0,0.0,68,33.66,5.39,18.794,59.068,89.3,298.57,26.757,137.09,11.775,60.16,10.978,56.13,51.9,52.6,50.2,50.7,52.6,56.6,5.0,29.5,6008.0,6008,41
b1f20aa0-3401c3bf,FixedSkip-5,0.22767770657574926,0.13129916416793644,0.8095031870145624,0.15020099911842494,2050,830,560,270,1490,41,161,79.7,0,161,0.0,79.7,0,0.0,0,0.0,41,20.3,3.85,11.885,55.338,90.288,198.5,23.18,83.24,10.912,39.02,10.118,36.24,51.5,52.1,49.9,50.2,52.1,51.5,5.0,27.6,6008.0,6008,29
b1f20aa0-50213047,FixedSkip-2,0.14732413078664874,0.08552492375466318,0.9386912043531804,0.08008936965868396,1046,181,164,17,882,102,101,49.75,0,101,0.0,49.75,0,0.0,0,0.0,102,50.25,7.22,26.712,65.847,93.838,454.76,29.705,206.29,12.383,85.8,11.616,80.56,52.3,53.0,50.4,50.9,53.0,69.0,4.7,33.0,6012.0,6012,55
b1f20aa0-50213047,FixedSkip-3,0.1213837890449673,0.071444257657518,0.8759898667675357,0.0698328850287887,1046,177,144,33,902,68,135,66.5,0,135,0.0,66.5,0,0.0,0,0.0,68,33.5,5.3,17.641,60.84,95.798,307.99,27.189,137.92,11.88,60.07,11.053,55.94,52.2,53.3,50.5,50.8,53.3,57.2,4.8,30.1,6009.0,6009,41
b1f20aa0-50213047,FixedSkip-5,0.11569427608053787,0.06827674696971504,0.8443236236953168,0.06743879885904147,1046,183,142,41,904,41,162,79.8,0,162,0.0,79.8,0,0.0,0,0.0,41,20.2,3.68,11.04,52.624,88.872,178.95,23.882,82.86,11.077,38.26,10.312,35.68,51.8,52.5,50.2,50.5,52.5,52.1,4.8,27.9,6009.0,6009,28
b1f20aa0-6ef1db42,FixedSkip-2,0.30503587750185024,0.1718380783878261,0.9045958384190012,0.1843454338052741,2129,910,707,203,1422,101,101,50.0,0,101,0.0,50.0,0,0.0,0,0.0,101,50.0,7.02,27.363,67.12,94.84,454.18,30.216,205.9,12.462,84.73,11.723,79.75,52.5,53.2,50.6,51.1,53.2,68.5,4.7,33.5,6010.0,6010,55
b1f20aa0-6ef1db42,FixedSkip-3,0.24360529505881262,0.12215226565251924,0.8474054856269517,0.16402024190823128,2129,884,590,294,1539,68,134,66.34,0,134,0.0,66.34,0,0.0,0,0.0,68,33.66,5.34,19.195,61.488,99.056,311.04,27.082,137.51,11.872,60.14,11.079,56.17,52.4,53.3,50.6,50.9,53.3,60.9,5.0,29.9,6011.0,6012,39
b1f20aa0-6ef1db42,FixedSkip-5,0.18327416236302935,0.08303220170475782,0.7604351949923625,0.13365992180642203,2129,831,487,344,1642,41,161,79.7,0,161,0.0,79.7,0,0.0,0,0.0,41,20.3,3.75,11.853,51.87,90.134,177.4,23.564,83.04,11.048,38.75,10.275,36.1,51.8,52.5,50.2,50.6,52.5,45.8,5.0,26.8,6013.0,6013,27
b1f25ff6-1ddb7e43,FixedSkip-2,0.6165255627509177,0.4264045229927539,0.9352539337308291,0.36935642936951085,1294,1061,839,222,455,102,101,49.75,0,101,0.0,49.75,0,0.0,0,0.0,102,50.25,7.72,28.12,62.545,91.658,459.53,28.243,209.61,12.019,89.0,11.289,83.66,52.3,53.1,50.5,51.0,53.1,61.9,4.9,31.5,6014.0,6014,59
b1f25ff6-1ddb7e43,FixedSkip-3,0.49027825709886724,0.31293088383403367,0.8572239593356086,0.33337340431621726,1294,1080,708,372,586,68,135,66.5,0,135,0.0,66.5,0,0.0,0,0.0,68,33.5,5.8,18.997,64.288,94.726,360.82,25.398,141.33,11.395,63.2,10.625,58.99,52.1,53.2,50.4,50.7,53.2,59.2,5.0,27.9,6014.0,6014,45
b1f25ff6-1ddb7e43,FixedSkip-5,0.3788260707174873,0.22232846774664158,0.7806063968026068,0.28629931037089923,1294,1063,574,489,720,41,162,79.8,0,162,0.0,79.8,0,0.0,0,0.0,41,20.2,4.22,12.283,50.258,89.544,198.34,21.663,85.51,10.483,41.19,9.788,38.53,51.5,52.2,49.9,50.2,52.2,49.0,5.1,27.8,6014.0,6014,32
b1f4491b-07b32e8c,FixedSkip-2,0.5252129323679176,0.3282764834678657,0.9236547267858911,0.3183186820211073,1818,1308,1015,293,803,102,101,49.75,0,101,0.0,49.75,0,0.0,0,0.0,102,50.25,7.75,28.584,62.019,92.436,462.38,28.065,211.01,11.972,89.75,11.227,84.25,52.1,53.2,50.3,51.2,53.2,63.2,4.9,31.0,6015.0,6015,59
b1f4491b-07b32e8c,FixedSkip-3,0.42985961715213905,0.25128472907231897,0.846412059755406,0.29043108619925884,1818,1346,886,460,932,68,135,66.5,0,135,0.0,66.5,0,0.0,0,0.0,68,33.5,5.79,19.599,58.408,90.71,320.08,25.427,141.1,11.358,62.85,10.655,59.02,52.0,52.7,50.4,51.2,52.7,55.3,5.0,28.3,6016.0,6016,44
b1f4491b-07b32e8c,FixedSkip-5,0.26948815142129945,0.1521337516483697,0.6983897015692297,0.21816217308898697,1818,1317,628,689,1190,41,162,79.8,0,162,0.0,79.8,0,0.0,0,0.0,41,20.2,4.15,12.542,53.949,88.044,204.13,21.788,84.03,10.616,40.69,9.842,37.82,51.4,52.1,50.1,50.8,52.1,51.7,5.0,25.9,6016.0,6016,30
b1f4491b-09593e90,FixedSkip-2,0.5715237532767385,0.41450137959532407,0.9856311548556496,0.3041069534545275,1142,710,661,49,481,101,101,50.0,0,101,0.0,50.0,0,0.0,0,0.0,101,50.0,7.26,27.389,61.639,94.092,430.8,29.327,207.11,12.232,86.16,11.528,81.28,52.2,53.0,50.4,51.2,53.0,65.0,4.7,32.6,6018.0,6019,55
b1f4491b-09593e90,FixedSkip-3,0.5181367285985876,0.3434903130286396,0.9564087513861466,0.2969632657780818,1142,727,613,114,529,68,134,66.34,0,134,0.0,66.34,0,0.0,0,0.0,68,33.66,5.45,18.612,58.621,91.184,302.64,26.603,139.48,11.707,61.2,10.948,57.27,52.2,52.9,50.6,51.3,52.9,58.0,5.0,29.6,6017.0,6017,41
b1f4491b-09593e90,FixedSkip-5,0.44144610454246175,0.26610538024978475,0.904885007534396,0.2752904281494295,1142,731,544,187,598,41,161,79.7,0,161,0.0,79.7,0,0.0,0,0.0,41,20.3,4.4,14.521,50.574,86.406,224.39,20.839,91.05,10.574,44.93,9.81,41.74,51.4,52.3,50.2,51.1,52.3,49.8,5.3,27.0,6017.0,6017,33
b1f4491b-16256d7c,FixedSkip-2,0.5236921018700167,0.3208101469301576,0.8975953539352979,0.3268449986855175,2797,2146,1596,550,1201,101,101,50.0,0,101,0.0,50.0,0,0.0,0,0.0,101,50.0,7.92,29.665,58.427,96.164,447.37,27.461,211.09,11.806,90.56,11.103,85.22,52.0,53.2,50.3,51.2,53.2,56.9,4.9,30.4,6021.0,6021,61
b1f4491b-16256d7c,FixedSkip-3,0.42814645437914106,0.23841539988059876,0.8280015197743102,0.29804285294865446,2797,2181,1380,801,1417,68,134,66.34,0,134,0.0,66.34,0,0.0,0,0.0,68,33.66,6.22,22.169,56.054,96.388,331.72,23.951,143.68,11.062,66.09,10.317,61.74,51.6,52.3,50.2,50.9,52.3,51.5,5.0,26.7,6018.0,6018,48
b1f4491b-16256d7c,FixedSkip-5,0.273699132672887,0.14947719813248675,0.6810712438952031,0.23026866924916278,2797,2180,1006,1174,1791,41,161,79.7,0,161,0.0,79.7,0,0.0,0,0.0,41,20.3,4.41,14.011,52.448,88.204,220.31,20.706,85.54,10.406,42.82,9.575,39.47,51.0,51.6,49.7,50.1,51.6,48.0,5.1,24.5,6022.0,6022,33
b1f4491b-33824f31,FixedSkip-2,0.5650791021841362,0.3448442750467882,0.907034765238795,0.3478502906341506,2610,2104,1593,511,1017,101,101,50.0,0,101,0.0,50.0,0,0.0,0,0.0,101,50.0,8.3,30.46,58.266,95.164,468.78,26.318,213.75,11.566,93.66,10.837,87.86,51.5,52.5,49.9,50.8,52.5,57.0,4.9,28.2,6025.0,6025,62
b1f4491b-33824f31,FixedSkip-3,0.4358302425335923,0.25905981332408273,0.8115287310852404,0.3058961359252062,2610,2147,1336,811,1274,68,134,66.34,0,134,0.0,66.34,0,0.0,0,0.0,68,33.66,6.58,23.038,50.443,89.05,323.79,22.889,145.36,10.8,68.36,10.074,63.87,51.2,52.0,49.7,50.3,52.1,46.4,5.1,26.6,6022.0,6022,48
b1f4491b-33824f31,FixedSkip-5,0.27970017405666503,0.1548514104552537,0.6888929591320634,0.23012275785821848,2610,2010,955,1055,1655,41,161,79.7,0,161,0.0,79.7,0,0.0,0,0.0,41,20.3,4.48,13.863,48.295,84.5,205.19,20.407,85.99,10.335,43.28,9.58,40.23,50.7,51.3,49.4,49.8,51.3,42.6,5.2,25.1,6025.0,6026,33
b1f4491b-846d8cb2,FixedSkip-2,0.5761939183053535,0.4350792239181083,0.9756483863494474,0.3229372651545333,1567,1054,919,135,648,101,101,50.0,0,101,0.0,50.0,0,0.0,0,0.0,101,50.0,7.7,27.961,58.627,96.332,435.07,27.952,210.03,11.944,89.44,11.235,84.21,51.5,52.3,49.7,50.2,52.3,61.0,4.8,30.3,6027.0,6028,60
b1f4491b-846d8cb2,FixedSkip-3,0.5257418728875776,0.3787459007864974,0.9363699777144411,0.31129760020269637,1567,1078,868,210,699,68,134,66.34,0,134,0.0,66.34,0,0.0,0,0.0,68,33.66,5.89,19.366,59.778,89.718,339.27,25.044,142.43,11.363,64.39,10.54,59.79,51.5,52.2,49.8,50.1,52.2,57.9,5.0,28.2,6027.0,6027,46
b1f4491b-846d8cb2,FixedSkip-5,0.42929811766431775,0.2780569101050196,0.8873058086469917,0.2820074412108222,1567,1060,729,331,838,41,161,79.7,0,161,0.0,79.7,0,0.0,0,0.0,41,20.3,4.25,12.451,49.545,90.294,198.53,21.526,86.36,10.509,41.95,9.78,39.12,51.0,51.7,49.4,49.7,51.7,47.7,5.1,27.1,6027.0,6027,32
b1f4491b-97465266,FixedSkip-2,0.5191267556768492,0.33461313590271585,0.9660107240161524,0.28766124903863177,1845,1117,987,130,858,102,101,49.75,0,101,0.0,49.75,0,0.0,0,0.0,102,50.25,7.79,28.077,63.423,98.586,473.4,27.913,209.94,11.937,89.54,11.233,84.34,51.7,52.7,49.9,50.5,52.7,62.0,4.8,30.7,6028.0,6028,60
b1f4491b-97465266,FixedSkip-3,0.48158913588533125,0.29403370237807824,0.9451338422521789,0.27364053567542973,1845,1096,934,162,911,68,135,66.5,0,135,0.0,66.5,0,0.0,0,0.0,68,33.5,5.95,19.512,55.862,95.838,310.39,24.916,140.33,11.281,63.37,10.54,59.26,51.6,52.4,49.9,50.3,52.4,53.2,5.0,28.3,6028.0,6028,45
b1f4491b-97465266,FixedSkip-5,0.4072166475718384,0.2342279780378859,0.8859901223197217,0.25070114796648424,1845,1089,837,252,1008,41,162,79.8,0,162,0.0,79.8,0,0.0,0,0.0,41,20.2,4.24,12.442,52.194,83.584,209.4,21.637,85.95,10.497,41.47,9.774,38.7,51.1,51.8,49.4,49.8,51.8,50.5,5.1,27.6,6028.0,6028,32
b1f4491b-9958bd99,FixedSkip-2,0.5633439241011304,0.3308878100046302,0.9117363761703015,0.3401081747797752,2775,2162,1689,473,1086,101,101,50.0,0,101,0.0,50.0,0,0.0,0,0.0,101,50.0,8.25,30.127,65.056,92.17,516.1,26.716,213.64,11.664,92.97,10.928,87.21,51.6,52.3,49.9,50.7,52.3,64.7,5.0,29.4,6029.0,6029,63
b1f4491b-9958bd99,FixedSkip-3,0.4545182497859893,0.24209884894306866,0.8444136713941074,0.30253925778678253,2775,2121,1451,670,1324,68,134,66.34,0,134,0.0,66.34,0,0.0,0,0.0,68,33.66,6.5,22.515,54.9,93.422,346.9,23.301,146.33,10.894,68.11,10.129,63.44,51.2,52.0,49.8,50.4,52.0,50.1,5.1,26.3,6029.0,6029,51
b1f4491b-9958bd99,FixedSkip-5,0.28706278391550266,0.15173339253366253,0.7062895478870792,0.23226377893044559,2775,2079,1029,1050,1746,41,161,79.7,0,161,0.0,79.7,0,0.0,0,0.0,41,20.3,4.57,14.115,47.069,83.24,203.08,20.438,88.67,10.309,44.44,9.52,41.13,50.7,51.3,49.4,50.0,51.3,43.2,5.2,25.7,6029.0,6030,35
b1f4491b-bf7d513f,FixedSkip-2,0.5403265716609003,0.37207071714209117,0.9384752332786224,0.32270477198231556,1359,968,770,198,589,102,101,49.75,0,101,0.0,49.75,0,0.0,0,0.0,102,50.25,7.53,28.013,60.615,94.712,445.44,28.657,211.33,12.126,89.13,11.379,83.74,51.6,52.5,49.8,50.9,52.4,62.0,4.9,31.1,6030.0,6030,59
b1f4491b-bf7d513f,FixedSkip-3,0.47496142051912504,0.29935934777268586,0.9014457351665333,0.3067083137311668,1359,976,692,284,667,68,135,66.5,0,135,0.0,66.5,0,0.0,0,0.0,68,33.5,5.71,19.292,57.081,90.434,309.93,25.804,141.78,11.493,62.93,10.739,58.86,51.6,52.4,50.0,50.6,52.4,54.5,5.0,28.9,6027.0,6027,44
b1f4491b-bf7d513f,FixedSkip-5,0.3326863995753294,0.19922202813021075,0.7957824288641829,0.24933821603621806,1359,944,522,422,837,41,162,79.8,0,162,0.0,79.8,0,0.0,0,0.0,41,20.2,3.76,11.779,53.082,87.648,193.08,23.385,84.1,10.967,39.21,10.153,36.39,51.3,52.0,49.7,50.2,52.1,51.6,4.8,27.1,6027.0,6027,29
b1f4491b-cf446195,FixedSkip-2,0.40554273318068823,0.2672769342073499,0.8830075667973605,0.26283885947803476,2910,1850,1291,559,1619,101,101,50.0,0,101,0.0,50.0,0,0.0,0,0.0,101,50.0,7.74,29.492,59.738,95.02,440.2,27.966,208.6,11.976,89.06,11.233,83.61,51.9,52.8,50.2,50.8,52.8,59.4,4.8,30.8,6027.0,6028,57
b1f4491b-cf446195,FixedSkip-3,0.35629319121722247,0.22405339306819821,0.8277766112476863,0.25016609094441733,2910,1919,1185,734,1725,68,134,66.34,0,134,0.0,66.34,0,0.0,0,0.0,68,33.66,6.34,22.423,55.031,92.138,336.69,23.669,144.52,11.002,66.91,10.283,62.65,51.4,52.5,50.0,50.6,52.5,49.3,5.0,27.2,6024.0,6024,46
b1f4491b-cf446195,FixedSkip-5,0.23570973333645684,0.14050538447455513,0.7119548067859669,0.19357077625570776,2910,1825,851,974,2059,41,161,79.7,0,161,0.0,79.7,0,0.0,0,0.0,41,20.3,4.48,14.107,49.912,91.058,213.64,20.786,87.75,10.422,43.76,9.544,40.14,50.8,51.5,49.5,50.0,51.5,45.8,5.2,26.6,6026.0,6026,32
b1f4491b-d8d1459c,FixedSkip-2,0.6007656036706037,0.41398428955074024,0.9503431775622786,0.3452606265988276,1508,1124,945,179,563,102,101,49.75,0,101,0.0,49.75,0,0.0,0,0.0,102,50.25,7.75,28.118,60.785,94.436,454.69,28.154,213.01,11.962,90.27,11.217,84.73,51.6,52.6,50.0,50.6,52.6,60.5,4.9,30.5,6020.0,6028,61
b1f4491b-d8d1459c,FixedSkip-3,0.5223287757874842,0.3466672728687849,0.916641840528096,0.3188470364074677,1508,1097,843,254,665,68,135,66.5,0,135,0.0,66.5,0,0.0,0,0.0,68,33.5,5.86,19.232,53.595,90.614,299.69,25.17,141.04,11.335,63.31,10.605,59.3,51.5,52.2,50.0,50.4,52.2,51.6,5.1,27.9,6014.0,6020,45
b1f4491b-d8d1459c,FixedSkip-5,0.4022535459324151,0.24023598719631228,0.8121506383046349,0.2820939901609749,1508,1149,709,440,799,41,162,79.8,0,162,0.0,79.8,0,0.0,0,0.0,41,20.2,4.2,12.304,51.252,91.062,201.05,21.699,85.31,10.595,41.48,9.799,38.41,51.1,51.8,49.7,50.3,51.8,48.8,5.1,27.6,6012.0,6012,32
b1f4491b-dd8dfed5,FixedSkip-2,0.4810320603300554,0.3322588839184385,0.9461770324515678,0.2841557640345127,2330,1447,1167,280,1163,102,101,49.75,0,101,0.0,49.75,0,0.0,0,0.0,102,50.25,7.67,28.523,62.101,94.58,462.23,28.246,210.86,12.009,89.42,11.291,84.14,51.8,52.6,50.2,51.0,52.6,62.7,4.9,31.2,6012.0,6013,60
b1f4491b-dd8dfed5,FixedSkip-3,0.40762468489579995,0.2572274957928421,0.901552361124108,0.2587614525309713,2330,1410,1024,386,1306,68,135,66.5,0,135,0.0,66.5,0,0.0,0,0.0,68,33.5,5.83,19.769,58.735,94.55,327.58,25.257,141.14,11.422,63.58,10.609,59.14,51.6,52.3,50.1,50.6,52.3,54.8,5.0,27.7,6014.0,6014,45
b1f4491b-dd8dfed5,FixedSkip-5,0.2588652598265924,0.15478177905916746,0.7486781265895416,0.2023650550554792,2330,1418,735,683,1595,41,162,79.8,0,162,0.0,79.8,0,0.0,0,0.0,41,20.2,4.14,12.549,53.617,91.952,204.24,21.953,84.26,10.733,40.97,9.842,37.65,51.1,51.8,49.8,50.2,51.8,50.2,5.1,26.4,6015.0,6016,31
b1f6c103-5ce1f3c6,FixedSkip-2,0.37897455871448626,0.2378730260713955,0.9594723684808093,0.21780699022791644,762,354,298,56,464,90,89,49.72,0,89,0.0,49.72,0,0.0,0,0.0,90,50.28,6.18,27.14,68.658,91.166,404.79,30.213,178.31,12.524,73.63,11.735,69.07,52.0,52.8,50.4,51.1,52.8,74.1,4.6,32.7,6016.0,6017,47
b1f6c103-5ce1f3c6,FixedSkip-3,0.3025605054071772,0.18568087432814218,0.9127149930594542,0.18843320566802263,762,331,246,85,516,60,119,66.48,0,119,0.0,66.48,0,0.0,0,0.0,60,33.52,4.48,17.941,64.664,93.842,272.18,28.279,120.05,12.108,51.22,11.299,47.84,52.2,52.9,50.6,51.1,52.9,64.2,4.9,31.7,6016.0,6017,34
b1f6c103-5ce1f3c6,FixedSkip-5,0.21524485285310002,0.10774997623113462,0.7793299091211955,0.15689791734613054,762,338,199,139,563,36,143,79.89,0,143,0.0,79.89,0,0.0,0,0.0,36,20.11,3.02,10.826,57.41,94.526,162.14,25.292,71.91,11.525,32.62,10.627,30.13,51.9,52.5,50.5,50.8,52.4,57.5,4.8,28.1,6017.0,6017,23
b1f6c103-8b75ea3e,FixedSkip-2,0.372211545547279,0.2364718136956822,0.9601101062859017,0.20599914236706687,2420,1060,934,126,1486,101,101,50.0,0,101,0.0,50.0,0,0.0,0,0.0,101,50.0,7.3,27.837,64.135,96.238,455.2,29.35,209.23,12.288,87.44,11.521,82.04,52.4,53.0,50.7,51.2,53.0,66.0,4.8,32.9,6017.0,6017,57
b1f6c103-8b75ea3e,FixedSkip-3,0.31502631554041116,0.19405630725089243,0.912475677260131,0.1864241569205858,2420,1031,826,205,1594,68,134,66.34,0,134,0.0,66.34,0,0.0,0,0.0,68,33.66,5.53,19.283,58.511,89.142,302.79,26.308,138.15,11.654,61.02,10.862,56.94,52.1,52.8,50.7,51.2,52.7,57.6,5.0,29.2,6017.0,6017,42
b1f6c103-8b75ea3e,FixedSkip-5,0.2437260982085501,0.1403154474280987,0.8055535147646029,0.1632722324873018,2420,1069,710,359,1710,41,161,79.7,0,161,0.0,79.7,0,0.0,0,0.0,41,20.3,3.96,12.179,50.796,86.498,190.63,22.712,85.39,10.852,40.63,10.042,37.67,51.6,52.2,50.2,50.7,52.2,46.1,5.1,26.2,6018.0,6020,30
b1f6c103-b00e8aad,FixedSkip-2,0.4599572564508706,0.33434480364109304,0.9784638192714233,0.24958948357821795,2271,1174,1064,110,1207,101,101,50.0,0,101,0.0,50.0,0,0.0,0,0.0,101,50.0,7.5,28.378,63.172,95.732,457.08,28.675,209.38,12.15,88.44,11.363,82.8,52.2,52.8,50.6,51.2,52.8,63.8,4.8,31.6,6020.0,6020,57
b1f6c103-b00e8aad,FixedSkip-3,0.4012045701989986,0.2794297353944562,0.940694302911612,0.2320846236895461,2271,1153,960,193,1311,68,134,66.34,0,134,0.0,66.34,0,0.0,0,0.0,68,33.66,5.73,19.764,55.333,92.858,299.84,25.697,141.58,11.493,63.1,10.721,58.93,52.0,52.6,50.6,51.0,52.6,55.8,5.0,28.0,6021.0,6021,43
b1f6c103-b00e8aad,FixedSkip-5,0.3397995224435349,0.22526469465451923,0.8937476039889207,0.21499120283796638,2271,1155,841,314,1430,41,161,79.7,0,161,0.0,79.7,0,0.0,0,0.0,41,20.3,4.1,12.613,57.647,94.82,219.05,22.236,86.06,10.747,41.42,9.977,38.52,51.5,52.1,50.0,50.4,52.1,53.5,5.0,26.8,6021.0,6021,30
b1f85377-44885085,FixedSkip-2,0.4967916636406742,0.316989231325372,0.8694994534766343,0.32547340159703503,1434,1147,792,355,642,102,101,49.75,0,101,0.0,49.75,0,0.0,0,0.0,102,50.25,7.54,28.592,64.097,93.754,462.48,28.673,208.87,12.142,88.22,11.412,83.0,52.1,52.8,50.5,51.1,52.8,64.3,4.8,31.6,6024.0,6024,57
b1f85377-44885085,FixedSkip-3,0.40297041046965,0.23945661659644876,0.8016987520554386,0.2843260650179723,1434,1107,690,417,744,68,135,66.5,0,135,0.0,66.5,0,0.0,0,0.0,68,33.5,5.62,19.303,58.173,91.652,306.47,25.981,138.76,11.54,61.44,10.785,57.49,52.0,52.6,50.6,51.0,52.6,56.6,5.0,29.0,6024.0,6024,43
b1f85377-44885085,FixedSkip-5,0.27205753668352817,0.15453257655444513,0.6610042536588827,0.2318306253006079,1434,1157,535,622,899,41,162,79.8,0,162,0.0,79.8,0,0.0,0,0.0,41,20.2,3.98,12.03,52.241,90.9,198.32,22.579,85.87,10.854,41.04,10.004,37.91,51.6,52.2,50.2,50.7,52.2,49.9,5.1,25.8,6024.0,6024,30
b1fbaab8-68db7df7,FixedSkip-2,0.6610120403415991,0.4895939499775177,0.9925930494771835,0.34712838621662506,1108,778,737,41,371,101,101,50.0,0,101,0.0,50.0,0,0.0,0,0.0,101,50.0,7.23,27.538,65.55,96.016,457.98,29.553,207.37,12.311,86.18,11.573,81.1,52.4,53.5,50.5,51.0,53.5,67.2,4.8,32.9,6025.0,6025,55
b1fbaab8-68db7df7,FixedSkip-3,0.6114973590665687,0.4172343956901982,0.9760338034739245,0.33241702421229696,1108,764,692,72,416,68,134,66.34,0,134,0.0,66.34,0,0.0,0,0.0,68,33.66,5.46,18.9,60.909,92.438,312.27,26.625,137.96,11.644,60.17,10.964,56.72,52.3,52.9,50.6,51.1,52.9,58.7,4.9,29.6,6019.0,6019,40
b1fbaab8-68db7df7,FixedSkip-5,0.524645571694824,0.32082159214031586,0.9338049473219282,0.3027036941660066,1108,743,617,126,491,41,161,79.7,0,161,0.0,79.7,0,0.0,0,0.0,41,20.3,3.84,11.669,55.896,89.552,192.58,23.26,82.19,10.992,38.72,10.173,35.88,51.9,52.5,50.4,50.8,52.5,52.2,5.1,27.5,6019.0,6019,28
b1fbf878-b31a8293,FixedSkip-2,0.47723471968133213,0.31197121095480146,0.9675468281081007,0.26460921007862265,2215,1234,1087,147,1128,101,100,49.75,0,100,0.0,49.75,0,0.0,0,0.0,101,50.25,7.45,28.244,63.893,93.486,462.95,28.865,209.03,12.146,87.79,11.438,82.71,52.5,53.2,50.8,51.4,53.2,64.5,4.8,32.3,6024.0,6024,59
b1fbf878-b31a8293,FixedSkip-3,0.4198008752724659,0.24088479331948878,0.9219839201567541,0.2525557229642419,2215,1263,993,270,1222,67,134,66.67,0,134,0.0,66.67,0,0.0,0,0.0,67,33.33,5.68,19.72,57.818,93.622,307.19,25.522,137.38,11.494,61.65,10.711,57.53,52.1,52.8,50.6,51.2,52.8,54.2,4.9,28.0,6024.0,6024,43
b1fbf878-b31a8293,FixedSkip-5,0.28359208159095683,0.15859726074999506,0.811505815390436,0.2019061951341861,2215,1215,727,488,1488,41,160,79.6,0,160,0.0,79.6,0,0.0,0,0.0,41,20.4,4.05,12.487,57.589,90.088,215.71,22.131,84.81,10.761,40.94,9.991,38.12,51.6,52.2,50.1,50.7,52.2,53.7,5.1,25.6,6028.0,6028,30
b1fc95c9-644e3c3f,FixedSkip-2,0.6390268736915357,0.4727025607775042,0.8759530564222278,0.40137493153088005,1516,1474,1083,391,433,101,101,50.0,0,101,0.0,50.0,0,0.0,0,0.0,101,50.0,8.02,28.631,61.709,91.97,480.33,27.158,211.55,11.737,91.13,11.037,85.8,52.0,52.9,50.5,51.2,52.9,58.3,5.0,30.0,6028.0,6029,62
b1fc95c9-644e3c3f,FixedSkip-3,0.5552782741994634,0.3933377576034674,0.8181322614663832,0.37864067882782987,1516,1505,998,507,518,68,134,66.34,0,134,0.0,66.34,0,0.0,0,0.0,68,33.66,6.23,20.544,52.541,90.698,308.07,23.914,142.13,11.046,65.4,10.324,61.2,51.7,52.4,50.3,50.8,52.3,49.5,5.1,27.2,6029.0,6029,47
b1fc95c9-644e3c3f,FixedSkip-5,0.4011286064427403,0.2871103842109947,0.7213277243581971,0.3192718315168053,1516,1491,787,704,729,41,161,79.7,0,161,0.0,79.7,0,0.0,0,0.0,41,20.3,4.52,13.232,52.056,89.408,217.83,20.647,88.51,10.404,44.36,9.585,40.93,51.1,51.9,49.8,50.2,51.9,48.5,5.2,25.5,6029.0,6030,33
b1fc95c9-cb2882c7,FixedSkip-2,0.6914101033043937,0.49700940378742436,0.9121536813031232,0.41375980326064354,3158,2978,2365,613,793,101,101,50.0,0,101,0.0,50.0,0,0.0,0,0.0,101,50.0,8.72,32.018,57.534,96.8,484.43,25.4,216.46,11.434,97.12,10.675,90.76,51.6,52.2,50.1,50.5,52.2,54.0,4.9,27.8,6034.0,6035,66
b1fc95c9-cb2882c7,FixedSkip-3,0.5959734290778865,0.4082808354139159,0.856794066295818,0.38786600464206605,3158,3038,2142,896,1016,68,134,66.34,0,134,0.0,66.34,0,0.0,0,0.0,68,33.66,7.68,28.181,42.647,90.582,321.63,20.925,157.06,10.335,77.25,9.677,72.44,50.7,51.5,49.5,49.9,51.5,35.8,5.2,26.1,6035.0,6036,58
b1fc95c9-cb2882c7,FixedSkip-5,0.42716104660326515,0.2684763574620482,0.7593468208339673,0.32083466301716296,3158,2951,1672,1279,1486,41,161,79.7,0,161,0.0,79.7,0,0.0,0,0.0,41,20.3,5.04,16.686,55.992,87.062,269.87,19.131,91.27,10.104,47.89,9.234,43.88,50.3,51.0,49.0,49.5,51.0,54.9,5.2,22.6,6036.0,6037,37
b1ff4656-0435391e,FixedSkip-2,0.5917133419561841,0.3965199182089693,0.9217035295946229,0.3544078100583578,2561,2052,1620,432,941,101,101,50.0,0,101,0.0,50.0,0,0.0,0,0.0,101,50.0,8.1,30.43,60.323,94.294,468.59,26.813,209.98,11.703,91.38,10.977,85.8,51.0,52.1,49.4,50.3,52.1,58.0,4.9,28.3,6039.0,6039,61
b1ff4656-0435391e,FixedSkip-3,0.4724064304645278,0.2931964099635981,0.8488141539021931,0.31421500785180834,2561,2028,1381,647,1180,68,134,66.34,0,134,0.0,66.34,0,0.0,0,0.0,68,33.66,6.38,22.439,54.211,88.444,330.58,23.432,143.12,10.989,66.9,10.227,62.36,50.9,51.8,49.5,49.9,51.8,50.6,4.9,26.6,6038.0,6038,48
b1ff4656-0435391e,FixedSkip-5,0.321437746374425,0.18401613782768286,0.7103153886227541,0.25769980824120725,2561,2111,1062,1049,1499,41,161,79.7,0,161,0.0,79.7,0,0.0,0,0.0,41,20.3,4.43,14.011,51.487,89.468,212.61,20.818,87.24,10.403,43.42,9.64,40.29,50.5,51.2,49.2,49.7,51.2,47.0,5.2,26.0,6038.0,6039,34
b1ff4656-94ee8536,FixedSkip-2,0.6153832923248231,0.4805760780846951,0.9865888565152278,0.32043307261248205,1439,940,897,43,542,102,101,49.75,0,101,0.0,49.75,0,0.0,0,0.0,102,50.25,7.69,27.62,62.478,90.982,462.19,28.096,209.61,11.95,88.91,11.237,83.69,51.4,52.5,49.7,50.5,52.5,62.1,4.9,30.6,6043.0,6043,60
b1ff4656-94ee8536,FixedSkip-3,0.5735502860137005,0.4204241852712385,0.9676094704996638,0.31278614372734787,1439,947,850,97,589,68,135,66.5,0,135,0.0,66.5,0,0.0,0,0.0,68,33.5,5.85,18.977,59.105,93.64,327.09,25.099,139.93,11.291,62.73,10.56,58.75,51.4,52.0,49.8,50.3,52.0,56.2,5.0,28.4,6037.0,6037,45
b1ff4656-94ee8536,FixedSkip-5,0.4592529483636345,0.30638159019389943,0.8866211247168495,0.2757972398114671,1439,947,735,212,704,41,162,79.8,0,162,0.0,79.8,0,0.0,0,0.0,41,20.2,4.23,12.161,50.558,87.996,201.53,21.507,85.17,10.492,41.3,9.761,38.52,50.9,51.6,49.5,50.0,51.6,45.7,5.1,26.4,6039.0,6039,31
b1ff4656-ebcfeb35,FixedSkip-2,0.36390456247182745,0.23207521179004725,0.9447534014612766,0.21572843932362823,1326,626,503,123,823,102,101,49.75,0,101,0.0,49.75,0,0.0,0,0.0,102,50.25,7.58,27.446,64.023,96.016,463.91,28.566,207.45,12.042,87.33,11.351,82.37,51.7,52.6,50.0,50.7,52.6,65.7,4.8,31.6,6040.0,6040,58
b1ff4656-ebcfeb35,FixedSkip-3,0.319992620501041,0.19830854432145473,0.898818523820111,0.2019350856462134,1326,628,460,168,866,68,135,66.5,0,135,0.0,66.5,0,0.0,0,0.0,68,33.5,5.68,18.423,59.569,93.758,322.7,25.706,139.91,11.512,62.44,10.704,58.14,51.6,52.3,50.2,50.7,52.3,56.2,5.1,28.3,6042.0,6042,43
b1ff4656-ebcfeb35,FixedSkip-5,0.25165444489595523,0.1631876090409968,0.8385255006441855,0.17388712241653417,1326,592,381,211,945,41,162,79.8,0,162,0.0,79.8,0,0.0,0,0.0,41,20.2,4.0,11.584,51.656,88.422,200.4,22.322,85.38,10.743,40.95,9.936,37.93,51.2,51.9,49.8,50.2,51.9,50.8,5.0,27.3,6042.0,6042,31
b200b84e-4a792877,FixedSkip-2,0.37775892271516426,0.21231910538299523,0.940545621002775,0.21796958190183433,1765,846,702,144,1063,100,100,50.0,0,100,0.0,50.0,0,0.0,0,0.0,100,50.0,7.09,27.528,64.534,94.87,436.7,29.521,201.26,12.325,83.83,11.574,78.77,52.0,52.8,50.3,50.9,52.8,66.1,4.7,33.0,6043.0,6043,55
b200b84e-4a792877,FixedSkip-3,0.317728330111467,0.1578512481329601,0.901141955523796,0.19897231240048804,1765,822,607,215,1158,67,133,66.5,0,133,0.0,66.5,0,0.0,0,0.0,67,33.5,5.47,19.126,59.502,94.614,309.8,26.192,138.0,11.613,60.96,10.84,56.99,51.9,53.0,50.4,50.8,52.5,56.2,5.0,28.9,6044.0,6047,43
b200b84e-4a792877,FixedSkip-5,0.1860735504823815,0.0898450051605194,0.7001557055113549,0.15011703763658435,1765,875,422,453,1343,40,160,80.0,0,160,0.0,80.0,0,0.0,0,0.0,40,20.0,3.84,11.981,53.776,90.83,192.16,22.908,81.83,10.858,38.59,10.064,35.83,51.5,52.1,50.0,50.5,52.1,48.9,5.1,27.8,6047.0,6047,29
b200e97a-bf074435,FixedSkip-2,0.5718313172125684,0.35368258493713534,0.8859408616758356,0.36003045243732923,2442,2094,1542,552,900,101,101,50.0,0,101,0.0,50.0,0,0.0,0,0.0,101,50.0,8.15,29.516,59.597,95.798,471.93,26.896,213.2,11.673,92.3,10.964,86.78,51.8,52.6,50.2,50.9,52.5,57.5,4.9,30.0,6047.0,6047,64
b200e97a-bf074435,FixedSkip-3,0.43283899621975264,0.254133349034558,0.7854500831384097,0.3158870167238368,2442,2151,1276,875,1166,68,134,66.34,0,134,0.0,66.34,0,0.0,0,0.0,68,33.66,6.47,22.188,53.311,93.886,328.67,23.238,143.78,10.984,67.71,10.142,62.61,51.3,52.0,50.0,50.4,52.0,47.3,5.2,25.6,6047.0,6048,50
b200e97a-bf074435,FixedSkip-5,0.29367465073463456,0.16603252710259758,0.6696903587922503,0.2494645596364794,2442,2094,965,1129,1477,41,161,79.7,0,161,0.0,79.7,0,0.0,0,0.0,41,20.3,4.54,13.866,47.316,84.618,208.64,20.653,90.17,10.354,44.99,9.593,41.77,50.8,51.4,49.4,49.8,51.4,40.9,5.3,24.7,6049.0,6050,35
b20234fd-822029be,FixedSkip-2,0.4393013244410103,0.28352243740232413,0.9622234256127964,0.24773194654186917,1921,1010,871,139,1050,101,101,50.0,0,101,0.0,50.0,0,0.0,0,0.0,101,50.0,7.44,27.867,59.688,95.7,429.37,28.662,207.07,12.097,87.09,11.354,81.83,51.6,52.5,50.0,50.7,52.5,61.2,4.8,31.0,6053.0,6054,58
b20234fd-822029be,FixedSkip-3,0.3768654353332178,0.22706447219297213,0.9100846155261746,0.22959628081496333,1921,1010,783,227,1138,68,134,66.34,0,134,0.0,66.34,0,0.0,0,0.0,68,33.66,5.66,19.218,58.112,93.086,316.54,25.796,141.3,11.52,62.89,10.722,58.6,51.6,52.3,50.1,50.6,52.3,57.0,5.0,28.8,6053.0,6053,44
b20234fd-822029be,FixedSkip-5,0.2527236558875941,0.14316874867980037,0.7930996963527469,0.18475235512417928,1921,992,571,421,1350,41,161,79.7,0,161,0.0,79.7,0,0.0,0,0.0,41,20.3,4.01,12.089,53.075,89.078,202.16,22.399,85.84,10.682,40.73,9.921,37.91,51.2,52.0,49.8,50.2,52.0,50.6,5.0,27.3,6053.0,6053,31
b202cae2-672e61c5,FixedSkip-2,0.6222060255929329,0.4557081635394778,0.9315271724981806,0.370418498837297,2487,2058,1636,422,851,102,101,49.75,0,101,0.0,49.75,0,0.0,0,0.0,102,50.25,8.2,29.57,61.766,95.78,490.94,26.872,214.99,11.71,93.49,10.962,87.57,51.7,52.5,49.9,50.4,52.5,60.5,5.0,29.7,6054.0,6054,64
b202cae2-672e61c5,FixedSkip-3,0.5017139018777169,0.35205885592113734,0.8727501888880247,0.32849979895456377,2487,2000,1381,619,1106,68,135,66.5,0,135,0.0,66.5,0,0.0,0,0.0,68,33.5,6.44,21.759,54.587,92.266,340.65,23.364,146.16,10.882,67.8,10.164,63.42,51.3,52.3,49.6,50.1,52.3,49.1,5.0,26.7,6060.0,6061,50
b202cae2-672e61c5,FixedSkip-5,0.3606331480712244,0.23526719179852482,0.7618257401475537,0.27327078453262477,2487,2013,1080,933,1407,41,162,79.8,0,162,0.0,79.8,0,0.0,0,0.0,41,20.2,4.67,14.159,50.446,88.974,224.66,19.924,89.11,10.217,45.48,9.449,42.14,50.6,51.5,49.2,49.5,51.6,44.4,5.2,24.0,6062.0,6064,34
b202cae2-f46c74a6,FixedSkip-2,0.6348197099183441,0.4716088263970663,0.9746176739405532,0.3536486024267009,2328,1718,1507,211,821,101,101,50.0,0,101,0.0,50.0,0,0.0,0,0.0,101,50.0,8.12,29.573,62.138,92.272,482.55,26.714,209.48,11.661,91.16,10.954,85.72,51.4,52.2,49.5,50.1,52.2,60.6,4.9,29.0,6064.0,6064,60
b202cae2-f46c74a6,FixedSkip-3,0.5547900775648746,0.3843337235103092,0.9311380400882076,0.330922017400794,2328,1713,1368,345,960,68,134,66.34,0,134,0.0,66.34,0,0.0,0,0.0,68,33.66,6.36,21.571,53.54,94.352,326.52,23.569,143.91,11.013,66.96,10.24,62.35,51.1,52.0,49.5,49.8,52.0,48.2,5.1,26.4,6064.0,6064,47
b202cae2-f46c74a6,FixedSkip-5,0.3937177674386446,0.25317346414154446,0.8391112640812272,0.2709363048188018,2328,1629,1041,588,1287,41,161,79.7,0,161,0.0,79.7,0,0.0,0,0.0,41,20.3,4.54,13.546,48.139,83.376,210.35,20.408,87.88,10.346,44.33,9.551,41.0,50.6,51.4,49.1,49.6,51.4,42.7,5.3,25.5,6065.0,6067,33
b2036451-aa924fd1,FixedSkip-2,0.68660661158194,0.45813360135928666,0.9468848252444866,0.3990327349576443,1941,1686,1392,294,549,101,101,50.0,0,101,0.0,50.0,0,0.0,0,0.0,101,50.0,7.73,28.838,57.512,93.042,429.73,27.885,209.31,11.9,88.95,11.202,83.86,51.4,52.4,49.6,50.6,52.4,57.3,4.9,30.3,6067.0,6068,58
b2036451-aa924fd1,FixedSkip-3,0.5460579687879767,0.34031100167014317,0.8842494528079267,0.3523215340345057,1941,1640,1163,477,778,68,134,66.34,0,134,0.0,66.34,0,0.0,0,0.0,68,33.66,6.0,20.758,58.244,92.472,335.98,24.735,143.51,11.233,64.92,10.516,60.87,51.3,52.1,49.7,50.4,52.1,53.5,5.0,27.5,6068.0,6069,44
b2036451-aa924fd1,FixedSkip-5,0.3592868420614877,0.210913668264054,0.7510467075110833,0.27881279886391513,1941,1634,842,792,1099,41,161,79.7,0,161,0.0,79.7,0,0.0,0,0.0,41,20.3,4.29,13.297,52.68,83.614,214.54,21.354,87.23,10.502,42.63,9.774,39.76,50.8,51.5,49.5,50.1,51.5,47.6,5.3,26.9,6068.0,6069,31
b204a5c1-05981158,FixedSkip-2,0.6507003908872917,0.4813165643030063,0.9758474921063219,0.3630351310245094,922,696,611,85,311,51,51,50.0,0,51,0.0,50.0,0,0.0,0,0.0,51,50.0,4.1,28.856,61.418,94.232,236.29,25.991,101.77,11.51,44.81,10.768,42.02,51.2,52.4,49.5,50.3,52.4,58.8,4.8,27.2,6069.0,6069,30
b204a5c1-05981158,FixedSkip-3,0.5900427008859352,0.4237404572776392,0.950704796144174,0.3406834405190784,922,681,566,115,356,34,68,66.67,0,68,0.0,66.67,0,0.0,0,0.0,34,33.33,3.11,20.142,55.304,91.04,155.9,23.389,66.24,11.027,31.08,10.244,28.95,51.1,51.6,49.5,50.0,51.6,51.4,5.0,27.2,6071.0,6072,22
b204a5c1-05981158,FixedSkip-5,0.5372252714066954,0.37358168907499506,0.9129129882581407,0.3235180322461975,922,684,534,150,388,21,81,79.41,0,81,0.0,79.41,0,0.0,0,0.0,21,20.59,2.23,12.931,48.939,88.726,97.31,20.379,40.89,10.398,20.74,9.527,19.03,50.7,51.3,49.4,50.2,51.3,47.8,5.2,26.8,6070.0,6071,16
b204a5c1-064b0040,FixedSkip-2,0.5778776455711716,0.3456715491991611,0.9391725296086065,0.3353553530310946,2247,1656,1369,287,878,101,101,50.0,0,101,0.0,50.0,0,0.0,0,0.0,101,50.0,8.03,28.339,60.441,95.428,469.88,27.189,211.84,11.722,91.1,11.039,85.87,51.5,52.5,49.8,50.7,52.5,59.0,4.9,29.8,6071.0,6071,61
b204a5c1-064b0040,FixedSkip-3,0.4470080898080816,0.2535479559127744,0.8576651229754013,0.2915276939830994,2247,1642,1134,508,1113,68,134,66.34,0,134,0.0,66.34,0,0.0,0,0.0,68,33.66,6.23,20.553,56.046,90.054,332.38,23.972,142.84,11.045,65.6,10.334,61.46,51.2,52.0,49.6,50.3,52.0,52.1,5.0,26.8,6073.0,6075,47
b204a5c1-064b0040,FixedSkip-5,0.29186249046622975,0.1549936787970797,0.707972756096797,0.22912208303256015,2247,1672,847,825,1400,41,161,79.7,0,161,0.0,79.7,0,0.0,0,0.0,41,20.3,4.51,13.22,50.058,92.91,214.28,20.551,86.97,10.31,43.44,9.533,40.23,50.6,51.4,49.3,49.9,51.3,45.8,5.2,25.8,6074.0,6074,33
b204a5c1-fa3d5b88,FixedSkip-2,0.6434382464409139,0.42128690582126815,0.9744128320046077,0.3526163127874132,2527,1856,1662,194,865,101,101,50.0,0,101,0.0,50.0,0,0.0,0,0.0,101,50.0,8.1,28.825,60.591,91.944,473.61,26.886,212.12,11.681,91.87,10.95,86.2,51.3,52.1,49.6,50.6,52.1,60.9,4.9,29.5,6074.0,6074,62
b204a5c1-fa3d5b88,FixedSkip-3,0.5644120436259912,0.3246526761435741,0.9351955428170163,0.33263218284972595,2527,1861,1506,355,1021,68,134,66.34,0,134,0.0,66.34,0,0.0,0,0.0,68,33.66,6.34,21.365,55.539,91.984,339.59,23.638,145.38,11.006,67.39,10.227,62.73,51.0,51.9,49.5,50.2,51.9,52.7,5.0,26.2,6076.0,6076,48
b204a5c1-fa3d5b88,FixedSkip-5,0.3773323053838954,0.19528901434850776,0.8147462678292732,0.26847941574539824,2527,1828,1102,726,1425,41,161,79.7,0,161,0.0,79.7,0,0.0,0,0.0,41,20.3,4.51,13.418,50.019,86.92,213.99,20.424,87.71,10.31,44.03,9.522,40.75,50.5,51.2,49.2,49.9,51.2,47.6,5.2,25.0,6077.0,6077,34
b205eb4d-f84aaa1a,FixedSkip-2,0.6300654355790467,0.4437620716598022,0.9523750127765701,0.36998816781210114,2005,1606,1308,298,697,101,101,50.0,0,101,0.0,50.0,0,0.0,0,0.0,101,50.0,7.89,28.46,61.981,93.796,474.04,27.3,209.25,11.748,89.79,11.064,84.64,51.2,52.4,49.5,50.4,52.4,62.3,4.9,29.4,6076.0,6076,61
b205eb4d-f84aaa1a,FixedSkip-3,0.5018310423528928,0.34254250175546025,0.8882220047861662,0.32705331394970927,2005,1573,1091,482,914,68,134,66.34,0,134,0.0,66.34,0,0.0,0,0.0,68,33.66,5.94,20.313,59.115,94.594,330.65,24.88,141.03,11.269,63.67,10.521,59.53,51.2,52.2,49.4,50.0,52.0,53.8,5.0,27.9,6076.0,6077,44
b205eb4d-f84aaa1a,FixedSkip-5,0.3498169853845876,0.22590417064579635,0.7640007485653642,0.2710305233800234,2005,1605,830,775,1175,41,161,79.7,0,161,0.0,79.7,0,0.0,0,0.0,41,20.3,4.43,13.408,48.8,85.318,204.3,20.909,88.43,10.509,44.13,9.726,40.96,50.6,51.4,49.3,49.7,51.3,45.4,5.1,26.2,6076.0,6076,32
b2064e61-2beadd45,FixedSkip-2,0.6159481723137366,0.43377215310464756,0.979820606691416,0.32966133197198666,2109,1435,1323,112,786,102,101,49.75,0,101,0.0,49.75,0,0.0,0,0.0,102,50.25,7.64,29.333,60.895,93.042,447.46,28.395,210.31,12.049,89.0,11.327,83.73,51.4,52.4,49.8,50.5,52.4,63.8,4.8,30.9,6076.0,6077,56
b2064e61-2beadd45,FixedSkip-3,0.5575201151196688,0.3589688976974067,0.9499883115170046,0.31752093980552937,2109,1444,1229,215,880,68,135,66.5,0,135,0.0,66.5,0,0.0,0,0.0,68,33.5,5.79,20.422,58.203,91.402,318.02,25.328,139.92,11.412,62.8,10.628,58.57,51.4,52.1,49.9,50.4,52.1,55.0,4.9,28.8,6080.0,6080,44
b2064e61-2beadd45,FixedSkip-5,0.40968808875566376,0.2525381903574707,0.8570601471955218,0.2715836823019225,2109,1426,976,450,1133,41,162,79.8,0,162,0.0,79.8,0,0.0,0,0.0,41,20.2,4.09,12.748,54.236,87.61,212.0,22.107,85.28,10.72,41.18,9.864,37.94,51.0,51.7,49.6,50.0,51.7,51.2,5.1,27.2,6079.0,6080,31
b206a78b-99f405ab,FixedSkip-2,0.5427713660506791,0.38393001372423174,0.9749687897298764,0.2951821896491686,2188,1344,1214,130,974,101,101,50.0,0,101,0.0,50.0,0,0.0,0,0.0,101,50.0,7.56,28.548,63.716,97.256,469.28,28.458,210.36,12.032,88.72,11.313,83.49,51.7,52.5,50.1,50.6,52.5,64.1,4.8,31.8,6079.0,6079,59
b206a78b-99f405ab,FixedSkip-3,0.4642526859716673,0.31688768248960436,0.9299543068602989,0.277384863428159,2188,1355,1076,279,1112,68,134,66.34,0,134,0.0,66.34,0,0.0,0,0.0,68,33.66,5.36,19.32,60.745,91.572,302.99,27.049,136.95,11.733,59.2,10.983,55.49,51.7,52.3,49.9,50.3,52.3,58.5,4.7,29.7,6080.0,6080,40
b206a78b-99f405ab,FixedSkip-5,0.3573370301401224,0.22348812456876915,0.8461104011041398,0.24289555848813452,2188,1359,883,476,1305,41,161,79.7,0,161,0.0,79.7,0,0.0,0,0.0,41,20.3,3.38,11.146,55.156,89.406,166.2,25.23,78.47,11.599,35.88,10.597,32.83,51.5,52.1,49.8,50.1,52.1,51.1,4.7,25.6,6080.0,6081,25
b2080dc7-f9b98a5f,FixedSkip-2,0.1486006370516858,0.08829191340518029,0.9415031903342198,0.08577241610416965,1055,198,165,33,890,101,101,50.0,0,101,0.0,50.0,0,0.0,0,0.0,101,50.0,6.55,26.26,30.067,83.218,186.32,31.544,199.56,12.728,80.28,11.959,75.51,51.9,52.4,50.1,50.7,52.4,25.2,4.4,35.3,6080.0,6081,50
b2080dc7-f9b98a5f,FixedSkip-3,0.11779356326707739,0.06553853552000996,0.8495979468110442,0.07757473569084944,1055,208,141,67,914,68,134,66.34,0,134,0.0,66.34,0,0.0,0,0.0,68,33.66,4.62,17.508,51.283,87.564,225.09,30.458,135.09,12.495,55.22,11.769,52.07,52.6,53.2,50.6,51.1,53.2,51.0,4.4,34.3,6080.0,6080,35
b2080dc7-f9b98a5f,FixedSkip-5,0.10021827941176364,0.04771968065156481,0.8002077035382537,0.06674930125167093,1055,195,127,68,928,41,161,79.7,0,161,0.0,79.7,0,0.0,0,0.0,41,20.3,3.02,10.514,61.362,90.748,164.37,27.697,76.27,12.104,33.19,11.197,30.73,52.5,53.0,50.6,50.8,53.0,62.5,4.4,30.5,6081.0,6081,22
b20841f9-cef732d5,FixedSkip-2,0.6591676418893999,0.45006756778913326,0.9459237951061183,0.37325485784519324,2083,1678,1444,234,639,102,101,49.75,0,101,0.0,49.75,0,0.0,0,0.0,102,50.25,7.61,28.028,56.91,92.946,414.07,28.702,210.89,12.063,88.45,11.355,83.31,52.5,53.2,50.6,51.1,53.2,56.2,4.8,32.4,6080.0,6082,58
b20841f9-cef732d5,FixedSkip-3,0.5380813072486235,0.32889954515191533,0.8866808902771898,0.3379459554108367,2083,1656,1243,413,840,68,135,66.5,0,135,0.0,66.5,0,0.0,0,0.0,68,33.5,6.31,21.394,55.844,90.308,335.91,23.788,145.06,11.047,67.13,10.353,63.01,51.8,52.5,50.4,50.6,52.5,51.8,4.9,25.9,6078.0,6078,47
b20841f9-cef732d5,FixedSkip-5,0.4376842583279209,0.24170964639779263,0.810744531409553,0.3036301192806234,2083,1690,1082,608,1001,41,162,79.8,0,162,0.0,79.8,0,0.0,0,0.0,41,20.2,4.53,13.761,47.885,85.9,202.55,20.731,88.24,10.382,43.93,9.595,40.71,51.1,51.8,49.8,50.4,51.8,43.2,5.1,26.7,6075.0,6079,33
b20b69d2-64b9cdb8,FixedSkip-2,0.5576762551991306,0.39636900048208984,0.9368803224115553,0.3365567387158297,1300,968,760,208,540,102,101,49.75,0,101,0.0,49.75,0,0.0,0,0.0,102,50.25,7.94,28.147,61.967,95.334,470.16,27.636,211.52,11.852,90.57,11.11,84.96,51.7,52.5,50.2,50.7,52.5,60.1,5.0,30.2,6077.0,6077,61
b20b69d2-64b9cdb8,FixedSkip-3,0.4404925612341488,0.29721496241630047,0.8696527687457087,0.29226069750185507,1300,933,634,299,666,68,135,66.5,0,135,0.0,66.5,0,0.0,0,0.0,68,33.5,6.57,22.12,54.671,92.858,342.54,23.031,149.67,11.009,70.09,10.259,65.4,51.4,52.2,50.0,50.5,52.2,52.6,5.2,26.6,6081.0,6081,51
b20b69d2-64b9cdb8,FixedSkip-5,0.3142536848301267,0.18701243025477765,0.7479085820748946,0.24738588552830038,1300,969,496,473,804,41,162,79.8,0,162,0.0,79.8,0,0.0,0,0.0,41,20.2,4.33,12.315,51.432,84.41,213.05,21.245,87.09,10.502,42.84,9.676,39.54,51.0,51.6,49.7,50.3,51.6,46.1,5.2,26.9,6081.0,6081,33
b20b69d2-650e674d,FixedSkip-2,0.6457031404561666,0.41870058069760574,0.9507826324539153,0.3661778317300177,3258,2576,2197,379,1061,101,101,50.0,0,101,0.0,50.0,0,0.0,0,0.0,101,50.0,8.45,29.866,57.714,96.002,467.22,26.143,213.34,11.481,93.5,10.775,87.83,51.5,52.2,49.7,50.2,52.2,56.5,5.0,28.4,6080.0,6081,66
b20b69d2-650e674d,FixedSkip-3,0.5366488431218819,0.32953166402631606,0.8868857680129433,0.3340620415206051,3258,2590,1933,657,1325,68,134,66.34,0,134,0.0,66.34,0,0.0,0,0.0,68,33.66,6.96,24.003,51.388,93.462,347.82,22.094,149.68,10.647,71.82,9.887,66.82,50.9,51.6,49.3,49.7,51.6,45.3,5.1,25.3,6085.0,6086,54
b20b69d2-650e674d,FixedSkip-5,0.30167044911079455,0.17483609521734836,0.7023063538767359,0.2387072395479794,3258,2553,1275,1278,1983,41,161,79.7,0,161,0.0,79.7,0,0.0,0,0.0,41,20.3,4.85,14.817,52.496,85.016,245.82,19.483,91.32,10.119,47.15,9.328,43.56,50.3,51.0,48.9,49.1,51.2,49.5,5.4,22.5,6089.0,6089,38
b20b69d2-6e2b9e73,FixedSkip-2,0.4695931963804078,0.3039526685937479,0.9296493715640142,0.27333524817592286,1317,801,659,142,658,102,101,49.75,0,101,0.0,49.75,0,0.0,0,0.0,102,50.25,7.9,27.958,60.623,91.492,464.81,27.555,213.09,11.801,90.95,11.106,85.68,51.2,52.2,49.3,49.9,52.2,59.8,4.8,29.9,6092.0,6095,62
b20b69d2-6e2b9e73,FixedSkip-3,0.3933378489097143,0.24585958119898063,0.8747924826902945,0.24614247749213575,1317,784,581,203,736,68,135,66.5,0,135,0.0,66.5,0,0.0,0,0.0,68,33.5,5.83,18.468,60.308,91.92,336.36,25.354,141.75,11.325,63.1,10.6,59.12,51.3,52.0,49.6,49.9,52.0,56.5,5.0,27.3,6098.0,6102,45
b20b69d2-6e2b9e73,FixedSkip-5,0.24945400937134182,0.1461136329447294,0.7298344057810915,0.18777712770222715,1317,767,421,346,896,41,162,79.8,0,162,0.0,79.8,0,0.0,0,0.0,41,20.2,4.31,12.264,54.844,88.352,219.04,21.559,86.47,10.592,42.31,9.796,39.19,50.9,51.4,49.3,49.5,51.4,52.1,5.2,26.9,6103.0,6103,31
b20b69d2-7767e6b6,FixedSkip-2,0.5882424477576743,0.4023877722511135,0.9235825974463383,0.35335680684517895,1032,819,648,171,384,102,101,49.75,0,101,0.0,49.75,0,0.0,0,0.0,102,50.25,7.9,27.864,60.21,93.844,460.23,27.753,214.16,11.872,91.41,11.174,86.1,51.5,52.2,49.6,50.1,52.2,60.4,4.9,30.5,6104.0,6107,60
b20b69d2-7767e6b6,FixedSkip-3,0.4677258978156456,0.29573902069335306,0.8625054623576349,0.31484775733734427,1032,804,538,266,494,68,135,66.5,0,135,0.0,66.5,0,0.0,0,0.0,68,33.5,5.99,19.215,55.474,91.882,318.52,24.794,142.56,11.26,64.51,10.482,60.12,51.3,52.0,49.7,50.1,52.1,53.8,5.0,28.5,6100.0,6100,46
b20b69d2-7767e6b6,FixedSkip-5,0.33749136896147525,0.20675366533734468,0.7494312614962113,0.2670198988227153,1032,829,420,409,612,41,162,79.8,0,162,0.0,79.8,0,0.0,0,0.0,41,20.2,4.29,12.233,52.965,89.228,220.94,21.557,88.76,10.502,43.05,9.704,39.85,50.9,51.6,49.4,49.6,51.6,52.4,5.0,27.8,6102.0,6102,33
b20b69d2-bd242bf0,FixedSkip-2,0.4534024629061245,0.26438973272793964,0.8554235618474412,0.2981145745438477,2122,1604,1083,521,1039,80,80,50.0,0,80,0.0,50.0,0,0.0,0,0.0,80,50.0,6.58,30.663,60.978,94.87,387.54,26.144,167.39,11.503,73.41,10.799,68.98,51.3,51.9,49.5,49.8,51.9,58.4,5.0,28.7,6101.0,6102,51
b20b69d2-bd242bf0,FixedSkip-3,0.33935211506276214,0.19298725682370838,0.7653572024773933,0.25942131683021935,2122,1632,852,780,1270,54,106,66.25,0,106,0.0,66.25,0,0.0,0,0.0,54,33.75,5.24,23.175,51.771,87.788,256.31,22.709,113.16,10.781,53.42,10.042,49.86,50.9,51.5,49.2,49.7,51.5,48.2,5.0,26.1,6104.0,6105,39
b20b69d2-bd242bf0,FixedSkip-5,0.2050529858890268,0.11695430730274019,0.6073782460267315,0.18657084124559506,2122,1624,566,1058,1556,32,128,80.0,0,128,0.0,80.0,0,0.0,0,0.0,32,20.0,3.69,14.442,45.983,79.012,163.38,19.922,70.01,10.202,35.61,9.408,32.92,50.5,51.2,49.1,49.4,51.2,41.6,5.2,24.0,6109.0,6109,27
b20b69d2-ca16c907,FixedSkip-2,0.5800303740037192,0.418358498512693,0.9280309976713065,0.35528752125095303,891,711,545,166,346,99,99,50.0,0,99,0.0,50.0,0,0.0,0,0.0,99,50.0,7.74,27.822,59.411,91.77,439.05,27.496,205.07,11.845,88.04,11.1,82.58,51.2,52.9,49.6,50.4,52.9,60.5,5.0,29.5,6111.0,6113,57
b20b69d2-ca16c907,FixedSkip-3,0.4812230845499458,0.3350655551851562,0.8653153515770583,0.3209036377586284,891,708,476,232,415,66,132,66.67,0,132,0.0,66.67,0,0.0,0,0.0,66,33.33,5.78,18.638,56.772,91.808,311.9,24.87,138.49,11.215,62.28,10.532,58.56,51.2,51.9,49.7,50.2,51.9,52.8,5.0,27.5,6113.0,6114,44
b20b69d2-ca16c907,FixedSkip-5,0.34019893590834094,0.23106591606140184,0.7408087012710103,0.2671788088454755,891,728,372,356,519,40,158,79.8,0,158,0.0,79.8,0,0.0,0,0.0,40,20.2,4.2,12.159,48.924,91.972,200.49,21.304,86.11,10.485,42.17,9.731,39.21,50.7,51.3,49.4,49.9,51.3,44.8,5.3,27.7,6114.0,6115,32
b20b69d2-e31380a7,FixedSkip-2,0.591363141661304,0.39922865150223896,0.9349041733309928,0.35392431292714843,529,416,329,87,200,87,87,50.0,0,87,0.0,50.0,0,0.0,0,0.0,87,50.0,6.6,27.444,57.624,92.416,362.83,27.981,179.05,11.867,75.7,11.189,71.43,51.4,52.2,49.8,50.5,52.2,59.1,4.9,30.9,6114.0,6115,50
b20b69d2-e31380a7,FixedSkip-3,0.5049259928035743,0.33244896246341277,0.880941357682651,0.3302765823378783,529,423,292,131,237,58,116,66.67,0,116,0.0,66.67,0,0.0,0,0.0,58,33.33,4.88,18.292,58.08,90.432,274.55,25.517,120.67,11.414,53.8,10.676,50.37,51.4,52.2,49.9,50.4,52.2,56.1,4.9,28.6,6114.0,6115,37
b20b69d2-e31380a7,FixedSkip-5,0.2973384017947308,0.1776278938177868,0.7153562464360421,0.24419019088567162,529,419,191,228,338,35,139,79.89,0,139,0.0,79.89,0,0.0,0,0.0,35,20.11,3.44,11.625,50.835,91.53,163.33,22.116,71.31,10.748,34.51,9.918,31.9,51.0,51.8,49.6,50.0,51.8,47.4,4.9,26.7,6111.0,6111,25
b20b69d2-ffc1d6af,FixedSkip-2,0.5336002102068104,0.3386950495313923,0.9250885423898185,0.3216533305349319,1622,1175,920,255,702,100,99,49.75,0,99,0.0,49.75,0,0.0,0,0.0,100,50.25,7.98,28.895,60.515,95.104,468.67,27.133,210.11,11.751,90.8,11.031,85.3,51.6,52.2,50.0,50.6,52.2,59.7,5.0,29.9,6112.0,6113,59
b20b69d2-ffc1d6af,FixedSkip-3,0.3960787206068264,0.23167034046543483,0.8361199986359098,0.277643217149077,1622,1177,723,454,899,67,132,66.33,0,132,0.0,66.33,0,0.0,0,0.0,67,33.67,6.18,20.439,57.952,93.984,341.74,23.858,142.25,11.054,65.63,10.313,61.32,51.2,52.0,49.8,50.3,52.0,53.8,5.0,27.4,6115.0,6115,46
b20b69d2-ffc1d6af,FixedSkip-5,0.215339924554741,0.12528499904678364,0.6466861826759269,0.18850862156767992,1622,1138,453,685,1169,40,159,79.9,0,159,0.0,79.9,0,0.0,0,0.0,40,20.1,4.32,12.688,48.522,82.058,195.46,20.934,84.86,10.46,42.21,9.605,38.82,50.7,51.4,49.4,49.8,51.4,46.0,5.2,26.1,6113.0,6116,32
b20b9c19-91e01a50,FixedSkip-2,0.6369544381234933,0.40767905657161363,0.885545173804177,0.40586850643852407,1745,1692,1223,469,522,101,101,50.0,0,101,0.0,50.0,0,0.0,0,0.0,101,50.0,7.86,28.795,60.29,95.692,450.34,27.61,208.71,11.793,88.93,11.114,83.88,51.4,52.2,49.8,50.5,52.2,59.7,5.0,30.2,6108.0,6111,61
b20b9c19-91e01a50,FixedSkip-3,0.4564792884435457,0.2845419161646092,0.7842068964678638,0.3353058804179399,1745,1655,950,705,795,68,134,66.34,0,134,0.0,66.34,0,0.0,0,0.0,68,33.66,6.14,20.827,54.924,90.844,328.47,24.395,144.74,11.087,65.54,10.368,61.37,51.2,51.9,49.8,50.2,51.9,50.6,5.1,27.9,6111.0,6112,48
b20b9c19-91e01a50,FixedSkip-5,0.31521669928371837,0.19086725826495016,0.6694100508246402,0.2752843209985775,1745,1684,705,979,1040,41,161,79.7,0,161,0.0,79.7,0,0.0,0,0.0,41,20.3,4.46,13.58,47.272,83.94,202.5,20.761,87.45,10.361,43.37,9.657,40.53,50.7,51.4,49.4,49.7,51.4,42.4,5.2,26.5,6112.0,6112,32
b20d494a-cdebe83e,FixedSkip-2,0.4484545055251849,0.27046443761251016,0.8646976712485362,0.2972355148165622,1203,888,600,288,603,99,99,50.0,0,99,0.0,50.0,0,0.0,0,0.0,99,50.0,7.28,28.142,63.455,93.286,446.73,28.854,204.14,12.092,85.2,11.408,80.49,51.6,52.4,49.9,50.6,52.3,65.7,4.8,31.7,6117.0,6119,56
b20d494a-cdebe83e,FixedSkip-3,0.3341321866265521,0.1960856431825124,0.7727770585411476,0.251244494128663,1203,870,483,387,720,66,132,66.67,0,132,0.0,66.67,0,0.0,0,0.0,66,33.33,5.38,18.762,58.013,96.438,294.82,26.333,135.77,11.689,60.07,10.873,55.92,51.6,52.2,50.2,50.5,52.2,55.7,5.0,29.0,6119.0,6119,41
b20d494a-cdebe83e,FixedSkip-5,0.20350045168244477,0.12213353438639843,0.6085898568291228,0.18697496318660797,1203,897,334,563,869,40,158,79.8,0,158,0.0,79.8,0,0.0,0,0.0,40,20.2,3.87,11.875,52.889,89.144,191.37,22.649,81.98,10.792,38.86,10.06,36.29,51.2,51.9,49.8,50.2,51.9,47.2,5.1,26.3,6120.0,6121,29
b20e291a-32ac11c1,FixedSkip-2,0.5791399320514294,0.3749649702315173,0.9068903249363708,0.35937684038601975,2599,2156,1626,530,973,101,101,50.0,0,101,0.0,50.0,0,0.0,0,0.0,101,50.0,8.45,30.199,59.366,94.598,484.31,26.131,215.5,11.573,95.2,10.825,89.11,51.6,52.4,49.9,50.3,52.4,56.1,5.0,28.8,6125.0,6126,65
b20e291a-32ac11c1,FixedSkip-3,0.42844588779099,0.25644906954460944,0.8108252146096535,0.30493714719877657,2599,2133,1303,830,1296,68,134,66.34,0,134,0.0,66.34,0,0.0,0,0.0,68,33.66,6.62,22.588,51.451,95.966,331.85,22.961,146.9,10.803,68.83,10.113,64.52,51.1,51.8,49.5,50.0,51.8,45.2,5.1,26.3,6123.0,6123,50
b20e291a-32ac11c1,FixedSkip-5,0.26508409683468864,0.1529289469952944,0.6615906728489397,0.22988487198186497,2599,2122,904,1218,1695,41,161,79.7,0,161,0.0,79.7,0,0.0,0,0.0,41,20.3,4.76,14.342,55.141,86.304,251.85,19.63,89.54,10.198,46.25,9.446,42.93,50.5,51.2,49.0,49.3,51.2,54.4,5.2,24.7,6122.0,6122,36
b20e291a-6012d836,FixedSkip-2,0.5333250864013461,0.3567668554721738,0.9018959622725902,0.33378833866727986,2245,1753,1295,458,950,102,101,49.75,0,101,0.0,49.75,0,0.0,0,0.0,102,50.25,8.44,30.658,57.955,93.812,471.69,26.131,213.12,11.494,93.5,10.829,88.19,51.0,52.0,49.2,49.9,52.0,55.4,5.0,28.9,6123.0,6125,64
b20e291a-6012d836,FixedSkip-3,0.41921668805240153,0.26858113988823606,0.8109384196622381,0.2999138500697521,2245,1820,1094,726,1151,68,135,66.5,0,135,0.0,66.5,0,0.0,0,0.0,68,33.5,6.64,22.613,51.724,94.752,337.87,22.952,148.75,10.699,69.13,10.113,65.45,50.8,51.6,49.2,49.5,51.6,48.7,5.0,27.0,6129.0,6130,51
b20e291a-6012d836,FixedSkip-5,0.28648608235163675,0.17822516761357537,0.6847001090622252,0.24432609811761521,2245,1861,821,1040,1424,41,162,79.8,0,162,0.0,79.8,0,0.0,0,0.0,41,20.2,4.67,13.925,45.949,88.166,201.6,20.395,90.38,10.207,45.01,9.542,42.17,50.4,51.2,48.8,49.1,51.2,41.5,5.3,24.2,6130.0,6130,35
b20eae11-149766ce,FixedSkip-2,0.18641521091389207,0.10431127424790884,0.8798015747787828,0.11575365954488226,1752,486,365,121,1387,102,101,49.75,0,101,0.0,49.75,0,0.0,0,0.0,102,50.25,7.09,27.213,64.436,92.058,443.55,30.008,206.87,12.371,85.03,11.685,80.4,51.6,52.5,49.5,50.2,52.5,65.2,4.7,32.5,6129.0,6129,54
b20eae11-149766ce,FixedSkip-3,0.12637831501058924,0.06552318787456776,0.7424258993060978,0.09418968333518951,1752,492,284,208,1468,68,135,66.5,0,135,0.0,66.5,0,0.0,0,0.0,68,33.5,5.2,18.029,63.948,91.138,316.19,27.781,139.13,11.911,59.46,11.195,55.95,51.8,52.4,49.9,50.3,52.5,62.8,4.8,30.6,6130.0,6131,40
b20eae11-149766ce,FixedSkip-5,0.07687112924711578,0.03792932313290828,0.6121584668552822,0.06958970423842815,1752,482,185,297,1567,41,162,79.8,0,162,0.0,79.8,0,0.0,0,0.0,41,20.2,3.67,11.33,56.429,93.282,185.73,24.033,80.76,11.109,37.21,10.391,34.86,51.4,52.2,49.7,50.0,52.2,52.6,5.0,27.9,6131.0,6131,26
b20eae11-18cd8ca2,FixedSkip-2,0.3865474045121716,0.21099444360540912,0.9824570091300571,0.2098138991279331,1135,490,445,45,690,101,101,50.0,0,101,0.0,50.0,0,0.0,0,0.0,101,50.0,7.07,27.063,65.496,93.526,445.41,30.177,207.14,12.385,84.84,11.706,80.23,52.2,52.9,50.2,50.6,52.9,68.0,4.8,33.7,6131.0,6131,54
b20eae11-18cd8ca2,FixedSkip-3,0.3568926140787145,0.17929414261856708,0.9574087712351508,0.20185921064461027,1135,490,420,70,715,68,134,66.34,0,134,0.0,66.34,0,0.0,0,0.0,68,33.66,5.24,18.178,63.473,93.78,315.78,27.535,138.55,11.871,59.58,11.165,56.08,52.2,52.9,50.3,50.6,52.9,60.8,4.9,30.7,6132.0,6133,41
b20eae11-18cd8ca2,FixedSkip-5,0.2617758341150339,0.11485036457277364,0.846548149846506,0.16936200236998977,1135,487,342,145,793,41,161,79.7,0,161,0.0,79.7,0,0.0,0,0.0,41,20.3,3.6,11.039,58.329,92.728,190.21,24.267,80.73,11.165,37.0,10.465,34.72,51.8,52.3,50.0,50.3,52.3,54.9,5.0,27.1,6132.0,6132,27
b20eae11-6817ba7a,FixedSkip-2,0.35612025966685246,0.22448378881808342,0.9532503873307904,0.19634693797537836,1560,654,581,73,979,101,101,50.0,0,101,0.0,50.0,0,0.0,0,0.0,101,50.0,7.38,26.997,61.94,93.198,444.53,29.118,209.88,12.178,87.64,11.462,82.54,52.3,53.0,50.4,50.9,53.0,62.8,4.8,32.2,6131.0,6133,58
b20eae11-6817ba7a,FixedSkip-3,0.31899537254538635,0.18809380810274612,0.9122244481433809,0.1843815638251496,1560,647,543,104,1017,68,134,66.34,0,134,0.0,66.34,0,0.0,0,0.0,68,33.66,5.59,18.42,57.066,89.676,300.86,26.073,139.16,11.558,61.47,10.818,57.61,52.1,52.9,50.3,50.6,52.9,56.8,4.9,28.7,6132.0,6135,43
b20eae11-6817ba7a,FixedSkip-5,0.2727365059261829,0.1475421444234112,0.8585809587390755,0.17580128205128207,1560,676,485,191,1075,41,161,79.7,0,161,0.0,79.7,0,0.0,0,0.0,41,20.3,3.93,11.552,54.821,87.884,201.58,22.684,84.79,10.853,40.37,10.12,37.71,51.6,52.5,50.0,50.3,52.5,51.5,5.1,26.3,6134.0,6134,30
b20ff95c-b9444127,FixedSkip-2,0.4568068304729193,0.23844265146871071,0.9248553889987965,0.27382465057179156,787,484,383,101,404,51,51,50.0,0,51,0.0,50.0,0,0.0,0,0.0,51,50.0,3.88,28.099,60.478,89.852,218.64,27.136,100.01,11.787,43.22,11.008,40.43,52.0,52.6,50.1,50.5,52.6,64.0,4.9,28.8,6134.0,6134,30
b20ff95c-b9444127,FixedSkip-3,0.3315726130148262,0.16220769496946363,0.8083554518858237,0.23595228010729916,787,504,305,199,482,34,68,66.67,0,68,0.0,66.67,0,0.0,0,0.0,34,33.33,2.87,18.661,59.918,88.084,158.32,25.185,66.94,11.421,30.27,10.604,28.15,51.8,52.4,50.4,50.7,52.4,56.9,5.1,27.3,6133.0,6133,22
b20ff95c-b9444127,FixedSkip-5,0.23426253139238398,0.11258839928818536,0.6921539794665977,0.1934841168996188,787,500,243,257,544,21,81,79.41,0,81,0.0,79.41,0,0.0,0,0.0,21,20.59,2.16,12.715,55.651,86.062,106.58,21.293,40.57,10.495,19.9,9.7,18.42,51.4,52.0,50.0,50.5,52.0,53.4,5.1,30.1,6133.0,6133,16
b2102d00-5eb86b71,FixedSkip-2,0.5495738195996551,0.3546506260947686,0.9464887131700164,0.30933830639591103,2413,1620,1393,227,1020,101,101,50.0,0,101,0.0,50.0,0,0.0,0,0.0,101,50.0,7.44,28.508,64.067,93.034,461.68,29.029,208.87,12.151,87.31,11.44,82.24,52.2,53.1,50.6,51.1,53.1,65.2,4.9,32.1,6134.0,6135,58
b2102d00-5eb86b71,FixedSkip-3,0.47611013124231133,0.2758590033427487,0.9007128643844329,0.2918920723041022,2413,1639,1254,385,1159,68,134,66.34,0,134,0.0,66.34,0,0.0,0,0.0,68,33.66,5.79,20.599,58.218,94.566,323.06,25.406,141.26,11.369,63.02,10.648,59.08,51.9,52.5,50.5,50.8,52.5,52.8,5.0,28.2,6136.0,6137,45
b2102d00-5eb86b71,FixedSkip-5,0.38100691237794165,0.19941638380010315,0.8164174921793512,0.25833249972610045,2413,1653,1089,564,1324,41,161,79.7,0,161,0.0,79.7,0,0.0,0,0.0,41,20.3,4.1,13.094,56.098,89.76,210.9,22.03,84.41,10.695,40.74,9.928,37.91,51.5,52.1,50.1,50.5,52.1,53.4,5.1,26.2,6137.0,6137,31
b2102d00-a8c09be1,FixedSkip-2,0.5532337199912571,0.369341064851096,0.9751686957064915,0.3048924327115332,1943,1234,1097,137,846,101,101,50.0,0,101,0.0,50.0,0,0.0,0,0.0,101,50.0,7.25,28.065,64.279,92.398,450.5,29.379,207.59,12.281,86.52,11.536,81.36,52.2,53.2,50.5,51.3,53.2,67.9,4.9,32.4,6137.0,6137,57
b2102d00-a8c09be1,FixedSkip-3,0.4673532932069741,0.2754173862487523,0.9253756922381511,0.2803622555432106,1943,1222,967,255,976,68,134,66.34,0,134,0.0,66.34,0,0.0,0,0.0,68,33.66,5.51,19.516,58.983,97.046,308.1,26.303,139.73,11.677,61.82,10.859,57.57,52.1,52.8,50.6,51.0,52.8,55.4,5.1,29.1,6138.0,6145,43
b2102d00-a8c09be1,FixedSkip-5,0.33835144830091546,0.1788930282984141,0.8098190399957614,0.23934233859097234,1943,1257,770,487,1173,41,161,79.7,0,161,0.0,79.7,0,0.0,0,0.0,41,20.3,3.94,12.429,54.88,95.33,202.73,22.724,83.86,10.879,39.99,10.052,37.02,51.7,52.2,50.2,50.8,52.2,52.6,5.1,26.8,6145.0,6145,30
b2131b7b-e58faab7,FixedSkip-2,0.4559891829462369,0.2595882990008852,0.9420194917332522,0.26051845211414915,970,552,466,86,504,101,101,50.0,0,101,0.0,50.0,0,0.0,0,0.0,101,50.0,6.88,26.833,50.474,90.668,329.7,30.644,201.7,12.52,82.14,11.788,77.43,52.4,52.9,50.6,50.9,52.9,49.1,4.6,33.7,6145.0,6146,52
b2131b7b-e58faab7,FixedSkip-3,0.3906707089042507,0.20858482102849632,0.8978493897379366,0.2424332901432783,970,549,414,135,556,68,134,66.34,0,134,0.0,66.34,0,0.0,0,0.0,68,33.66,4.83,17.859,56.327,94.328,256.95,29.426,134.75,12.334,56.3,11.545,52.76,52.7,53.3,50.8,51.0,53.3,53.6,4.5,32.6,6146.0,6146,36
b2131b7b-e58faab7,FixedSkip-5,0.29882540203542096,0.15017828710389547,0.7873810332010339,0.21443298969072166,970,580,350,230,620,41,161,79.7,0,161,0.0,79.7,0,0.0,0,0.0,41,20.3,3.25,10.895,58.73,89.704,174.06,26.147,78.05,11.753,34.95,10.839,32.27,52.5,52.9,50.6,50.9,52.9,56.0,4.8,28.7,6147.0,6148,24
b213e4eb-09c01a17,FixedSkip-2,0.6014842160492038,0.4341582481603992,0.9787863749505248,0.322076411187119,1885,1254,1156,98,729,101,101,50.0,0,101,0.0,50.0,0,0.0,0,0.0,101,50.0,7.26,27.202,48.361,94.584,332.24,29.805,207.14,12.334,85.47,11.603,80.48,52.8,53.7,50.9,51.3,53.7,50.4,4.7,32.9,6148.0,6148,54
b213e4eb-09c01a17,FixedSkip-3,0.5434759410103329,0.36971756921435606,0.935590858529523,0.3081791573468149,1885,1276,1089,187,796,68,134,66.34,0,134,0.0,66.34,0,0.0,0,0.0,68,33.66,5.43,19.151,54.908,92.52,282.49,26.796,140.46,11.765,61.47,10.936,57.2,52.5,53.2,50.7,51.1,53.2,54.1,4.7,29.1,6150.0,6150,41
b213e4eb-09c01a17,FixedSkip-5,0.4617601255482582,0.27786650816398717,0.8811332953710262,0.2795152074312494,1885,1265,974,291,911,41,161,79.7,0,161,0.0,79.7,0,0.0,0,0.0,41,20.3,3.64,11.786,55.685,87.996,190.4,23.917,81.8,11.252,38.26,10.336,35.21,52.1,52.7,50.4,50.7,52.7,55.1,4.6,26.9,6151.0,6151,27
b214d1e1-f248c616,FixedSkip-2,0.5088479670666807,0.32008850206532147,0.9591528086750674,0.28731286392335104,2069,1268,1090,178,979,100,100,50.0,0,100,0.0,50.0,0,0.0,0,0.0,100,50.0,7.12,27.59,55.543,96.394,380.0,29.862,206.15,12.327,84.86,11.613,80.0,52.6,53.3,50.7,51.2,53.3,55.3,4.6,32.5,6152.0,6152,54
b214d1e1-f248c616,FixedSkip-3,0.4222922412867131,0.23696341260960377,0.9126270467963965,0.2579277230625391,2069,1220,941,279,1128,67,133,66.5,0,133,0.0,66.5,0,0.0,0,0.0,67,33.5,5.29,19.064,55.241,91.376,278.67,26.982,136.78,11.764,59.39,11.007,55.66,52.5,53.2,50.7,51.1,53.2,55.8,4.8,29.9,6154.0,6154,40
b214d1e1-f248c616,FixedSkip-5,0.2889847749376223,0.1526015698734496,0.8020089737246908,0.20939519355349678,2069,1190,699,491,1370,40,160,80.0,0,160,0.0,80.0,0,0.0,0,0.0,40,20.0,3.75,11.719,55.47,92.638,196.88,23.346,82.06,11.092,38.74,10.24,35.84,52.0,52.7,50.5,51.0,52.7,54.5,4.9,25.5,6154.0,6154,27
b21547c1-73e457f8,FixedSkip-2,0.5577122345557486,0.3739018064034708,0.9663003326332866,0.3050624254346815,2076,1334,1194,140,882,102,101,49.75,0,101,0.0,49.75,0,0.0,0,0.0,102,50.25,7.44,28.793,65.102,95.1,469.13,29.058,209.37,12.239,87.98,11.488,82.66,52.6,53.3,51.0,51.6,53.3,65.8,4.7,31.6,6152.0,6153,55
b21547c1-73e457f8,FixedSkip-3,0.4663528770709276,0.28597520083917727,0.9162884283486626,0.279743241665207,2076,1320,1042,278,1034,68,135,66.5,0,135,0.0,66.5,0,0.0,0,0.0,68,33.5,5.63,19.991,60.576,92.266,319.71,25.988,139.08,11.561,61.66,10.84,57.89,52.4,53.0,51.0,51.5,53.0,61.3,5.0,29.1,6147.0,6147,42
b21547c1-73e457f8,FixedSkip-5,0.31935545350080285,0.18505716944629558,0.7970513576761618,0.22779550814232893,2076,1295,793,502,1283,41,162,79.8,0,162,0.0,79.8,0,0.0,0,0.0,41,20.2,4.05,12.727,54.873,90.746,205.85,22.335,84.01,10.777,40.39,9.994,37.5,51.9,52.6,50.5,50.9,52.5,51.3,5.1,27.6,6147.0,6148,29
b21547c1-796757ac,FixedSkip-2,0.2255200537348832,0.13922138741105988,0.9561497152422108,0.12362037187618583,2365,624,556,68,1809,101,101,50.0,0,101,0.0,50.0,0,0.0,0,0.0,101,50.0,7.29,27.575,65.218,91.9,460.75,29.441,207.49,12.326,86.68,11.549,81.27,52.6,53.8,51.0,51.6,53.8,67.5,4.8,32.5,6148.0,6149,55
b21547c1-796757ac,FixedSkip-3,0.17802231801107737,0.10382387825661302,0.8994355296981028,0.1068762405912483,2365,589,462,127,1903,68,134,66.34,0,134,0.0,66.34,0,0.0,0,0.0,68,33.66,5.42,18.468,59.634,92.75,308.65,26.854,140.81,11.711,61.22,11.0,57.57,52.5,53.2,51.0,51.7,53.2,59.5,4.9,29.7,6149.0,6149,42
b21547c1-796757ac,FixedSkip-5,0.153342510342939,0.0855539124818274,0.8222507844976784,0.09746614715286638,2365,605,433,172,1932,41,161,79.7,0,161,0.0,79.7,0,0.0,0,0.0,41,20.3,3.76,11.301,56.498,89.294,199.57,23.508,83.04,10.967,38.56,10.252,36.11,52.1,52.8,50.7,51.1,52.8,53.3,5.0,27.3,6149.0,6149,29
b2156f8e-72e1547c,FixedSkip-2,0.4193552414924384,0.2839401968349219,0.9219521256823883,0.25558664702994593,840,485,375,110,465,96,95,49.74,0,95,0.0,49.74,0,0.0,0,0.0,96,50.26,7.13,27.778,63.412,93.27,438.11,28.698,198.79,12.09,83.45,11.378,78.61,52.6,53.3,51.0,51.7,53.3,64.2,4.8,31.7,6153.0,6153,53
b2156f8e-72e1547c,FixedSkip-3,0.3542700176804743,0.22777547415080068,0.8779145798587886,0.23095490314769979,840,472,327,145,513,64,127,66.49,0,127,0.0,66.49,0,0.0,0,0.0,64,33.51,5.33,18.567,59.269,91.132,300.74,26.113,132.63,11.578,58.63,10.823,54.85,52.4,53.1,51.0,51.4,53.1,55.1,5.0,28.7,6152.0,6152,39
b2156f8e-72e1547c,FixedSkip-5,0.2694001633871817,0.16123716678289976,0.7642953084802936,0.20383286647992532,840,510,268,242,572,39,152,79.58,0,152,0.0,79.58,0,0.0,0,0.0,39,20.42,3.98,12.423,54.042,90.166,201.16,22.036,83.13,10.615,39.89,9.942,37.41,51.9,52.5,50.5,50.9,52.5,50.8,5.1,28.6,6152.0,6153,29
b215943a-10e44587,FixedSkip-2,0.5234253363527458,0.3391229527088874,0.8910041201348333,0.32297601640363705,792,601,458,143,334,96,95,49.74,0,95,0.0,49.74,0,0.0,0,0.0,96,50.26,7.35,28.682,63.887,96.726,448.87,28.029,198.14,11.921,84.17,11.259,79.54,52.4,53.5,50.8,51.5,53.5,61.7,4.9,30.8,6153.0,6154,57
b215943a-10e44587,FixedSkip-3,0.42911677080140437,0.27045213308714355,0.8327880575741985,0.2844435736677116,792,580,397,183,395,64,127,66.49,0,127,0.0,66.49,0,0.0,0,0.0,64,33.51,5.25,18.706,58.421,95.506,290.48,26.184,130.29,11.579,57.47,10.863,53.95,52.4,53.2,50.8,51.2,53.2,56.5,4.9,28.9,6154.0,6154,39
b215943a-10e44587,FixedSkip-5,0.303300789408276,0.17927502999805525,0.7173730293727033,0.24154165005316322,792,608,305,303,487,39,152,79.58,0,152,0.0,79.58,0,0.0,0,0.0,39,20.42,3.94,12.423,54.774,88.754,203.64,22.022,82.2,10.627,39.51,9.953,37.07,51.9,52.5,50.5,51.0,52.5,52.2,5.2,27.7,6154.0,6154,29
b216243d-55963da2,FixedSkip-2,0.6537042357359958,0.46365591157317604,0.9799718472637341,0.3510901373720325,1713,1241,1140,101,573,52,51,49.51,0,51,0.0,49.51,0,0.0,0,0.0,52,50.49,4.26,30.752,59.739,96.648,238.34,25.999,105.5,11.53,46.6,10.786,43.64,52.1,52.9,50.6,51.0,52.9,57.2,4.9,27.5,6158.0,6162,33
b216243d-55963da2,FixedSkip-3,0.6074734579165888,0.3991522748285617,0.9573895120712077,0.3376441495760913,1713,1233,1082,151,631,35,68,66.02,0,68,0.0,66.02,0,0.0,0,0.0,35,33.98,3.52,25.123,53.115,84.886,172.64,21.942,71.41,10.654,34.45,9.867,31.99,51.6,52.3,50.3,50.8,52.3,49.2,5.1,28.0,6156.0,6157,25
b216243d-55963da2,FixedSkip-5,0.3999445276254333,0.23526452471477294,0.8276198579413667,0.27690008097470953,1713,1240,792,448,921,21,82,79.61,0,82,0.0,79.61,0,0.0,0,0.0,21,20.39,2.43,15.523,43.927,88.354,96.13,18.623,40.2,10.089,21.59,9.186,19.7,50.9,51.6,49.8,50.2,51.6,35.2,5.2,21.7,6156.0,6157,17
b216243d-ad4306b9,FixedSkip-2,0.6098109690296603,0.4222946212591359,0.9654426156998736,0.34234426210522656,1093,790,686,104,407,52,51,49.51,0,51,0.0,49.51,0,0.0,0,0.0,52,50.49,4.03,29.849,61.367,88.186,225.06,26.582,99.04,11.729,43.52,10.972,40.79,51.7,52.6,50.1,50.7,52.5,62.6,4.9,27.5,6158.0,6159,29
b216243d-ad4306b9,FixedSkip-3,0.5590263054966483,0.3630661527615315,0.9422234926683963,0.3259963662525419,1093,777,642,135,451,35,68,66.02,0,68,0.0,66.02,0,0.0,0,0.0,35,33.98,3.14,21.492,55.582,89.31,155.54,23.695,67.96,11.116,31.76,10.319,29.55,51.6,52.3,50.1,50.5,52.3,50.0,5.0,28.6,6155.0,6155,22
b216243d-ad4306b9,FixedSkip-5,0.465133511065118,0.2837080853294068,0.8571096121513128,0.30613629565768175,1093,832,576,256,517,21,82,79.61,0,82,0.0,79.61,0,0.0,0,0.0,21,20.39,2.2,13.458,56.174,84.692,108.8,20.896,41.5,10.522,20.8,9.735,19.3,51.4,52.1,50.0,50.4,52.1,52.0,5.2,27.0,6155.0,6155,16
b2169b74-fa197951,FixedSkip-2,0.6740500724068716,0.46124733541328444,0.9588869932197497,0.3847301726660814,2040,1675,1422,253,618,102,101,49.75,0,101,0.0,49.75,0,0.0,0,0.0,102,50.25,8.13,29.566,60.831,94.362,480.41,27.346,215.97,11.793,92.96,11.097,87.52,52.0,52.7,50.5,51.1,52.7,60.4,4.9,30.3,6163.0,6163,61
b2169b74-fa197951,FixedSkip-3,0.5731741005296509,0.36735445775534864,0.9103973919955509,0.3495142901577959,2040,1639,1262,377,778,68,135,66.5,0,135,0.0,66.5,0,0.0,0,0.0,68,33.5,6.41,21.732,59.981,94.126,366.45,23.787,145.35,11.047,67.23,10.296,62.74,51.7,52.4,50.3,50.6,52.4,54.9,5.1,26.3,6163.0,6163,47
b2169b74-fa197951,FixedSkip-5,0.36594943862835444,0.22082589044622897,0.7569077323423296,0.2733617444547685,2040,1646,923,723,1117,41,162,79.8,0,162,0.0,79.8,0,0.0,0,0.0,41,20.2,4.47,13.458,52.585,88.302,223.48,21.007,89.44,10.465,44.38,9.712,41.25,51.2,51.9,49.9,50.3,51.9,48.1,5.1,24.9,6163.0,6163,33
b21742c2-0e7a2b57,FixedSkip-2,0.4537191378989233,0.2964561788379313,0.9389760778647946,0.2634246191619113,2128,1228,1019,209,1109,101,101,50.0,0,101,0.0,50.0,0,0.0,0,0.0,101,50.0,7.98,28.818,62.5,93.146,480.41,27.367,212.34,11.791,91.16,11.094,85.87,51.8,52.9,50.2,50.8,52.9,61.3,5.0,29.8,6167.0,6167,59
b21742c2-0e7a2b57,FixedSkip-3,0.395552108438359,0.2426528901757122,0.896257999200037,0.24072135035575518,2128,1192,927,265,1201,68,134,66.34,0,134,0.0,66.34,0,0.0,0,0.0,68,33.66,6.13,20.097,55.075,89.914,316.8,24.554,143.33,11.166,64.95,10.458,60.91,51.6,52.5,50.2,50.7,52.5,52.4,5.1,27.2,6166.0,6166,46
b21742c2-0e7a2b57,FixedSkip-5,0.30750381039085595,0.173893341350543,0.8196382393311232,0.21272138506132107,2128,1201,764,437,1364,41,161,79.7,0,161,0.0,79.7,0,0.0,0,0.0,41,20.3,4.36,12.605,50.436,84.39,206.08,21.317,86.44,10.466,42.24,9.699,39.22,51.2,51.7,49.8,50.2,51.7,46.8,5.2,26.1,6166.0,6166,33
b21742c2-18d3463a,FixedSkip-2,0.5458472409850468,0.31496104172306577,0.880981639929066,0.3414004694181074,3260,2640,1989,651,1271,101,101,50.0,0,101,0.0,50.0,0,0.0,0,0.0,101,50.0,8.72,31.47,57.966,96.908,487.05,25.522,216.44,11.398,96.46,10.666,90.32,51.6,52.5,50.0,50.6,52.5,54.4,5.1,27.7,6167.0,6168,67
b21742c2-18d3463a,FixedSkip-3,0.45049742104371765,0.24688112675558432,0.8066514086446515,0.3140213879664547,3260,2725,1762,963,1498,68,134,66.34,0,134,0.0,66.34,0,0.0,0,0.0,68,33.66,7.19,25.518,55.905,89.378,391.83,21.693,150.52,10.568,73.06,9.818,67.99,51.0,51.7,49.4,49.7,51.7,51.7,5.1,25.4,6160.0,6160,55
b21742c2-18d3463a,FixedSkip-5,0.34657378341977096,0.17511977516029237,0.7311489316831645,0.2703104317499051,3260,2665,1455,1210,1805,41,161,79.7,0,161,0.0,79.7,0,0.0,0,0.0,41,20.3,4.91,15.656,38.422,80.194,179.74,19.086,89.92,9.973,46.8,9.203,43.25,50.1,51.1,48.9,49.4,51.1,24.6,5.2,23.6,6163.0,6164,38
b2194b15-1825056a,FixedSkip-2,0.3688952326200833,0.23872896311221017,0.9720593196919655,0.19753167036698446,1798,741,681,60,1117,102,101,49.75,0,101,0.0,49.75,0,0.0,0,0.0,102,50.25,7.58,28.165,62.058,94.166,451.18,28.478,208.57,12.045,87.98,11.357,83.02,51.4,52.2,49.4,50.2,52.2,65.2,4.8,30.8,6165.0,6166,57
b2194b15-1825056a,FixedSkip-3,0.3276892670902719,0.19919847875661656,0.923839912066906,0.1929564697707536,1798,778,631,147,1167,68,135,66.5,0,135,0.0,66.5,0,0.0,0,0.0,68,33.5,5.65,18.862,61.79,94.414,333.79,26.017,140.5,11.599,62.5,10.825,58.36,51.5,52.2,49.8,50.3,52.2,58.6,5.0,28.5,6164.0,6164,42
b2194b15-1825056a,FixedSkip-5,0.2237994428069615,0.12887090172022803,0.8194391461976993,0.15072379697583538,1798,721,473,248,1325,41,162,79.8,0,162,0.0,79.8,0,0.0,0,0.0,41,20.2,3.98,11.842,54.722,85.178,206.29,22.501,85.16,10.708,40.33,10.001,37.74,51.2,51.9,49.8,50.2,51.9,51.6,5.0,27.5,6163.0,6163,31
b21bfb83-ea32f716,FixedSkip-2,0.5208002342675766,0.3600368475606471,0.9909420725507166,0.27061815537853734,2380,1306,1250,56,1130,101,101,50.0,0,101,0.0,50.0,0,0.0,0,0.0,101,50.0,7.72,28.093,60.136,98.8,448.43,28.051,209.54,11.918,88.82,11.218,83.66,51.8,52.6,50.2,50.9,52.6,59.9,4.9,31.2,6167.0,6167,59
b21bfb83-ea32f716,FixedSkip-3,0.5171304584846188,0.35191874188582106,0.9822328528369241,0.2707984781214073,2380,1323,1252,71,1128,68,134,66.34,0,134,0.0,66.34,0,0.0,0,0.0,68,33.66,6.05,20.222,60.519,94.058,351.17,24.545,143.64,11.184,65.24,10.484,61.24,51.6,52.2,50.1,50.6,52.2,58.7,5.1,27.7,6163.0,6163,46
b21bfb83-ea32f716,FixedSkip-5,0.46078492267146853,0.2882309003447324,0.9475199259305853,0.25557761917552413,2380,1314,1153,161,1227,41,161,79.7,0,161,0.0,79.7,0,0.0,0,0.0,41,20.3,4.4,13.079,50.091,87.708,206.68,21.242,87.88,10.397,42.79,9.67,39.86,51.0,51.7,49.7,50.2,51.7,46.7,5.2,27.2,6165.0,6165,32
b21c68e6-65674a17,FixedSkip-2,0.36823549699854896,0.20667946481834534,0.9054279225424741,0.22322317289554272,1742,902,697,205,1045,102,101,49.75,0,101,0.0,49.75,0,0.0,0,0.0,102,50.25,7.5,28.041,66.294,94.794,477.6,28.839,207.99,12.141,87.31,11.425,82.25,51.8,52.7,50.2,50.8,52.7,66.2,4.8,31.2,6168.0,6169,56
b21c68e6-65674a17,FixedSkip-3,0.2723166931903078,0.14496340823270587,0.814134975154775,0.19277546261528788,1742,902,552,350,1190,68,135,66.5,0,135,0.0,66.5,0,0.0,0,0.0,68,33.5,5.51,18.562,58.195,96.628,304.58,26.451,140.27,11.632,61.46,10.884,57.59,51.8,52.5,50.4,51.0,52.5,55.7,5.0,28.8,6168.0,6168,43
b21c68e6-65674a17,FixedSkip-5,0.1902002391193923,0.09789431985526773,0.6893989726532785,0.1576649601119526,1742,932,422,510,1320,41,162,79.8,0,162,0.0,79.8,0,0.0,0,0.0,41,20.2,3.98,11.959,55.427,89.598,201.16,22.592,83.35,10.801,39.68,10.017,36.88,51.4,52.2,50.0,50.5,52.2,54.6,4.9,27.8,6168.0,6168,30
b21c86ac-0dc77d82,FixedSkip-2,0.7037220115130336,0.5315619125628867,0.9899108730522079,0.36138295383655644,1832,1344,1302,42,530,101,101,50.0,0,101,0.0,50.0,0,0.0,0,0.0,101,50.0,7.71,27.839,61.195,90.922,455.43,28.01,208.31,11.913,88.33,11.21,83.21,51.9,52.7,50.1,51.0,52.7,61.3,4.9,30.9,6170.0,6170,58
b21c86ac-0dc77d82,FixedSkip-3,0.6953839911349355,0.519200700934992,0.9841091097141277,0.36065663917192303,1832,1350,1294,56,538,68,134,66.34,0,134,0.0,66.34,0,0.0,0,0.0,68,33.66,6.01,19.994,55.666,95.786,320.15,24.686,142.19,11.195,64.29,10.495,60.35,51.6,52.4,50.1,50.9,52.4,53.8,5.0,27.8,6163.0,6164,45
b21c86ac-0dc77d82,FixedSkip-5,0.6291871005936985,0.44259443281949873,0.9557585772532072,0.3442435848209347,1832,1342,1203,139,629,41,161,79.7,0,161,0.0,79.7,0,0.0,0,0.0,41,20.3,4.31,12.745,53.977,94.47,218.24,21.39,86.45,10.483,42.14,9.768,39.35,51.2,51.9,49.7,50.6,51.9,54.5,5.0,27.7,6164.0,6165,32
b21c86ac-2eb7ba16,FixedSkip-2,0.6135389409634057,0.4017543317782752,0.9386418062032806,0.36046888172486535,2889,2296,1865,431,1024,102,101,49.75,0,101,0.0,49.75,0,0.0,0,0.0,102,50.25,7.88,30.002,62.709,93.814,477.23,27.777,212.84,11.923,91.13,11.181,85.53,51.8,52.5,49.9,50.4,52.5,63.7,4.9,30.5,6168.0,6168,61
b21c86ac-2eb7ba16,FixedSkip-3,0.44308593461239965,0.27288822209423574,0.8277748338397737,0.30870769570020157,2889,2342,1472,870,1417,68,135,66.5,0,135,0.0,66.5,0,0.0,0,0.0,68,33.5,6.42,23.237,55.771,91.452,346.28,23.759,147.64,10.977,68.0,10.275,63.72,51.4,52.1,49.7,50.0,52.1,48.5,5.0,27.6,6167.0,6167,50
b21c86ac-2eb7ba16,FixedSkip-5,0.2771841977644144,0.16163117368131863,0.6907760552514974,0.22993506230374924,2889,2238,1024,1214,1865,41,162,79.8,0,162,0.0,79.8,0,0.0,0,0.0,41,20.2,4.44,14.383,53.75,85.71,227.37,21.074,89.41,10.425,43.94,9.643,40.75,50.9,51.5,49.3,49.6,51.5,52.1,5.2,25.9,6169.0,6169,34
b21c86ac-71205084,FixedSkip-2,0.645829192542371,0.461710341107077,0.9671951536376392,0.35272316079426624,1914,1418,1274,144,640,101,101,50.0,0,101,0.0,50.0,0,0.0,0,0.0,101,50.0,7.76,29.236,62.955,90.966,473.99,27.815,211.3,11.892,89.99,11.197,84.84,51.6,52.5,49.7,50.3,52.5,62.8,4.8,30.3,6172.0,6172,59
b21c86ac-71205084,FixedSkip-3,0.5901431284281666,0.4021521790305232,0.9485431955004073,0.3313592754729904,1914,1367,1185,182,729,68,134,66.34,0,134,0.0,66.34,0,0.0,0,0.0,68,33.66,5.95,20.588,56.147,96.144,314.01,24.923,141.28,11.259,63.59,10.567,59.75,51.5,52.2,49.8,50.1,52.2,52.4,5.0,28.0,6167.0,6167,44
b21c86ac-71205084,FixedSkip-5,0.47414047441758334,0.29163086410026556,0.8634859010833099,0.3015877223794407,1914,1419,1029,390,885,41,161,79.7,0,161,0.0,79.7,0,0.0,0,0.0,41,20.3,4.28,13.178,49.618,85.258,200.25,21.494,86.77,10.477,42.11,9.81,39.48,51.0,51.8,49.4,49.7,51.8,44.2,5.2,27.0,6167.0,6167,31
b21d5efb-5e2cd743,FixedSkip-2,0.23233142848784682,0.13287649513147623,0.8861356293686704,0.1407390873015873,1350,448,350,98,1000,101,101,50.0,0,101,0.0,50.0,0,0.0,0,0.0,101,50.0,6.91,27.119,62.337,95.416,412.77,30.498,203.38,12.467,82.91,11.792,78.51,52.1,52.9,50.1,50.6,52.9,63.9,4.6,33.2,6170.0,6170,52
b21d5efb-5e2cd743,FixedSkip-3,0.1975915390788319,0.10148443891701522,0.8423346085050706,0.1296113191843529,1350,445,308,137,1042,68,134,66.34,0,134,0.0,66.34,0,0.0,0,0.0,68,33.66,5.1,18.283,63.703,92.926,308.02,27.962,136.78,11.987,58.43,11.297,55.13,52.3,52.9,50.3,50.8,52.9,63.0,4.9,31.5,6172.0,6172,38
b21d5efb-5e2cd743,FixedSkip-5,0.16735004207454535,0.07635731851699051,0.7594647881496689,0.12117309778397642,1350,478,283,195,1067,41,161,79.7,0,161,0.0,79.7,0,0.0,0,0.0,41,20.3,3.41,10.828,60.329,94.904,183.52,25.42,78.92,11.441,35.45,10.688,33.14,52.1,52.5,50.2,50.5,52.6,57.5,4.9,27.3,6173.0,6173,25
b2208b0f-2796a692,FixedSkip-2,0.5973194513905855,0.3675599080983384,0.9263544157918457,0.35095382811183823,4174,3285,2661,624,1513,102,101,49.75,0,101,0.0,49.75,0,0.0,0,0.0,102,50.25,8.87,32.712,58.603,94.226,505.23,25.487,221.16,11.369,98.47,10.668,92.46,51.9,52.8,50.2,50.5,52.8,54.3,5.1,28.7,6173.0,6173,67
b2208b0f-2796a692,FixedSkip-3,0.4877266950262272,0.27800187052894737,0.8664644000023708,0.3168538692748169,4174,3257,2281,976,1893,68,135,66.5,0,135,0.0,66.5,0,0.0,0,0.0,68,33.5,7.53,27.695,50.1,90.122,371.61,21.056,155.28,10.433,76.65,9.71,71.43,51.0,51.7,49.5,49.8,51.7,43.5,5.2,24.9,6170.0,6171,57
b2208b0f-2796a692,FixedSkip-5,0.2739761278133386,0.14835485184247696,0.6862789856485895,0.22818135367113684,4174,3224,1477,1747,2697,41,162,79.8,0,162,0.0,79.8,0,0.0,0,0.0,41,20.2,5.26,17.217,36.127,83.238,183.46,19.123,97.15,9.94,50.19,9.216,46.64,50.4,51.0,48.8,49.0,51.0,23.1,5.3,22.0,6174.0,6174,39
b229488e-e4714bb7,FixedSkip-2,0.5861140914381653,0.39302077350494125,0.9886498702788654,0.30641875573165694,1354,844,802,42,552,101,101,50.0,0,101,0.0,50.0,0,0.0,0,0.0,101,50.0,7.28,28.141,63.661,91.392,445.38,29.246,205.97,12.203,85.62,11.513,80.89,51.3,52.1,49.3,50.0,52.1,66.3,4.7,31.1,6178.0,6178,54
b229488e-e4714bb7,FixedSkip-3,0.5343024451725381,0.3331254703615917,0.9623792372786808,0.29697869640293756,1354,852,748,104,606,68,134,66.34,0,134,0.0,66.34,0,0.0,0,0.0,68,33.66,5.43,19.083,59.15,95.856,304.47,27.002,139.1,11.733,60.32,11.015,56.68,51.6,52.3,49.8,50.1,52.3,58.2,5.0,29.7,6176.0,6176,40
b229488e-e4714bb7,FixedSkip-5,0.3717882753612848,0.20469443019572373,0.8536392844784048,0.24507528269801274,1354,833,571,262,783,41,161,79.7,0,161,0.0,79.7,0,0.0,0,0.0,41,20.3,3.88,12.075,51.089,86.224,183.89,23.275,83.99,10.837,38.97,10.214,36.79,51.3,51.9,49.6,49.9,51.9,50.3,5.1,27.5,6176.0,6176,28
b22a4d9f-48b2e986,FixedSkip-2,0.6241744865247053,0.44527653348916035,0.9670123806811162,0.34638526144973303,1414,1032,908,124,506,102,101,49.75,0,101,0.0,49.75,0,0.0,0,0.0,102,50.25,8.15,28.467,61.351,91.402,476.32,27.173,213.05,11.787,92.22,11.059,86.6,51.8,52.6,49.9,50.4,52.6,59.8,5.0,30.1,6181.0,6182,60
b22a4d9f-48b2e986,FixedSkip-3,0.5293317088146463,0.3384277167079182,0.9170053263688686,0.32372871232832084,1414,1042,801,241,613,68,135,66.5,0,135,0.0,66.5,0,0.0,0,0.0,68,33.5,6.25,19.7,57.527,94.262,343.88,24.048,143.72,11.096,66.2,10.363,61.88,51.5,52.2,49.7,50.0,52.2,52.7,5.0,27.3,6176.0,6176,47
b22a4d9f-48b2e986,FixedSkip-5,0.30627221649291914,0.18618036760257967,0.7540620536356453,0.23410050116825423,1414,994,525,469,889,41,162,79.8,0,162,0.0,79.8,0,0.0,0,0.0,41,20.2,4.52,12.604,47.566,81.408,208.25,20.818,90.13,10.345,44.6,9.634,41.61,50.9,51.6,49.3,49.6,51.6,44.7,5.1,26.3,6176.0,6177,34
b22a4d9f-73cc8810,FixedSkip-2,0.6790539115540803,0.43574014524192933,0.9674856640992796,0.3786285748035565,2255,1802,1573,229,682,102,101,49.75,0,101,0.0,49.75,0,0.0,0,0.0,102,50.25,8.4,29.196,58.529,94.868,477.02,26.544,216.3,11.568,94.08,10.895,88.68,51.5,52.3,49.7,50.2,52.2,56.2,4.9,29.0,6180.0,6180,64
b22a4d9f-73cc8810,FixedSkip-3,0.5558336923887695,0.3293403164403474,0.9081236063621754,0.3478251859833807,2255,1819,1345,474,910,68,135,66.5,0,135,0.0,66.5,0,0.0,0,0.0,68,33.5,6.81,22.413,55.177,88.852,366.03,22.689,149.05,10.692,69.97,10.071,66.02,51.1,51.9,49.4,49.7,51.9,49.8,5.1,26.8,6180.0,6180,51
b22a4d9f-73cc8810,FixedSkip-5,0.29139636510990463,0.16988001001086492,0.7054604904261526,0.23697464093805556,2255,1776,812,964,1443,41,162,79.8,0,162,0.0,79.8,0,0.0,0,0.0,41,20.2,4.71,13.765,50.431,81.84,225.32,20.144,89.05,10.275,45.23,9.489,41.83,50.6,51.3,49.1,49.4,51.3,44.1,5.3,24.5,6182.0,6183,34
b22e02cd-6af68e18,FixedSkip-2,0.39901461876737887,0.242566975464855,0.9575144770136744,0.22902715672374305,865,424,357,67,508,101,101,50.0,0,101,0.0,50.0,0,0.0,0,0.0,101,50.0,7.0,27.247,62.708,96.064,417.19,30.136,203.06,12.452,83.63,11.714,78.74,51.7,52.7,49.7,50.4,53.0,63.4,4.7,32.5,6186.0,6186,52
b22e02cd-6af68e18,FixedSkip-3,0.3042312116623242,0.17452868905644398,0.8817792834019584,0.19890769465352576,865,417,287,130,578,68,134,66.34,0,134,0.0,66.34,0,0.0,0,0.0,68,33.66,5.16,18.281,61.561,91.572,305.5,27.761,137.39,11.953,58.96,11.239,55.48,51.9,52.8,50.1,50.6,52.8,61.3,4.9,31.4,6181.0,6181,39
b22e02cd-6af68e18,FixedSkip-5,0.19176776497303913,0.10033400427199406,0.7007532970740339,0.15539925315872935,865,452,206,246,659,41,161,79.7,0,161,0.0,79.7,0,0.0,0,0.0,41,20.3,3.55,11.077,55.284,89.238,180.39,24.693,81.28,11.254,36.9,10.483,34.42,51.7,52.3,50.0,50.2,52.3,55.0,5.0,28.3,6180.0,6181,27
b22f385b-5d7e5202,FixedSkip-2,0.7686535369697903,0.6581269930236016,0.9913520717804953,0.4042987249544626,1281,1050,992,58,289,101,101,50.0,0,101,0.0,50.0,0,0.0,0,0.0,101,50.0,7.81,27.481,59.105,94.252,446.42,28.059,212.14,11.903,89.84,11.197,84.54,52.1,52.8,50.2,50.7,52.8,59.5,4.9,31.0,6181.0,6181,61
b22f385b-5d7e5202,FixedSkip-3,0.7515529416739153,0.6384290679337636,0.9844721611747482,0.4007206822141684,1281,1052,976,76,305,68,134,66.34,0,134,0.0,66.34,0,0.0,0,0.0,68,33.66,6.06,19.398,56.313,90.938,324.64,24.687,144.27,11.189,65.17,10.488,61.18,51.7,52.4,50.0,50.4,52.4,55.0,5.1,27.9,6179.0,6179,47
b22f385b-5d7e5202,FixedSkip-5,0.7095608407652054,0.5828418631643398,0.9612275044012658,0.3950308218256211,1281,1073,941,132,340,41,161,79.7,0,161,0.0,79.7,0,0.0,0,0.0,41,20.3,4.29,12.161,51.128,82.316,208.59,21.605,88.37,10.477,42.65,9.741,39.73,51.2,51.8,49.6,49.9,51.8,47.0,5.1,26.3,6179.0,6179,33
b230132b-ff8f2719,FixedSkip-2,0.4713191943379911,0.3361165131128636,0.9699429200107793,0.25874309922440364,1616,877,782,95,834,102,101,49.75,0,101,0.0,49.75,0,0.0,0,0.0,102,50.25,7.4,27.857,63.637,94.882,453.14,29.248,210.49,12.136,87.03,11.474,82.38,52.0,53.2,50.1,50.6,52.8,65.4,4.8,32.3,6179.0,6179,57
b230132b-ff8f2719,FixedSkip-3,0.43035046267094845,0.29048454093141834,0.9429096608961803,0.25323909344059403,1616,896,728,168,888,68,135,66.5,0,135,0.0,66.5,0,0.0,0,0.0,68,33.5,5.54,18.882,61.762,92.778,322.04,26.469,139.88,11.598,61.09,10.879,57.37,52.0,52.7,50.2,50.7,52.7,60.3,5.0,29.4,6179.0,6179,42
b230132b-ff8f2719,FixedSkip-5,0.36200402522914876,0.24164880558691176,0.9005019426264679,0.22872476049688306,1616,864,633,231,983,41,162,79.8,0,162,0.0,79.8,0,0.0,0,0.0,41,20.2,4.0,12.094,59.706,93.734,217.22,22.594,83.24,10.765,39.47,10.031,36.85,51.6,52.3,49.9,50.2,52.3,59.0,5.1,28.1,6179.0,6179,29
b230a7b2-c881c382,FixedSkip-2,0.3177317194493402,0.22197880689877722,0.9731531922682916,0.17350602409638555,830,300,270,30,560,102,101,49.75,0,101,0.0,49.75,0,0.0,0,0.0,102,50.25,7.01,26.979,65.759,96.982,445.63,30.58,208.26,12.485,84.79,11.797,80.2,52.4,53.0,50.5,51.0,53.1,68.5,4.7,33.7,6182.0,6183,53
b230a7b2-c881c382,FixedSkip-3,0.2841681475963468,0.17667321870739944,0.9290797010878973,0.16612814895947425,830,308,251,57,579,68,135,66.5,0,135,0.0,66.5,0,0.0,0,0.0,68,33.5,5.17,18.02,62.836,97.428,313.73,27.937,139.38,12.014,59.78,11.275,56.16,52.5,53.0,50.6,50.9,53.0,61.6,4.9,31.2,6179.0,6179,39
b230a7b2-c881c382,FixedSkip-5,0.1937328421445768,0.12327045654677335,0.846283463864987,0.12904806037336158,830,273,183,90,647,41,162,79.8,0,162,0.0,79.8,0,0.0,0,0.0,41,20.2,3.46,10.74,55.908,92.106,182.94,25.351,83.01,11.515,37.58,10.667,34.85,52.2,52.8,50.4,50.7,52.8,53.0,5.0,27.7,6179.0,6179,27
b231a630-c4522992,FixedSkip-2,0.6280175820289385,0.4025921011296031,0.9623479007781761,0.3519913057808123,3209,2394,2082,312,1127,101,101,50.0,0,101,0.0,50.0,0,0.0,0,0.0,101,50.0,8.2,29.233,59.052,94.73,467.96,27.015,216.08,11.691,93.33,10.988,87.77,52.3,53.2,50.6,51.2,53.2,55.8,4.9,30.0,6179.0,6179,64
b231a630-c4522992,FixedSkip-3,0.5551887191370092,0.33377551330805016,0.9220474723734715,0.3327957060940596,3209,2407,1905,502,1304,68,134,66.34,0,134,0.0,66.34,0,0.0,0,0.0,68,33.66,7.05,24.64,53.22,86.54,363.05,22.139,151.8,10.624,72.51,9.953,68.06,51.4,52.2,50.1,50.7,52.2,50.2,5.1,26.4,6175.0,6175,53
b231a630-c4522992,FixedSkip-5,0.45070658273664344,0.25503830442972003,0.8387359361481324,0.29837664394094865,3209,2460,1671,789,1538,41,161,79.7,0,161,0.0,79.7,0,0.0,0,0.0,41,20.3,4.85,15.14,52.673,84.04,243.68,19.595,90.46,10.132,46.56,9.363,43.1,50.8,51.5,49.5,49.9,51.5,49.7,5.3,23.8,6178.0,6179,36
b232c7c9-d251d9ee,FixedSkip-2,0.6544791422077455,0.42435960988318405,0.9292494363279935,0.3794696625270194,3174,2686,2215,471,959,101,101,50.0,0,101,0.0,50.0,0,0.0,0,0.0,101,50.0,8.51,32.209,59.393,96.234,494.79,25.99,216.83,11.463,95.31,10.791,89.83,51.3,52.8,49.5,50.0,52.8,57.4,4.9,27.9,6181.0,6181,64
b232c7c9-d251d9ee,FixedSkip-3,0.5637464664239984,0.33340148044684353,0.8771224806533727,0.3563130769122425,3174,2729,1996,733,1178,68,134,66.34,0,134,0.0,66.34,0,0.0,0,0.0,68,33.66,6.99,25.632,51.86,87.04,347.66,22.238,149.39,10.585,70.78,9.972,66.81,50.9,51.7,49.3,49.6,51.7,45.9,5.1,26.3,6177.0,6177,52
b232c7c9-d251d9ee,FixedSkip-5,0.37536966699702357,0.2121212905424555,0.7470314535782714,0.28222114621733446,3174,2686,1494,1192,1680,41,161,79.7,0,161,0.0,79.7,0,0.0,0,0.0,41,20.3,4.78,15.676,44.243,87.318,203.5,19.794,89.8,10.151,45.76,9.415,42.55,50.3,51.2,48.9,49.2,51.1,33.0,5.1,23.8,6177.0,6178,35
b2331b83-648e56ca,FixedSkip-2,0.38027572675029403,0.26781682357067993,0.9846145293187936,0.20406964964294427,1521,636,586,50,935,101,101,50.0,0,101,0.0,50.0,0,0.0,0,0.0,101,50.0,7.31,27.674,61.967,94.402,442.72,29.204,209.09,12.225,87.22,11.521,82.28,51.5,52.3,49.7,50.6,52.3,63.8,4.8,31.5,6181.0,6181,55
b2331b83-648e56ca,FixedSkip-3,0.31951457903005753,0.2182080434159138,0.9372106616806747,0.18786122650562487,1521,631,512,119,1009,68,134,66.34,0,134,0.0,66.34,0,0.0,0,0.0,68,33.66,5.46,18.712,57.398,91.85,298.15,26.835,141.89,11.697,61.67,10.99,58.0,51.7,52.3,50.1,50.5,52.3,56.7,5.0,29.7,6178.0,6179,41
b2331b83-648e56ca,FixedSkip-5,0.2549385381714139,0.16185004664526045,0.8531790494036908,0.1700189183991752,1521,653,437,216,1084,41,161,79.7,0,161,0.0,79.7,0,0.0,0,0.0,41,20.3,3.87,11.642,53.805,89.292,190.32,23.261,84.47,10.964,39.6,10.22,36.98,51.3,52.0,49.9,50.4,52.0,54.3,5.1,26.6,6179.0,6179,28
b2331b83-a28e6b57,FixedSkip-2,0.5536973859080208,0.3609122330184466,0.9110957605935233,0.33825818169289307,3230,2516,1926,590,1304,102,101,49.75,0,101,0.0,49.75,0,0.0,0,0.0,102,50.25,8.43,30.904,58.609,91.92,474.57,26.52,216.78,11.53,93.98,10.88,88.76,51.6,52.3,50.0,50.6,52.3,56.8,5.0,28.6,6183.0,6183,65
b2331b83-a28e6b57,FixedSkip-3,0.45151834216960446,0.2745700342721368,0.8370254107630997,0.30782941224769733,3230,2564,1673,891,1557,68,135,66.5,0,135,0.0,66.5,0,0.0,0,0.0,68,33.5,7.06,25.118,54.012,91.39,373.69,22.116,151.9,10.616,72.63,9.954,68.21,51.0,51.6,49.6,50.0,51.6,46.8,5.1,25.3,6183.0,6186,52
b2331b83-a28e6b57,FixedSkip-5,0.2871013830431183,0.16864358171004795,0.6907479820763814,0.23877619326535737,3230,2590,1190,1400,2040,41,162,79.8,0,162,0.0,79.8,0,0.0,0,0.0,41,20.2,4.86,15.47,41.943,88.318,193.5,19.487,89.31,10.033,45.75,9.351,42.72,50.2,51.2,49.1,49.5,51.0,31.1,5.2,23.7,6186.0,6186,36
b23493b1-3200de1c,FixedSkip-2,0.6060924340709148,0.3997566983677324,0.9210862598374823,0.36940254976587156,3179,2664,2052,612,1127,101,101,50.0,0,101,0.0,50.0,0,0.0,0,0.0,101,50.0,8.68,31.865,56.923,90.176,482.74,25.587,215.98,11.351,95.54,10.668,89.89,50.9,51.7,49.4,50.2,51.7,53.6,5.0,27.3,6189.0,6190,67
b23493b1-3200de1c,FixedSkip-3,0.47156847091294596,0.2916436590205952,0.8449555041635458,0.32490196434676366,3179,2649,1686,963,1493,68,134,66.34,0,134,0.0,66.34,0,0.0,0,0.0,68,33.66,7.12,25.397,51.751,92.56,354.36,21.952,150.11,10.58,72.1,9.867,67.32,50.5,51.4,49.2,49.7,51.4,43.8,5.1,25.8,6188.0,6188,53
b23493b1-3200de1c,FixedSkip-5,0.29752114557211845,0.18056264535167096,0.6912695936587568,0.24851112108605988,3179,2670,1193,1477,1986,41,161,79.7,0,161,0.0,79.7,0,0.0,0,0.0,41,20.3,4.9,15.615,41.951,85.148,196.89,19.707,91.74,10.072,46.6,9.31,43.18,49.9,50.8,48.7,49.3,50.8,29.7,5.3,23.3,6189.0,6189,37
b237db93-fab44bf2,FixedSkip-2,0.5787272987901533,0.40712442652717584,0.9573891469932521,0.33092380713367864,1017,717,610,107,407,102,101,49.75,0,101,0.0,49.75,0,0.0,0,0.0,102,50.25,7.56,27.971,64.946,94.608,477.53,28.653,210.82,12.025,88.26,11.345,83.34,51.0,52.1,49.4,50.2,52.1,65.4,4.8,30.6,6197.0,6197,57
b237db93-fab44bf2,FixedSkip-3,0.4997366886344742,0.3180913415563717,0.9143899327477459,0.3022584544125229,1017,698,548,150,469,68,135,66.5,0,135,0.0,66.5,0,0.0,0,0.0,68,33.5,5.64,18.673,60.448,92.4,329.66,26.12,142.32,11.579,62.93,10.838,58.97,51.3,51.9,49.7,50.2,51.9,56.5,5.1,28.8,6191.0,6191,42
b237db93-fab44bf2,FixedSkip-5,0.4261158347513269,0.24027369058405287,0.8621302969442167,0.27905271403096515,1017,708,485,223,532,41,162,79.8,0,162,0.0,79.8,0,0.0,0,0.0,41,20.2,4.08,11.995,57.399,88.424,216.31,22.335,85.15,10.567,40.13,9.986,37.99,50.9,51.6,49.4,50.0,51.6,55.3,5.0,28.3,6191.0,6191,31
b23a79d1-43dfeecd,FixedSkip-2,0.4069478681648617,0.2687739667393907,0.9537613586368963,0.23438403962346607,1690,853,714,139,976,102,101,49.75,0,101,0.0,49.75,0,0.0,0,0.0,102,50.25,7.23,27.924,60.598,91.764,422.0,29.908,210.83,12.296,86.43,11.638,81.86,51.8,52.4,50.1,50.7,52.4,61.8,4.7,33.3,6197.0,6197,55
b23a79d1-43dfeecd,FixedSkip-3,0.32671530125321546,0.19133802888214763,0.899251748199423,0.20522098034918548,1690,810,600,210,1090,68,135,66.5,0,135,0.0,66.5,0,0.0,0,0.0,68,33.5,5.34,18.734,62.238,92.54,316.81,27.296,138.56,11.763,59.53,11.099,56.25,51.8,52.4,50.3,50.7,52.4,59.4,4.9,30.1,6197.0,6197,40
b23a79d1-43dfeecd,FixedSkip-5,0.22978362319879975,0.1254619293185268,0.7750179687338251,0.17030142540024698,1690,829,466,363,1224,41,162,79.8,0,162,0.0,79.8,0,0.0,0,0.0,41,20.2,3.76,11.584,54.764,93.956,190.87,23.712,84.6,11.048,39.24,10.286,36.57,51.4,52.0,50.0,50.4,52.0,53.6,5.0,26.3,6197.0,6197,28
b23a79d1-e434acaa,FixedSkip-2,0.5587729188115527,0.3970698245898535,0.9747006376789307,0.3125234553805982,1078,702,614,88,464,102,101,49.75,0,101,0.0,49.75,0,0.0,0,0.0,102,50.25,7.43,27.555,60.653,90.016,437.56,29.134,210.84,12.211,88.14,11.489,83.02,52.0,52.9,50.4,51.1,52.9,61.6,4.8,32.0,6197.0,6197,56
b23a79d1-e434acaa,FixedSkip-3,0.4554199123306274,0.3028711133889703,0.9124135885810474,0.2828862973760933,1078,700,526,174,552,68,135,66.5,0,135,0.0,66.5,0,0.0,0,0.0,68,33.5,5.58,18.752,57.76,92.414,309.09,26.063,141.03,11.616,62.64,10.84,58.53,51.9,52.5,50.4,50.8,52.5,55.0,5.0,29.2,6197.0,6197,42
b23a79d1-e434acaa,FixedSkip-5,0.32428793228653563,0.2023671856547058,0.7886953527304823,0.23216877269271866,1078,698,421,277,657,41,162,79.8,0,162,0.0,79.8,0,0.0,0,0.0,41,20.2,4.03,12.035,56.556,91.716,213.32,22.594,85.58,10.805,40.73,10.06,38.0,51.4,52.0,50.0,51.0,52.0,52.0,5.0,26.9,6197.0,6197,29
b23adb0d-72704b27,FixedSkip-2,0.5153252087163331,0.35162880700867283,0.9935324963656977,0.26882899571959296,1208,656,626,30,582,101,101,50.0,0,101,0.0,50.0,0,0.0,0,0.0,101,50.0,7.02,27.145,64.609,92.946,437.83,30.181,204.98,12.383,83.9,11.708,79.38,52.2,53.0,50.5,51.2,53.0,65.5,4.7,33.2,6197.0,6197,55
b23adb0d-72704b27,FixedSkip-3,0.46681710795099884,0.2919928091747848,0.9710443198983879,0.26107468114736854,1208,661,577,84,631,68,134,66.34,0,134,0.0,66.34,0,0.0,0,0.0,68,33.66,5.3,18.73,59.249,92.576,294.0,27.331,137.08,11.853,59.23,11.101,55.54,52.1,52.7,50.6,50.9,52.7,57.8,4.9,30.5,6198.0,6198,38
b23adb0d-72704b27,FixedSkip-5,0.35061479553202796,0.19963291739840866,0.8998801817723897,0.22186221369215844,1208,628,458,170,750,41,161,79.7,0,161,0.0,79.7,0,0.0,0,0.0,41,20.3,3.63,11.22,56.219,94.394,187.53,24.326,81.58,11.165,37.34,10.443,34.96,51.8,52.3,50.4,50.9,52.3,53.7,4.9,27.0,6199.0,6199,27
b23adb0d-8a7aaced,FixedSkip-2,0.3590213419664147,0.21450302999562548,0.9116630631582645,0.21520281860838875,2147,1063,833,230,1314,102,101,49.75,0,101,0.0,49.75,0,0.0,0,0.0,102,50.25,7.37,28.013,61.651,91.746,441.73,29.379,209.99,12.232,87.24,11.558,82.48,52.3,52.9,50.7,51.3,52.9,63.7,4.8,32.5,6200.0,6201,56
b23adb0d-8a7aaced,FixedSkip-3,0.2821743213097774,0.15912814186514618,0.8293299165413965,0.19216718545566308,2147,1079,702,377,1445,68,135,66.5,0,135,0.0,66.5,0,0.0,0,0.0,68,33.5,5.65,19.669,59.547,94.642,325.23,25.987,142.29,11.607,63.35,10.816,59.11,52.1,52.8,50.6,51.0,52.8,57.5,5.0,29.1,6201.0,6201,42
b23adb0d-8a7aaced,FixedSkip-5,0.17784083521077504,0.09453726264645942,0.6919428511412253,0.14858944367979707,2147,1068,488,580,1659,41,162,79.8,0,162,0.0,79.8,0,0.0,0,0.0,41,20.2,3.95,12.089,55.426,89.89,198.69,22.625,82.71,10.922,39.7,10.122,36.88,51.5,52.3,50.2,50.5,52.3,51.9,5.0,25.8,6201.0,6202,28
b23b2649-1a78948d,FixedSkip-2,0.5845525600952167,0.3782343951095187,0.9143502258255183,0.3656652187902188,1332,1120,829,291,503,95,95,50.0,0,95,0.0,50.0,0,0.0,0,0.0,95,50.0,7.37,28.223,63.102,91.582,443.65,27.794,196.95,11.935,84.38,11.17,79.05,52.1,52.7,50.5,51.1,52.7,63.1,4.9,30.4,6203.0,6204,57
b23b2649-1a78948d,FixedSkip-3,0.4428440096632965,0.2711473584797302,0.8270963067658735,0.31387490564705756,1332,1106,670,436,662,64,126,66.32,0,126,0.0,66.32,0,0.0,0,0.0,64,33.68,5.65,19.591,55.681,93.984,299.56,24.888,135.47,11.259,61.06,10.511,57.06,51.8,52.5,50.3,50.8,52.5,52.9,5.0,27.3,6203.0,6204,44
b23b2649-1a78948d,FixedSkip-5,0.26312676738354895,0.1551475290037256,0.6626414383622842,0.22873233269272872,1332,1111,432,679,900,38,152,80.0,0,152,0.0,80.0,0,0.0,0,0.0,38,20.0,3.94,12.062,52.447,88.618,196.07,21.749,81.46,10.563,39.33,9.839,36.73,51.3,51.9,49.9,50.2,51.9,47.6,5.1,26.1,6203.0,6204,30
b23b2649-6af03cd5,FixedSkip-2,0.6700674977541627,0.4809465365314172,0.9532413503750826,0.3867292757811089,1469,1225,1022,203,447,102,101,49.75,0,101,0.0,49.75,0,0.0,0,0.0,102,50.25,7.8,28.301,61.579,94.454,464.98,28.109,213.3,11.912,90.26,11.243,85.23,51.9,53.1,50.2,50.8,53.1,61.1,4.8,30.7,6211.0,6212,59
b23b2649-6af03cd5,FixedSkip-3,0.5761105012731654,0.3897846994374966,0.9019123418650732,0.35685119306920215,1469,1222,919,303,550,68,135,66.5,0,135,0.0,66.5,0,0.0,0,0.0,68,33.5,6.05,19.982,56.522,93.254,328.45,24.722,145.09,11.221,65.68,10.532,61.7,51.7,52.4,50.0,50.7,52.4,50.6,5.0,27.7,6214.0,6214,45
b23b2649-6af03cd5,FixedSkip-5,0.4232345610847239,0.2628269848237762,0.8049607768568289,0.3045674938090947,1469,1223,726,497,743,41,162,79.8,0,162,0.0,79.8,0,0.0,0,0.0,41,20.2,4.3,12.688,51.083,83.628,207.18,21.57,86.84,10.516,42.13,9.776,39.24,51.2,51.9,49.7,50.3,51.9,51.3,5.0,27.6,6214.0,6214,31
b23b2649-8349d2a1,FixedSkip-2,0.46021501976764545,0.2433624694743442,0.8894615665799631,0.27053141127099856,1493,942,768,174,725,46,46,50.0,0,46,0.0,50.0,0,0.0,0,0.0,46,50.0,3.61,29.45,54.44,93.912,180.8,26.39,90.22,11.634,39.57,10.874,37.03,51.5,52.4,49.8,50.3,52.4,56.7,4.7,26.7,6217.0,6218,27
b23b2649-8349d2a1,FixedSkip-3,0.40992893581472745,0.20822495352811324,0.8419629891852626,0.2558894990192075,1493,953,720,233,773,31,61,66.3,0,61,0.0,66.3,0,0.0,0,0.0,31,33.7,2.95,22.607,50.961,94.0,137.28,22.688,60.92,10.866,29.04,10.057,26.94,51.2,51.8,49.5,50.1,51.8,46.4,5.1,28.2,6214.0,6215,22
b23b2649-8349d2a1,FixedSkip-5,0.3478431683555903,0.17748253069505585,0.7873236469141992,0.23904091286105453,1493,965,647,318,846,19,73,79.35,0,73,0.0,79.35,0,0.0,0,0.0,19,20.65,1.99,13.96,55.357,80.126,96.45,20.296,34.73,10.5,17.85,9.543,16.27,51.0,51.5,49.6,50.1,51.5,53.7,4.9,26.2,6214.0,6214,14
b23bb45f-ddeea1d8,FixedSkip-2,0.7400268737716202,0.5097613112524587,0.9838166353467495,0.4010262865437391,1035,852,776,76,259,102,101,49.75,0,101,0.0,49.75,0,0.0,0,0.0,102,50.25,7.89,27.798,62.202,91.956,474.25,27.858,214.45,11.891,91.32,11.191,86.0,51.7,52.6,49.9,51.0,53.1,61.3,5.0,30.8,6216.0,6216,61
b23bb45f-ddeea1d8,FixedSkip-3,0.6657931112132706,0.4308137039775729,0.9456518418863602,0.38521628074851466,1035,870,721,149,314,68,135,66.5,0,135,0.0,66.5,0,0.0,0,0.0,68,33.5,5.87,18.858,56.53,94.932,317.91,25.184,143.51,11.295,64.17,10.62,60.39,51.6,52.4,50.0,50.7,52.4,55.8,5.0,28.1,6197.0,6211,44
b23bb45f-ddeea1d8,FixedSkip-5,0.5243988008793572,0.31817782330018474,0.8571742196759116,0.3413263065436979,1035,880,616,264,419,41,162,79.8,0,162,0.0,79.8,0,0.0,0,0.0,41,20.2,4.34,12.403,49.45,92.49,203.97,21.449,87.35,10.441,42.34,9.795,39.78,51.1,51.6,49.6,50.1,51.6,45.8,5.1,27.5,6144.0,6146,33
b23c9e00-b425de1b,FixedSkip-2,0.4383546968408769,0.31401809439611816,0.9734587420015118,0.23915573636113927,2717,1356,1219,137,1498,101,101,50.0,0,101,0.0,50.0,0,0.0,0,0.0,101,50.0,7.44,28.531,62.15,96.604,447.92,28.832,207.92,12.076,86.86,11.39,82.0,51.9,52.8,50.0,50.6,52.8,64.0,4.8,31.8,6141.0,6141,58
b23c9e00-b425de1b,FixedSkip-3,0.39510212754945817,0.2682391666705539,0.9450436498365948,0.22266060678721034,2717,1317,1129,188,1588,68,134,66.34,0,134,0.0,66.34,0,0.0,0,0.0,68,33.66,5.6,19.652,60.227,92.186,321.64,26.101,140.5,11.484,61.63,10.782,57.93,51.8,52.5,50.1,50.6,52.5,58.0,4.9,28.9,6141.0,6141,43
b23c9e00-b425de1b,FixedSkip-5,0.3111961626394315,0.19459796714493593,0.857959188749301,0.19872401001672918,2717,1346,962,384,1755,41,161,79.7,0,161,0.0,79.7,0,0.0,0,0.0,41,20.3,4.04,12.662,55.043,94.73,206.58,22.277,83.96,10.602,39.74,9.89,37.15,51.3,52.0,49.7,50.0,52.0,54.6,5.1,27.6,6143.0,6143,30
b23f7012-32d284ce,FixedSkip-2,0.3229554257422974,0.20153963380666579,0.9411695281511577,0.1853192860595428,1660,673,565,108,1095,102,101,49.75,0,101,0.0,49.75,0,0.0,0,0.0,102,50.25,7.39,27.677,64.615,89.84,462.89,29.313,209.47,12.261,87.38,11.517,82.17,52.1,52.8,50.2,51.2,52.8,65.8,4.9,32.3,6143.0,6143,55
b23f7012-32d284ce,FixedSkip-3,0.27379709221847703,0.1577139472475804,0.8947383418415562,0.170876920857081,1660,668,497,171,1163,68,135,66.5,0,135,0.0,66.5,0,0.0,0,0.0,68,33.5,5.36,18.304,59.177,92.384,300.26,27.219,140.45,11.746,60.47,11.02,56.78,52.1,52.9,50.5,51.0,52.9,60.5,4.8,29.8,6146.0,6147,41
b23f7012-32d284ce,FixedSkip-5,0.18658922445785087,0.10277933222923608,0.7715399668630648,0.13748418330857676,1660,657,377,280,1283,41,162,79.8,0,162,0.0,79.8,0,0.0,0,0.0,41,20.2,3.76,11.296,53.59,91.406,186.16,23.549,83.87,10.995,38.97,10.217,36.27,51.7,52.6,50.1,50.9,52.6,53.7,5.0,27.0,6146.0,6147,29
b23f7012-fab06dac,FixedSkip-2,0.3074130317049153,0.21387183000993448,0.9753363062018078,0.16528052294430026,1714,588,539,49,1175,101,101,50.0,0,101,0.0,50.0,0,0.0,0,0.0,101,50.0,7.28,27.129,66.083,96.55,464.53,29.393,207.97,12.247,86.46,11.534,81.48,52.4,53.1,50.5,51.0,53.1,65.6,4.8,32.8,6146.0,6146,57
b23f7012-fab06dac,FixedSkip-3,0.26792250125749595,0.17603643944008565,0.9385175660860745,0.1527785118657988,1714,574,486,88,1228,68,134,66.34,0,134,0.0,66.34,0,0.0,0,0.0,68,33.66,5.4,18.183,60.428,92.118,311.76,26.854,138.64,11.729,60.39,10.973,56.56,52.3,52.9,50.5,50.8,52.9,57.8,4.9,29.2,6146.0,6146,42
b23f7012-fab06dac,FixedSkip-5,0.2501649332471671,0.1493026623816813,0.8983031832151821,0.14724515414692907,1714,587,473,114,1241,41,161,79.7,0,161,0.0,79.7,0,0.0,0,0.0,41,20.3,3.75,11.259,55.178,94.994,192.67,23.725,84.58,11.009,39.06,10.249,36.43,51.8,52.5,50.2,50.4,52.5,55.3,4.9,27.0,6146.0,6146,29
b23fe89b-c704fe97,FixedSkip-2,0.5471434462340431,0.3625952955931729,0.9760720743653603,0.29912817176317497,1166,725,651,74,515,102,101,49.75,0,101,0.0,49.75,0,0.0,0,0.0,102,50.25,7.27,27.335,64.105,95.196,452.2,29.635,210.92,12.324,87.5,11.597,82.39,52.5,53.3,50.6,51.1,53.3,65.9,4.9,32.5,6146.0,6146,56
b23fe89b-c704fe97,FixedSkip-3,0.423013637801808,0.2509890784508252,0.9013397680123697,0.2655162760463003,1166,723,534,189,632,68,135,66.5,0,135,0.0,66.5,0,0.0,0,0.0,68,33.5,5.47,18.602,59.132,95.232,304.58,26.57,138.75,11.669,60.69,10.933,56.94,52.4,53.0,50.6,50.9,53.0,58.7,5.0,29.3,6149.0,6150,41
b23fe89b-c704fe97,FixedSkip-5,0.28369036042862306,0.15303448276865134,0.7713407397343967,0.21384082143229438,1166,724,395,329,771,41,162,79.8,0,162,0.0,79.8,0,0.0,0,0.0,41,20.2,3.97,11.886,50.514,88.072,181.72,22.867,84.64,10.886,40.15,10.079,37.24,51.8,52.3,50.3,50.6,52.3,47.0,5.3,27.9,6149.0,6149,29
b24071b8-b3ee1196,FixedSkip-2,0.5571300105014884,0.3362747432618296,0.9047511949958961,0.34323367360249984,4862,3866,2938,928,1924,101,101,50.0,0,101,0.0,50.0,0,0.0,0,0.0,101,50.0,9.28,34.585,57.581,95.502,519.79,24.41,220.12,11.107,99.97,10.424,93.89,51.8,52.5,50.2,50.9,52.5,55.6,5.0,27.3,6149.0,6149,73
b24071b8-b3ee1196,FixedSkip-3,0.4261474480445055,0.24535521753615352,0.81178279513277,0.2971211533362117,4862,3872,2443,1429,2419,68,134,66.34,0,134,0.0,66.34,0,0.0,0,0.0,68,33.66,7.92,30.091,42.066,82.57,327.69,20.868,161.81,10.345,79.89,9.587,74.14,50.9,51.5,49.3,50.0,51.6,33.1,5.3,25.8,6149.0,6149,61
b24071b8-b3ee1196,FixedSkip-5,0.26578917391215795,0.14639801137728786,0.6657108995132698,0.2269429730369017,4862,3859,1718,2141,3144,41,161,79.7,0,161,0.0,79.7,0,0.0,0,0.0,41,20.3,5.18,17.694,50.075,84.562,248.13,19.208,95.53,10.116,50.04,9.188,45.54,50.2,50.8,48.7,49.2,50.8,44.3,5.4,21.7,6153.0,6153,40
b2408e45-984ba5aa,FixedSkip-2,0.5974044397727468,0.39014132009472796,0.9403618806317883,0.35506514449189996,1945,1524,1216,308,729,102,101,49.75,0,101,0.0,49.75,0,0.0,0,0.0,102,50.25,7.77,29.057,61.589,91.544,467.68,27.863,210.47,11.91,89.68,11.181,84.29,51.0,51.9,49.0,49.8,51.9,60.4,4.8,29.8,6153.0,6153,61
b2408e45-984ba5aa,FixedSkip-3,0.4872743430785795,0.2995292246971103,0.8730358163871889,0.3207675118033503,1945,1530,1045,485,900,68,135,66.5,0,135,0.0,66.5,0,0.0,0,0.0,68,33.5,5.88,20.091,58.547,94.984,328.7,25.215,143.31,11.285,63.91,10.598,60.08,51.2,52.2,49.4,49.8,52.2,55.8,5.0,28.1,6157.0,6158,46
b2408e45-984ba5aa,FixedSkip-5,0.2819239774422152,0.1617165519832797,0.695783813329977,0.235460170988838,1945,1535,686,849,1259,41,162,79.8,0,162,0.0,79.8,0,0.0,0,0.0,41,20.2,4.24,12.973,50.138,83.088,196.31,21.712,87.05,10.471,41.74,9.82,39.22,50.8,51.4,49.2,49.5,51.4,49.7,5.1,26.6,6158.0,6158,32
b242929f-3051abca,FixedSkip-2,0.5537949413988781,0.3765290369706441,0.9492580734788699,0.31800574559841344,1863,1284,1077,207,786,101,101,50.0,0,101,0.0,50.0,0,0.0,0,0.0,101,50.0,7.69,28.057,57.858,95.74,428.0,28.096,209.44,11.944,88.81,11.215,83.46,51.6,52.3,49.7,50.4,52.3,58.6,4.9,30.7,6157.0,6158,60
b242929f-3051abca,FixedSkip-3,0.48770595418494467,0.3141458748321702,0.8992652132567016,0.30214315301338,1863,1314,991,323,872,68,134,66.34,0,134,0.0,66.34,0,0.0,0,0.0,68,33.66,5.99,19.983,56.74,93.36,329.94,24.805,144.41,11.264,65.37,10.511,61.07,51.4,52.2,49.7,50.2,52.1,52.4,5.1,28.0,6159.0,6159,47
b242929f-3051abca,FixedSkip-5,0.40611536987420016,0.23974533660983374,0.856663491559766,0.27347961651659525,1863,1271,850,421,1013,41,161,79.7,0,161,0.0,79.7,0,0.0,0,0.0,41,20.3,4.32,12.825,49.918,87.408,201.97,21.279,87.42,10.497,42.84,9.749,39.88,50.9,51.5,49.4,49.7,51.5,47.8,5.2,25.7,6159.0,6159,32
b242f6b2-0033bdfb,FixedSkip-2,0.3922437113875008,0.2854803599888222,0.9862874942582567,0.20559008272441484,2809,1180,1116,64,1693,101,101,50.0,0,101,0.0,50.0,0,0.0,0,0.0,101,50.0,7.61,28.569,59.875,91.926,440.16,28.314,209.13,11.99,88.29,11.288,83.21,51.7,52.6,49.8,50.4,52.6,62.2,4.9,31.1,6159.0,6160,57
b242f6b2-0033bdfb,FixedSkip-3,0.3678578233176053,0.2514217624692657,0.9654229276058192,0.19874696991842355,2809,1174,1068,106,1741,68,134,66.34,0,134,0.0,66.34,0,0.0,0,0.0,68,33.66,5.83,19.985,57.238,92.872,312.1,25.31,140.47,11.393,62.99,10.628,58.85,51.6,52.2,49.9,50.3,52.2,54.6,5.0,27.9,6160.0,6160,43
b242f6b2-0033bdfb,FixedSkip-5,0.3237011840124498,0.20200511360423276,0.9201068351889753,0.1895175549004917,2809,1195,980,215,1829,41,161,79.7,0,161,0.0,79.7,0,0.0,0,0.0,41,20.3,4.22,12.852,54.623,91.32,217.32,21.787,87.73,10.617,42.57,9.876,39.67,51.1,51.8,49.5,49.8,51.8,51.2,5.2,27.0,6162.0,6163,31
b242f6b2-99d2f2c1,FixedSkip-2,0.23360529509660932,0.1376308095971385,0.9167378079415708,0.1384406377579168,1520,477,383,94,1137,102,101,49.75,0,101,0.0,49.75,0,0.0,0,0.0,102,50.25,7.13,27.495,68.034,93.89,466.88,30.094,206.73,12.425,85.16,11.714,80.34,52.1,52.8,50.1,50.7,52.8,70.8,4.7,32.8,6158.0,6158,53
b242f6b2-99d2f2c1,FixedSkip-3,0.19244526331071576,0.10539674894870703,0.8534866907639033,0.12714767290126142,1520,484,332,152,1188,68,135,66.5,0,135,0.0,66.5,0,0.0,0,0.0,68,33.5,5.21,18.225,60.056,96.386,298.72,27.577,138.62,11.912,59.68,11.168,56.02,52.1,52.8,50.3,50.6,52.8,58.5,4.9,30.8,6160.0,6160,39
b242f6b2-99d2f2c1,FixedSkip-5,0.15322922865896973,0.0735523099207428,0.7775903712229094,0.10953039445748128,1520,471,286,185,1234,41,162,79.8,0,162,0.0,79.8,0,0.0,0,0.0,41,20.2,3.61,11.194,57.053,94.472,184.14,24.304,80.29,11.245,36.98,10.448,34.42,51.8,52.6,50.1,50.4,52.3,54.8,5.0,27.8,6162.0,6162,26
b242f6b2-eaa39345,FixedSkip-2,0.4372157977069705,0.29786164246908664,0.9670616639919477,0.24732112766415326,1683,878,755,123,928,101,101,50.0,0,101,0.0,50.0,0,0.0,0,0.0,101,50.0,7.37,27.835,62.408,95.424,445.03,29.136,209.19,12.218,87.54,11.496,82.42,52.3,53.6,50.4,51.1,53.6,62.4,4.8,32.8,6162.0,6162,56
b242f6b2-eaa39345,FixedSkip-3,0.37028595555934146,0.23485127027772043,0.9312766467995417,0.2261021775088271,1683,851,655,196,1028,68,134,66.34,0,134,0.0,66.34,0,0.0,0,0.0,68,33.66,5.53,18.938,59.305,96.87,312.44,26.393,140.82,11.598,61.73,10.889,58.0,52.2,52.8,50.4,50.7,52.8,56.4,5.0,29.2,6162.0,6162,42
b242f6b2-eaa39345,FixedSkip-5,0.30615421254636643,0.18496310526406015,0.8496712913581784,0.205567054669011,1683,881,581,300,1102,41,161,79.7,0,161,0.0,79.7,0,0.0,0,0.0,41,20.3,4.0,12.152,49.862,89.802,188.05,22.568,85.86,10.776,40.81,10.049,38.11,51.6,52.4,49.9,50.3,52.4,48.6,5.1,28.0,6162.0,6162,29
b242f6b2-f5da110f,FixedSkip-2,0.3759218743490853,0.23815345063976884,0.9537312439937102,0.21077106918238994,1875,848,735,113,1140,101,100,49.75,0,100,0.0,49.75,0,0.0,0,0.0,101,50.25,7.06,27.902,49.428,88.716,334.35,30.083,206.47,12.376,84.74,11.681,80.05,52.4,53.3,50.5,51.4,53.3,50.5,4.7,33.4,6162.0,6163,52
b242f6b2-f5da110f,FixedSkip-3,0.33000447497447116,0.18873075827450536,0.9129531289890035,0.2002118466898955,1875,861,666,195,1209,67,134,66.67,0,134,0.0,66.67,0,0.0,0,0.0,67,33.33,5.25,18.77,55.853,94.438,276.15,27.194,136.8,11.852,59.43,11.078,55.62,52.3,53.1,50.6,51.5,53.1,54.1,4.9,30.2,6163.0,6163,38
b242f6b2-f5da110f,FixedSkip-5,0.2595151938776865,0.1388623844047385,0.826838906222295,0.17502439024390243,1875,861,567,294,1308,41,160,79.6,0,160,0.0,79.6,0,0.0,0,0.0,41,20.4,3.74,11.869,52.354,90.106,183.24,23.566,82.4,11.033,38.37,10.236,35.67,51.9,52.5,50.3,50.8,52.5,49.6,4.9,27.6,6164.0,6164,27
b24380ab-63272e5a,FixedSkip-2,0.07427458535745304,0.041163061795430764,0.9313298386117657,0.04369407821935566,811,78,64,14,747,100,100,50.0,0,100,0.0,50.0,0,0.0,0,0.0,100,50.0,6.54,26.18,53.728,88.67,337.09,31.162,195.08,12.641,78.9,11.942,74.62,52.5,53.1,50.9,51.8,53.1,56.5,4.5,35.3,6165.0,6165,49
b24380ab-63272e5a,FixedSkip-3,0.053845130562188634,0.02776474002096126,0.8374936942401061,0.03510754897931223,811,72,51,21,760,67,133,66.5,0,133,0.0,66.5,0,0.0,0,0.0,67,33.5,4.61,17.356,59.047,94.178,257.79,30.143,131.2,12.467,54.11,11.709,50.86,53.1,53.9,51.2,51.7,53.9,62.2,4.5,33.9,6161.0,6162,34
b24380ab-63272e5a,FixedSkip-5,0.05222664674710547,0.022576328530132417,0.8112533685093881,0.03614364981504316,811,80,49,31,762,40,160,80.0,0,160,0.0,80.0,0,0.0,0,0.0,40,20.0,3.13,10.343,63.578,92.748,181.54,26.642,77.68,11.835,34.36,10.946,31.83,52.8,53.2,51.2,51.7,53.2,61.0,4.7,29.4,6162.0,6162,24
b24380ab-6dbeb908,FixedSkip-2,0.37292903163119884,0.2356321428070205,0.949781353199388,0.21285276745779383,1481,681,577,104,904,101,101,50.0,0,101,0.0,50.0,0,0.0,0,0.0,101,50.0,6.81,26.785,57.434,93.096,370.76,30.952,202.03,12.649,82.37,11.903,77.56,53.1,54.2,51.4,51.8,54.2,56.9,4.6,34.9,6162.0,6162,52
b24380ab-6dbeb908,FixedSkip-3,0.27166011058819006,0.16111354668383643,0.8752783845188736,0.17374456794612095,1481,624,448,176,1033,68,134,66.34,0,134,0.0,66.34,0,0.0,0,0.0,68,33.66,4.8,18.089,52.894,95.904,238.96,29.503,134.79,12.356,56.26,11.572,52.74,53.2,53.8,51.3,51.6,53.8,53.8,4.5,33.2,6163.0,6163,36
b24380ab-6dbeb908,FixedSkip-5,0.19467235079274026,0.10175541536002619,0.7572488903492959,0.14699007946813486,1481,650,350,300,1131,41,161,79.7,0,161,0.0,79.7,0,0.0,0,0.0,41,20.3,3.2,10.877,61.299,90.316,180.1,26.561,79.76,11.819,35.3,10.93,32.7,52.9,53.5,51.2,51.4,53.5,60.2,4.7,29.0,6164.0,6164,24
b24c9ee6-e43a6e8b,FixedSkip-2,0.3600046014214261,0.2533513115236168,0.983860032457326,0.19475663756157416,1061,424,387,37,674,101,101,50.0,0,101,0.0,50.0,0,0.0,0,0.0,101,50.0,6.47,26.17,27.877,76.884,171.86,31.927,197.34,12.835,79.13,12.082,74.55,53.1,53.5,51.4,51.8,53.5,23.7,4.4,36.1,6165.0,6165,49
b24c9ee6-e43a6e8b,FixedSkip-3,0.33252074439437757,0.2128017663557115,0.9728021179439059,0.18719553047250262,1061,415,360,55,701,68,134,66.34,0,134,0.0,66.34,0,0.0,0,0.0,68,33.66,4.59,17.709,39.555,91.436,168.81,30.657,134.36,12.664,55.31,11.823,51.68,53.5,54.0,51.7,52.1,54.0,39.3,4.4,34.6,6165.0,6165,34
b24c9ee6-e43a6e8b,FixedSkip-5,0.2305360859063605,0.13204390194106536,0.8527512686872608,0.1547674198355519,1061,413,276,137,785,41,161,79.7,0,161,0.0,79.7,0,0.0,0,0.0,41,20.3,3.18,10.746,56.546,92.74,163.63,26.873,80.22,11.901,35.31,10.979,32.62,53.2,53.7,51.4,51.7,53.7,53.7,4.7,30.0,6165.0,6165,24
b24ca67a-594d7d3c,FixedSkip-2,0.5298420079435365,0.38555231620243047,0.9954594304714673,0.27497407415140696,1019,564,542,22,477,101,101,50.0,0,101,0.0,50.0,0,0.0,0,0.0,101,50.0,7.2,27.151,68.542,94.222,479.32,29.64,206.81,12.425,86.52,11.631,81.04,53.4,54.2,51.6,52.0,54.2,70.7,4.9,33.3,6166.0,6166,53
b24ca67a-594d7d3c,FixedSkip-3,0.507804245481405,0.361467756520586,0.989020757328499,0.27154229497452487,1019,563,522,41,497,68,134,66.34,0,134,0.0,66.34,0,0.0,0,0.0,68,33.66,5.42,18.457,59.331,94.994,303.49,26.751,136.73,11.781,60.02,10.981,56.0,53.0,53.7,51.4,51.7,53.7,56.5,4.9,29.8,6166.0,6166,39
b24ca67a-594d7d3c,FixedSkip-5,0.4823926647511613,0.320884633761085,0.964464299776963,0.2749080599914751,1019,594,505,89,514,41,161,79.7,0,161,0.0,79.7,0,0.0,0,0.0,41,20.3,3.9,11.743,55.523,94.314,195.88,23.048,82.99,10.909,39.18,10.193,36.66,52.5,53.1,50.9,51.2,53.1,53.7,5.2,27.7,6167.0,6167,28
b24d283f-33783d1b,FixedSkip-2,0.6689662093159593,0.471929942788501,0.978308969673244,0.3641023543443569,2991,2256,2038,218,953,101,101,50.0,0,101,0.0,50.0,0,0.0,0,0.0,101,50.0,8.35,30.61,60.23,99.062,482.05,26.472,213.98,11.674,94.16,10.909,88.06,52.7,53.3,50.9,51.4,53.3,58.6,4.8,29.3,6167.0,6167,62
b24d283f-33783d1b,FixedSkip-3,0.5895665190607158,0.3825030431463106,0.9399115239736828,0.3424509205860383,2991,2246,1858,388,1133,68,134,66.34,0,134,0.0,66.34,0,0.0,0,0.0,68,33.66,6.77,23.67,51.408,94.682,333.64,22.59,148.52,10.857,71.08,10.054,65.93,51.9,52.6,50.4,50.8,52.6,47.3,5.1,25.3,6168.0,6168,50
b24d283f-33783d1b,FixedSkip-5,0.35052084413944573,0.20551049182872488,0.7803087966306317,0.25582793604625603,2991,2167,1267,900,1724,41,161,79.7,0,161,0.0,79.7,0,0.0,0,0.0,41,20.3,4.74,14.654,49.274,90.646,222.8,19.839,90.0,10.206,46.07,9.398,42.5,51.2,52.0,49.8,50.1,52.0,43.8,5.2,24.2,6170.0,6170,35
b24f03f7-ff66eaca,FixedSkip-2,0.7321072685387946,0.5792185923735662,0.9960133029638217,0.3762955826107267,1165,882,856,26,309,101,101,50.0,0,101,0.0,50.0,0,0.0,0,0.0,101,50.0,7.53,28.305,62.113,93.596,450.42,28.309,206.69,12.112,88.21,11.32,82.5,52.1,53.1,50.3,50.9,53.0,65.3,4.8,30.5,6172.0,6172,56
b24f03f7-ff66eaca,FixedSkip-3,0.7192478552280053,0.559287949324695,0.9908110041656361,0.37483699706449397,1165,886,845,41,320,68,134,66.34,0,134,0.0,66.34,0,0.0,0,0.0,68,33.66,5.52,18.584,56.992,94.848,300.44,26.137,138.21,11.558,60.94,10.842,57.21,52.2,52.8,50.5,50.8,53.0,52.8,4.9,28.5,6172.0,6172,43
b24f03f7-ff66eaca,FixedSkip-5,0.6856496304022671,0.5191845280046457,0.9782498820910681,0.364522044479126,1165,880,815,65,350,41,161,79.7,0,161,0.0,79.7,0,0.0,0,0.0,41,20.3,4.0,11.982,54.772,91.598,200.09,22.368,83.21,10.668,39.53,9.955,36.94,51.8,52.7,50.2,50.5,52.7,50.3,5.1,28.0,6172.0,6173,30
b24f7455-e8c55d6a,FixedSkip-2,0.5035816483493041,0.32648544830011333,0.915025405230718,0.30742197658803366,2734,1924,1476,448,1258,101,101,50.0,0,101,0.0,50.0,0,0.0,0,0.0,101,50.0,8.15,29.136,60.374,94.282,470.4,26.966,212.47,11.645,91.56,10.97,86.31,52.2,53.0,50.4,50.9,53.0,57.5,5.0,30.2,6174.0,6174,63
b24f7455-e8c55d6a,FixedSkip-3,0.406466950426952,0.25241089231141267,0.841405270830644,0.27468301365558645,2734,1923,1271,652,1463,68,134,66.34,0,134,0.0,66.34,0,0.0,0,0.0,68,33.66,6.38,21.451,53.241,89.97,322.86,23.655,144.19,10.982,66.66,10.237,62.22,51.6,52.3,50.0,50.4,52.3,47.6,5.0,25.2,6174.0,6174,49
b24f7455-e8c55d6a,FixedSkip-5,0.25003005831634967,0.14723509172149923,0.6836915456631587,0.20742726387640284,2734,1922,894,1028,1840,41,161,79.7,0,161,0.0,79.7,0,0.0,0,0.0,41,20.3,4.59,13.746,43.863,84.534,196.56,20.474,90.9,10.274,45.32,9.513,42.06,51.1,51.8,49.6,49.9,51.8,36.6,5.2,25.2,6175.0,6175,36
b2505382-1423f56a,FixedSkip-2,0.6612336535836693,0.4720653210938356,0.991076697436574,0.3439503469927297,2040,1424,1360,64,680,101,101,50.0,0,101,0.0,50.0,0,0.0,0,0.0,101,50.0,7.44,29.1,61.631,94.774,442.61,28.697,208.2,12.16,87.96,11.404,82.56,51.9,52.7,50.0,50.7,52.7,63.2,4.7,31.2,6176.0,6177,55
b2505382-1423f56a,FixedSkip-3,0.6070104092174835,0.4107327389818997,0.9658869564823905,0.33566558111133726,2040,1445,1276,169,764,68,134,66.34,0,134,0.0,66.34,0,0.0,0,0.0,68,33.66,5.71,20.596,60.866,90.484,331.21,25.819,141.29,11.57,63.12,10.789,58.92,52.0,52.6,50.2,50.6,52.6,59.3,5.0,28.3,6177.0,6177,42
b2505382-1423f56a,FixedSkip-5,0.5503898577066254,0.35381182357087726,0.9391013618154919,0.31955663881151347,2040,1436,1183,253,857,41,161,79.7,0,161,0.0,79.7,0,0.0,0,0.0,41,20.3,4.06,13.075,46.401,87.25,176.25,22.302,85.29,10.735,40.82,9.961,37.96,51.5,52.1,49.9,50.3,52.1,42.9,5.1,27.7,6178.0,6178,30
b2505382-272e7823,FixedSkip-2,0.25826181826674843,0.17680117012314997,0.9914332374029019,0.13686182939836833,1119,310,291,19,828,101,101,50.0,0,101,0.0,50.0,0,0.0,0,0.0,101,50.0,7.01,26.914,65.488,94.424,440.08,30.178,204.3,12.47,84.17,11.736,79.31,52.4,53.5,50.5,51.1,53.5,68.6,4.7,33.2,6179.0,6179,53
b2505382-272e7823,FixedSkip-3,0.2161448304066192,0.1422164453669711,0.9367303423115416,0.12264533653167771,1119,304,256,48,863,68,134,66.34,0,134,0.0,66.34,0,0.0,0,0.0,68,33.66,5.18,18.075,61.437,90.956,302.21,27.919,138.64,11.999,59.49,11.201,55.55,52.5,53.1,50.8,51.4,53.1,60.8,4.9,31.3,6179.0,6179,40
b2505382-272e7823,FixedSkip-5,0.17396602368994618,0.11209259895842087,0.8416964982489729,0.10922068696867623,1119,312,227,85,892,41,161,79.7,0,161,0.0,79.7,0,0.0,0,0.0,41,20.3,3.5,10.751,60.787,94.68,190.32,24.989,79.88,11.534,36.74,10.584,33.75,52.2,52.8,50.7,51.4,52.8,55.3,5.1,26.6,6179.0,6179,26
b2505382-2905b23c,FixedSkip-2,0.37978591890502766,0.24440646695097526,0.9797849395894298,0.2052544342749977,846,358,327,31,519,90,89,49.72,0,89,0.0,49.72,0,0.0,0,0.0,90,50.28,6.08,26.845,67.634,92.216,395.51,30.659,177.88,12.582,72.85,11.839,68.6,52.9,53.5,51.1,51.9,53.5,71.0,4.6,33.7,6179.0,6179,47
b2505382-2905b23c,FixedSkip-3,0.3311035234532813,0.18754777577278764,0.9328749863171819,0.19338126591511504,846,363,297,66,549,60,119,66.48,0,119,0.0,66.48,0,0.0,0,0.0,60,33.52,4.41,17.868,64.549,93.612,266.19,28.391,117.8,12.142,50.25,11.323,46.91,52.9,53.6,51.2,51.9,53.6,64.1,4.8,31.7,6180.0,6180,34
b2505382-2905b23c,FixedSkip-5,0.20789549927774179,0.10536420982582947,0.7726315434200606,0.15124518281032415,846,365,216,149,630,36,143,79.89,0,143,0.0,79.89,0,0.0,0,0.0,36,20.11,2.98,10.706,60.005,87.724,166.8,25.207,70.49,11.577,32.24,10.645,29.71,52.6,53.1,51.1,51.9,53.1,56.0,5.0,27.5,6180.0,6180,23
b2505382-549785d3,FixedSkip-2,0.19996285902036343,0.12375800807462045,0.9358462407101408,0.11996865385731699,805,214,169,45,636,100,100,50.0,0,100,0.0,50.0,0,0.0,0,0.0,100,50.0,6.71,26.503,65.52,98.118,421.18,31.132,199.59,12.73,81.47,11.96,76.57,53.2,54.1,51.4,51.9,54.1,66.4,4.7,34.9,6180.0,6180,49
b2505382-549785d3,FixedSkip-3,0.15604084195834902,0.09177782898437035,0.8760577999992123,0.10557214524605828,805,208,136,72,669,67,133,66.5,0,133,0.0,66.5,0,0.0,0,0.0,67,33.5,4.9,17.773,62.315,93.088,290.9,28.723,134.33,12.301,57.36,11.425,53.32,53.2,54.3,51.5,52.0,54.3,60.5,4.8,32.2,6178.0,6178,36
b2505382-549785d3,FixedSkip-5,0.09010329465593352,0.045935729463329376,0.6716472554565162,0.07540202501488981,805,219,89,130,716,40,160,80.0,0,160,0.0,80.0,0,0.0,0,0.0,40,20.0,3.31,10.585,57.989,92.672,171.04,25.434,76.75,11.535,34.68,10.7,32.21,52.8,53.4,51.3,51.9,53.3,54.7,4.8,28.0,6178.0,6178,25
b2505382-de5238f0,FixedSkip-2,0.3578040191001934,0.23350470545789642,0.9535704234600448,0.20076320676512405,2004,862,748,114,1256,101,101,50.0,0,101,0.0,50.0,0,0.0,0,0.0,101,50.0,7.31,27.652,62.958,93.484,444.92,29.402,209.54,12.28,87.32,11.546,82.16,53.1,53.9,51.4,51.9,53.9,64.6,4.8,33.2,6177.0,6178,58
b2505382-de5238f0,FixedSkip-3,0.30852206235126406,0.18292195618280896,0.9106642292771706,0.1860880578025236,2004,855,669,186,1335,68,134,66.34,0,134,0.0,66.34,0,0.0,0,0.0,68,33.66,5.55,19.112,60.261,90.608,319.79,26.301,141.22,11.668,62.41,10.858,58.15,52.8,53.3,51.2,51.5,53.3,57.8,4.9,29.2,6177.0,6178,43
b2505382-de5238f0,FixedSkip-5,0.25408111246547843,0.13993271234219198,0.8546368010678165,0.1623813017529298,2004,808,584,224,1420,41,161,79.7,0,161,0.0,79.7,0,0.0,0,0.0,41,20.3,3.97,12.062,50.388,89.054,186.97,22.711,84.8,10.812,40.14,10.003,37.22,52.2,52.9,50.8,51.4,52.9,49.0,5.0,27.8,6178.0,6179,30
b250fb0c-01a1b8d3,FixedSkip-2,0.6251162353983201,0.4068092974839142,0.9415223741522032,0.3622304446240977,2389,1894,1571,323,818,101,101,50.0,0,101,0.0,50.0,0,0.0,0,0.0,101,50.0,8.28,30.1,58.539,99.582,468.89,26.56,213.06,11.641,93.16,10.919,87.46,52.5,53.2,50.9,51.6,53.2,55.1,5.0,29.1,6179.0,6179,62
b250fb0c-01a1b8d3,FixedSkip-3,0.5465091742883025,0.328287353847308,0.8979489415736418,0.3394935009200727,2389,1901,1424,477,965,68,134,66.34,0,134,0.0,66.34,0,0.0,0,0.0,68,33.66,6.42,21.796,54.682,93.858,339.14,23.507,145.69,10.984,67.85,10.231,63.28,52.0,52.8,50.6,51.2,52.8,49.9,5.0,26.2,6181.0,6181,50
b250fb0c-01a1b8d3,FixedSkip-5,0.3900707703786721,0.22333243594669253,0.7890883507886747,0.27991549334952043,2389,1866,1120,746,1269,41,161,79.7,0,161,0.0,79.7,0,0.0,0,0.0,41,20.3,4.44,13.434,51.006,93.64,216.05,20.771,86.95,10.414,43.39,9.621,40.19,51.4,52.1,50.1,50.7,52.1,46.7,5.1,24.2,6181.0,6182,34
b251064f-30002542,FixedSkip-2,0.6768848617576565,0.5113163880673284,0.9696890441183201,0.38411804940735456,1828,1478,1265,213,563,101,101,50.0,0,101,0.0,50.0,0,0.0,0,0.0,101,50.0,7.71,28.431,61.719,94.352,454.0,28.086,208.3,11.931,88.26,11.245,83.26,52.1,53.0,50.2,50.7,53.0,61.8,4.9,30.8,6181.0,6181,60
b251064f-30002542,FixedSkip-3,0.5833496394985593,0.41605349458782415,0.9152758682173234,0.3565356356107417,1828,1487,1144,343,684,68,134,66.34,0,134,0.0,66.34,0,0.0,0,0.0,68,33.66,5.96,20.16,57.577,91.018,329.58,24.931,144.38,11.247,64.91,10.551,60.97,52.0,52.8,50.2,50.6,52.8,54.8,5.0,27.8,6181.0,6181,47
b251064f-30002542,FixedSkip-5,0.4664545764587379,0.30394542875663333,0.8494386454924067,0.3149697736475433,1828,1458,964,494,864,41,161,79.7,0,161,0.0,79.7,0,0.0,0,0.0,41,20.3,4.29,12.876,50.584,86.442,206.19,21.496,88.06,10.466,42.64,9.802,40.02,51.5,52.1,49.8,50.1,52.1,47.2,5.1,27.0,6182.0,6182,33
b251064f-4696b75e,FixedSkip-2,0.4193894351462911,0.24617509547613917,0.8256503151857202,0.2878910029022896,886,672,431,241,455,90,89,49.72,0,89,0.0,49.72,0,0.0,0,0.0,90,50.28,6.63,28.097,67.736,97.306,432.89,28.719,184.74,12.128,77.79,11.393,73.13,52.2,53.0,50.3,50.8,53.0,66.9,4.8,31.1,6183.0,6183,50
b251064f-4696b75e,FixedSkip-3,0.2647247794336231,0.15611114316444355,0.7072024924162995,0.22060428787926964,886,639,290,349,596,60,119,66.48,0,119,0.0,66.48,0,0.0,0,0.0,60,33.52,4.9,18.809,58.723,91.84,274.54,26.343,121.94,11.698,53.99,10.895,50.33,52.2,52.8,50.5,51.0,52.8,54.0,4.9,28.9,6174.0,6174,36
b251064f-4696b75e,FixedSkip-5,0.18210155054433005,0.10846286382750805,0.5783631695700524,0.17434092928715156,886,663,221,442,665,36,143,79.89,0,143,0.0,79.89,0,0.0,0,0.0,36,20.11,3.41,11.783,54.555,88.858,169.79,23.222,72.53,11.695,36.39,10.333,32.18,51.9,52.6,50.6,51.2,52.6,51.3,7.6,27.6,6297.0,6336,25
b251064f-5f6b663e,FixedSkip-2,0.6800128539268965,0.44162223640051845,0.9413777754544125,0.39203113810572104,1184,1019,847,172,337,102,101,49.75,0,101,0.0,49.75,0,0.0,0,0.0,102,50.25,7.9,28.321,60.117,93.624,460.85,27.825,213.41,11.924,91.3,11.195,85.76,52.3,53.0,50.6,51.2,53.1,62.2,5.0,30.9,6332.0,6335,60
b251064f-5f6b663e,FixedSkip-3,0.5378588518380076,0.31837670863082573,0.8704439888193019,0.35131912122494313,1184,1022,707,315,477,68,135,66.5,0,135,0.0,66.5,0,0.0,0,0.0,68,33.5,6.06,19.739,55.501,92.646,316.34,24.66,142.23,11.194,64.32,10.483,60.33,52.0,52.8,50.5,51.1,52.8,52.4,5.0,28.0,6175.0,6181,45
b251064f-5f6b663e,FixedSkip-5,0.34386936189559963,0.19898687980518953,0.7352260082763002,0.2665147026477138,1184,983,502,481,682,41,162,79.8,0,162,0.0,79.8,0,0.0,0,0.0,41,20.2,4.24,12.276,53.646,87.326,206.08,21.596,84.67,10.504,41.01,9.842,38.49,51.6,52.2,50.2,51.0,52.2,49.9,5.1,26.1,6170.0,6170,31
b251064f-8d92db81,FixedSkip-2,0.6002843949077532,0.3808345728843273,0.9023597622029186,0.3698183510978847,3464,2994,2257,737,1207,101,101,50.0,0,101,0.0,50.0,0,0.0,0,0.0,101,50.0,8.6,32.131,58.872,91.772,491.84,25.795,215.57,11.391,94.96,10.721,89.46,51.9,52.7,50.2,50.8,52.7,58.4,5.0,28.4,6171.0,6172,66
b251064f-8d92db81,FixedSkip-3,0.44205170906229385,0.25967527644051014,0.8117025268044378,0.3136661026197865,3464,2933,1785,1148,1679,68,134,66.34,0,134,0.0,66.34,0,0.0,0,0.0,68,33.66,6.87,25.099,53.175,93.784,351.97,22.295,147.44,10.646,70.14,9.926,65.51,51.2,52.0,49.9,50.6,52.0,46.1,5.2,25.3,6174.0,6175,53
b251064f-8d92db81,FixedSkip-5,0.3001030492282095,0.1652153281843687,0.6885292458975114,0.2513000049270753,3464,2953,1320,1633,2144,41,161,79.7,0,161,0.0,79.7,0,0.0,0,0.0,41,20.3,4.93,16.478,47.764,86.406,224.35,19.08,88.6,10.056,46.44,9.193,42.55,50.5,51.4,49.5,50.0,51.4,43.1,5.2,23.3,6176.0,6177,36
b251064f-e7a165fd,FixedSkip-2,0.6169103021167448,0.405669767293585,0.9290537761646307,0.36319835209003215,3840,3110,2521,589,1319,101,101,50.0,0,101,0.0,50.0,0,0.0,0,0.0,101,50.0,9.22,33.445,55.136,90.216,497.59,24.411,219.27,11.138,99.77,10.442,93.63,51.0,51.8,49.5,50.3,51.8,51.1,4.9,26.4,6178.0,6178,69
b251064f-e7a165fd,FixedSkip-3,0.5074241409688187,0.3150708565185165,0.8591837651787206,0.33102431658198367,3840,3149,2207,942,1633,68,134,66.34,0,134,0.0,66.34,0,0.0,0,0.0,68,33.66,7.82,28.6,49.349,84.356,371.54,20.468,155.23,10.24,77.3,9.553,72.22,50.5,51.3,49.2,49.8,51.3,41.2,5.2,25.5,6180.0,6182,58
b251064f-e7a165fd,FixedSkip-5,0.3090655490800712,0.17745643605653075,0.7123199680969398,0.25070892606961953,3840,3093,1499,1594,2341,41,161,79.7,0,161,0.0,79.7,0,0.0,0,0.0,41,20.3,4.94,15.901,43.483,86.07,204.72,18.846,88.98,10.015,47.06,9.145,43.06,49.8,50.9,48.9,49.8,50.9,31.2,5.3,22.1,6181.0,6182,38
b251b746-00138418,FixedSkip-2,0.4629312498437415,0.34715891847928754,0.9968028354274642,0.23813866631924085,1887,903,876,27,1011,102,101,49.75,0,101,0.0,49.75,0,0.0,0,0.0,102,50.25,7.53,28.154,60.426,90.636,436.9,28.511,207.42,12.025,87.08,11.359,82.41,51.1,51.9,49.3,50.2,51.9,62.6,4.8,30.6,6183.0,6183,57
b251b746-00138418,FixedSkip-3,0.4473935393976378,0.33464695012447654,0.9884803488979621,0.23559100211683898,1887,905,853,52,1034,68,135,66.5,0,135,0.0,66.5,0,0.0,0,0.0,68,33.5,5.7,19.188,56.632,93.968,309.74,25.808,142.22,11.466,63.04,10.756,59.18,51.3,52.0,49.7,50.4,52.0,55.6,5.1,28.7,6181.0,6181,43
b251b746-00138418,FixedSkip-5,0.3950924184406077,0.26606788588686403,0.9666293427407121,0.21598254601350578,1887,855,769,86,1118,41,162,79.8,0,162,0.0,79.8,0,0.0,0,0.0,41,20.2,4.04,11.96,54.868,90.034,205.09,22.421,85.75,10.734,40.81,9.952,37.92,51.0,51.7,49.5,50.3,51.7,51.5,5.0,26.9,6181.0,6182,30
b255cd6c-0bdf0ac7,FixedSkip-2,0.634998295739178,0.4741818722795476,0.9866290960182656,0.3430755020558966,692,485,444,41,248,93,93,50.0,0,93,0.0,50.0,0,0.0,0,0.0,93,50.0,6.68,27.081,64.988,94.562,416.43,29.324,189.45,12.2,78.63,11.514,74.25,51.8,52.6,50.0,50.8,52.8,64.5,4.9,32.0,6185.0,6186,51
b255cd6c-0bdf0ac7,FixedSkip-3,0.5843543180139884,0.4084290583340837,0.9705017471014373,0.3265926440818517,692,474,414,60,278,62,124,66.67,0,124,0.0,66.67,0,0.0,0,0.0,62,33.33,4.94,17.946,60.51,90.382,278.26,26.705,124.4,11.654,54.12,10.942,50.87,51.8,52.6,50.2,50.8,52.6,57.9,4.8,29.5,6186.0,6186,38
b255cd6c-0bdf0ac7,FixedSkip-5,0.47641218975119104,0.30843679678656566,0.9079496870459447,0.2942312873518174,692,472,355,117,337,38,148,79.57,0,148,0.0,79.57,0,0.0,0,0.0,38,20.43,3.42,11.15,56.098,88.71,173.27,23.744,75.02,11.173,35.12,10.313,32.47,51.5,52.1,50.1,50.7,52.1,51.3,5.0,25.7,6186.0,6186,25
b255cd6c-2f889586,FixedSkip-2,0.5291871723430212,0.3388238837419011,0.9356103750716456,0.3113952507356421,2910,2004,1626,378,1284,102,101,49.75,0,101,0.0,49.75,0,0.0,0,0.0,102,50.25,8.48,30.233,56.939,92.36,469.87,26.204,216.71,11.542,95.22,10.833,89.44,51.7,52.4,50.1,50.8,52.4,55.0,5.0,29.1,6186.0,6186,65
b255cd6c-2f889586,FixedSkip-3,0.43067247481258397,0.2540545896852315,0.8821025834919507,0.27186262304152836,2910,1888,1392,496,1518,68,135,66.5,0,135,0.0,66.5,0,0.0,0,0.0,68,33.5,6.67,22.323,54.032,93.908,348.26,22.817,147.77,10.805,69.75,10.09,65.23,51.2,51.9,49.7,50.5,51.9,50.6,5.1,26.2,6188.0,6194,49
b255cd6c-2f889586,FixedSkip-5,0.2691562830042656,0.15058854388334064,0.7295961137983061,0.21178622191036506,2910,1910,985,925,1925,41,162,79.8,0,162,0.0,79.8,0,0.0,0,0.0,41,20.2,4.49,13.3,51.658,93.918,218.98,20.622,87.98,10.37,43.99,9.589,40.78,50.7,51.5,49.4,50.2,51.5,46.0,5.2,24.2,6191.0,6191,33
b255cd6c-5ccba454,FixedSkip-2,0.3464211691467267,0.2276714149218737,0.9806046671209983,0.19092673459485685,458,180,161,19,297,78,78,50.0,0,78,0.0,50.0,0,0.0,0,0.0,78,50.0,5.38,26.966,59.089,93.89,301.07,29.999,154.97,12.355,63.57,11.658,60.08,51.7,52.6,49.8,50.6,52.6,61.9,4.7,31.7,6192.0,6192,40
b255cd6c-5ccba454,FixedSkip-3,0.3396894998323209,0.22978735347826845,0.9694530983685767,0.19366577452223319,458,186,159,27,299,52,104,66.67,0,104,0.0,66.67,0,0.0,0,0.0,52,33.33,3.85,17.544,56.422,93.724,203.81,28.315,103.32,12.042,43.79,11.294,41.12,52.0,52.6,50.2,50.8,52.6,57.0,4.7,31.6,6190.0,6190,29
b255cd6c-5ccba454,FixedSkip-5,0.2818763347850639,0.1711175335249477,0.9675925943210122,0.16775836972343522,458,162,131,31,327,32,124,79.49,0,124,0.0,79.49,0,0.0,0,0.0,32,20.51,2.59,10.69,62.826,89.688,147.8,25.521,60.08,11.623,27.26,10.71,25.14,51.8,52.3,50.3,50.7,52.3,59.9,4.9,27.7,6189.0,6190,19
