sequence,system,ap_50,ap_50_95,avg_precision,avg_recall,total_gt,total_preds,total_tp,total_fp,total_fn,infer_count,skip_count,skip_rate_pct,erd_empty_count,predict_count,erd_empty_rate_pct,predict_rate_pct,erd_infer_count,erd_infer_rate_pct,augmented_infer_count,augmented_infer_rate_pct,pure_infer_count,pure_infer_rate_pct,wall_duration_s,avg_frame_time_ms,avg_power_w,max_power_w,energy_j,avg_power_gpu_w,energy_gpu_j,avg_power_cpu_w,energy_cpu_j,avg_power_io_w,energy_io_j,avg_gpu_temp_c,max_gpu_temp_c,avg_cpu_temp_c,max_cpu_temp_c,max_tj_temp_c,avg_gpu_util_pct,avg_cpu_util_pct,avg_emc_util_pct,avg_ram_used_mb,max_ram_used_mb,n_tegrastats_samples
b1c66a42-6f7d68ca,Statues-25,0.7163693923337391,0.5619804000621349,0.9901501589973639,0.3779037915534526,2612,2007,1887,120,725,202,0,0.0,0,0,0.0,0.0,0,0.0,0,0.0,202,100.0,15.46,65.92,61.638,97.028,942.58,28.739,438.42,12.105,184.38,11.237,171.24,53.1,55.0,51.2,52.6,55.0,61.6,4.9,31.5,4896.0,4944,120
b1c66a42-6f7d68ca,Statues-75,0.7174515047341867,0.5622487578510034,0.9900799395786065,0.3784267788164842,2612,2010,1890,120,722,200,2,0.99,0,2,0.0,0.99,0,0.0,0,0.0,200,99.01,13.71,57.639,49.555,99.05,662.47,30.778,413.5,12.619,169.22,11.488,154.11,54.8,55.7,52.9,53.6,55.7,46.7,4.8,35.3,4821.0,4844,106
b1c66a42-6f7d68ca,Statues-200,0.7159521372371347,0.5604936047672561,0.9895705194876055,0.37773961580935067,2612,2008,1887,121,725,198,4,1.98,0,4,0.0,1.98,0,0.0,0,0.0,198,98.02,13.24,56.131,37.143,100.86,475.94,31.476,407.92,12.782,165.37,11.581,149.9,55.4,56.3,53.5,54.0,56.3,31.4,4.9,36.4,4763.0,4785,101
b1c66a42-6f7d68ca,Statues-500,0.7080441753359308,0.555105463314606,0.9862415422292489,0.37537559602967513,2612,2006,1872,134,740,193,9,4.46,0,9,0.0,4.46,0,0.0,0,0.0,193,95.54,12.91,53.885,33.84,100.7,422.73,31.322,395.65,12.81,161.52,11.567,145.91,55.7,56.6,53.8,54.4,56.6,27.7,4.9,36.5,4748.0,4751,98
b1c81faa-3df17267,Statues-25,0.36604942310124505,0.29761259844023946,0.9923086663403364,0.19017464182039515,472,181,174,7,298,177,5,2.75,0,5,0.0,2.75,0,0.0,0,0.0,177,97.25,10.93,52.806,65.185,102.4,695.67,33.174,355.75,13.268,142.04,12.061,129.19,56.3,57.3,54.3,55.0,57.3,66.8,4.6,38.4,4748.0,4748,85
b1c81faa-3df17267,Statues-75,0.32370978226109204,0.25196409808014547,0.9340330577237481,0.17507599484156228,472,184,163,21,309,145,37,20.33,0,37,0.0,20.33,0,0.0,0,0.0,145,79.67,9.12,43.389,73.478,103.152,648.88,33.213,295.3,13.313,118.06,12.086,107.23,56.8,58.0,54.9,55.3,58.1,70.2,4.8,39.9,4748.0,4752,70
b1c81faa-3df17267,Statues-200,0.2521309321924054,0.20557231982487018,0.9909881233176037,0.13132203389830507,472,125,120,5,352,115,67,36.81,0,67,0.0,36.81,0,0.0,0,0.0,115,63.19,7.63,35.541,60.543,97.63,449.15,32.354,238.93,13.143,96.71,11.872,87.43,56.9,57.9,54.9,55.5,57.5,55.2,5.0,37.7,4740.0,4741,59
b1c81faa-3df17267,Statues-500,0.2521309321924054,0.20557231982487018,0.9909881233176037,0.13132203389830507,472,125,120,5,352,112,70,38.46,0,70,0.0,38.46,0,0.0,0,0.0,112,61.54,7.45,34.639,63.991,104.818,461.14,32.036,230.79,13.142,94.21,11.824,84.87,56.9,58.3,55.0,55.8,58.3,60.2,5.0,37.0,4735.0,4736,56
b1c81faa-c80764c5,Statues-25,0.48843355437191494,0.374216583771263,0.9973983447177083,0.24937196315517177,866,433,424,9,442,198,4,1.98,0,4,0.0,1.98,0,0.0,0,0.0,198,98.02,12.76,54.672,59.013,102.124,738.47,32.528,405.78,13.195,164.4,11.965,149.1,57.1,58.3,55.1,55.6,58.3,55.6,5.0,38.2,4729.0,4732,97
b1c81faa-c80764c5,Statues-75,0.4975505256072421,0.37177307760224165,0.9972115973899411,0.2538923190523322,866,441,432,9,434,192,10,4.95,0,10,0.0,4.95,0,0.0,0,0.0,192,95.05,12.35,52.847,74.301,103.322,901.6,32.74,398.45,13.293,161.55,12.052,146.53,57.6,59.0,55.4,55.7,59.0,74.4,4.9,38.4,4733.0,4736,97
b1c81faa-c80764c5,Statues-200,0.4572804570946648,0.34665295324524464,0.9797045022885457,0.23663046860924114,866,423,404,19,462,181,21,10.4,0,21,0.0,10.4,0,0.0,0,0.0,181,89.6,11.68,49.856,70.954,106.924,813.04,32.356,370.35,13.191,150.75,11.931,136.39,57.6,58.8,55.6,56.4,58.8,69.8,4.9,38.1,4728.0,4731,92
b1c81faa-c80764c5,Statues-500,0.4582423231178019,0.33469754186210277,0.9813115588675025,0.24793164389346206,866,443,403,40,463,157,45,22.28,0,45,0.0,22.28,0,0.0,0,0.0,157,77.72,10.17,43.125,51.931,98.116,519.41,31.908,315.79,13.092,129.41,11.844,117.11,57.3,58.2,55.7,56.6,58.2,44.1,4.9,38.0,4721.0,4724,78
b1c9c847-3bda4659,Statues-25,0.8175581551040629,0.6416053536911345,0.9868960712456751,0.4357221581863372,2937,2616,2428,188,509,203,0,0.0,0,0,0.0,0.0,0,0.0,0,0.0,203,100.0,14.38,60.148,63.092,104.226,888.75,30.117,427.18,12.732,180.35,11.506,163.05,57.3,58.1,55.5,56.4,58.4,57.3,5.0,35.1,4714.0,4721,109
b1c9c847-3bda4659,Statues-75,0.8175581551040629,0.6416053536911345,0.9868960712456751,0.4357221581863372,2937,2616,2428,188,509,203,0,0.0,0,0,0.0,0.0,0,0.0,0,0.0,203,100.0,14.21,59.053,65.576,102.03,916.55,30.357,425.12,12.731,178.05,11.538,161.44,57.1,58.2,55.3,55.8,58.2,63.1,5.1,34.9,4715.0,4718,110
b1c9c847-3bda4659,Statues-200,0.8175581551040629,0.6416053536911345,0.9868960712456751,0.4357221581863372,2937,2616,2428,188,509,203,0,0.0,0,0,0.0,0.0,0,0.0,0,0.0,203,100.0,14.47,60.381,64.472,98.236,917.99,29.897,425.4,12.634,179.59,11.452,162.87,57.0,57.9,55.2,55.8,57.9,60.5,5.0,34.2,4722.0,4726,112
b1c9c847-3bda4659,Statues-500,0.8175581551040629,0.6416053536911345,0.9868960712456751,0.4357221581863372,2937,2616,2428,188,509,203,0,0.0,0,0,0.0,0.0,0,0.0,0,0.0,203,100.0,14.05,58.877,60.886,105.01,836.59,30.673,422.88,12.758,175.66,11.58,159.52,57.1,57.9,55.3,56.3,57.9,57.0,5.0,35.2,4718.0,4723,108
b1ca2e5d-84cf9134,Statues-25,0.6246715086807099,0.4042443820467282,0.960254787859114,0.34602797189599954,3944,2902,2554,348,1390,203,0,0.0,0,0,0.0,0.0,0,0.0,0,0.0,203,100.0,14.18,59.227,57.441,103.764,796.18,30.429,422.85,12.678,175.84,11.533,160.06,57.1,58.1,55.4,56.4,58.1,54.0,5.0,35.1,4722.0,4725,108
b1ca2e5d-84cf9134,Statues-75,0.6246715086807099,0.4042443820467282,0.960254787859114,0.34602797189599954,3944,2902,2554,348,1390,203,0,0.0,0,0,0.0,0.0,0,0.0,0,0.0,203,100.0,14.21,59.51,59.122,106.814,825.96,30.375,426.55,12.652,177.43,11.516,161.59,57.0,57.9,55.3,56.0,57.9,55.5,5.0,34.7,4722.0,4722,109
b1ca2e5d-84cf9134,Statues-200,0.6246715086807099,0.4042443820467282,0.960254787859114,0.34602797189599954,3944,2902,2554,348,1390,203,0,0.0,0,0,0.0,0.0,0,0.0,0,0.0,203,100.0,14.07,58.79,58.212,103.998,803.67,30.571,424.3,12.74,176.57,11.576,160.52,57.0,58.1,55.2,56.1,58.1,52.4,5.0,35.0,4729.0,4731,108
b1ca2e5d-84cf9134,Statues-500,0.623967722031332,0.4033588665303648,0.959849971272271,0.3459237104513132,3944,2903,2552,351,1392,202,1,0.49,0,1,0.0,0.49,0,0.0,0,0.0,202,99.51,13.77,57.614,58.577,102.536,793.42,30.962,420.26,12.804,173.42,11.639,157.75,57.1,58.1,55.2,55.8,58.1,56.6,4.8,35.3,4739.0,4750,107
b1cac6a7-04e33135,Statues-25,0.7439771184500772,0.5793983522289502,0.9926997309568452,0.3911197046837674,1368,1082,1024,58,344,105,1,0.94,0,1,0.0,0.94,0,0.0,0,0.0,105,99.06,7.51,59.122,65.551,104.002,481.44,29.335,214.57,12.519,91.23,11.348,82.77,56.8,57.6,55.0,55.7,57.6,62.5,4.8,32.4,4744.0,4745,55
b1cac6a7-04e33135,Statues-75,0.7424537383169224,0.5765977450192897,0.9925137515458705,0.39093256477608074,1368,1082,1022,60,346,99,7,6.6,0,7,0.0,6.6,0,0.0,0,0.0,99,93.4,7.1,55.355,60.833,97.984,416.2,29.559,202.84,12.55,85.87,11.379,77.91,57.0,57.7,55.2,55.8,57.7,59.1,5.0,33.6,4741.0,4742,52
b1cac6a7-04e33135,Statues-200,0.7413897094038804,0.5779882206441725,0.9918943899487749,0.39162085320828954,1368,1085,1021,64,347,89,17,16.04,0,17,0.0,16.04,0,0.0,0,0.0,89,83.96,6.42,49.446,68.005,103.004,419.38,29.272,181.86,12.551,77.73,11.33,70.22,56.9,57.8,55.4,56.2,58.2,63.3,5.1,33.5,4741.0,4742,48
b1cac6a7-04e33135,Statues-500,0.7295804548958917,0.5652109686119551,0.9916906471583392,0.3849811188389593,1368,1067,1005,62,363,82,24,22.64,0,24,0.0,22.64,0,0.0,0,0.0,82,77.36,5.77,43.927,63.726,100.39,349.82,29.883,164.28,12.695,69.49,11.395,62.45,57.0,57.9,55.4,56.0,58.0,59.8,5.1,33.5,4742.0,4749,44
b1cd1e94-549d0bfe,Statues-25,0.7048377686691738,0.5412346348358557,0.9853216101535194,0.3739908825444843,1763,1350,1259,91,504,196,7,3.45,0,7,0.0,3.45,0,0.0,0,0.0,196,96.55,12.93,53.575,68.715,105.866,874.79,31.925,406.12,13.079,166.17,11.829,150.35,57.5,58.6,55.8,56.4,58.8,65.8,5.0,37.3,4740.0,4742,102
b1cd1e94-549d0bfe,Statues-75,0.6978004974255605,0.5355446184340087,0.9789399511938901,0.3697280109310127,1763,1345,1255,90,508,193,10,4.93,0,10,0.0,4.93,0,0.0,0,0.0,193,95.07,12.7,52.562,66.606,101.174,827.31,31.92,397.92,13.024,162.07,11.811,147.06,57.7,58.8,56.0,56.5,58.8,63.4,5.0,37.0,4737.0,4737,100
b1cd1e94-549d0bfe,Statues-200,0.68047235002881,0.5213171138227056,0.966064238426622,0.3664238124487523,1763,1351,1240,111,523,185,18,8.87,0,18,0.0,8.87,0,0.0,0,0.0,185,91.13,12.54,51.881,62.537,106.874,762.29,31.023,381.39,12.932,158.74,11.662,143.23,57.6,58.7,56.0,56.5,58.7,59.2,4.9,36.2,4738.0,4740,95
b1cd1e94-549d0bfe,Statues-500,0.6919902521362331,0.5270153623246008,0.9617704689093068,0.3751998975353595,1763,1395,1266,129,497,175,28,13.79,0,28,0.0,13.79,0,0.0,0,0.0,175,86.21,11.82,48.764,66.037,106.53,763.07,31.265,360.59,13.01,149.79,11.706,134.85,57.7,58.7,56.1,56.5,58.7,63.1,5.1,35.9,4741.0,4744,91
b1ceb32e-3f481b43,Statues-25,0.36958234839675386,0.265388894995996,0.9726385833485266,0.1995526359162723,715,297,271,26,444,138,0,0.0,0,0,0.0,0.0,0,0.0,0,0.0,138,100.0,8.53,54.099,65.45,104.764,543.25,33.292,276.85,13.395,111.11,12.106,100.49,57.9,59.1,56.3,56.9,59.1,63.4,4.8,38.4,4744.0,4744,66
b1ceb32e-3f481b43,Statues-75,0.36958234839675386,0.265388894995996,0.9726385833485266,0.1995526359162723,715,297,271,26,444,138,0,0.0,0,0,0.0,0.0,0,0.0,0,0.0,138,100.0,8.46,53.609,59.942,98.872,496.53,33.719,279.31,13.522,111.81,12.191,100.86,58.3,59.4,56.6,57.2,59.3,57.7,4.9,40.0,4744.0,4744,65
b1ceb32e-3f481b43,Statues-200,0.36958234839675386,0.265388894995996,0.9726385833485266,0.1995526359162723,715,297,271,26,444,138,0,0.0,0,0,0.0,0.0,0,0.0,0,0.0,138,100.0,8.43,53.493,64.85,99.68,533.15,33.791,277.29,13.528,110.88,12.22,100.19,58.5,59.6,56.8,57.5,59.6,63.3,4.8,40.1,4744.0,4744,65
b1ceb32e-3f481b43,Statues-500,0.36974303715609824,0.2647642862042494,0.9730363363336003,0.1996515269242542,715,297,271,26,444,134,4,2.9,0,4,0.0,2.9,0,0.0,0,0.0,134,97.1,8.26,52.221,61.32,103.332,490.49,33.424,267.51,13.424,107.25,12.152,97.13,58.5,60.2,56.9,57.5,60.2,57.2,4.9,39.8,4742.0,4744,64
b1ceb32e-51852abe,Statues-25,0.6409214291860962,0.4906776535872119,0.9908393730820825,0.33201499041531923,2164,1457,1399,58,765,197,6,2.96,0,6,0.0,2.96,0,0.0,0,0.0,197,97.04,13.14,53.909,61.024,102.888,793.32,31.66,409.17,13.012,167.96,11.834,152.81,58.4,59.5,56.8,57.4,59.5,58.8,5.0,37.7,4736.0,4738,98
b1ceb32e-51852abe,Statues-75,0.65667026477802,0.49190697597930344,0.9856040786942185,0.3403895201694761,2164,1506,1441,65,723,148,55,27.09,0,55,0.0,27.09,0,0.0,0,0.0,148,72.91,10.15,40.947,49.138,98.414,487.02,30.946,306.34,12.862,126.96,11.69,115.46,57.9,59.7,56.4,57.1,59.7,47.1,5.0,36.3,4731.0,4731,75
b1ceb32e-51852abe,Statues-200,0.6486911661721266,0.4845045903677234,0.9811347440730213,0.33780591127787885,2164,1501,1430,71,734,129,74,36.45,0,74,0.0,36.45,0,0.0,0,0.0,129,63.55,8.91,35.45,35.876,94.862,306.87,31.006,268.77,12.827,110.71,11.652,100.68,57.7,58.6,56.0,56.5,58.6,25.5,5.0,35.9,4734.0,4737,68
b1ceb32e-51852abe,Statues-500,0.5605919822421283,0.4156135263902483,0.9091672723097578,0.3161196433286808,2164,1568,1329,239,835,101,102,50.25,0,102,0.0,50.25,0,0.0,0,0.0,101,49.75,7.35,28.57,48.694,96.9,348.3,29.618,213.51,12.516,89.67,11.382,81.68,57.6,58.4,55.8,56.2,58.4,40.0,5.1,33.9,4736.0,4740,57
b1cebfb7-284f5117,Statues-25,0.5820503569737228,0.4583033653210081,0.9771597149501824,0.31131355264589833,1956,1259,1163,96,793,202,0,0.0,0,0,0.0,0.0,0,0.0,0,0.0,202,100.0,12.74,53.563,38.128,95.972,468.33,32.757,408.68,13.247,165.06,12.001,149.58,57.8,58.8,56.0,56.5,58.8,28.2,4.8,38.2,4743.0,4749,99
b1cebfb7-284f5117,Statues-75,0.5820503569737228,0.4583033653210081,0.9771597149501824,0.31131355264589833,1956,1259,1163,96,793,202,0,0.0,0,0,0.0,0.0,0,0.0,0,0.0,202,100.0,12.91,54.546,43.848,97.972,550.15,32.355,412.54,13.259,168.51,11.986,152.35,58.1,58.7,56.4,56.8,58.7,34.3,4.9,38.4,4755.0,4759,101
b1cebfb7-284f5117,Statues-200,0.5820503569737228,0.4583033653210081,0.9771597149501824,0.31131355264589833,1956,1259,1163,96,793,202,0,0.0,0,0,0.0,0.0,0,0.0,0,0.0,202,100.0,12.98,54.436,72.014,106.356,920.76,32.634,415.88,13.249,168.61,12.024,153.06,58.6,59.9,56.7,57.3,59.9,69.6,5.0,37.8,4774.0,4783,102
b1cebfb7-284f5117,Statues-500,0.5820503569737228,0.4583033653210081,0.9771597149501824,0.31131355264589833,1956,1259,1163,96,793,202,0,0.0,0,0,0.0,0.0,0,0.0,0,0.0,202,100.0,13.11,54.841,69.49,106.07,890.62,32.417,417.34,13.212,169.78,11.973,153.94,58.6,59.6,56.7,57.5,59.6,68.6,5.0,37.6,4783.0,4784,103
b1d0091f-75824d0d,Statues-25,0.7623480712125452,0.6550688020230668,0.9949930073550657,0.390104823585543,1641,1290,1257,33,384,202,0,0.0,0,0,0.0,0.0,0,0.0,0,0.0,202,100.0,13.25,56.177,44.261,98.858,574.64,32.095,419.18,13.143,171.3,11.946,155.79,58.4,59.7,56.5,57.1,59.7,38.4,4.8,37.3,4793.0,4796,100
b1d0091f-75824d0d,Statues-75,0.7623480712125452,0.6550688020230668,0.9949930073550657,0.390104823585543,1641,1290,1257,33,384,202,0,0.0,0,0,0.0,0.0,0,0.0,0,0.0,202,100.0,13.35,56.596,41.518,106.74,544.76,32.054,421.38,13.146,172.61,11.952,156.99,58.4,59.1,56.7,57.1,59.1,36.4,4.9,37.2,4804.0,4811,100
b1d0091f-75824d0d,Statues-200,0.7623480712125452,0.6550688020230668,0.9949930073550657,0.390104823585543,1641,1290,1257,33,384,202,0,0.0,0,0,0.0,0.0,0,0.0,0,0.0,202,100.0,13.09,55.355,34.811,97.718,447.29,32.583,418.43,13.21,169.5,12.009,154.13,58.5,59.5,56.7,57.1,59.8,26.6,4.9,37.9,4812.0,4812,100
b1d0091f-75824d0d,Statues-500,0.7623480712125452,0.6550688020230668,0.9949930073550657,0.390104823585543,1641,1290,1257,33,384,202,0,0.0,0,0,0.0,0.0,0,0.0,0,0.0,202,100.0,13.13,55.589,62.086,101.536,793.13,32.564,418.17,13.237,169.75,12.037,154.43,58.9,59.8,56.8,57.1,59.8,59.1,5.0,37.7,4813.0,4817,100
b1d0091f-f2c2d2ae,Statues-25,0.600497580038492,0.4714761786304589,0.9801209936262036,0.3164527875266359,2451,1598,1500,98,951,202,0,0.0,0,0,0.0,0.0,0,0.0,0,0.0,202,100.0,13.36,55.1,59.869,98.988,784.99,31.865,417.98,13.089,171.55,11.895,155.94,58.6,59.6,56.7,57.6,59.6,56.6,4.9,37.2,4820.0,4825,104
b1d0091f-f2c2d2ae,Statues-75,0.600497580038492,0.4714761786304589,0.9801209936262036,0.3164527875266359,2451,1598,1500,98,951,202,0,0.0,0,0,0.0,0.0,0,0.0,0,0.0,202,100.0,13.74,56.731,72.351,103.028,975.94,31.101,420.93,12.982,175.53,11.809,159.72,58.6,59.5,56.7,57.2,59.3,69.9,4.9,36.0,4822.0,4830,103
b1d0091f-f2c2d2ae,Statues-200,0.5960255869281921,0.4676681770019229,0.9771744155173901,0.3155741349946777,2451,1601,1493,108,958,194,8,3.96,0,8,0.0,3.96,0,0.0,0,0.0,194,96.04,13.33,54.859,62.486,102.892,816.48,30.877,406.08,12.894,169.32,11.701,153.74,58.4,59.5,56.7,57.3,59.2,58.5,4.9,35.5,4831.0,4836,100
b1d0091f-f2c2d2ae,Statues-500,0.5585689695586694,0.4369970691304516,0.9681860150235447,0.3050001401515505,2451,1572,1409,163,1042,173,29,14.36,0,29,0.0,14.36,0,0.0,0,0.0,173,85.64,11.78,47.907,41.461,92.99,474.44,30.487,350.69,12.78,146.73,11.602,133.27,57.9,58.7,56.4,57.4,58.7,39.0,5.0,36.0,4842.0,4844,88
b1d0a191-03dcecc2,Statues-25,0.7196382612400586,0.536860233154367,0.9870882740316764,0.37719850991760984,3220,2481,2345,136,875,202,0,0.0,0,0,0.0,0.0,0,0.0,0,0.0,202,100.0,13.44,56.496,46.92,98.36,618.38,31.553,415.49,13.005,170.95,11.825,155.54,58.2,59.5,56.5,57.2,59.5,42.7,4.9,36.5,4851.0,4860,101
b1d0a191-03dcecc2,Statues-75,0.7196382612400586,0.536860233154367,0.9870882740316764,0.37719850991760984,3220,2481,2345,136,875,202,0,0.0,0,0,0.0,0.0,0,0.0,0,0.0,202,100.0,13.73,57.646,55.278,103.058,745.77,31.041,419.96,12.889,173.99,11.695,157.96,58.2,59.3,56.4,57.0,59.3,51.7,4.9,35.8,4867.0,4874,105
b1d0a191-03dcecc2,Statues-200,0.7196382612400586,0.536860233154367,0.9870882740316764,0.37719850991760984,3220,2481,2345,136,875,202,0,0.0,0,0,0.0,0.0,0,0.0,0,0.0,202,100.0,13.7,57.412,39.187,101.382,526.62,30.903,417.15,12.862,173.26,11.655,157.1,57.9,58.5,56.3,56.9,58.5,37.1,5.0,36.1,4872.0,4882,102
b1d0a191-03dcecc2,Statues-500,0.7196382612400586,0.536860233154367,0.9870882740316764,0.37719850991760984,3220,2481,2345,136,875,202,0,0.0,0,0,0.0,0.0,0,0.0,0,0.0,202,100.0,13.71,57.265,67.978,108.006,913.1,31.187,421.45,12.925,174.52,11.765,158.9,58.2,59.2,56.5,57.3,59.6,65.7,4.9,35.9,4888.0,4894,107
b1d0a191-06deb55d,Statues-25,0.6313793662758028,0.4599742424384748,0.9523010323365438,0.3554282801988704,2441,1852,1611,241,830,155,47,23.27,0,47,0.0,23.27,0,0.0,0,0.0,155,76.73,10.75,43.352,66.805,102.5,701.45,30.326,317.9,12.782,133.68,11.599,121.4,58.0,58.9,56.5,57.1,59.3,61.9,5.0,34.7,4902.0,4907,84
b1d0a191-06deb55d,Statues-75,0.6130642962319293,0.4433717511502936,0.9525737015407462,0.3468705298874025,2441,1806,1563,243,878,141,61,30.2,0,61,0.0,30.2,0,0.0,0,0.0,141,69.8,10.45,42.359,63.52,102.696,642.34,28.871,293.94,12.479,126.76,11.267,114.52,57.8,58.8,56.2,56.9,58.7,60.7,4.9,32.7,4913.0,4922,78
b1d0a191-06deb55d,Statues-200,0.6129179267916569,0.4429897995486799,0.942928444333654,0.360559036185925,2441,1910,1570,340,871,134,68,33.66,0,68,0.0,33.66,0,0.0,0,0.0,134,66.34,9.79,39.357,70.002,103.284,668.34,29.342,281.59,12.604,120.59,11.367,108.84,57.7,58.8,55.8,56.4,58.8,65.0,5.0,33.5,4923.0,4930,74
b1d0a191-06deb55d,Statues-500,0.6044803460403222,0.4284197827901921,0.9392638503589484,0.35897377051290025,2441,1910,1553,357,888,122,80,39.6,0,80,0.0,39.6,0,0.0,0,0.0,122,60.4,9.2,36.747,60.085,101.198,539.2,28.892,258.84,12.492,111.59,11.265,100.7,57.4,58.6,55.6,56.5,58.6,56.0,5.1,32.7,4933.0,4939,69
b1d0a191-28f0e779,Statues-25,0.747427503621607,0.5873434587462283,0.9836874341221635,0.4079138153610638,1615,1355,1222,133,393,190,0,0.0,0,0,0.0,0.0,0,0.0,0,0.0,190,100.0,12.79,57.023,70.62,105.126,883.85,31.734,395.68,13.095,163.02,11.838,147.45,58.0,58.8,55.8,56.3,58.8,69.7,4.9,35.7,4938.0,4939,94
b1d0a191-28f0e779,Statues-75,0.747427503621607,0.5873434587462283,0.9836874341221635,0.4079138153610638,1615,1355,1222,133,393,190,0,0.0,0,0,0.0,0.0,0,0.0,0,0.0,190,100.0,12.62,56.166,61.619,106.036,762.81,31.763,395.87,13.003,161.78,11.823,147.19,58.1,59.2,56.2,56.9,59.2,56.7,4.9,36.7,4937.0,4937,97
b1d0a191-28f0e779,Statues-200,0.7474237552851489,0.5871765692401644,0.9836829485911247,0.407911530508494,1615,1355,1222,133,393,189,1,0.53,0,1,0.0,0.53,0,0.0,0,0.0,189,99.47,12.64,56.231,82.325,105.526,1013.61,31.759,392.26,13.082,161.29,11.859,146.26,58.4,59.4,56.4,56.7,59.4,82.2,4.9,36.4,4933.0,4937,94
b1d0a191-28f0e779,Statues-500,0.7374558037807059,0.5660159127366489,0.9793697007939688,0.4040084731953723,1615,1349,1211,138,404,179,11,5.79,0,11,0.0,5.79,0,0.0,0,0.0,179,94.21,12.18,54.032,50.721,98.842,604.01,31.072,371.03,12.941,154.33,11.688,139.44,58.1,58.8,56.2,56.6,58.8,46.4,4.9,35.8,4928.0,4933,91
b1d0a191-2ed2269e,Statues-25,0.7148187456980966,0.5186396454189024,0.9794939731077604,0.38513799279009836,3126,2490,2275,215,851,203,0,0.0,0,0,0.0,0.0,0,0.0,0,0.0,203,100.0,14.05,58.082,65.58,102.92,901.07,30.745,423.37,12.82,176.42,11.646,160.28,58.1,58.9,56.2,56.6,58.9,63.8,5.0,35.6,4930.0,4933,108
b1d0a191-2ed2269e,Statues-75,0.7150757422112252,0.5183485551761248,0.9789943535648881,0.3853552583189424,3126,2493,2277,216,849,198,5,2.46,0,5,0.0,2.46,0,0.0,0,0.0,198,97.54,13.12,54.248,54.767,99.896,704.35,31.715,410.95,13.006,168.22,11.796,152.67,58.0,59.0,56.2,57.1,59.0,52.4,4.9,36.5,4935.0,4935,104
b1d0a191-2ed2269e,Statues-200,0.7112192576456904,0.5170461897643266,0.9764184071964952,0.3851889826283178,3126,2501,2270,231,856,190,13,6.4,0,13,0.0,6.4,0,0.0,0,0.0,190,93.6,12.84,53.334,46.35,103.384,579.47,31.197,393.45,12.895,162.18,11.704,147.32,57.9,58.9,56.1,57.0,58.8,40.3,4.9,35.9,4939.0,4939,98
b1d0a191-2ed2269e,Statues-500,0.7017115269713025,0.5040831068848572,0.9654875106906984,0.38293903824635694,3126,2521,2265,256,861,183,20,9.85,0,20,0.0,9.85,0,0.0,0,0.0,183,90.15,12.72,52.477,61.616,105.792,766.39,30.425,379.11,12.777,158.84,11.559,143.8,57.8,59.4,56.0,56.5,59.4,55.4,4.9,34.9,4943.0,4943,96
b1d0a191-5490450b,Statues-25,0.6901314957978013,0.5379667799486133,0.9671881191877468,0.38386099795777956,1778,1442,1261,181,517,198,6,2.94,0,6,0.0,2.94,0,0.0,0,0.0,198,97.06,13.78,55.906,70.083,104.512,947.51,30.326,409.78,12.812,172.75,11.596,156.47,57.7,58.8,55.8,56.4,58.8,67.7,5.1,34.2,4942.0,4943,104
b1d0a191-5490450b,Statues-75,0.6773897944124276,0.5228398190975769,0.9620764652500936,0.3784916201117318,1778,1432,1244,188,534,162,42,20.59,0,42,0.0,20.59,0,0.0,0,0.0,162,79.41,11.76,46.847,64.883,106.94,744.28,29.327,338.22,12.602,145.09,11.395,131.27,57.6,58.7,55.8,56.3,58.7,59.5,5.1,34.0,4940.0,4950,90
b1d0a191-5490450b,Statues-200,0.5537445754291146,0.42723531643467066,0.8754777960480931,0.3318188452818574,1778,1418,1116,302,662,137,67,32.84,0,67,0.0,32.84,0,0.0,0,0.0,137,67.16,9.69,38.678,70.512,107.188,667.52,29.827,280.65,12.707,119.11,11.465,107.56,57.7,58.6,55.8,56.6,58.6,67.2,5.1,34.1,4925.0,4930,72
b1d0a191-5490450b,Statues-500,0.5484563665853989,0.42243918112953444,0.8720179606960015,0.3291336989391907,1778,1412,1110,302,668,129,75,36.76,0,75,0.0,36.76,0,0.0,0,0.0,129,63.24,9.12,36.217,47.302,104.324,416.97,29.595,262.77,12.653,112.06,11.404,101.06,57.4,58.3,55.8,56.6,58.3,41.6,5.1,34.2,4922.0,4924,68
b1d0a191-65deaeef,Statues-25,0.7200988316538239,0.5073432185213285,0.9601587354522755,0.39388034009329287,3276,2733,2450,283,826,196,6,2.97,0,6,0.0,2.97,0,0.0,0,0.0,196,97.03,13.82,56.438,60.396,103.42,818.57,30.187,408.88,12.686,171.58,11.54,156.12,57.7,58.8,55.9,56.7,58.8,56.2,5.0,35.1,4924.0,4926,105
b1d0a191-65deaeef,Statues-75,0.720136725638425,0.507311608402771,0.9602075602067475,0.393913623880693,3276,2733,2450,283,826,195,7,3.47,0,7,0.0,3.47,0,0.0,0,0.0,195,96.53,13.73,56.879,65.492,106.502,883.61,30.272,406.95,12.732,170.85,11.534,154.84,57.6,58.7,55.7,56.3,58.7,62.7,4.9,34.6,4918.0,4924,104
b1d0a191-65deaeef,Statues-200,0.7155631780320055,0.5038775133296259,0.9603203512735881,0.3916000778348957,3276,2717,2434,283,842,194,8,3.96,0,8,0.0,3.96,0,0.0,0,0.0,194,96.04,13.77,57.211,65.585,104.898,888.96,30.037,408.37,12.709,172.47,11.478,155.85,57.5,58.2,55.6,56.0,58.2,61.9,4.9,34.3,4917.0,4918,104
b1d0a191-65deaeef,Statues-500,0.7057044171310156,0.4965785531473547,0.9558469372977119,0.3891646714049072,3276,2714,2411,303,865,187,15,7.43,0,15,0.0,7.43,0,0.0,0,0.0,187,92.57,13.31,55.087,64.938,102.972,849.71,29.999,395.11,12.668,166.41,11.456,150.59,57.4,58.2,55.5,56.0,58.2,61.9,4.9,34.2,4920.0,4920,101
b1d0a191-de8948f6,Statues-25,0.704782877221026,0.5730390411976258,0.9865987031915555,0.3738737299848162,2478,1895,1767,128,711,202,0,0.0,0,0,0.0,0.0,0,0.0,0,0.0,202,100.0,13.88,57.727,69.298,106.108,943.42,30.977,424.02,12.908,176.39,11.672,159.58,57.6,58.4,55.8,56.5,58.4,66.9,5.0,35.3,4921.0,4922,105
b1d0a191-de8948f6,Statues-75,0.704782877221026,0.5730390411976258,0.9865987031915555,0.3738737299848162,2478,1895,1767,128,711,202,0,0.0,0,0,0.0,0.0,0,0.0,0,0.0,202,100.0,14.5,59.495,66.617,106.232,943.37,29.825,423.92,12.656,179.71,11.462,162.81,57.5,58.3,55.9,56.5,58.2,62.6,5.0,34.4,4925.0,4926,109
b1d0a191-de8948f6,Statues-200,0.704782877221026,0.5730390411976258,0.9865987031915555,0.3738737299848162,2478,1895,1767,128,711,202,0,0.0,0,0,0.0,0.0,0,0.0,0,0.0,202,100.0,14.36,58.9,65.063,101.954,919.53,29.99,424.19,12.709,179.47,11.485,162.25,57.5,58.8,55.9,56.8,58.8,62.3,5.0,34.7,4925.0,4926,110
b1d0a191-de8948f6,Statues-500,0.7051567905228098,0.5734836194599598,0.9865674146969057,0.37405327217062895,2478,1896,1768,128,710,201,1,0.5,0,1,0.0,0.5,0,0.0,0,0.0,201,99.5,14.22,58.242,64.717,106.558,898.92,30.22,421.79,12.735,177.48,11.53,160.77,57.6,59.0,55.7,56.1,58.8,62.1,5.0,34.9,4929.0,4929,109
b1d10d08-5b108225,Statues-25,0.5706519243589969,0.4377853392693066,0.9793084254535127,0.2911701685422477,2123,1277,1237,40,886,160,42,20.79,0,42,0.0,20.79,0,0.0,0,0.0,160,79.21,11.1,46.122,64.396,103.32,698.27,31.059,337.09,12.895,139.63,11.7,126.75,57.7,58.9,55.7,56.6,58.9,60.3,5.0,35.7,4936.0,4937,84
b1d10d08-5b108225,Statues-75,0.5706534473052479,0.43704939772410284,0.9793110234456975,0.2911723816897455,2123,1277,1237,40,886,157,45,22.28,0,45,0.0,22.28,0,0.0,0,0.0,157,77.72,11.07,46.015,69.816,103.262,756.93,30.598,331.22,12.795,138.14,11.639,125.74,57.8,58.8,55.7,56.6,58.8,67.7,5.0,35.3,4937.0,4938,82
b1d10d08-5b108225,Statues-200,0.5613438971353967,0.42924737878357355,0.9711346772261783,0.28938362523684874,2123,1281,1227,54,896,144,58,28.71,0,58,0.0,28.71,0,0.0,0,0.0,144,71.29,10.2,41.997,62.807,106.778,625.08,30.409,303.94,12.788,127.5,11.591,115.64,57.7,58.8,55.7,56.6,58.8,61.5,5.0,35.5,4939.0,4939,78
b1d10d08-5b108225,Statues-500,0.4855490885087184,0.34490172166061367,0.964698898675007,0.2572223819515388,2123,1155,1067,88,1056,129,73,36.14,0,73,0.0,36.14,0,0.0,0,0.0,129,63.86,8.77,36.468,60.437,104.134,516.08,31.504,270.71,13.095,112.04,11.768,100.78,57.7,58.5,55.8,56.7,58.9,54.5,4.9,35.9,4940.0,4940,67
b1d10d08-743fd86c,Statues-25,0.3440237980833019,0.280652319339567,0.9944245730829245,0.1811766453721587,1016,371,351,20,665,198,4,1.98,0,4,0.0,1.98,0,0.0,0,0.0,198,98.02,12.33,53.218,68.551,101.34,832.35,33.553,406.35,13.452,162.68,12.176,147.31,58.2,59.5,56.1,56.6,59.6,68.2,4.9,38.9,4940.0,4940,94
b1d10d08-743fd86c,Statues-75,0.34588473164157973,0.28131130602524845,0.99343002175277,0.1842504061992251,1016,378,353,25,663,194,8,3.96,0,8,0.0,3.96,0,0.0,0,0.0,194,96.04,12.6,53.31,71.67,100.666,883.73,32.587,400.97,13.27,163.14,12.018,147.78,58.5,59.3,56.4,56.7,59.3,69.0,4.9,38.3,4941.0,4941,98
b1d10d08-743fd86c,Statues-200,0.3395927268922267,0.27583950688800696,0.9834854549094669,0.1817282321899736,1016,379,350,29,666,190,12,5.94,0,12,0.0,5.94,0,0.0,0,0.0,190,94.06,12.39,52.351,71.814,102.302,872.76,32.378,391.84,13.221,159.87,11.989,144.99,58.5,59.3,56.5,56.8,59.3,69.1,4.9,37.9,4941.0,4941,96
b1d10d08-743fd86c,Statues-500,0.30972260653136885,0.24727844685402825,0.922901996534849,0.17225661677786455,1016,393,340,53,676,172,30,14.85,0,30,0.0,14.85,0,0.0,0,0.0,172,85.15,11.1,46.963,67.69,101.398,736.71,32.621,356.76,13.272,144.92,12.047,131.59,58.6,59.5,56.5,56.9,59.5,65.3,4.9,38.2,4937.0,4941,87
b1d10d08-c35503b8,Statues-25,0.7308964511528899,0.5687032313366378,0.9879436986807795,0.38598218342535356,3127,2462,2310,152,817,202,0,0.0,0,0,0.0,0.0,0,0.0,0,0.0,202,100.0,13.33,55.838,66.842,102.848,875.7,32.036,419.44,13.092,171.21,11.939,156.17,58.6,60.0,56.6,57.3,60.0,63.6,4.9,37.4,4930.0,4931,105
b1d10d08-c35503b8,Statues-75,0.7308964511528899,0.5687032313366378,0.9879436986807795,0.38598218342535356,3127,2462,2310,152,817,202,0,0.0,0,0,0.0,0.0,0,0.0,0,0.0,202,100.0,13.63,57.357,62.476,105.216,839.16,31.315,420.07,12.942,173.34,11.76,157.6,58.3,59.3,56.3,56.9,59.3,58.4,4.9,35.9,4937.0,4937,105
b1d10d08-c35503b8,Statues-200,0.7308964511528899,0.5687032313366378,0.9879436986807795,0.38598218342535356,3127,2462,2310,152,817,202,0,0.0,0,0,0.0,0.0,0,0.0,0,0.0,202,100.0,13.5,56.961,41.502,98.556,547.6,31.114,411.83,12.906,170.41,11.716,154.81,57.9,58.8,56.3,57.2,59.0,38.3,4.9,36.2,4937.0,4938,100
b1d10d08-c35503b8,Statues-500,0.7026207960754011,0.5364216431970964,0.9723517798101418,0.3773899736848156,3127,2448,2256,192,871,187,15,7.43,0,15,0.0,7.43,0,0.0,0,0.0,187,92.57,12.46,52.223,46.257,103.164,563.31,31.463,382.98,12.949,157.39,11.745,142.82,58.0,58.8,56.1,56.9,58.8,41.7,4.8,36.4,4937.0,4939,95
b1d10d08-da110fcb,Statues-25,0.8221687643420184,0.6876514036442802,0.9935040922028288,0.4300802816101743,2250,1957,1860,97,390,194,0,0.0,0,0,0.0,0.0,0,0.0,0,0.0,194,100.0,13.11,57.801,64.172,104.682,827.64,31.32,405.54,12.933,167.2,11.787,152.46,58.2,59.2,56.1,56.7,59.2,61.5,4.9,35.9,4940.0,4940,100
b1d10d08-da110fcb,Statues-75,0.8221687643420184,0.6876514036442802,0.9935040922028288,0.4300802816101743,2250,1957,1860,97,390,194,0,0.0,0,0,0.0,0.0,0,0.0,0,0.0,194,100.0,13.07,57.561,61.57,101.03,787.65,31.356,402.95,12.953,166.12,11.803,151.47,58.2,59.0,56.1,56.6,59.0,58.6,4.8,36.2,4933.0,4938,100
b1d10d08-da110fcb,Statues-200,0.8221687643420184,0.6876514036442802,0.9935040922028288,0.4300802816101743,2250,1957,1860,97,390,194,0,0.0,0,0,0.0,0.0,0,0.0,0,0.0,194,100.0,13.06,57.516,61.187,107.844,784.59,31.374,402.64,12.966,166.17,11.797,151.25,58.2,59.2,56.1,56.6,59.1,56.8,4.9,36.3,4933.0,4934,101
b1d10d08-da110fcb,Statues-500,0.8221687643420184,0.6876514036442802,0.9935040922028288,0.4300802816101743,2250,1957,1860,97,390,194,0,0.0,0,0,0.0,0.0,0,0.0,0,0.0,194,100.0,12.97,57.051,67.664,103.166,860.56,31.534,401.69,13.001,165.37,11.824,150.48,58.3,59.4,56.2,56.6,59.4,63.2,4.9,36.4,4933.0,4934,101
b1d10d08-ec660956,Statues-25,0.7258139088162736,0.5890142901533543,0.992146721747144,0.3749102180004012,2117,1606,1548,58,569,201,1,0.5,0,1,0.0,0.5,0,0.0,0,0.0,201,99.5,13.92,56.789,64.381,106.044,877.77,30.631,417.83,12.804,174.39,11.661,158.92,58.2,59.2,56.1,56.6,59.2,60.9,4.9,35.4,4936.0,4939,107
b1d10d08-ec660956,Statues-75,0.7262466726363918,0.5879693554223769,0.9920996070745776,0.3751234193577402,2117,1607,1549,58,568,194,8,3.96,0,8,0.0,3.96,0,0.0,0,0.0,194,96.04,13.49,54.8,64.338,101.102,853.58,30.528,405.03,12.764,169.09,11.63,154.15,58.1,59.0,56.0,56.5,58.7,60.5,5.0,35.2,4938.0,4940,103
b1d10d08-ec660956,Statues-200,0.7202526461248776,0.5828151038740573,0.9915960051699729,0.37202997676667304,2117,1595,1537,58,580,190,12,5.94,0,12,0.0,5.94,0,0.0,0,0.0,190,94.06,13.68,56.008,63.259,102.6,859.51,29.697,401.98,12.649,170.34,11.524,155.21,57.9,59.1,55.9,56.4,59.1,59.0,5.0,34.1,4937.0,4938,103
b1d10d08-ec660956,Statues-500,0.7184337463243848,0.5810909710468735,0.990999530463254,0.3714377664470389,2117,1594,1534,60,583,188,14,6.93,0,14,0.0,6.93,0,0.0,0,0.0,188,93.07,13.24,53.783,67.752,102.924,879.25,30.133,390.24,12.732,164.69,11.563,149.63,57.9,58.8,55.9,56.6,58.8,62.0,5.0,34.7,4939.0,4942,100
b1d22449-117aa773,Statues-25,0.41125666375305103,0.32308074738016634,0.9733478991124266,0.22077232762893034,1193,548,503,45,690,202,0,0.0,0,0,0.0,0.0,0,0.0,0,0.0,202,100.0,13.29,57.047,58.067,104.966,752.48,31.877,416.18,13.055,170.1,11.946,155.74,58.1,59.5,56.0,56.8,59.5,53.3,4.9,36.9,4943.0,4944,101
b1d22449-117aa773,Statues-75,0.41125666375305103,0.32308074738016634,0.9733478991124266,0.22077232762893034,1193,548,503,45,690,202,0,0.0,0,0,0.0,0.0,0,0.0,0,0.0,202,100.0,13.2,56.634,68.478,103.064,894.27,32.444,421.39,13.224,171.57,12.067,156.61,58.6,59.8,56.4,56.8,59.8,65.0,4.9,37.7,4943.0,4944,101
b1d22449-117aa773,Statues-200,0.41125666375305103,0.32308074738016634,0.9733478991124266,0.22077232762893034,1193,548,503,45,690,202,0,0.0,0,0,0.0,0.0,0,0.0,0,0.0,202,100.0,12.95,55.506,47.316,103.382,597.34,32.483,411.85,13.2,167.17,12.013,152.18,58.4,59.6,56.7,57.4,59.6,42.1,4.9,38.5,4942.0,4947,101
b1d22449-117aa773,Statues-500,0.41125666375305103,0.32308074738016634,0.9733478991124266,0.22077232762893034,1193,548,503,45,690,202,0,0.0,0,0,0.0,0.0,0,0.0,0,0.0,202,100.0,12.87,55.396,52.547,102.158,673.83,32.896,416.07,13.287,167.83,12.103,152.93,58.7,59.7,56.8,57.7,59.9,48.6,4.8,38.7,4949.0,4950,99
b1d22449-15fb948f,Statues-25,0.16548387096774192,0.12100556070694912,0.950256992400593,0.08593548387096774,500,93,87,6,413,143,40,21.86,0,40,0.0,21.86,0,0.0,0,0.0,143,78.14,9.02,43.276,73.2,101.562,642.01,32.829,288.43,13.373,117.2,12.146,106.51,58.9,59.9,57.1,57.9,59.9,72.9,4.7,38.4,4945.0,4950,68
b1d22449-15fb948f,Statues-75,0.1430409096121854,0.10054808202987545,0.8770995575609695,0.08745794392523365,500,107,80,27,420,128,55,30.05,0,55,0.0,30.05,0,0.0,0,0.0,128,69.95,8.07,38.495,62.024,101.718,491.1,32.662,257.58,13.374,105.2,12.093,95.18,58.8,60.0,57.1,58.2,59.9,57.9,4.7,38.8,4943.0,4943,62
b1d22449-15fb948f,Statues-200,0.0808623343336806,0.048692263065409525,0.6770648836418978,0.05604123711340206,500,97,59,38,441,98,85,46.45,0,85,0.0,46.45,0,0.0,0,0.0,98,53.55,6.39,29.962,70.738,101.524,430.7,31.596,192.9,13.167,80.18,11.902,72.53,58.9,59.9,57.2,57.8,59.8,67.2,4.8,36.8,4944.0,4945,48
b1d22449-15fb948f,Statues-500,0.028948319422512973,0.017323219284331337,0.5421908401569263,0.028645161290322584,500,62,24,38,476,57,126,68.85,0,126,0.0,68.85,0,0.0,0,0.0,57,31.15,4.02,18.034,65.831,99.894,249.62,28.88,109.87,12.852,48.75,11.339,43.04,58.5,59.5,57.1,57.7,59.5,59.8,4.9,33.2,4945.0,4945,30
b1d22ed6-f1cac061,Statues-25,0.7948207011539542,0.5522177268394983,0.9818592043178633,0.42917072781230453,4610,4075,3721,354,889,203,0,0.0,0,0,0.0,0.0,0,0.0,0,0.0,203,100.0,14.72,61.717,59.09,102.95,858.44,29.759,431.48,12.602,182.56,11.501,166.65,58.4,59.6,56.7,57.4,59.2,54.5,4.9,34.6,4945.0,4945,112
b1d22ed6-f1cac061,Statues-75,0.7948207011539542,0.5522177268394983,0.9818592043178633,0.42917072781230453,4610,4075,3721,354,889,203,0,0.0,0,0,0.0,0.0,0,0.0,0,0.0,203,100.0,14.32,60.158,63.805,103.358,897.91,30.187,427.18,12.74,179.9,11.55,163.18,58.0,59.0,56.1,56.9,59.0,61.0,4.8,34.1,4954.0,4955,108
b1d22ed6-f1cac061,Statues-200,0.7948207011539542,0.5522177268394983,0.9818592043178633,0.42917072781230453,4610,4075,3721,354,889,203,0,0.0,0,0,0.0,0.0,0,0.0,0,0.0,203,100.0,13.82,58.136,57.431,106.83,777.54,31.11,421.02,12.899,174.27,11.709,158.27,57.8,59.2,55.9,56.5,59.2,53.5,4.9,35.0,4961.0,4966,104
b1d22ed6-f1cac061,Statues-500,0.78824688841918,0.5440691768598439,0.978182353312381,0.42692958418744587,4610,4072,3704,368,906,198,5,2.46,0,5,0.0,2.46,0,0.0,0,0.0,198,97.54,13.21,55.356,36.874,96.118,476.28,31.674,411.7,12.966,168.1,11.774,152.77,57.7,58.5,55.8,56.7,58.5,29.9,4.8,36.1,4964.0,4968,101
b1d3907b-2278601b,Statues-25,0.29339153650945565,0.22057938419433815,0.9809006485966201,0.1549236915567591,867,276,259,17,608,199,3,1.49,0,3,0.0,1.49,0,0.0,0,0.0,199,98.51,12.79,54.741,51.118,105.986,640.68,32.618,410.15,13.31,167.01,12.014,150.85,57.9,59.2,56.2,57.0,59.2,48.7,4.9,37.3,4970.0,4975,95
b1d3907b-2278601b,Statues-75,0.2910322532149032,0.21684935566723346,0.9807365354499515,0.15323354077679335,867,273,257,16,610,195,7,3.47,0,7,0.0,3.47,0,0.0,0,0.0,195,96.53,12.16,52.14,61.971,100.878,743.31,33.512,401.41,13.468,161.18,12.189,145.89,58.6,59.7,56.6,57.1,59.7,59.3,4.9,39.7,4970.0,4971,95
b1d3907b-2278601b,Statues-200,0.26937354427027915,0.1999502096246308,0.9498540225239148,0.14743075405780387,867,276,245,31,622,180,22,10.89,0,22,0.0,10.89,0,0.0,0,0.0,180,89.11,11.38,48.369,63.174,100.956,704.01,33.13,368.99,13.387,148.87,12.158,135.26,58.8,59.8,56.7,57.1,59.9,59.5,4.8,39.0,4967.0,4968,89
b1d3907b-2278601b,Statues-500,0.17825169283399633,0.11836923628799975,0.7273416169188766,0.11300990984629146,867,294,212,82,655,141,61,30.2,0,61,0.0,30.2,0,0.0,0,0.0,141,69.8,9.07,38.16,59.996,102.126,526.46,32.433,286.57,13.267,116.96,12.005,105.89,58.7,60.1,56.8,57.4,60.1,55.5,5.0,38.2,4961.0,4962,70
b1d4b62c-60aab822,Statues-25,0.8148956187415766,0.6815155076430746,0.994940824449695,0.42315113539142446,2214,1890,1812,78,402,203,0,0.0,0,0,0.0,0.0,0,0.0,0,0.0,203,100.0,13.52,57.957,42.55,98.532,566.98,31.516,418.85,13.032,172.96,11.862,157.49,58.4,59.8,56.5,56.9,59.8,35.8,4.8,37.3,4962.0,4966,100
b1d4b62c-60aab822,Statues-75,0.8148956187415766,0.6815155076430746,0.994940824449695,0.42315113539142446,2214,1890,1812,78,402,203,0,0.0,0,0,0.0,0.0,0,0.0,0,0.0,203,100.0,13.54,58.007,49.247,99.6,655.82,31.541,419.53,12.997,172.66,11.843,157.38,58.4,59.1,56.5,56.9,59.1,44.0,4.9,36.9,4962.0,4965,101
b1d4b62c-60aab822,Statues-200,0.8148956187415766,0.6815155076430746,0.994940824449695,0.42315113539142446,2214,1890,1812,78,402,203,0,0.0,0,0,0.0,0.0,0,0.0,0,0.0,203,100.0,13.55,58.073,52.523,102.502,692.05,31.609,419.32,13.052,172.88,11.856,157.11,58.5,59.3,56.5,57.0,59.3,46.5,4.9,36.9,4956.0,4957,101
b1d4b62c-60aab822,Statues-500,0.8116004162047368,0.6717830648762441,0.9936633812464893,0.4217479076398254,2214,1887,1807,80,407,199,4,1.97,0,4,0.0,1.97,0,0.0,0,0.0,199,98.03,13.44,57.423,55.693,102.482,735.87,31.283,413.47,12.952,170.95,11.808,155.9,58.4,59.4,56.5,57.1,59.4,51.5,4.9,36.4,4960.0,4963,99
b1d59b1f-a38aec79,Statues-25,0.7114865870122481,0.5584782096912546,0.9932823046700904,0.3794154009184034,298,228,213,15,85,168,0,0.0,0,0,0.0,0.0,0,0.0,0,0.0,168,100.0,11.08,55.902,47.196,105.2,515.03,31.695,344.2,13.123,142.23,11.897,129.03,58.4,59.5,56.5,56.9,59.5,39.8,5.0,36.8,4965.0,4966,82
b1d59b1f-a38aec79,Statues-75,0.7114865870122481,0.5584782096912546,0.9932823046700904,0.3794154009184034,298,228,213,15,85,168,0,0.0,0,0,0.0,0.0,0,0.0,0,0.0,168,100.0,10.53,53.866,62.036,102.08,635.66,33.243,341.81,13.44,138.02,12.22,125.52,58.9,59.7,56.8,57.2,59.7,59.3,4.9,39.2,4965.0,4966,79
b1d59b1f-a38aec79,Statues-200,0.7114865870122481,0.5584782096912546,0.9932823046700904,0.3794154009184034,298,228,213,15,85,168,0,0.0,0,0,0.0,0.0,0,0.0,0,0.0,168,100.0,10.5,53.693,68.018,105.864,694.98,33.328,343.3,13.471,138.56,12.274,126.3,59.1,60.2,57.1,57.4,60.2,64.7,4.8,39.4,4964.0,4965,79
b1d59b1f-a38aec79,Statues-500,0.7114865870122481,0.5584782096912546,0.9932823046700904,0.3794154009184034,298,228,213,15,85,168,0,0.0,0,0,0.0,0.0,0,0.0,0,0.0,168,100.0,10.49,53.668,70.416,103.814,714.48,33.396,340.58,13.521,137.64,12.275,125.03,59.3,60.8,57.2,57.6,60.8,68.4,4.9,39.3,4965.0,4968,78
b1d7b3ac-0bdb47dc,Statues-25,0.761181395802064,0.6169215424540474,0.9935831650986087,0.39573404765712455,1480,1183,1133,50,347,202,0,0.0,0,0,0.0,0.0,0,0.0,0,0.0,202,100.0,12.82,55.252,66.159,104.05,835.84,33.017,416.08,13.324,167.77,12.17,153.28,59.3,60.7,57.3,57.7,60.7,64.2,4.8,39.3,4968.0,4969,100
b1d7b3ac-0bdb47dc,Statues-75,0.761181395802064,0.6169215424540474,0.9935831650986087,0.39573404765712455,1480,1183,1133,50,347,202,0,0.0,0,0,0.0,0.0,0,0.0,0,0.0,202,100.0,12.72,54.741,68.362,100.598,853.0,33.343,416.07,13.383,166.88,12.224,152.45,59.4,60.5,57.3,57.7,60.5,64.7,4.9,39.0,4971.0,4973,99
b1d7b3ac-0bdb47dc,Statues-200,0.761181395802064,0.6169215424540474,0.9935831650986087,0.39573404765712455,1480,1183,1133,50,347,202,0,0.0,0,0,0.0,0.0,0,0.0,0,0.0,202,100.0,12.78,55.042,49.154,101.642,614.23,33.115,414.2,13.382,167.12,12.184,152.22,59.2,60.3,57.2,57.7,60.3,45.9,4.9,38.9,4974.0,4977,98
b1d7b3ac-0bdb47dc,Statues-500,0.761181395802064,0.6169215424540474,0.9935831650986087,0.39573404765712455,1480,1183,1133,50,347,202,0,0.0,0,0,0.0,0.0,0,0.0,0,0.0,202,100.0,13.11,56.562,54.854,99.476,712.95,32.475,418.46,13.268,170.7,12.087,155.58,59.2,60.5,57.2,57.6,60.5,48.9,4.9,38.0,4977.0,4978,97
b1d7b3ac-36f2d3b7,Statues-25,0.8595341994454262,0.6944204156288359,0.9948535621088797,0.44738901626999905,724,653,625,28,99,173,3,1.7,0,3,0.0,1.7,0,0.0,0,0.0,173,98.3,11.52,55.14,69.621,102.94,788.02,31.792,359.52,13.128,148.32,11.96,135.16,59.3,60.5,57.2,57.6,60.5,67.4,5.0,36.9,4978.0,4980,90
b1d7b3ac-36f2d3b7,Statues-75,0.859503714549505,0.6943928587542654,0.9948194180449126,0.44736363405616236,724,653,625,28,99,168,8,4.55,0,8,0.0,4.55,0,0.0,0,0.0,168,95.45,10.75,52.084,64.482,103.226,682.46,32.911,347.05,13.256,139.57,12.145,127.93,59.3,60.3,57.2,57.7,60.3,62.2,4.9,38.2,4978.0,4979,84
b1d7b3ac-36f2d3b7,Statues-200,0.8594732217800959,0.6939518870940005,0.9947852639724035,0.44733825184232573,724,653,625,28,99,162,14,7.95,0,14,0.0,7.95,0,0.0,0,0.0,162,92.05,10.83,51.789,62.73,103.108,663.95,31.599,332.57,13.069,137.45,11.908,125.27,59.1,60.4,57.1,57.5,60.4,58.5,5.0,36.6,4971.0,4973,84
b1d7b3ac-36f2d3b7,Statues-500,0.8676771190107657,0.686937222372143,0.9947498554691157,0.4514248107378499,724,659,631,28,93,153,23,13.07,0,23,0.0,13.07,0,0.0,0,0.0,153,86.93,9.59,46.643,55.1,102.2,516.22,32.889,308.59,13.377,125.28,12.176,114.09,59.1,60.0,57.2,57.6,60.0,53.6,4.8,39.0,4972.0,4974,75
b1d7b3ac-5744370e,Statues-25,0.594054969211463,0.4842943924057791,0.9796721841197139,0.32208341434960136,556,370,336,34,220,198,0,0.0,0,0,0.0,0.0,0,0.0,0,0.0,198,100.0,11.89,52.748,74.182,103.968,867.74,34.544,404.02,13.69,159.87,12.539,146.48,59.7,60.8,57.6,58.2,60.8,72.4,4.6,41.0,4971.0,4972,92
b1d7b3ac-5744370e,Statues-75,0.594054969211463,0.4842943924057791,0.9796721841197139,0.32208341434960136,556,370,336,34,220,198,0,0.0,0,0,0.0,0.0,0,0.0,0,0.0,198,100.0,11.81,52.459,76.883,103.606,883.78,34.856,402.72,13.759,158.76,12.589,145.32,60.0,61.2,57.8,58.2,61.2,74.5,4.7,41.4,4970.0,4971,90
b1d7b3ac-5744370e,Statues-200,0.594054969211463,0.4842943924057791,0.9796721841197139,0.32208341434960136,556,370,336,34,220,198,0,0.0,0,0,0.0,0.0,0,0.0,0,0.0,198,100.0,11.82,52.557,75.172,106.564,868.2,34.79,402.17,13.776,159.05,12.584,145.33,60.1,61.4,58.0,58.3,61.4,73.1,4.7,41.4,4969.0,4971,90
b1d7b3ac-5744370e,Statues-500,0.594054969211463,0.4842943924057791,0.9796721841197139,0.32208341434960136,556,370,336,34,220,198,0,0.0,0,0,0.0,0.0,0,0.0,0,0.0,198,100.0,12.06,53.33,70.775,105.404,835.65,34.303,405.74,13.678,161.61,12.49,147.61,60.1,61.0,58.1,58.4,61.0,67.1,4.8,40.7,4971.0,4971,91
b1d7b3ac-995f9d8a,Statues-25,0.8063845800901714,0.6220454560227748,0.9857581785651652,0.42412502662190804,755,653,617,36,138,189,0,0.0,0,0,0.0,0.0,0,0.0,0,0.0,189,100.0,11.98,53.492,45.754,98.04,533.21,33.024,386.21,13.33,155.68,12.163,142.11,59.7,60.5,57.8,58.1,60.5,41.4,4.9,39.0,4972.0,4973,94
b1d7b3ac-995f9d8a,Statues-75,0.8063845800901714,0.6220454560227748,0.9857581785651652,0.42412502662190804,755,653,617,36,138,189,0,0.0,0,0,0.0,0.0,0,0.0,0,0.0,189,100.0,12.15,54.224,66.542,106.38,791.37,32.564,387.02,13.291,157.75,12.122,143.93,59.6,60.6,58.0,58.7,60.6,62.9,4.9,38.4,4974.0,4976,93
b1d7b3ac-995f9d8a,Statues-200,0.8063834589877992,0.6218148560297752,0.9857568199511194,0.42412299828605615,755,653,617,36,138,187,2,1.06,0,2,0.0,1.06,0,0.0,0,0.0,187,98.94,11.85,52.824,35.144,95.468,405.55,32.937,383.65,13.282,154.52,12.163,141.55,59.4,60.8,57.6,58.2,60.8,28.1,4.9,38.9,4972.0,4974,93
b1d7b3ac-995f9d8a,Statues-500,0.8063812457646928,0.6216334899916227,0.9857543185749261,0.42412299828605615,755,653,617,36,138,186,3,1.59,0,3,0.0,1.59,0,0.0,0,0.0,186,98.41,11.92,53.123,61.353,106.512,721.48,32.671,380.0,13.318,154.61,12.131,140.92,59.6,60.5,57.9,58.6,60.4,55.9,4.9,38.5,4975.0,4976,91
b1d7b3ac-9e14f05f,Statues-25,0.7942177170588105,0.6756873096217928,0.9954247874975494,0.41267311819543495,1312,1091,1046,45,266,200,2,0.99,0,2,0.0,0.99,0,0.0,0,0.0,200,99.01,13.12,55.595,61.65,101.984,798.31,31.895,411.48,13.153,169.44,12.034,155.09,59.4,60.2,57.8,58.5,60.7,58.7,5.0,37.8,4979.0,4988,98
b1d7b3ac-9e14f05f,Statues-75,0.7857222904836048,0.655628995604601,0.9884847798201767,0.4103767024212213,1312,1096,1042,54,270,184,18,8.91,0,18,0.0,8.91,0,0.0,0,0.0,184,91.09,11.93,50.31,29.192,86.91,341.66,32.197,376.61,13.203,154.29,12.028,140.6,59.1,59.6,57.5,58.2,59.6,16.6,4.9,38.1,4986.0,4988,92
b1d7b3ac-9e14f05f,Statues-200,0.7531244494537161,0.6378814311769682,0.9698635965796688,0.3963162668816771,1312,1089,1018,71,294,177,25,12.38,0,25,0.0,12.38,0,0.0,0,0.0,177,87.62,11.27,48.216,73.081,103.208,805.39,32.914,361.5,13.373,146.65,12.212,133.97,59.7,60.8,57.9,58.6,60.8,71.6,4.9,38.5,4989.0,4989,85
b1d7b3ac-9e14f05f,Statues-500,0.7502591486631665,0.6347539300924463,0.9646578499163957,0.3913035224102241,1312,1084,1020,64,292,169,33,16.34,0,33,0.0,16.34,0,0.0,0,0.0,169,83.66,11.12,46.772,37.999,94.068,415.2,31.645,343.53,13.152,142.55,11.926,129.33,59.1,59.6,57.6,58.3,59.6,31.2,4.9,37.7,4996.0,4998,85
b1d7b3ac-afa57f22,Statues-25,0.7335087314525144,0.5995700811212378,0.9976998839327218,0.3758803986710963,400,301,294,7,106,170,0,0.0,0,0,0.0,0.0,0,0.0,0,0.0,170,100.0,10.92,55.154,58.712,103.326,624.13,32.478,346.51,13.275,141.46,12.137,129.38,59.5,61.2,57.7,58.2,61.2,58.9,4.9,38.2,4994.0,4998,84
b1d7b3ac-afa57f22,Statues-75,0.7335087314525144,0.5995700811212378,0.9976998839327218,0.3758803986710963,400,301,294,7,106,170,0,0.0,0,0,0.0,0.0,0,0.0,0,0.0,170,100.0,10.93,55.121,62.992,104.384,668.31,32.775,350.32,13.325,142.23,12.239,130.68,59.7,60.6,57.7,58.0,60.6,59.9,4.8,38.5,4996.0,4997,86
b1d7b3ac-afa57f22,Statues-200,0.7335087314525144,0.5995700811212378,0.9976998839327218,0.3758803986710963,400,301,294,7,106,170,0,0.0,0,0,0.0,0.0,0,0.0,0,0.0,170,100.0,10.9,55.098,70.971,104.69,759.82,32.917,353.13,13.353,143.1,12.213,130.92,59.9,60.9,57.7,58.1,60.9,68.2,4.9,38.5,4998.0,4999,86
b1d7b3ac-afa57f22,Statues-500,0.7335087314525144,0.5995700811212378,0.9976998839327218,0.3758803986710963,400,301,294,7,106,170,0,0.0,0,0,0.0,0.0,0,0.0,0,0.0,170,100.0,10.89,54.981,71.626,104.612,759.83,33.089,352.57,13.37,142.29,12.265,130.57,60.0,60.6,57.9,58.1,60.6,69.4,4.9,38.6,4998.0,4998,84
b1d968b9-563405f4,Statues-25,0.7751258077576184,0.6160515529409614,0.9351808667659243,0.41765029897550726,2656,2432,2200,232,456,197,6,2.96,0,6,0.0,2.96,0,0.0,0,0.0,197,97.04,13.58,55.4,65.937,106.286,881.37,31.036,413.14,13.003,172.88,11.848,157.59,59.6,61.2,57.6,57.9,61.2,61.7,5.0,36.2,4997.0,4999,107
b1d968b9-563405f4,Statues-75,0.758857563785813,0.6001147786454046,0.9251656502772642,0.4143673586426132,2656,2437,2177,260,479,182,21,10.34,0,21,0.0,10.34,0,0.0,0,0.0,182,89.66,12.39,50.894,65.695,103.252,795.42,31.168,379.07,12.995,157.76,11.846,143.89,59.2,60.3,57.2,57.6,60.3,61.5,5.0,35.6,5000.0,5001,97
b1d968b9-563405f4,Statues-200,0.6935318760066281,0.5454641238324298,0.8909371402821751,0.39697346600331673,2656,2412,2065,347,591,122,81,39.9,0,81,0.0,39.9,0,0.0,0,0.0,122,60.1,8.94,35.656,63.039,104.668,545.2,28.864,249.62,12.567,108.45,11.347,97.98,58.7,59.8,56.8,57.5,59.8,58.9,5.1,32.2,4997.0,5004,69
b1d968b9-563405f4,Statues-500,0.5711614616370674,0.4203787508360044,0.8484205391277826,0.34970534311157675,2656,2300,1777,523,879,94,109,53.69,0,109,0.0,53.69,0,0.0,0,0.0,94,46.31,7.12,28.248,44.056,94.546,300.63,27.715,191.16,12.356,84.93,11.077,76.23,58.1,59.1,56.5,57.4,59.1,39.4,5.1,31.1,5004.0,5005,54
b1d968b9-ce42734f,Statues-25,0.8185041713783603,0.6508277653428136,0.976534980120049,0.45506826527005173,3559,3371,2965,406,594,173,30,14.78,0,30,0.0,14.78,0,0.0,0,0.0,173,85.22,12.03,49.784,57.251,104.704,669.42,30.61,359.41,12.839,150.46,11.676,136.9,58.5,59.3,56.6,57.5,59.3,54.1,5.0,35.2,5002.0,5003,92
b1d968b9-ce42734f,Statues-75,0.8154201158812773,0.6461182490784554,0.9764642566516316,0.4536979522070138,3559,3360,2954,406,605,161,42,20.69,0,42,0.0,20.69,0,0.0,0,0.0,161,79.31,12.02,49.288,60.108,103.71,707.39,29.131,343.27,12.523,147.18,11.383,133.89,58.0,59.2,56.1,56.6,59.2,54.5,4.9,32.5,4999.0,5007,90
b1d968b9-ce42734f,Statues-200,0.8137466025175911,0.642998749280189,0.9758208874569502,0.45386582454042596,3559,3365,2949,416,610,159,44,21.67,0,44,0.0,21.67,0,0.0,0,0.0,159,78.33,12.1,49.645,65.108,105.426,775.13,28.592,338.86,12.362,146.18,11.261,133.27,57.8,58.7,55.8,56.3,58.7,59.7,5.0,32.0,5000.0,5005,92
b1d968b9-ce42734f,Statues-500,0.8137466025175911,0.642998749280189,0.9758208874569502,0.45386582454042596,3559,3365,2949,416,610,159,44,21.67,0,44,0.0,21.67,0,0.0,0,0.0,159,78.33,11.54,47.591,49.865,100.958,564.35,29.607,335.75,12.568,142.12,11.43,129.35,57.6,58.9,55.9,56.9,58.9,46.7,5.0,33.4,5006.0,5010,87
b1d971b4-ac67ca0d,Statues-25,0.7942543291953984,0.6446271356175346,0.9903448021302533,0.42323986158605037,2503,2155,2003,152,500,199,0,0.0,0,0,0.0,0.0,0,0.0,0,0.0,199,100.0,13.67,57.801,58.818,107.198,786.72,30.815,415.28,12.801,172.35,11.653,156.96,57.8,58.8,56.0,56.9,58.8,53.2,4.9,35.3,5009.0,5010,106
b1d971b4-ac67ca0d,Statues-75,0.7942499263388123,0.6440670286690285,0.9903393115036274,0.423235226776592,2503,2155,2003,152,500,198,1,0.5,0,1,0.0,0.5,0,0.0,0,0.0,198,99.5,13.55,58.038,47.955,103.962,636.69,31.093,414.48,12.852,171.02,11.703,155.81,58.1,58.8,56.2,57.1,58.8,43.7,4.9,35.4,5010.0,5012,101
b1d971b4-ac67ca0d,Statues-200,0.7942499263388123,0.6440670286690285,0.9903393115036274,0.423235226776592,2503,2155,2003,152,500,198,1,0.5,0,1,0.0,0.5,0,0.0,0,0.0,198,99.5,13.7,58.339,57.555,103.084,770.3,30.74,413.48,12.827,172.26,11.646,156.47,58.1,59.2,56.2,57.0,59.2,53.5,5.0,35.3,5008.0,5008,102
b1d971b4-ac67ca0d,Statues-500,0.7942499263388123,0.6440670286690285,0.9903393115036274,0.423235226776592,2503,2155,2003,152,500,198,1,0.5,0,1,0.0,0.5,0,0.0,0,0.0,198,99.5,13.64,57.923,56.014,103.188,749.81,30.883,414.04,12.812,171.54,11.665,156.25,58.1,58.9,56.2,57.2,58.9,52.1,5.0,35.3,5010.0,5013,104
b1d9e136-6c94ea3f,Statues-25,0.7328047550201144,0.5886273443937865,0.9956056626896851,0.3776983709377675,2342,1782,1723,59,619,202,0,0.0,0,0,0.0,0.0,0,0.0,0,0.0,202,100.0,13.33,55.951,38.612,103.514,499.97,31.89,416.08,13.028,169.64,11.843,154.3,58.1,58.8,56.1,56.5,58.7,29.7,4.8,36.9,5007.0,5009,102
b1d9e136-6c94ea3f,Statues-75,0.7326786785182541,0.5876003364225725,0.9954215337463759,0.37779019327139846,2342,1783,1723,60,619,196,6,2.97,0,6,0.0,2.97,0,0.0,0,0.0,196,97.03,12.84,53.631,32.08,89.89,400.11,32.111,405.65,13.055,164.59,11.879,149.85,58.2,59.0,56.2,56.8,59.0,24.5,4.8,36.9,5009.0,5013,98
b1d9e136-6c94ea3f,Statues-200,0.7270467841349098,0.5738964581553316,0.9952016134309131,0.37571015821087783,2342,1774,1710,64,632,173,29,14.36,0,29,0.0,14.36,0,0.0,0,0.0,173,85.64,11.3,46.265,29.773,87.132,325.72,31.867,351.11,13.099,144.07,11.826,130.12,58.1,58.5,56.3,56.8,58.5,17.7,4.8,37.1,5013.0,5014,87
b1d9e136-6c94ea3f,Statues-500,0.6345502775824508,0.49296303937643915,0.9601720315230333,0.36161391107416,2342,1816,1532,284,810,148,54,26.73,0,54,0.0,26.73,0,0.0,0,0.0,148,73.27,9.83,39.853,26.301,29.52,252.05,31.962,308.19,13.057,125.44,11.858,114.02,58.1,58.5,56.3,56.7,58.5,11.9,4.9,36.9,5014.0,5015,76
b1d9e136-9ab25cb3,Statues-25,0.7329729258561417,0.5215711205697137,0.9646240771985757,0.40796356112990534,2942,2535,2224,311,718,194,8,3.96,0,8,0.0,3.96,0,0.0,0,0.0,194,96.04,12.58,52.366,28.601,91.166,353.64,32.235,399.01,13.093,161.76,11.895,147.03,58.1,58.7,56.2,56.7,58.7,17.9,4.8,37.4,5012.0,5015,97
b1d9e136-9ab25cb3,Statues-75,0.7335935590511711,0.5217321846717297,0.9649987625904843,0.40806479511180654,2942,2535,2225,310,717,193,9,4.46,0,9,0.0,4.46,0,0.0,0,0.0,193,95.54,12.49,51.887,26.73,56.804,326.11,32.294,396.06,13.114,160.54,11.9,145.76,58.1,58.8,56.3,56.7,58.8,15.1,4.7,37.3,5020.0,5020,96
b1d9e136-9ab25cb3,Statues-200,0.7325484702655534,0.5202528725744276,0.964484592584243,0.4075857260361731,2942,2534,2223,311,719,190,12,5.94,0,12,0.0,5.94,0,0.0,0,0.0,190,94.06,13.35,55.169,64.5,100.348,846.48,30.292,398.4,12.746,167.22,11.565,151.81,58.2,59.2,56.2,56.6,59.2,61.3,4.9,34.6,5021.0,5021,102
b1d9e136-9ab25cb3,Statues-500,0.7230313461572029,0.5138916694259273,0.958422570865833,0.40503902214466564,2942,2540,2207,333,735,182,20,9.9,0,20,0.0,9.9,0,0.0,0,0.0,182,90.1,12.86,52.985,66.466,106.792,842.08,30.062,379.82,12.734,160.52,11.525,145.38,58.0,59.2,56.0,56.6,59.2,65.0,5.0,34.2,5022.0,5023,98
b1dac7f7-6b2e0382,Statues-25,0.6907242198451916,0.515719560073896,0.971185057826287,0.3766701647456023,3637,2865,2578,287,1059,202,0,0.0,0,0,0.0,0.0,0,0.0,0,0.0,202,100.0,14.0,58.383,66.439,105.68,916.03,30.606,422.34,12.857,177.05,11.622,160.14,58.0,58.9,56.2,56.9,58.9,64.6,4.9,35.1,5024.0,5024,108
b1dac7f7-6b2e0382,Statues-75,0.6907242198451916,0.515719560073896,0.971185057826287,0.3766701647456023,3637,2865,2578,287,1059,202,0,0.0,0,0,0.0,0.0,0,0.0,0,0.0,202,100.0,13.42,56.06,49.722,100.74,652.19,31.585,415.16,12.971,170.21,11.785,154.73,57.9,59.4,56.0,57.0,59.4,45.1,4.9,36.4,5025.0,5025,104
b1dac7f7-6b2e0382,Statues-200,0.6907242198451916,0.515719560073896,0.971185057826287,0.3766701647456023,3637,2865,2578,287,1059,202,0,0.0,0,0,0.0,0.0,0,0.0,0,0.0,202,100.0,13.58,57.215,41.272,101.94,544.22,31.37,420.93,12.917,172.91,11.724,157.04,57.9,58.9,56.0,56.9,58.9,33.8,4.9,36.0,5026.0,5026,103
b1dac7f7-6b2e0382,Statues-500,0.6907242198451916,0.515719560073896,0.971185057826287,0.3766701647456023,3637,2865,2578,287,1059,202,0,0.0,0,0,0.0,0.0,0,0.0,0,0.0,202,100.0,13.82,58.028,50.045,105.376,680.02,30.806,420.02,12.812,174.3,11.645,158.51,57.8,58.8,56.0,57.1,58.8,47.4,5.0,35.6,5027.0,5027,104
b1db7e22-cfa74dc3,Statues-25,0.37317293735099455,0.28165585194259135,0.9810562452327385,0.19916048607252432,1420,583,539,44,881,190,13,6.4,0,13,0.0,6.4,0,0.0,0,0.0,190,93.6,11.92,51.176,69.95,103.02,819.5,33.045,385.48,13.341,155.24,12.115,141.09,58.2,59.9,56.3,57.3,59.8,67.4,4.8,38.0,5032.0,5033,88
b1db7e22-cfa74dc3,Statues-75,0.3684491437580838,0.27593506441755056,0.9897560337666065,0.19339946488969662,1420,558,528,30,892,185,18,8.87,0,18,0.0,8.87,0,0.0,0,0.0,185,91.13,11.5,49.195,75.102,101.782,841.31,33.556,377.24,13.49,151.46,12.218,137.23,58.7,59.8,56.8,57.7,59.8,73.9,4.8,39.5,5033.0,5033,87
b1db7e22-cfa74dc3,Statues-200,0.36517535757817177,0.27119841153493834,0.988473407757462,0.19162048100879644,1420,554,524,30,896,176,27,13.3,0,27,0.0,13.3,0,0.0,0,0.0,176,86.7,11.13,47.352,72.149,101.938,779.08,33.035,358.23,13.397,145.0,12.143,131.5,58.8,60.1,56.8,57.3,60.1,68.9,4.9,38.7,5030.0,5033,82
b1db7e22-cfa74dc3,Statues-500,0.35901011032157115,0.25287809328135114,0.983400286454422,0.18795336119279782,1420,546,518,28,902,160,43,21.18,0,43,0.0,21.18,0,0.0,0,0.0,160,78.82,10.23,43.335,62.227,105.756,622.21,32.54,324.35,13.285,132.07,12.069,120.05,58.7,59.8,56.9,57.8,59.8,59.3,4.9,38.6,5030.0,5031,76
b1dce572-c6a8cb5e,Statues-25,0.7199370664047009,0.5729000561514593,0.9881159327612271,0.3773962780424283,2542,1957,1850,107,692,184,18,8.91,0,18,0.0,8.91,0,0.0,0,0.0,184,91.09,12.46,50.977,57.739,103.052,708.65,31.013,379.59,12.924,158.01,11.729,143.46,58.5,59.5,56.8,57.5,59.5,52.1,5.0,36.4,5032.0,5032,95
b1dce572-c6a8cb5e,Statues-75,0.7036267491112675,0.5619897391097675,0.9873216640678175,0.37085029653431895,2542,1926,1809,117,733,179,23,11.39,0,23,0.0,11.39,0,0.0,0,0.0,179,88.61,12.15,49.651,50.39,101.14,601.04,30.959,368.76,12.887,153.33,11.679,139.03,58.2,59.1,56.4,57.2,59.1,43.6,4.9,35.6,5031.0,5032,93
b1dce572-c6a8cb5e,Statues-200,0.7051404075016187,0.5606864875788321,0.9867559385840531,0.37155691172354166,2542,1931,1814,117,728,169,33,16.34,0,33,0.0,16.34,0,0.0,0,0.0,169,83.66,11.6,47.04,47.923,101.27,539.89,30.496,345.24,12.78,144.44,11.594,131.09,58.0,58.8,56.3,57.1,58.8,42.3,5.0,35.2,5032.0,5033,88
b1dce572-c6a8cb5e,Statues-500,0.6948349594467441,0.5450131735421903,0.9773924613101773,0.3699741670530569,2542,1948,1804,144,738,158,44,21.78,0,44,0.0,21.78,0,0.0,0,0.0,158,78.22,11.04,44.597,56.613,103.194,610.42,29.987,323.61,12.693,136.59,11.506,123.93,57.9,58.9,56.2,57.5,58.9,54.7,5.0,34.6,5032.0,5033,83
b1dd58c1-8b546ba7,Statues-25,0.7672596886905554,0.6277895583408795,0.9950893453444611,0.39427781411865226,2456,1952,1893,59,563,197,0,0.0,0,0,0.0,0.0,0,0.0,0,0.0,197,100.0,13.21,56.345,50.189,100.83,647.97,31.205,403.14,12.904,166.51,11.741,151.56,57.9,58.8,56.2,56.9,58.8,45.7,4.9,36.4,5032.0,5032,99
b1dd58c1-8b546ba7,Statues-75,0.7672596886905554,0.6277895583408795,0.9950893453444611,0.39427781411865226,2456,1952,1893,59,563,197,0,0.0,0,0,0.0,0.0,0,0.0,0,0.0,197,100.0,12.95,55.29,45.054,98.788,567.87,31.851,403.45,13.008,164.52,11.853,149.98,58.1,59.2,56.3,57.2,59.2,39.9,4.9,37.2,5032.0,5032,99
b1dd58c1-8b546ba7,Statues-200,0.7672596886905554,0.6277895583408795,0.9950893453444611,0.39427781411865226,2456,1952,1893,59,563,197,0,0.0,0,0,0.0,0.0,0,0.0,0,0.0,197,100.0,12.96,55.31,36.749,99.846,464.57,31.719,404.66,13.036,166.06,11.821,150.65,58.1,58.9,56.4,57.1,58.9,35.4,5.0,37.2,5035.0,5036,99
b1dd58c1-8b546ba7,Statues-500,0.7668453112043956,0.6250686350217951,0.9950772355684578,0.3940654337456612,2456,1951,1892,59,564,193,4,2.03,0,4,0.0,2.03,0,0.0,0,0.0,193,97.97,13.01,55.183,66.903,99.6,851.36,31.387,398.6,12.965,164.51,11.815,149.95,58.4,59.3,56.5,57.1,59.3,64.1,5.0,36.2,5039.0,5044,100
b1df722f-57d21f3f,Statues-25,0.6794562984248382,0.5002531322671144,0.94966907175414,0.40033338700649446,1935,1685,1364,321,571,202,0,0.0,0,0,0.0,0.0,0,0.0,0,0.0,202,100.0,13.45,57.934,51.506,98.906,677.66,31.65,422.82,13.081,173.51,11.928,158.13,58.3,59.4,56.7,57.2,59.4,44.3,4.9,36.7,5039.0,5040,104
b1df722f-57d21f3f,Statues-75,0.6794562984248382,0.5002531322671144,0.94966907175414,0.40033338700649446,1935,1685,1364,321,571,202,0,0.0,0,0,0.0,0.0,0,0.0,0,0.0,202,100.0,12.83,54.915,48.83,97.976,622.19,32.78,411.13,13.289,166.51,12.032,150.82,58.3,59.1,56.6,57.1,59.1,52.1,4.9,38.4,5040.0,5040,98
b1df722f-57d21f3f,Statues-200,0.6793789291504981,0.4996854758056674,0.9489874770825741,0.4002029174751181,1935,1686,1365,321,570,201,1,0.5,0,1,0.0,0.5,0,0.0,0,0.0,201,99.5,12.73,54.384,42.93,94.224,535.11,32.681,407.27,13.258,164.95,12.015,149.55,58.3,59.7,56.7,57.5,59.7,48.4,4.9,38.8,5036.0,5041,99
b1df722f-57d21f3f,Statues-500,0.6793789291504981,0.4996854758056674,0.9489874770825741,0.4002029174751181,1935,1686,1365,321,570,201,1,0.5,0,1,0.0,0.5,0,0.0,0,0.0,201,99.5,12.9,55.303,69.358,109.44,874.39,32.612,412.26,13.254,167.28,12.057,152.25,58.7,59.9,56.9,57.6,59.9,69.3,4.8,38.2,5038.0,5038,96
b1df722f-5bcc3db7,Statues-25,0.6324337691435766,0.43648828746170903,0.9018025153674998,0.3897542071455115,1365,1242,938,304,427,202,0,0.0,0,0,0.0,0.0,0,0.0,0,0.0,202,100.0,12.89,54.957,68.814,101.368,871.99,32.773,415.23,13.278,167.98,12.059,152.63,58.7,59.7,56.7,56.9,59.7,67.8,4.9,38.4,5039.0,5039,101
b1df722f-5bcc3db7,Statues-75,0.6324337691435766,0.43648828746170903,0.9018025153674998,0.3897542071455115,1365,1242,938,304,427,202,0,0.0,0,0,0.0,0.0,0,0.0,0,0.0,202,100.0,12.92,55.124,70.838,107.248,899.53,32.636,415.98,13.298,169.24,12.057,153.5,58.7,59.9,56.7,57.1,59.6,69.8,4.8,38.5,5040.0,5040,101
b1df722f-5bcc3db7,Statues-200,0.6324337691435766,0.43648828746170903,0.9018025153674998,0.3897542071455115,1365,1242,938,304,427,202,0,0.0,0,0,0.0,0.0,0,0.0,0,0.0,202,100.0,12.83,54.692,51.536,101.332,645.16,32.705,413.11,13.265,167.27,12.048,152.0,58.5,59.8,56.6,57.1,59.8,45.0,4.9,38.8,5040.0,5040,100
b1df722f-5bcc3db7,Statues-500,0.6324337691435766,0.43648828746170903,0.9018025153674998,0.3897542071455115,1365,1242,938,304,427,202,0,0.0,0,0,0.0,0.0,0,0.0,0,0.0,202,100.0,12.84,54.762,71.686,106.534,899.28,32.94,414.9,13.299,167.23,12.114,152.4,58.8,59.7,56.8,57.7,59.7,72.6,4.9,38.6,5040.0,5040,99
b1e0c01d-dd9e6e2f,Statues-25,0.7274981938147743,0.514607224422335,0.9838244903854805,0.38699894514767935,2054,1632,1516,116,538,202,0,0.0,0,0,0.0,0.0,0,0.0,0,0.0,202,100.0,13.13,54.568,35.369,96.588,448.93,32.167,414.43,13.067,168.08,11.935,153.61,58.3,59.7,56.6,57.2,59.7,28.6,5.0,38.2,5041.0,5041,101
b1e0c01d-dd9e6e2f,Statues-75,0.7063695589679345,0.48776184594238814,0.9677453390926098,0.38370227424493364,2054,1655,1495,160,559,187,15,7.43,0,15,0.0,7.43,0,0.0,0,0.0,187,92.57,12.59,51.942,58.784,101.456,727.27,31.152,384.25,12.92,159.03,11.754,144.77,58.2,59.2,56.7,57.3,59.2,54.2,4.9,36.6,5044.0,5044,95
b1e0c01d-dd9e6e2f,Statues-200,0.6274086659601958,0.4323179005211686,0.9200814663282845,0.35672736656071397,2054,1649,1393,256,661,170,32,15.84,0,32,0.0,15.84,0,0.0,0,0.0,170,84.16,11.29,46.391,43.283,101.79,481.17,31.617,351.69,13.005,144.39,11.778,130.85,58.0,59.2,56.3,57.1,59.2,38.4,5.0,36.8,5018.0,5046,88
b1e0c01d-dd9e6e2f,Statues-500,0.620168457145917,0.42155567992228804,0.9260995861920883,0.35555887524815205,2054,1623,1368,255,686,164,38,18.81,0,38,0.0,18.81,0,0.0,0,0.0,164,81.19,11.06,45.207,33.121,89.904,354.87,31.129,337.07,12.872,139.05,11.684,126.3,57.8,58.6,56.2,57.3,58.6,28.7,5.0,36.2,4929.0,4930,84
b1e1a7b8-0aec80e8,Statues-25,0.6273688146511696,0.45143337196893246,0.9765702341804224,0.33189203568493464,1982,1358,1272,86,710,198,5,2.46,0,5,0.0,2.46,0,0.0,0,0.0,198,97.54,13.02,53.606,48.578,99.726,622.47,31.841,408.42,12.969,166.12,11.845,151.8,58.0,59.2,56.2,57.2,59.2,45.0,4.9,37.1,4930.0,4933,100
b1e1a7b8-0aec80e8,Statues-75,0.6206238305257048,0.4450204763245251,0.9727667145079983,0.3299440918190073,1982,1358,1263,95,719,173,30,14.78,0,30,0.0,14.78,0,0.0,0,0.0,173,85.22,11.63,47.397,50.682,101.704,572.14,31.306,358.25,12.928,147.72,11.719,133.97,58.0,58.9,56.1,56.8,58.9,47.1,4.9,36.5,4930.0,4934,91
b1e1a7b8-0aec80e8,Statues-200,0.6048621328451815,0.4271773118453878,0.9639285320118173,0.324042680420077,1982,1350,1242,108,740,156,47,23.15,0,47,0.0,23.15,0,0.0,0,0.0,156,76.85,10.47,42.444,40.026,98.996,402.93,31.21,319.26,12.948,132.18,11.683,119.34,57.7,58.5,56.0,57.1,58.5,32.7,4.9,36.5,4931.0,4937,81
b1e1a7b8-0aec80e8,Statues-500,0.6006890957011872,0.42367212383700154,0.9617447876291937,0.3227977725455021,1982,1350,1236,114,746,150,53,26.11,0,53,0.0,26.11,0,0.0,0,0.0,150,73.89,10.16,41.139,43.456,103.056,426.43,31.007,309.31,12.904,128.41,11.65,116.02,57.6,59.0,56.0,57.1,58.6,37.6,5.0,36.2,4934.0,4934,78
b1e1a7b8-65ec7612,Statues-25,0.6690891619274466,0.49691811840359074,0.9784268735084082,0.35924560011203954,1860,1382,1269,113,591,202,0,0.0,0,0,0.0,0.0,0,0.0,0,0.0,202,100.0,12.99,54.36,31.863,90.014,404.24,32.26,410.01,13.083,166.03,11.888,150.94,57.6,58.3,55.9,56.8,58.3,28.0,4.9,38.0,4933.0,4937,100
b1e1a7b8-65ec7612,Statues-75,0.6690891619274466,0.49691811840359074,0.9784268735084082,0.35924560011203954,1860,1382,1269,113,591,202,0,0.0,0,0,0.0,0.0,0,0.0,0,0.0,202,100.0,13.04,54.515,36.422,97.21,463.74,32.179,412.76,13.048,167.12,11.885,152.28,57.7,58.8,56.0,56.9,58.8,34.6,4.9,38.1,4926.0,4927,101
b1e1a7b8-65ec7612,Statues-200,0.6669801749874983,0.49605999597742423,0.9769381741399611,0.35854803671953467,1860,1381,1267,114,593,200,2,0.99,0,2,0.0,0.99,0,0.0,0,0.0,200,99.01,13.17,54.921,65.453,100.684,843.48,31.624,408.98,13.044,168.43,11.827,152.77,57.9,59.3,56.3,57.1,59.3,64.4,4.9,37.1,4927.0,4928,99
b1e1a7b8-65ec7612,Statues-500,0.6669872891015566,0.4954237512273945,0.976949154227569,0.35856127319302666,1860,1381,1267,114,593,199,3,1.49,0,3,0.0,1.49,0,0.0,0,0.0,199,98.51,13.36,55.916,59.927,104.35,782.81,31.446,410.96,12.937,168.84,11.779,153.79,57.9,59.0,55.9,56.3,59.0,55.9,4.9,36.5,4937.0,4942,100
b1e1a7b8-a7426a97,Statues-25,0.6402815093340846,0.5074981415123055,0.9942094044741022,0.33117328684467057,1838,1229,1183,46,655,203,0,0.0,0,0,0.0,0.0,0,0.0,0,0.0,203,100.0,12.73,54.193,54.697,102.68,686.28,32.824,410.91,13.255,165.73,12.029,150.44,57.9,59.0,56.0,56.6,59.0,57.8,4.9,38.8,4942.0,4943,99
b1e1a7b8-a7426a97,Statues-75,0.6402815093340846,0.5074981415123055,0.9942094044741022,0.33117328684467057,1838,1229,1183,46,655,203,0,0.0,0,0,0.0,0.0,0,0.0,0,0.0,203,100.0,12.72,54.147,42.089,99.644,524.57,32.78,410.68,13.178,164.89,12.0,150.21,57.9,59.1,56.1,56.7,59.1,48.3,4.8,39.2,4937.0,4937,100
b1e1a7b8-a7426a97,Statues-200,0.6402815093340846,0.5074981415123055,0.9942094044741022,0.33117328684467057,1838,1229,1183,46,655,203,0,0.0,0,0,0.0,0.0,0,0.0,0,0.0,203,100.0,13.23,56.345,61.192,103.084,794.79,32.153,416.12,13.104,169.39,11.92,154.14,58.2,59.2,56.2,56.5,59.2,58.4,4.9,37.8,4935.0,4935,98
b1e1a7b8-a7426a97,Statues-500,0.6402815093340846,0.5074981415123055,0.9942094044741022,0.33117328684467057,1838,1229,1183,46,655,203,0,0.0,0,0,0.0,0.0,0,0.0,0,0.0,203,100.0,12.88,54.728,80.612,103.2,1016.17,33.527,421.57,13.299,167.09,12.157,152.78,58.7,59.8,56.3,56.7,59.8,81.0,4.8,38.6,4935.0,4935,100
b1e1a7b8-b397c445,Statues-25,0.5581981829908638,0.43610105228388596,0.9825025001341663,0.29810754165168885,1561,957,885,72,676,202,0,0.0,0,0,0.0,0.0,0,0.0,0,0.0,202,100.0,12.91,55.014,73.038,102.842,921.88,32.986,417.35,13.324,168.34,12.077,152.64,58.5,59.6,56.3,56.7,59.4,72.8,4.9,38.3,4930.0,4930,100
b1e1a7b8-b397c445,Statues-75,0.5581981829908638,0.43610105228388596,0.9825025001341663,0.29810754165168885,1561,957,885,72,676,202,0,0.0,0,0,0.0,0.0,0,0.0,0,0.0,202,100.0,12.9,54.971,40.503,102.776,511.99,32.92,415.16,13.251,166.89,12.025,151.49,58.2,59.3,56.2,56.7,59.4,34.4,4.9,38.3,4925.0,4926,99
b1e1a7b8-b397c445,Statues-200,0.5581981829908638,0.43610105228388596,0.9825025001341663,0.29810754165168885,1561,957,885,72,676,202,0,0.0,0,0,0.0,0.0,0,0.0,0,0.0,202,100.0,12.92,55.037,55.903,99.778,709.74,32.948,416.57,13.299,167.87,12.068,152.4,58.4,59.3,56.3,56.7,59.5,51.8,4.9,38.3,4926.0,4926,99
b1e1a7b8-b397c445,Statues-500,0.5581981829908638,0.43610105228388596,0.9825025001341663,0.29810754165168885,1561,957,885,72,676,202,0,0.0,0,0,0.0,0.0,0,0.0,0,0.0,202,100.0,12.82,54.533,71.057,104.092,891.7,33.215,416.24,13.316,166.63,12.103,151.51,58.6,59.3,56.3,56.6,59.3,69.7,4.9,38.6,4928.0,4930,100
b1e2346e-c5f98707,Statues-25,0.39156619287281313,0.32049662567904036,0.9963672543847472,0.1991777740906661,369,147,145,2,224,140,0,0.0,0,0,0.0,0.0,0,0.0,0,0.0,140,100.0,8.46,53.193,74.001,99.678,608.17,34.082,281.86,13.621,112.41,12.305,101.61,58.6,59.6,56.6,57.3,59.6,71.5,4.8,39.5,4929.0,4929,62
b1e2346e-c5f98707,Statues-75,0.39156619287281313,0.32049662567904036,0.9963672543847472,0.1991777740906661,369,147,145,2,224,140,0,0.0,0,0,0.0,0.0,0,0.0,0,0.0,140,100.0,8.49,53.209,70.096,102.682,572.61,34.205,281.04,13.662,112.07,12.343,101.3,58.8,59.7,56.7,56.9,59.7,68.1,4.8,40.5,4927.0,4929,63
b1e2346e-c5f98707,Statues-200,0.3766014795283088,0.3079548774099071,0.9782555983867194,0.19503039624990845,369,148,142,6,227,138,2,1.43,0,2,0.0,1.43,0,0.0,0,0.0,138,98.57,8.38,52.478,71.429,104.85,583.1,34.174,278.99,13.636,111.12,12.339,100.62,58.9,59.8,56.8,57.2,59.8,68.2,4.8,40.5,4926.0,4927,63
b1e2346e-c5f98707,Statues-500,0.364449548355548,0.29814342285856466,0.9960458087156365,0.18560718453899866,369,137,135,2,234,134,6,4.29,0,6,0.0,4.29,0,0.0,0,0.0,134,95.71,8.16,50.971,72.326,107.494,570.63,33.962,268.61,13.561,107.13,12.295,97.17,58.9,60.2,56.8,57.1,60.2,69.2,4.8,40.4,4921.0,4922,64
b1e3e9f5-92377424,Statues-25,0.8449254338646854,0.68104358553494,0.9890793472530965,0.447022163565669,3358,3057,2864,193,494,201,2,0.99,0,2,0.0,0.99,0,0.0,0,0.0,201,99.01,14.31,59.035,69.013,104.414,971.39,30.261,423.9,12.726,178.04,11.55,161.65,58.4,59.3,56.4,56.8,59.3,64.7,4.9,35.6,4922.0,4926,107
b1e3e9f5-92377424,Statues-75,0.827515406831139,0.6619454605579131,0.9809984532283382,0.4422449421842926,3358,3059,2827,232,531,171,32,15.76,0,32,0.0,15.76,0,0.0,0,0.0,171,84.24,13.07,52.961,60.998,106.174,781.79,28.224,364.24,12.306,158.47,11.13,143.41,57.4,58.2,55.6,55.9,58.2,54.9,5.0,32.0,4924.0,4927,99
b1e3e9f5-92377424,Statues-200,0.7804994916789212,0.6113111508984318,0.9620211520276327,0.43754884155232693,3358,3121,2708,413,650,126,77,37.93,0,77,0.0,37.93,0,0.0,0,0.0,126,62.07,10.0,39.79,62.075,99.468,603.59,27.423,270.0,12.21,119.69,10.995,107.91,56.9,58.1,55.2,56.0,58.1,55.9,5.1,31.0,4930.0,4936,75
b1e3e9f5-92377424,Statues-500,0.7250608365109452,0.5831621237047083,0.9363758529596915,0.4036237738855792,3358,2984,2590,394,768,115,88,43.35,0,88,0.0,43.35,0,0.0,0,0.0,115,56.65,9.03,35.61,63.149,97.012,553.68,28.231,248.65,12.286,107.72,11.111,97.54,56.6,57.5,54.8,55.9,57.5,58.6,5.2,31.5,4930.0,4931,69
b1e62c91-eca210a9,Statues-25,0.5872728734978376,0.4581338504751411,0.987570537743023,0.3091541248704926,1571,991,933,58,638,181,0,0.0,0,0,0.0,0.0,0,0.0,0,0.0,181,100.0,11.42,54.823,58.705,105.866,652.91,33.082,370.29,13.257,148.03,12.012,134.21,57.1,59.2,55.0,55.7,59.2,54.4,4.8,37.3,4934.0,4934,89
b1e62c91-eca210a9,Statues-75,0.5872728734978376,0.4581338504751411,0.987570537743023,0.3091541248704926,1571,991,933,58,638,181,0,0.0,0,0,0.0,0.0,0,0.0,0,0.0,181,100.0,11.33,54.404,54.954,99.716,606.39,33.211,368.86,13.312,147.59,12.068,133.88,57.7,58.9,55.6,56.2,58.9,52.1,4.8,38.9,4935.0,4935,87
b1e62c91-eca210a9,Statues-200,0.5872728734978376,0.4581338504751411,0.987570537743023,0.3091541248704926,1571,991,933,58,638,181,0,0.0,0,0,0.0,0.0,0,0.0,0,0.0,181,100.0,11.47,55.142,54.299,102.866,605.58,33.098,372.0,13.296,149.23,12.049,135.28,58.0,59.5,55.8,56.4,59.5,49.8,4.9,38.5,4928.0,4928,88
b1e62c91-eca210a9,Statues-500,0.5872728734978376,0.4581338504751411,0.987570537743023,0.3091541248704926,1571,991,933,58,638,180,1,0.55,0,1,0.0,0.55,0,0.0,0,0.0,180,99.45,11.45,55.02,37.382,101.288,415.45,32.717,365.8,13.197,147.4,11.994,134.01,57.8,59.4,55.8,56.4,59.4,30.5,4.8,38.4,4928.0,4932,88
b1e6efc0-2552cc5d,Statues-25,0.593379881216237,0.4549444598345619,0.975531192564517,0.32269437140760665,884,592,536,56,348,203,0,0.0,0,0,0.0,0.0,0,0.0,0,0.0,203,100.0,12.93,54.713,64.144,96.964,814.26,32.797,416.63,13.277,168.44,12.03,152.67,58.1,59.3,56.1,56.5,59.3,61.2,4.9,38.6,4929.0,4929,98
b1e6efc0-2552cc5d,Statues-75,0.5820651135745506,0.446998123974529,0.9736196695088034,0.32150009172067995,884,592,526,66,358,188,15,7.39,0,15,0.0,7.39,0,0.0,0,0.0,188,92.61,11.99,50.433,74.085,103.446,873.79,33.4,391.85,13.316,156.0,12.123,142.04,58.5,59.4,56.2,56.6,59.4,72.8,4.9,38.8,4929.0,4931,93
b1e6efc0-2552cc5d,Statues-200,0.5750368802358625,0.4399431086921878,0.9582895865466056,0.3266320344418574,884,618,526,92,358,180,23,11.33,0,23,0.0,11.33,0,0.0,0,0.0,180,88.67,12.05,50.677,72.106,102.95,852.5,32.05,377.09,13.151,154.5,11.895,139.76,58.3,59.0,56.1,56.5,59.0,71.3,4.9,37.1,4931.0,4935,92
b1e6efc0-2552cc5d,Statues-500,0.5957506681086678,0.4472581532185143,0.9657764656833848,0.332406132278255,884,621,542,79,342,173,30,14.78,0,30,0.0,14.78,0,0.0,0,0.0,173,85.22,11.14,46.593,54.065,101.95,592.6,33.175,361.78,13.251,144.22,12.062,131.33,58.2,58.9,56.1,56.5,59.2,52.5,4.9,38.6,4933.0,4933,86
b1e88fd2-c1e4fd2b,Statues-25,0.5403857300763124,0.38168679138247363,0.9947447099285791,0.2762384100399869,1241,691,674,17,567,192,1,0.52,0,1,0.0,0.52,0,0.0,0,0.0,192,99.48,11.92,53.683,74.822,102.914,867.94,33.652,392.39,13.461,156.69,12.201,142.08,58.5,59.6,56.3,56.7,59.6,74.1,4.8,39.1,4934.0,4939,91
b1e88fd2-c1e4fd2b,Statues-75,0.5395778742828982,0.3809840001691887,0.9947326195815893,0.2758317859603639,1241,690,673,17,568,190,3,1.55,0,3,0.0,1.55,0,0.0,0,0.0,190,98.45,11.88,53.496,51.565,102.234,598.34,33.435,390.45,13.413,156.35,12.136,141.52,58.4,59.4,56.4,56.7,59.4,45.5,4.8,39.5,4940.0,4940,91
b1e88fd2-c1e4fd2b,Statues-200,0.5341584220380405,0.36986879367051695,0.991884648448972,0.2752313768963124,1241,692,668,24,573,184,9,4.66,0,9,0.0,4.66,0,0.0,0,0.0,184,95.34,11.57,51.976,58.94,105.098,669.93,33.273,379.26,13.444,153.0,12.131,138.09,58.5,60.1,56.4,56.8,60.1,55.0,4.8,39.2,4937.0,4938,88
b1e88fd2-c1e4fd2b,Statues-500,0.5072481112599331,0.3532322461107285,0.9781785379316629,0.2648942977674551,1241,680,643,37,598,177,16,8.29,0,16,0.0,8.29,0,0.0,0,0.0,177,91.71,11.18,50.102,63.774,105.714,692.62,33.146,360.68,13.45,146.03,12.117,131.62,58.5,59.3,56.4,56.9,59.3,61.0,4.9,39.1,4939.0,4940,84
b1e8ad72-c3c79240,Statues-25,0.6876885870430454,0.5845951492003405,0.9987564846537869,0.34953587378749357,979,685,674,11,305,202,1,0.49,0,1,0.0,0.49,0,0.0,0,0.0,202,99.51,13.03,55.528,66.493,104.402,845.99,32.642,415.63,13.235,168.32,12.044,153.22,58.4,59.2,56.3,56.8,59.2,64.7,4.9,38.1,4938.0,4940,97
b1e8ad72-c3c79240,Statues-75,0.6876885870430454,0.5845951492003405,0.9987564846537869,0.34953587378749357,979,685,674,11,305,202,1,0.49,0,1,0.0,0.49,0,0.0,0,0.0,202,99.51,12.74,54.245,57.494,103.44,723.31,33.143,414.73,13.33,166.64,12.118,151.52,58.4,59.6,56.4,56.8,59.6,52.8,4.8,39.0,4940.0,4942,98
b1e8ad72-c3c79240,Statues-200,0.6876885870430454,0.5845951492003405,0.9987564846537869,0.34953587378749357,979,685,674,11,305,202,1,0.49,0,1,0.0,0.49,0,0.0,0,0.0,202,99.51,12.67,53.88,58.801,104.64,731.1,33.151,411.05,13.354,165.36,12.145,150.45,58.5,59.4,56.5,56.8,59.4,51.1,4.8,39.2,4938.0,4938,98
b1e8ad72-c3c79240,Statues-500,0.6678776840630111,0.5585903954627376,0.9843798775337791,0.3455710292406824,979,691,664,27,315,190,13,6.4,0,13,0.0,6.4,0,0.0,0,0.0,190,93.6,12.08,51.065,56.78,103.326,675.09,33.049,389.84,13.313,156.87,12.108,142.7,58.6,59.4,56.6,56.9,59.4,53.6,4.9,38.6,4941.0,4942,94
b1e9ee0e-67e26f2e,Statues-25,0.5845823365411391,0.3737804960657093,0.918753228361553,0.3519844633684663,4556,3654,2850,804,1706,118,85,41.87,0,85,0.0,41.87,0,0.0,0,0.0,118,58.13,8.96,35.291,64.023,101.158,550.63,28.54,247.58,12.475,107.92,11.194,96.91,58.0,59.0,56.2,56.9,59.0,59.4,5.1,33.2,4946.0,4954,69
b1e9ee0e-67e26f2e,Statues-75,0.5723677811053287,0.35359525760773713,0.8923225108003001,0.34866230006771665,4556,3769,2873,896,1683,28,175,86.21,0,175,0.0,86.21,0,0.0,0,0.0,28,13.79,3.23,10.72,46.427,87.652,138.25,20.96,62.25,10.997,32.17,9.665,28.37,56.2,57.2,55.0,55.5,57.2,36.2,5.7,21.6,4953.0,4953,24
b1e9ee0e-67e26f2e,Statues-200,0.48509939914315137,0.3106413828992177,0.8881749619853289,0.30287523656817034,4556,3316,2428,888,2128,20,183,90.15,0,183,0.0,90.15,0,0.0,0,0.0,20,9.85,2.67,8.476,48.143,86.666,118.53,18.575,45.94,10.728,26.0,9.167,22.32,55.1,56.4,54.2,54.8,56.4,39.1,5.9,19.6,4952.0,4954,20
b1e9ee0e-67e26f2e,Statues-500,0.4846654883201652,0.31019853281632187,0.8884326571953104,0.30262788519041617,4556,3312,2425,887,2131,19,184,90.64,0,184,0.0,90.64,0,0.0,0,0.0,19,9.36,2.61,8.203,47.685,89.23,110.73,18.347,43.06,10.648,24.53,9.087,21.03,54.4,55.7,53.5,53.9,55.7,38.4,5.7,18.3,4951.0,4954,19
b1ea0ae4-4f770228,Statues-25,0.8660044885998528,0.7393722972132918,0.9967764913012088,0.44303490747833946,1598,1423,1388,35,210,200,0,0.0,0,0,0.0,0.0,0,0.0,0,0.0,200,100.0,12.98,55.804,60.701,101.014,772.42,32.429,414.03,13.06,166.38,11.89,151.59,56.3,57.2,54.1,55.0,57.2,59.0,4.9,36.5,4954.0,4954,100
b1ea0ae4-4f770228,Statues-75,0.8660044885998528,0.7393722972132918,0.9967764913012088,0.44303490747833946,1598,1423,1388,35,210,200,0,0.0,0,0,0.0,0.0,0,0.0,0,0.0,200,100.0,12.87,55.182,57.589,102.928,724.02,32.753,411.69,13.137,164.95,11.954,150.14,57.2,58.1,55.0,55.5,58.1,52.8,5.0,38.1,4954.0,4954,98
b1ea0ae4-4f770228,Statues-200,0.8660044885998528,0.7393722972132918,0.9967764913012088,0.44303490747833946,1598,1423,1388,35,210,200,0,0.0,0,0,0.0,0.0,0,0.0,0,0.0,200,100.0,13.03,55.985,67.851,103.924,869.07,32.263,414.2,13.134,168.38,11.893,152.54,57.5,58.4,55.4,55.9,58.4,65.9,5.0,37.7,4947.0,4947,100
b1ea0ae4-4f770228,Statues-500,0.8660044885998528,0.7393722972132918,0.9967764913012088,0.44303490747833946,1598,1423,1388,35,210,200,0,0.0,0,0,0.0,0.0,0,0.0,0,0.0,200,100.0,12.89,55.309,62.029,101.942,785.59,32.761,415.12,13.202,167.04,11.97,151.52,57.7,58.8,55.6,56.0,58.8,62.0,4.9,37.9,4948.0,4948,100
b1eb9133-5cc75c18,Statues-25,0.4069920044766427,0.27168574264842404,0.9617825742154575,0.22278817552449393,567,268,239,29,328,121,0,0.0,0,0,0.0,0.0,0,0.0,0,0.0,121,100.0,7.6,54.241,68.815,102.444,504.38,32.605,238.52,13.233,96.6,11.982,87.5,57.6,58.3,55.6,56.1,58.3,69.4,4.9,37.6,4948.0,4948,58
b1eb9133-5cc75c18,Statues-75,0.4069920044766427,0.27168574264842404,0.9617825742154575,0.22278817552449393,567,268,239,29,328,121,0,0.0,0,0,0.0,0.0,0,0.0,0,0.0,121,100.0,7.53,53.805,68.211,105.754,492.2,33.248,240.77,13.353,96.46,12.086,87.36,57.9,58.8,55.8,56.2,58.8,67.9,4.8,39.2,4948.0,4948,56
b1eb9133-5cc75c18,Statues-200,0.4069920044766427,0.27168574264842404,0.9617825742154575,0.22278817552449393,567,268,239,29,328,121,0,0.0,0,0,0.0,0.0,0,0.0,0,0.0,121,100.0,7.55,53.981,66.284,100.9,481.51,33.198,241.17,13.38,96.96,12.144,88.07,58.0,58.9,55.9,56.3,58.9,65.0,4.9,39.3,4947.0,4948,55
b1eb9133-5cc75c18,Statues-500,0.4069920044766427,0.27168574264842404,0.9617825742154575,0.22278817552449393,567,268,239,29,328,121,0,0.0,0,0,0.0,0.0,0,0.0,0,0.0,121,100.0,7.54,53.827,68.288,100.186,500.22,33.274,244.9,13.451,98.86,12.152,89.34,58.1,59.4,56.0,56.4,59.4,66.4,4.7,39.1,4946.0,4946,57
b1ebfc3c-740ec84a,Statues-25,0.5711490538792232,0.4175732120889772,0.9972060739861568,0.2916635802795738,2272,1331,1301,30,971,202,1,0.49,0,1,0.0,0.49,0,0.0,0,0.0,202,99.51,13.06,55.175,51.388,105.854,660.19,32.625,420.95,13.263,170.94,11.974,154.36,58.0,59.0,56.1,56.5,58.8,45.7,4.9,38.7,4946.0,4948,101
b1ebfc3c-740ec84a,Statues-75,0.5698089077892338,0.4166333277523228,0.9971650775916446,0.2909857961776684,2272,1328,1298,30,974,200,3,1.48,0,3,0.0,1.48,0,0.0,0,0.0,200,98.52,13.05,55.128,67.269,107.054,860.9,32.322,415.05,13.186,169.14,11.97,153.58,58.0,59.0,56.2,56.6,59.0,63.4,4.9,37.8,4950.0,4952,100
b1ebfc3c-740ec84a,Statues-200,0.5628224211895501,0.4116722397715125,0.9972244921192138,0.2875116073728959,2272,1312,1282,30,990,188,15,7.39,0,15,0.0,7.39,0,0.0,0,0.0,188,92.61,12.24,51.548,73.604,107.554,882.09,32.277,389.2,13.202,158.9,11.929,143.64,58.1,59.0,56.1,56.7,59.0,72.5,4.9,37.5,4952.0,4952,95
b1ebfc3c-740ec84a,Statues-500,0.5575358504182517,0.40557577037363773,0.9971878351164752,0.28486761917659803,2272,1300,1270,30,1002,184,19,9.36,0,19,0.0,9.36,0,0.0,0,0.0,184,90.64,12.07,50.788,66.914,103.304,786.95,32.105,380.09,13.138,155.17,11.862,140.2,57.9,58.9,56.1,56.6,58.9,66.0,4.9,37.3,4951.0,4951,93
b1ebfc3c-cc9c2bb8,Statues-25,0.6013516104442017,0.4471801087549513,0.9864341776501812,0.3151915915244993,1849,1191,1126,65,723,202,0,0.0,0,0,0.0,0.0,0,0.0,0,0.0,202,100.0,12.93,54.999,53.253,108.54,671.97,32.717,415.08,13.192,167.11,11.976,151.77,57.9,59.4,56.2,56.8,59.4,47.3,5.0,38.0,4951.0,4951,99
b1ebfc3c-cc9c2bb8,Statues-75,0.6013516104442017,0.4471801087549513,0.9864341776501812,0.3151915915244993,1849,1191,1126,65,723,202,0,0.0,0,0,0.0,0.0,0,0.0,0,0.0,202,100.0,13.04,55.471,65.614,100.876,840.55,32.727,419.55,13.224,169.27,12.001,153.69,58.1,58.9,56.1,56.7,58.9,64.0,4.8,37.8,4951.0,4951,101
b1ebfc3c-cc9c2bb8,Statues-200,0.6003082955321996,0.4459750530096912,0.9864695383009437,0.31467785873845383,1849,1189,1124,65,725,198,4,1.98,0,4,0.0,1.98,0,0.0,0,0.0,198,98.02,12.68,53.785,63.289,99.008,790.73,32.869,410.9,13.245,165.28,12.014,149.97,58.1,59.0,56.2,56.8,59.0,61.4,4.9,38.2,4951.0,4952,98
b1ebfc3c-cc9c2bb8,Statues-500,0.5988383276249427,0.443799997728436,0.9858273315387955,0.31385894513439494,1849,1187,1122,65,727,194,8,3.96,0,8,0.0,3.96,0,0.0,0,0.0,194,96.04,12.48,52.786,57.714,106.744,707.63,32.583,400.52,13.213,162.14,11.959,146.81,58.0,59.0,56.3,56.9,59.0,54.0,4.9,38.1,4952.0,4953,98
b1ee702d-0ae1fc10,Statues-25,0.4843147385430291,0.3484391295120635,0.9711869671074773,0.26309647495361776,1400,770,696,74,704,203,0,0.0,0,0,0.0,0.0,0,0.0,0,0.0,203,100.0,12.77,53.932,56.138,100.79,699.93,32.96,411.92,13.187,164.53,12.03,150.17,58.0,59.1,56.2,57.0,59.1,57.4,4.9,38.7,4953.0,4953,99
b1ee702d-0ae1fc10,Statues-75,0.4843147385430291,0.3484391295120635,0.9711869671074773,0.26309647495361776,1400,770,696,74,704,203,0,0.0,0,0,0.0,0.0,0,0.0,0,0.0,203,100.0,12.83,54.308,65.752,99.972,831.54,33.112,417.33,13.291,167.24,12.083,152.12,58.3,59.4,56.3,56.9,59.4,66.3,4.8,39.0,4946.0,4954,99
b1ee702d-0ae1fc10,Statues-200,0.4428850057936346,0.3190007320653849,0.93826242491359,0.2509387755102041,1400,770,657,113,743,191,12,5.91,0,12,0.0,5.91,0,0.0,0,0.0,191,94.09,12.4,52.185,46.353,102.694,560.74,32.179,389.81,13.16,159.16,11.891,143.86,58.0,59.3,56.1,56.5,59.3,39.9,4.9,37.9,4946.0,4947,92
b1ee702d-0ae1fc10,Statues-500,0.3563396859605119,0.26152729355876336,0.8790269996122949,0.22396206831477636,1400,757,555,202,845,169,34,16.75,0,34,0.0,16.75,0,0.0,0,0.0,169,83.25,11.09,46.353,59.513,102.642,642.81,31.806,344.47,13.151,142.22,11.879,128.51,58.0,59.0,56.1,56.5,59.0,55.9,4.9,37.4,4946.0,4947,82
b1ee702d-4a193906,Statues-25,0.2364115213965331,0.17717661937165247,0.9816830304267778,0.12533259783243558,1622,418,390,28,1232,203,0,0.0,0,0,0.0,0.0,0,0.0,0,0.0,203,100.0,12.44,54.033,69.62,106.872,852.28,33.914,415.01,13.541,165.48,12.314,150.56,58.4,60.0,56.2,56.7,60.0,68.1,4.7,39.9,4947.0,4947,93
b1ee702d-4a193906,Statues-75,0.2364115213965331,0.17717661937165247,0.9816830304267778,0.12533259783243558,1622,418,390,28,1232,203,0,0.0,0,0,0.0,0.0,0,0.0,0,0.0,203,100.0,12.31,53.393,69.308,106.37,836.37,34.3,414.47,13.603,164.18,12.378,149.43,58.6,59.5,56.5,56.9,59.5,66.2,4.8,40.7,4947.0,4947,93
b1ee702d-4a193906,Statues-200,0.21682525128887495,0.15160387412568382,0.9307588232898236,0.1208557164167522,1622,429,377,52,1245,193,10,4.93,0,10,0.0,4.93,0,0.0,0,0.0,193,95.07,11.84,51.175,70.672,99.808,816.61,33.891,393.14,13.539,156.9,12.285,142.41,58.7,60.1,56.6,57.0,60.1,67.2,4.8,40.1,4945.0,4947,91
b1ee702d-4a193906,Statues-500,0.19248573473474573,0.12816941706145552,0.9005922348421153,0.1079316664039878,1622,399,346,53,1276,176,27,13.3,0,27,0.0,13.3,0,0.0,0,0.0,176,86.7,10.9,46.813,67.195,101.458,714.12,33.513,356.45,13.491,143.22,12.198,129.56,58.7,59.8,56.6,57.0,59.8,64.0,4.8,39.5,4945.0,4946,84
b1f022d3-45162c67,Statues-25,0.6275312283253864,0.4994404772967539,0.9954796277037978,0.3247469086437937,1373,898,865,33,508,140,62,30.69,0,62,0.0,30.69,0,0.0,0,0.0,140,69.31,9.54,38.827,72.646,102.088,674.8,31.22,292.44,13.041,121.82,11.743,109.77,58.4,59.4,56.6,57.0,59.4,67.8,5.0,36.8,4946.0,4947,74
b1f022d3-45162c67,Statues-75,0.5966724830059275,0.47603378245326666,0.9877395314796046,0.3093759272746891,1373,864,829,35,544,127,75,37.13,0,75,0.0,37.13,0,0.0,0,0.0,127,62.87,8.95,36.243,55.639,97.826,489.99,30.757,271.65,12.798,112.41,11.609,102.11,58.0,59.2,56.2,56.8,59.2,51.1,5.0,35.2,4947.0,4948,68
b1f022d3-45162c67,Statues-200,0.5940835994397226,0.4643210034037171,0.9823099276921997,0.3282635243740111,1373,928,826,102,547,121,81,40.1,0,81,0.0,40.1,0,0.0,0,0.0,121,59.9,8.68,34.972,45.49,98.172,387.58,30.055,256.7,12.696,107.87,11.477,97.62,57.5,59.0,55.9,56.5,59.0,38.6,5.1,34.6,4947.0,4948,65
b1f022d3-45162c67,Statues-500,0.5889350581120971,0.4579484144862415,0.9695376737379424,0.32698470502549165,1373,940,830,110,543,117,85,42.08,0,85,0.0,42.08,0,0.0,0,0.0,117,57.92,8.27,33.229,69.958,99.746,560.72,30.608,244.96,12.817,102.18,11.605,92.6,57.6,58.5,55.8,56.7,58.5,65.4,5.1,35.1,4949.0,4949,63
b1f0efd9-37a14dda,Statues-25,0.7435317212906859,0.5910044803818879,0.9884164070781336,0.39832698648740317,1667,1353,1251,102,416,190,13,6.4,0,13,0.0,6.4,0,0.0,0,0.0,190,93.6,12.77,53.34,73.069,99.782,922.53,31.62,397.66,13.036,163.66,11.812,148.35,57.8,58.7,55.8,56.2,58.7,71.3,4.9,36.5,4949.0,4950,96
b1f0efd9-37a14dda,Statues-75,0.7378919771497725,0.5848562427233401,0.9859694972057268,0.39777350351595125,1667,1357,1244,113,423,180,23,11.33,0,23,0.0,11.33,0,0.0,0,0.0,180,88.67,12.18,50.639,59.159,103.506,707.79,31.357,375.91,12.94,154.82,11.731,140.42,57.7,58.7,55.9,56.3,58.7,55.0,5.0,36.4,4949.0,4952,91
b1f0efd9-37a14dda,Statues-200,0.7176152580307571,0.5725435937446207,0.9862705952334717,0.3843885685105541,1667,1311,1210,101,457,160,43,21.18,0,43,0.0,21.18,0,0.0,0,0.0,160,78.82,11.0,45.374,68.5,101.394,742.72,31.023,336.33,12.925,139.78,11.688,126.49,57.7,58.5,55.8,56.3,58.5,63.1,4.9,36.2,4952.0,4952,82
b1f0efd9-37a14dda,Statues-500,0.6456077024023696,0.5217238662178341,0.9534139310599224,0.3632027993789153,1667,1307,1121,186,546,142,61,30.05,0,61,0.0,30.05,0,0.0,0,0.0,142,69.95,9.78,40.214,57.088,105.842,545.28,31.28,301.07,12.939,123.96,11.707,112.29,57.6,58.4,55.7,56.4,58.4,53.5,5.1,35.9,4952.0,4952,73
b1f0efd9-e900c6e5,Statues-25,0.7447584264341264,0.5973419709926094,0.9915406559964415,0.3905737162333014,2006,1589,1505,84,501,202,0,0.0,0,0,0.0,0.0,0,0.0,0,0.0,202,100.0,13.58,57.146,67.247,106.566,893.3,31.514,418.64,12.989,172.31,11.766,156.13,57.7,58.7,55.7,56.1,58.7,63.7,4.9,36.1,4952.0,4952,101
b1f0efd9-e900c6e5,Statues-75,0.7447584264341264,0.5973419709926094,0.9915406559964415,0.3905737162333014,2006,1589,1505,84,501,202,0,0.0,0,0,0.0,0.0,0,0.0,0,0.0,202,100.0,13.35,56.035,67.302,104.356,877.73,31.935,418.1,13.082,171.07,11.84,154.89,57.8,58.7,55.8,56.2,58.9,65.6,4.9,36.9,4951.0,4952,104
b1f0efd9-e900c6e5,Statues-200,0.7447584264341264,0.5973419709926094,0.9915406559964415,0.3905737162333014,2006,1589,1505,84,501,202,0,0.0,0,0,0.0,0.0,0,0.0,0,0.0,202,100.0,13.23,55.517,72.366,106.528,938.78,32.147,416.71,13.108,169.71,11.866,153.67,57.8,59.2,55.9,56.3,59.2,71.3,4.9,37.3,4948.0,4948,104
b1f0efd9-e900c6e5,Statues-500,0.7447584264341264,0.5973419709926094,0.9915406559964415,0.3905737162333014,2006,1589,1505,84,501,202,0,0.0,0,0,0.0,0.0,0,0.0,0,0.0,202,100.0,13.23,55.5,71.036,105.874,917.91,32.173,417.19,13.158,170.35,11.872,153.78,57.9,59.0,55.9,56.4,59.0,68.3,5.0,37.3,4949.0,4950,104
b1f20aa0-3401c3bf,Statues-25,0.36707023613246975,0.27897202467017734,0.9965710909722812,0.1864507113821138,2050,768,755,13,1295,159,43,21.29,0,43,0.0,21.29,0,0.0,0,0.0,159,78.71,10.14,43.212,74.598,101.618,738.98,32.571,320.94,13.309,130.92,11.986,117.94,58.0,58.8,55.9,56.4,58.8,73.8,4.9,37.6,4951.0,4953,78
b1f20aa0-3401c3bf,Statues-75,0.38952189327346204,0.29188979045077873,0.9968059754919808,0.19767783304368675,2050,814,801,13,1249,156,46,22.77,0,46,0.0,22.77,0,0.0,0,0.0,156,77.23,9.91,42.2,64.102,105.59,625.99,32.692,316.75,13.338,129.0,11.993,116.05,57.9,59.1,56.1,56.6,59.3,61.6,4.9,38.1,4955.0,4955,77
b1f20aa0-3401c3bf,Statues-200,0.38843957500046533,0.2905723283358717,0.9965091747261604,0.19733357333573337,2050,813,799,14,1251,151,51,25.25,0,51,0.0,25.25,0,0.0,0,0.0,151,74.75,9.63,40.892,45.781,99.48,429.31,32.68,308.05,13.291,125.09,11.956,112.57,57.9,58.8,56.0,56.6,58.8,42.7,4.9,38.0,4954.0,4955,76
b1f20aa0-3401c3bf,Statues-500,0.36171919084156434,0.24060707628233313,0.9859027046038139,0.18544642014162077,2050,775,752,23,1298,139,63,31.19,0,63,0.0,31.19,0,0.0,0,0.0,139,68.81,9.04,38.161,64.9,102.624,571.55,32.194,285.23,13.191,116.65,11.892,105.21,58.0,59.1,56.1,56.7,58.9,62.0,4.9,37.5,4956.0,4956,71
b1f20aa0-50213047,Statues-25,0.15507638946619745,0.09683242605400678,0.9427851291745432,0.08116323052622829,1046,184,172,12,874,172,31,15.27,0,31,0.0,15.27,0,0.0,0,0.0,172,84.73,11.06,45.737,67.23,106.142,725.46,32.361,349.12,13.163,141.73,11.942,128.65,57.9,58.9,56.1,56.8,58.9,65.8,4.9,37.8,4959.0,4959,84
b1f20aa0-50213047,Statues-75,0.15212915389298953,0.09451912992151908,0.9469131879325069,0.07960626809233365,1046,179,168,11,878,148,55,27.09,0,55,0.0,27.09,0,0.0,0,0.0,148,72.91,9.7,39.506,48.962,98.96,457.85,31.688,300.08,13.0,122.88,11.769,111.3,57.6,58.6,56.0,56.6,58.6,47.3,4.8,37.3,4959.0,4959,76
b1f20aa0-50213047,Statues-200,0.14753925823068936,0.09028887899294517,0.9406730700329621,0.07753563358247871,1046,176,164,12,882,124,79,38.92,0,79,0.0,38.92,0,0.0,0,0.0,124,61.08,8.54,34.026,68.196,97.93,561.42,30.488,251.11,12.738,104.69,11.581,95.22,57.7,58.2,56.0,56.6,58.2,64.7,4.8,35.4,4963.0,4967,65
b1f20aa0-50213047,Statues-500,0.14526436335006798,0.0858101142737118,0.9038862992936603,0.07721291193341581,1046,187,168,19,878,86,117,57.64,0,117,0.0,57.64,0,0.0,0,0.0,86,42.36,6.47,24.744,58.566,96.648,366.4,28.137,176.88,12.321,77.24,11.119,69.76,57.3,58.7,55.6,56.4,58.7,55.1,5.0,32.5,4961.0,4963,48
b1f20aa0-6ef1db42,Statues-25,0.3813116743930519,0.28308515206141216,0.9816707695696589,0.2011571800674666,2129,880,826,54,1303,202,0,0.0,0,0,0.0,0.0,0,0.0,0,0.0,202,100.0,12.36,53.975,74.352,104.468,906.84,33.916,411.96,13.442,162.99,12.243,148.5,58.0,59.1,56.1,56.7,59.1,74.9,4.8,39.8,4963.0,4963,96
b1f20aa0-6ef1db42,Statues-75,0.3813116743930519,0.28308515206141216,0.9816707695696589,0.2011571800674666,2129,880,826,54,1303,202,0,0.0,0,0,0.0,0.0,0,0.0,0,0.0,202,100.0,12.38,54.165,72.582,105.636,883.84,33.969,414.67,13.524,164.87,12.273,149.66,58.3,59.6,56.4,57.3,59.6,71.7,4.8,40.2,4963.0,4964,93
b1f20aa0-6ef1db42,Statues-200,0.3813116743930519,0.28308515206141216,0.9816707695696589,0.2011571800674666,2129,880,826,54,1303,202,0,0.0,0,0,0.0,0.0,0,0.0,0,0.0,202,100.0,12.37,54.05,66.785,107.422,817.53,33.957,412.63,13.564,164.6,12.258,148.79,58.4,59.6,56.5,57.3,59.6,67.1,4.8,40.1,4958.0,4958,95
b1f20aa0-6ef1db42,Statues-500,0.37098290299525616,0.2637693918427352,0.9612687925037313,0.20145213382825458,2129,904,820,84,1309,186,16,7.92,0,16,0.0,7.92,0,0.0,0,0.0,186,92.08,11.59,50.219,62.814,103.858,717.13,33.353,380.01,13.404,152.52,12.134,138.12,58.4,59.6,56.5,57.2,59.6,61.5,4.8,39.2,4960.0,4962,91
b1f25ff6-1ddb7e43,Statues-25,0.7798287403076618,0.6433897972864273,0.992919788381949,0.40984340947033476,1294,1073,1015,58,279,203,0,0.0,0,0,0.0,0.0,0,0.0,0,0.0,203,100.0,13.08,54.608,71.769,106.25,927.29,32.674,420.08,13.296,170.73,11.996,154.1,58.4,59.2,56.4,56.8,59.2,68.5,5.0,38.3,4960.0,4960,103
b1f25ff6-1ddb7e43,Statues-75,0.7798287403076618,0.6433897972864273,0.992919788381949,0.40984340947033476,1294,1073,1015,58,279,203,0,0.0,0,0,0.0,0.0,0,0.0,0,0.0,203,100.0,13.18,55.053,65.041,102.16,841.94,32.416,421.83,13.225,171.85,11.939,155.19,58.2,59.3,56.3,56.6,59.3,61.5,4.9,37.9,4960.0,4960,104
b1f25ff6-1ddb7e43,Statues-200,0.7798287403076618,0.6433897972864273,0.992919788381949,0.40984340947033476,1294,1073,1015,58,279,203,0,0.0,0,0,0.0,0.0,0,0.0,0,0.0,203,100.0,13.17,55.023,74.926,102.95,966.9,32.378,418.65,13.235,170.93,11.96,154.51,58.3,59.4,56.3,56.8,59.4,73.5,4.9,37.7,4960.0,4960,103
b1f25ff6-1ddb7e43,Statues-500,0.7798287403076618,0.6433897972864273,0.992919788381949,0.40984340947033476,1294,1073,1015,58,279,203,0,0.0,0,0,0.0,0.0,0,0.0,0,0.0,203,100.0,13.25,55.394,69.786,107.524,904.85,32.341,420.95,13.214,171.75,11.924,155.03,58.3,59.3,56.2,56.7,59.3,67.9,4.9,37.7,4960.0,4960,104
b1f4491b-07b32e8c,Statues-25,0.6785125838234837,0.5140696328317305,0.9909730390888285,0.3576682668266827,1818,1320,1243,77,575,203,0,0.0,0,0,0.0,0.0,0,0.0,0,0.0,203,100.0,12.96,54.286,54.04,95.518,682.07,32.682,413.3,13.249,167.3,12.0,151.57,58.0,59.6,56.3,56.9,59.6,51.1,5.0,38.6,4961.0,4968,100
b1f4491b-07b32e8c,Statues-75,0.6785125838234837,0.5140696328317305,0.9909730390888285,0.3576682668266827,1818,1320,1243,77,575,203,0,0.0,0,0,0.0,0.0,0,0.0,0,0.0,203,100.0,12.82,53.629,32.369,100.992,408.75,32.753,412.77,13.233,166.52,11.969,150.68,57.8,58.7,56.1,56.4,58.7,26.2,4.9,38.9,4968.0,4968,100
b1f4491b-07b32e8c,Statues-200,0.6763931410896629,0.5113586844673086,0.9902532164351339,0.3567428062988393,1818,1318,1240,78,578,197,6,2.96,0,6,0.0,2.96,0,0.0,0,0.0,197,97.04,12.44,51.979,39.554,96.406,483.47,32.74,400.31,13.166,160.78,11.99,146.46,57.9,58.4,56.2,56.4,58.4,31.6,4.8,38.8,4972.0,4972,97
b1f4491b-07b32e8c,Statues-500,0.6462398638080362,0.48250263593753023,0.964064182452684,0.3478483972077449,1818,1326,1217,109,601,176,27,13.3,0,27,0.0,13.3,0,0.0,0,0.0,176,86.7,11.3,46.901,40.376,95.892,445.29,32.183,356.75,13.076,144.75,11.883,131.59,57.8,58.9,56.1,56.3,58.9,32.5,4.9,38.0,4972.0,4972,88
b1f4491b-09593e90,Statues-25,0.6140708966181123,0.5007155813919443,0.9931292315991036,0.31372007567224514,1142,723,706,17,436,202,0,0.0,0,0,0.0,0.0,0,0.0,0,0.0,202,100.0,12.44,53.301,61.423,106.044,752.91,33.538,410.2,13.41,163.74,12.165,148.6,58.2,59.2,56.3,56.8,59.2,61.1,4.8,39.6,4972.0,4973,97
b1f4491b-09593e90,Statues-75,0.6140708966181123,0.5007155813919443,0.9931292315991036,0.31372007567224514,1142,723,706,17,436,202,0,0.0,0,0,0.0,0.0,0,0.0,0,0.0,202,100.0,12.43,53.241,57.606,104.148,706.26,33.542,410.22,13.422,163.9,12.166,148.61,58.3,59.9,56.4,56.9,59.9,54.7,4.8,39.9,4972.0,4972,97
b1f4491b-09593e90,Statues-200,0.6140708966181123,0.5007155813919443,0.9931292315991036,0.31372007567224514,1142,723,706,17,436,202,0,0.0,0,0,0.0,0.0,0,0.0,0,0.0,202,100.0,12.39,53.148,60.932,104.81,743.43,33.698,408.62,13.484,163.27,12.211,147.9,58.5,59.6,56.6,57.0,59.6,58.4,4.7,40.1,4972.0,4972,96
b1f4491b-09593e90,Statues-500,0.6131972888642538,0.50028088488841,0.9931225317973894,0.3132837855538468,1142,722,705,17,437,201,1,0.5,0,1,0.0,0.5,0,0.0,0,0.0,201,99.5,12.43,53.188,63.758,103.39,783.39,33.448,408.83,13.397,163.49,12.167,148.55,58.5,59.4,56.6,56.9,59.4,61.8,4.8,39.8,4972.0,4973,97
b1f4491b-16256d7c,Statues-25,0.6830152471510955,0.4852537286070864,0.968851891042998,0.3722694367818731,2797,2180,1966,214,831,202,0,0.0,0,0,0.0,0.0,0,0.0,0,0.0,202,100.0,13.39,56.323,66.513,100.598,871.65,32.022,420.43,13.115,171.99,11.878,155.82,58.5,59.5,56.5,56.9,59.5,64.0,5.0,37.3,4973.0,4976,105
b1f4491b-16256d7c,Statues-75,0.6830152471510955,0.4852537286070864,0.968851891042998,0.3722694367818731,2797,2180,1966,214,831,202,0,0.0,0,0,0.0,0.0,0,0.0,0,0.0,202,100.0,13.45,56.531,65.256,104.478,857.06,31.766,419.21,13.077,172.31,11.816,155.77,58.1,59.1,56.1,56.5,59.1,62.0,4.9,36.6,4975.0,4975,105
b1f4491b-16256d7c,Statues-200,0.6830152471510955,0.4852537286070864,0.968851891042998,0.3722694367818731,2797,2180,1966,214,831,202,0,0.0,0,0,0.0,0.0,0,0.0,0,0.0,202,100.0,13.45,56.567,69.905,102.986,922.1,31.686,419.9,13.069,172.91,11.804,156.24,58.0,59.0,56.1,56.5,59.0,66.7,4.9,36.5,4976.0,4977,106
b1f4491b-16256d7c,Statues-500,0.6830152471510955,0.4852537286070864,0.968851891042998,0.3722694367818731,2797,2180,1966,214,831,202,0,0.0,0,0,0.0,0.0,0,0.0,0,0.0,202,100.0,13.44,56.49,66.979,102.988,883.76,31.697,419.58,13.07,172.73,11.817,156.24,57.9,59.0,56.0,56.5,59.0,65.2,5.0,36.6,4976.0,4976,106
b1f4491b-33824f31,Statues-25,0.7246316933426186,0.5172960057318725,0.9807653016701583,0.38783336909812205,2610,2089,1924,165,686,202,0,0.0,0,0,0.0,0.0,0,0.0,0,0.0,202,100.0,13.74,56.734,68.232,106.748,918.13,31.031,419.05,12.908,174.02,11.668,157.37,57.6,58.8,55.7,56.2,58.8,65.0,5.0,35.6,4980.0,4981,108
b1f4491b-33824f31,Statues-75,0.7246316933426186,0.5172960057318725,0.9807653016701583,0.38783336909812205,2610,2089,1924,165,686,202,0,0.0,0,0,0.0,0.0,0,0.0,0,0.0,202,100.0,13.67,56.574,65.192,102.52,875.66,31.205,419.33,12.948,173.73,11.681,156.8,57.6,58.8,55.7,56.2,58.8,62.0,4.9,35.9,4981.0,4981,108
b1f4491b-33824f31,Statues-200,0.7246316933426186,0.5172960057318725,0.9807653016701583,0.38783336909812205,2610,2089,1924,165,686,202,0,0.0,0,0,0.0,0.0,0,0.0,0,0.0,202,100.0,14.26,58.046,66.137,106.358,923.95,30.139,420.69,12.736,177.51,11.498,160.33,57.4,58.5,55.5,56.0,58.5,62.1,5.0,34.8,4982.0,4982,112
b1f4491b-33824f31,Statues-500,0.7246316933426186,0.5172960057318725,0.9807653016701583,0.38783336909812205,2610,2089,1924,165,686,202,0,0.0,0,0,0.0,0.0,0,0.0,0,0.0,202,100.0,14.29,58.21,64.529,107.368,908.61,30.011,422.8,12.655,177.95,11.487,161.6,57.2,58.4,55.3,55.8,58.4,61.3,5.0,34.5,4983.0,4984,112
b1f4491b-846d8cb2,Statues-25,0.6259373416662515,0.5353199414944395,0.9898136808477729,0.33235662424293505,1567,1060,989,71,578,202,0,0.0,0,0,0.0,0.0,0,0.0,0,0.0,202,100.0,14.03,57.949,64.371,106.03,889.85,30.593,422.92,12.808,176.72,11.608,160.25,57.3,58.1,55.4,55.8,58.1,62.0,5.1,35.3,4984.0,4984,104
b1f4491b-846d8cb2,Statues-75,0.6259373416662515,0.5353199414944395,0.9898136808477729,0.33235662424293505,1567,1060,989,71,578,202,0,0.0,0,0,0.0,0.0,0,0.0,0,0.0,202,100.0,13.86,57.123,67.635,102.578,923.61,31.007,420.39,12.859,174.18,11.667,158.06,57.4,58.2,55.4,55.8,58.4,65.6,5.0,36.1,4984.0,4984,105
b1f4491b-846d8cb2,Statues-200,0.6259373416662515,0.5353199414944395,0.9898136808477729,0.33235662424293505,1567,1060,989,71,578,202,0,0.0,0,0,0.0,0.0,0,0.0,0,0.0,202,100.0,13.99,57.732,66.411,108.656,911.81,30.697,421.49,12.842,176.03,11.624,159.4,57.4,58.6,55.4,55.8,58.6,62.6,5.1,35.5,4984.0,4984,104
b1f4491b-846d8cb2,Statues-500,0.6259373416662515,0.5353199414944395,0.9898136808477729,0.33235662424293505,1567,1060,989,71,578,202,0,0.0,0,0,0.0,0.0,0,0.0,0,0.0,202,100.0,13.96,57.572,64.735,103.188,887.68,30.887,424.27,12.854,176.32,11.662,160.04,57.4,58.3,55.5,55.8,58.3,61.9,5.0,35.7,4984.0,4984,104
b1f4491b-97465266,Statues-25,0.5369297211046731,0.36463958205238595,0.9745965817508199,0.28838944165614944,1845,1108,1014,94,831,203,0,0.0,0,0,0.0,0.0,0,0.0,0,0.0,203,100.0,14.2,58.218,62.48,105.994,865.79,30.412,423.23,12.784,177.62,11.576,160.88,57.3,58.1,55.4,55.8,58.1,60.3,5.0,35.2,4986.0,4988,105
b1f4491b-97465266,Statues-75,0.5368956043252561,0.3641227726406546,0.9744829227023767,0.28860053614061837,1845,1109,1014,95,831,198,5,2.46,0,5,0.0,2.46,0,0.0,0,0.0,198,97.54,13.29,55.169,66.371,105.17,862.52,31.575,409.68,12.984,168.25,11.772,152.61,57.5,58.5,55.5,55.8,58.5,61.9,4.9,36.6,4986.0,4989,98
b1f4491b-97465266,Statues-200,0.5363247213470712,0.36356418890762365,0.973423117154644,0.28834395370980737,1845,1110,1014,96,831,189,14,6.9,0,14,0.0,6.9,0,0.0,0,0.0,189,93.1,12.75,52.605,60.452,101.854,759.46,31.262,390.93,12.861,160.56,11.729,146.49,57.3,58.2,55.5,56.0,58.2,56.1,4.9,36.5,4989.0,4989,97
b1f4491b-97465266,Statues-500,0.5245772182767947,0.35118402558241574,0.9655129064108072,0.28599981511484773,1845,1114,999,115,846,161,42,20.69,0,42,0.0,20.69,0,0.0,0,0.0,161,79.31,11.22,45.659,62.543,104.92,686.02,30.61,337.92,12.729,140.19,11.572,127.52,57.3,58.5,55.5,55.9,58.5,56.6,5.0,35.4,4988.0,4989,85
b1f4491b-9958bd99,Statues-25,0.6913942126765608,0.4681511238747874,0.9705400272252291,0.37635659490838225,2775,2182,1971,211,804,202,0,0.0,0,0,0.0,0.0,0,0.0,0,0.0,202,100.0,13.88,58.036,70.127,101.298,951.08,30.912,420.5,12.852,174.61,11.669,158.58,57.3,58.3,55.6,56.1,58.3,66.7,4.9,35.8,4988.0,4988,105
b1f4491b-9958bd99,Statues-75,0.6913942126765608,0.4681511238747874,0.9705400272252291,0.37635659490838225,2775,2182,1971,211,804,202,0,0.0,0,0,0.0,0.0,0,0.0,0,0.0,202,100.0,14.53,60.429,64.765,101.426,917.41,29.735,423.36,12.565,178.63,11.426,162.49,57.0,58.0,55.1,55.6,58.0,60.8,5.0,34.4,4988.0,4996,109
b1f4491b-9958bd99,Statues-200,0.6913942126765608,0.4681511238747874,0.9705400272252291,0.37635659490838225,2775,2182,1971,211,804,202,0,0.0,0,0,0.0,0.0,0,0.0,0,0.0,202,100.0,13.93,58.272,62.728,100.722,855.02,30.821,423.06,12.842,175.98,11.596,158.97,57.0,58.0,55.1,55.5,58.0,60.1,4.9,35.4,4992.0,4992,106
b1f4491b-9958bd99,Statues-500,0.6820482357638906,0.4610392239045288,0.9663988285261125,0.3737467802818882,2775,2179,1952,227,823,195,7,3.47,0,7,0.0,3.47,0,0.0,0,0.0,195,96.53,14.11,58.403,64.939,102.612,895.76,29.589,409.25,12.564,173.5,11.38,157.24,56.8,57.8,54.9,55.3,57.8,62.6,5.0,34.2,4994.0,4996,107
b1f4491b-bf7d513f,Statues-25,0.6455140811698752,0.5321353715060322,0.984448184833416,0.3496423358544735,1359,976,888,88,471,203,0,0.0,0,0,0.0,0.0,0,0.0,0,0.0,203,100.0,13.18,55.895,53.692,102.646,693.63,32.172,418.43,13.099,170.07,11.846,153.9,56.9,58.1,55.1,55.6,58.1,47.6,4.9,37.4,4992.0,4993,100
b1f4491b-bf7d513f,Statues-75,0.6455140811698752,0.5321353715060322,0.984448184833416,0.3496423358544735,1359,976,888,88,471,203,0,0.0,0,0,0.0,0.0,0,0.0,0,0.0,203,100.0,13.0,55.098,60.906,105.602,771.84,32.714,416.54,13.182,167.74,11.947,152.07,57.4,58.7,55.6,56.2,58.7,57.9,4.9,38.5,4993.0,4993,100
b1f4491b-bf7d513f,Statues-200,0.6455140811698752,0.5321353715060322,0.984448184833416,0.3496423358544735,1359,976,888,88,471,203,0,0.0,0,0,0.0,0.0,0,0.0,0,0.0,203,100.0,13.07,55.387,65.817,106.808,836.15,32.633,417.86,13.219,169.08,11.965,153.1,57.6,58.9,55.8,56.5,58.9,63.2,4.9,38.4,4992.0,4992,99
b1f4491b-bf7d513f,Statues-500,0.6455140811698752,0.5321353715060322,0.984448184833416,0.3496423358544735,1359,976,888,88,471,203,0,0.0,0,0,0.0,0.0,0,0.0,0,0.0,203,100.0,13.08,55.417,58.977,103.662,757.73,32.456,419.39,13.178,170.01,11.92,153.83,57.5,58.7,55.8,56.5,58.7,55.5,4.8,38.3,4988.0,4989,100
b1f4491b-cf446195,Statues-25,0.6096583694348106,0.4697335598995786,0.9881732952000302,0.3208459672528805,2910,1904,1793,111,1117,202,0,0.0,0,0,0.0,0.0,0,0.0,0,0.0,202,100.0,13.41,57.142,63.536,102.788,833.86,31.936,418.72,13.076,171.27,11.833,155.03,57.7,58.7,55.8,56.4,58.7,62.4,4.9,37.2,4988.0,4989,100
b1f4491b-cf446195,Statues-75,0.6096583694348106,0.4697335598995786,0.9881732952000302,0.3208459672528805,2910,1904,1793,111,1117,202,0,0.0,0,0,0.0,0.0,0,0.0,0,0.0,202,100.0,13.47,57.366,59.297,103.178,780.82,31.701,420.64,12.951,171.53,11.771,155.97,57.5,58.5,55.6,56.2,58.5,57.2,4.8,36.6,4989.0,4989,102
b1f4491b-cf446195,Statues-200,0.6096583694348106,0.4697335598995786,0.9881732952000302,0.3208459672528805,2910,1904,1793,111,1117,202,0,0.0,0,0,0.0,0.0,0,0.0,0,0.0,202,100.0,13.46,57.371,67.896,99.986,901.4,31.65,419.83,13.001,172.15,11.776,156.0,57.5,58.7,55.5,55.8,58.7,67.7,4.8,36.5,4991.0,4991,102
b1f4491b-cf446195,Statues-500,0.6096583694348106,0.4697335598995786,0.9881732952000302,0.3208459672528805,2910,1904,1793,111,1117,202,0,0.0,0,0,0.0,0.0,0,0.0,0,0.0,202,100.0,12.8,54.289,29.507,89.24,371.1,32.548,409.32,13.0,163.28,11.905,149.57,57.1,57.5,55.4,55.8,57.5,25.9,4.9,38.6,4991.0,4991,100
b1f4491b-d8d1459c,Statues-25,0.6872809783791333,0.5310799805486244,0.9828274678518667,0.3634499955241671,1508,1126,1053,73,455,203,0,0.0,0,0,0.0,0.0,0,0.0,0,0.0,203,100.0,13.29,55.899,34.399,100.004,448.4,32.022,418.13,12.951,168.86,11.825,154.24,57.3,58.6,55.5,56.0,58.4,28.6,4.8,37.3,4992.0,4992,102
b1f4491b-d8d1459c,Statues-75,0.6869920256386469,0.5308769520315809,0.9824263835454721,0.36321501429910813,1508,1126,1053,73,455,202,1,0.49,0,1,0.0,0.49,0,0.0,0,0.0,202,99.51,13.03,55.014,33.611,95.934,427.6,32.354,412.73,13.071,166.46,11.892,151.52,57.4,58.0,55.6,56.0,58.0,24.9,4.7,37.9,4995.0,5000,100
b1f4491b-d8d1459c,Statues-200,0.6865651972084175,0.5313007523844455,0.9827791699745962,0.3627757535138809,1508,1124,1052,72,456,199,4,1.97,0,4,0.0,1.97,0,0.0,0,0.0,199,98.03,12.98,54.47,35.006,94.804,440.79,32.13,407.37,12.96,164.06,11.857,150.15,57.4,58.1,55.6,56.0,58.2,28.0,4.8,37.5,4993.0,5000,99
b1f4491b-d8d1459c,Statues-500,0.6865494574160416,0.5241341623754252,0.97655089409225,0.36678596844702815,1508,1148,1058,90,450,189,14,6.9,0,14,0.0,6.9,0,0.0,0,0.0,189,93.1,12.36,51.752,31.822,97.96,383.33,31.948,388.03,12.957,157.13,11.81,143.27,57.4,58.9,55.6,56.0,58.9,25.9,4.7,37.3,4994.0,4995,95
b1f4491b-dd8dfed5,Statues-25,0.5761767835001872,0.4652181402973629,0.9892156308219647,0.3003622751603414,2330,1424,1356,68,974,203,0,0.0,0,0,0.0,0.0,0,0.0,0,0.0,203,100.0,12.98,55.217,26.637,79.902,334.23,32.634,414.35,13.166,166.91,11.944,151.48,57.4,58.0,55.6,56.0,58.0,15.0,4.8,38.3,4993.0,4994,100
b1f4491b-dd8dfed5,Statues-75,0.5761767835001872,0.4652181402973629,0.9892156308219647,0.3003622751603414,2330,1424,1356,68,974,203,0,0.0,0,0,0.0,0.0,0,0.0,0,0.0,203,100.0,13.53,57.109,48.439,105.642,647.34,31.32,417.49,12.921,171.98,11.738,156.29,57.4,58.2,55.8,56.5,58.2,49.0,4.9,36.9,4996.0,4997,100
b1f4491b-dd8dfed5,Statues-200,0.5761767835001872,0.4652181402973629,0.9892156308219647,0.3003622751603414,2330,1424,1356,68,974,203,0,0.0,0,0,0.0,0.0,0,0.0,0,0.0,203,100.0,13.42,56.583,28.443,85.266,372.99,31.481,412.96,12.937,169.51,11.75,154.01,57.1,57.7,55.6,56.2,57.7,19.1,5.0,37.1,4999.0,5006,100
b1f4491b-dd8dfed5,Statues-500,0.5761767835001872,0.4652181402973629,0.9892156308219647,0.3003622751603414,2330,1424,1356,68,974,203,0,0.0,0,0,0.0,0.0,0,0.0,0,0.0,203,100.0,13.77,57.92,58.088,101.938,778.29,30.95,417.21,12.867,173.27,11.679,157.3,57.4,58.2,55.6,56.4,58.2,55.4,5.0,36.3,5011.0,5021,103
b1f6c103-5ce1f3c6,Statues-25,0.42991507264267614,0.336008177331503,0.9884146994031243,0.2263798221803472,762,351,331,20,431,179,0,0.0,0,0,0.0,0.0,0,0.0,0,0.0,179,100.0,11.45,56.006,67.333,108.174,760.51,32.51,365.78,13.238,148.84,11.993,134.85,57.6,58.5,55.9,56.6,58.7,68.7,4.8,38.2,5009.0,5012,88
b1f6c103-5ce1f3c6,Statues-75,0.42991507264267614,0.336008177331503,0.9884146994031243,0.2263798221803472,762,351,331,20,431,178,1,0.56,0,1,0.0,0.56,0,0.0,0,0.0,178,99.44,11.27,55.282,70.058,97.586,777.45,32.887,363.96,13.29,146.85,12.078,133.5,57.9,59.2,56.1,56.8,59.0,69.7,4.8,39.0,5005.0,5006,84
b1f6c103-5ce1f3c6,Statues-200,0.42991507264267614,0.336008177331503,0.9884146994031243,0.2263798221803472,762,351,331,20,431,178,1,0.56,0,1,0.0,0.56,0,0.0,0,0.0,178,99.44,11.15,54.229,69.8,101.78,763.5,33.269,364.52,13.398,146.63,12.154,133.07,58.1,59.2,56.3,56.9,59.2,68.1,4.9,39.6,5006.0,5006,84
b1f6c103-5ce1f3c6,Statues-500,0.42628319054405295,0.33127414128047206,0.9858103025013796,0.22542641571512967,762,351,329,22,433,169,10,5.59,0,10,0.0,5.59,0,0.0,0,0.0,169,94.41,10.32,50.611,73.632,104.462,738.86,33.921,341.57,13.503,135.72,12.275,123.43,58.3,59.1,56.4,57.1,59.1,72.3,4.8,40.3,5009.0,5010,76
b1f6c103-8b75ea3e,Statues-25,0.4295329138329652,0.322935706229174,0.9935377813336366,0.2195196906795653,2420,1073,1046,27,1374,195,7,3.47,0,7,0.0,3.47,0,0.0,0,0.0,195,96.53,12.25,52.684,70.648,101.052,850.89,33.192,401.01,13.34,160.94,12.126,146.37,58.3,59.4,56.5,57.2,59.4,69.6,4.8,39.5,5005.0,5006,92
b1f6c103-8b75ea3e,Statues-75,0.4404068649301883,0.32823228528556914,0.9930383801148955,0.22526360786548877,2420,1102,1073,29,1347,185,17,8.42,0,17,0.0,8.42,0,0.0,0,0.0,185,91.58,12.0,50.932,65.41,101.518,771.87,32.505,383.52,13.225,155.86,11.972,141.16,58.2,58.9,56.3,56.8,58.8,62.0,4.9,37.8,5003.0,5003,92
b1f6c103-8b75ea3e,Statues-200,0.4108166196840299,0.30687322381991755,0.9898710708716972,0.21149189859925707,2420,1039,1004,35,1416,174,28,13.86,0,28,0.0,13.86,0,0.0,0,0.0,174,86.14,11.38,48.249,63.236,107.64,699.0,32.15,355.56,13.128,145.0,11.902,131.49,58.0,59.0,56.0,56.4,59.0,58.8,4.9,37.4,5006.0,5010,86
b1f6c103-8b75ea3e,Statues-500,0.3628940210430397,0.2536097585747174,0.9194092668979058,0.1979180505136325,2420,1070,954,116,1466,142,60,29.7,0,60,0.0,29.7,0,0.0,0,0.0,142,70.3,9.54,40.034,70.285,106.9,647.16,31.383,291.59,13.058,120.97,11.782,109.22,57.9,58.7,55.9,56.3,58.7,65.2,5.0,36.7,5009.0,5010,71
b1f6c103-b00e8aad,Statues-25,0.4953639596369264,0.3919622334319782,0.9874108094130886,0.25394627019338434,2271,1177,1139,38,1132,131,71,35.15,0,71,0.0,35.15,0,0.0,0,0.0,131,64.85,8.95,37.108,66.616,100.086,584.05,31.063,271.08,12.942,112.59,11.734,102.16,57.7,58.8,55.8,56.3,58.8,63.1,5.0,36.4,5008.0,5012,67
b1f6c103-b00e8aad,Statues-75,0.5142686453940435,0.40234116412748505,0.9989954683030683,0.2601826923542196,2271,1183,1169,14,1102,120,82,40.59,0,82,0.0,40.59,0,0.0,0,0.0,120,59.41,8.17,33.988,59.83,106.672,478.39,31.604,252.69,13.03,103.68,11.835,94.28,57.6,59.1,55.7,56.2,59.1,55.9,4.9,36.3,5012.0,5012,61
b1f6c103-b00e8aad,Statues-200,0.4780874971956675,0.34948038601393505,0.9978513182968428,0.24189316730079652,2271,1102,1088,14,1183,118,84,41.58,0,84,0.0,41.58,0,0.0,0,0.0,118,58.42,8.11,33.725,58.626,98.894,463.51,31.216,247.65,12.918,101.95,11.732,92.69,57.4,58.4,55.6,56.0,58.4,53.8,5.0,36.0,5011.0,5011,60
b1f6c103-b00e8aad,Statues-500,0.4714664853142582,0.3417519543486643,0.9949681397808995,0.2395356237163602,2271,1096,1076,20,1195,114,88,43.56,0,88,0.0,43.56,0,0.0,0,0.0,114,56.44,8.14,33.38,49.202,101.748,386.22,30.801,241.89,12.862,100.55,11.629,91.01,57.3,58.4,55.4,55.8,58.4,44.2,5.0,35.1,5011.0,5012,59
b1f85377-44885085,Statues-25,0.6401280031815886,0.4715599094861969,0.9628109198860086,0.36854176352084306,1434,1125,943,182,491,203,0,0.0,0,0,0.0,0.0,0,0.0,0,0.0,203,100.0,13.09,55.876,75.508,101.908,967.77,32.656,417.7,13.204,168.77,11.998,153.39,57.8,59.0,55.7,56.2,59.0,77.0,4.8,37.8,5011.0,5012,101
b1f85377-44885085,Statues-75,0.6401280031815886,0.4715599094861969,0.9628109198860086,0.36854176352084306,1434,1125,943,182,491,203,0,0.0,0,0,0.0,0.0,0,0.0,0,0.0,203,100.0,13.14,56.194,67.333,106.386,870.14,32.308,415.29,13.182,169.23,11.957,153.55,57.7,59.0,55.9,56.3,59.0,64.8,4.9,38.2,5010.0,5010,97
b1f85377-44885085,Statues-200,0.6401280031815886,0.4715599094861969,0.9628109198860086,0.36854176352084306,1434,1125,943,182,491,203,0,0.0,0,0,0.0,0.0,0,0.0,0,0.0,203,100.0,13.12,56.108,58.085,100.45,744.17,32.32,414.7,13.162,168.63,11.936,152.98,57.7,58.8,55.9,56.2,58.8,51.9,4.9,38.1,5010.0,5010,97
b1f85377-44885085,Statues-500,0.6388880944934698,0.46929099276185643,0.9609522982446961,0.36834439069424385,1434,1127,943,184,491,201,2,0.99,0,2,0.0,0.99,0,0.0,0,0.0,201,99.01,12.99,55.453,55.591,102.344,705.46,32.488,413.17,13.203,167.65,11.945,151.76,57.8,58.9,56.0,56.3,58.9,50.9,4.9,38.2,5013.0,5014,97
b1fbaab8-68db7df7,Statues-25,0.6807295623028606,0.5718524843910969,0.9987334020857129,0.3484256565213127,1108,773,755,18,353,202,0,0.0,0,0,0.0,0.0,0,0.0,0,0.0,202,100.0,12.7,54.698,59.169,106.702,739.51,33.253,415.41,13.321,166.25,12.099,151.04,58.0,59.2,56.0,56.5,59.2,55.4,4.9,39.3,5014.0,5014,97
b1fbaab8-68db7df7,Statues-75,0.6807295623028606,0.5718524843910969,0.9987334020857129,0.3484256565213127,1108,773,755,18,353,202,0,0.0,0,0,0.0,0.0,0,0.0,0,0.0,202,100.0,13.24,56.376,61.69,103.842,802.72,31.995,415.7,13.09,169.94,11.915,154.74,57.9,59.0,56.2,56.8,59.0,59.7,5.0,37.8,5011.0,5013,103
b1fbaab8-68db7df7,Statues-200,0.6807295623028606,0.5718524843910969,0.9987334020857129,0.3484256565213127,1108,773,755,18,353,202,0,0.0,0,0,0.0,0.0,0,0.0,0,0.0,202,100.0,13.22,56.295,54.02,98.08,694.06,32.305,420.09,13.102,170.1,11.919,154.83,58.0,58.8,56.0,56.3,59.2,53.3,5.0,37.6,5016.0,5018,102
b1fbaab8-68db7df7,Statues-500,0.6816258781856219,0.5708323708507181,0.9987264267707577,0.34887102491627714,1108,774,756,18,352,198,4,1.98,0,4,0.0,1.98,0,0.0,0,0.0,198,98.02,13.01,55.264,44.947,102.712,572.15,32.333,413.13,13.153,167.85,11.963,152.72,57.9,58.8,56.0,56.6,58.9,40.1,4.9,37.7,5012.0,5014,98
b1fbf878-b31a8293,Statues-25,0.5237324483055141,0.4062181971467127,0.9908253184754643,0.27172233654631234,2215,1222,1170,52,1045,201,0,0.0,0,0,0.0,0.0,0,0.0,0,0.0,201,100.0,13.32,56.58,67.508,105.538,880.78,31.905,416.68,13.067,170.51,11.872,154.94,58.0,58.8,56.0,56.3,58.8,65.1,5.0,37.4,5012.0,5014,102
b1fbf878-b31a8293,Statues-75,0.5237324483055141,0.4062181971467127,0.9908253184754643,0.27172233654631234,2215,1222,1170,52,1045,201,0,0.0,0,0,0.0,0.0,0,0.0,0,0.0,201,100.0,13.02,55.994,57.162,103.098,732.65,32.397,417.01,13.148,168.95,11.99,154.17,57.9,58.8,56.0,56.4,58.8,53.8,4.8,37.9,5012.0,5012,99
b1fbf878-b31a8293,Statues-200,0.5237324483055141,0.4062181971467127,0.9908253184754643,0.27172233654631234,2215,1222,1170,52,1045,201,0,0.0,0,0,0.0,0.0,0,0.0,0,0.0,201,100.0,12.85,55.19,56.109,98.348,709.23,32.917,415.8,13.275,167.38,12.065,152.2,58.1,59.1,56.1,56.4,59.1,53.1,4.8,38.2,5013.0,5013,99
b1fbf878-b31a8293,Statues-500,0.5163095778355102,0.39428360277655117,0.9868400987556507,0.26890036533206607,2215,1216,1158,58,1057,194,7,3.48,0,7,0.0,3.48,0,0.0,0,0.0,194,96.52,12.69,54.271,58.103,101.6,722.69,32.059,399.0,13.137,163.24,11.903,147.98,57.9,58.9,56.0,56.3,58.8,54.8,4.9,37.4,5013.0,5015,98
b1fc95c9-644e3c3f,Statues-25,0.7961054159228838,0.6543521622245535,0.9616839990668263,0.4555619158356066,1516,1475,1242,233,274,182,20,9.9,0,20,0.0,9.9,0,0.0,0,0.0,182,90.1,12.55,51.33,58.436,107.034,714.59,30.728,377.32,12.824,157.26,11.623,142.56,57.7,58.7,55.9,56.7,58.7,52.5,5.0,36.0,5012.0,5017,95
b1fc95c9-644e3c3f,Statues-75,0.790115108735508,0.6433421283545562,0.959714661388942,0.4552464287116941,1516,1478,1234,244,282,169,33,16.34,0,33,0.0,16.34,0,0.0,0,0.0,169,83.66,11.58,47.137,49.726,105.432,567.38,30.659,347.85,12.753,144.53,11.587,131.35,57.4,58.5,55.7,56.6,58.5,45.1,5.0,35.4,5010.0,5013,88
b1fc95c9-644e3c3f,Statues-200,0.7703088063424288,0.6203671932976806,0.9471285641857706,0.45090078873100137,1516,1494,1216,278,300,156,46,22.77,0,46,0.0,22.77,0,0.0,0,0.0,156,77.23,10.8,43.725,51.233,95.412,540.37,30.449,322.6,12.723,134.56,11.541,122.11,57.4,58.6,55.6,56.5,58.6,46.1,5.0,35.2,5011.0,5011,82
b1fc95c9-644e3c3f,Statues-500,0.7398359646904353,0.5761961470357648,0.9362006977652567,0.43803407718796117,1516,1475,1180,295,336,138,64,31.68,0,64,0.0,31.68,0,0.0,0,0.0,138,68.32,9.7,38.985,68.839,100.358,645.55,29.955,282.74,12.646,119.09,11.465,108.03,57.3,58.2,55.6,56.8,58.2,66.4,5.0,34.6,5014.0,5015,73
b1fc95c9-cb2882c7,Statues-25,0.8125824933771207,0.6206391844228678,0.9627821041158576,0.45355613146228463,3158,3040,2650,390,508,147,55,27.23,0,55,0.0,27.23,0,0.0,0,0.0,147,72.77,10.96,45.343,40.576,105.534,433.23,29.282,323.14,12.495,135.28,11.344,122.87,56.9,57.9,55.5,56.2,57.9,34.2,5.1,35.1,5016.0,5017,84
b1fc95c9-cb2882c7,Statues-75,0.8014763603244452,0.6094012072458853,0.9498078609366231,0.4495531102896309,3158,3068,2650,418,508,140,62,30.69,0,62,0.0,30.69,0,0.0,0,0.0,140,69.31,10.0,40.378,55.614,103.304,541.61,29.861,292.81,12.631,123.36,11.402,111.47,56.7,58.1,55.0,55.5,58.1,50.3,5.0,33.8,5018.0,5021,77
b1fc95c9-cb2882c7,Statues-200,0.7819143644504848,0.5738916844325123,0.9423476204022895,0.4405633558371945,3158,3036,2606,430,552,139,63,31.19,0,63,0.0,31.19,0,0.0,0,0.0,139,68.81,10.12,40.965,66.344,98.978,658.55,29.581,294.34,12.58,124.74,11.354,112.67,56.7,57.7,54.8,55.4,57.7,63.6,5.1,33.4,5020.0,5021,78
b1fc95c9-cb2882c7,Statues-500,0.7819153525254625,0.5735446753230697,0.9423756681135568,0.4404366202620264,3158,3035,2606,429,552,138,64,31.68,0,64,0.0,31.68,0,0.0,0,0.0,138,68.32,9.97,40.326,64.14,99.734,627.14,29.796,292.07,12.631,123.45,11.406,111.55,56.6,57.7,54.7,55.2,57.7,61.5,5.1,33.6,5020.0,5021,77
b1ff4656-0435391e,Statues-25,0.7167570998563675,0.5779340236514743,0.9861176176610615,0.3834890142482648,2561,2011,1857,154,704,202,0,0.0,0,0,0.0,0.0,0,0.0,0,0.0,202,100.0,13.74,57.553,66.072,101.732,892.61,30.957,418.19,12.791,172.48,11.674,157.51,56.7,57.7,54.7,55.2,57.7,63.2,5.0,35.5,5013.0,5014,108
b1ff4656-0435391e,Statues-75,0.7167570998563675,0.5779340236514743,0.9861176176610615,0.3834890142482648,2561,2011,1857,154,704,202,0,0.0,0,0,0.0,0.0,0,0.0,0,0.0,202,100.0,13.23,55.993,65.293,103.352,849.1,32.045,418.19,13.07,170.3,11.874,154.81,57.1,58.0,55.1,55.6,58.1,63.1,4.9,37.3,5014.0,5014,104
b1ff4656-0435391e,Statues-200,0.7167570998563675,0.5779340236514743,0.9861176176610615,0.3834890142482648,2561,2011,1857,154,704,202,0,0.0,0,0,0.0,0.0,0,0.0,0,0.0,202,100.0,13.28,56.213,67.859,103.94,885.57,31.999,418.96,13.115,171.44,11.827,154.69,57.3,58.5,55.2,55.8,58.5,65.8,4.9,37.2,5014.0,5014,105
b1ff4656-0435391e,Statues-500,0.7160855790631624,0.5762476630119954,0.9863385168614515,0.3826787890915306,2561,2006,1855,151,706,198,4,1.98,0,4,0.0,1.98,0,0.0,0,0.0,198,98.02,13.6,56.911,66.003,101.58,879.5,30.825,412.05,12.833,171.3,11.606,155.0,57.1,58.2,55.2,55.6,58.2,61.8,5.0,35.6,5012.0,5018,107
b1ff4656-94ee8536,Statues-25,0.6265054828405336,0.5327069296749097,0.9916006320019651,0.32026453406743843,1439,933,909,24,530,201,2,0.99,0,2,0.0,0.99,0,0.0,0,0.0,201,99.01,13.07,54.306,71.688,102.55,921.39,32.545,420.05,13.144,169.34,11.896,153.34,57.4,58.6,55.3,55.8,58.6,69.7,4.9,37.3,5012.0,5013,102
b1ff4656-94ee8536,Statues-75,0.6251286277693205,0.5317038565046361,0.9916019386458725,0.31957611690299903,1439,931,907,24,532,199,4,1.97,0,4,0.0,1.97,0,0.0,0,0.0,199,98.03,13.01,53.939,63.097,102.256,805.96,32.007,408.67,13.02,166.08,11.834,150.99,57.3,58.7,55.4,55.7,58.2,60.4,5.0,37.5,5013.0,5013,100
b1ff4656-94ee8536,Statues-200,0.6251182271757838,0.5314575897002712,0.991585754075171,0.31957163831847063,1439,931,907,24,532,198,5,2.46,0,5,0.0,2.46,0,0.0,0,0.0,198,97.54,13.49,55.503,64.865,103.982,860.82,31.071,412.69,12.89,170.97,11.675,154.9,57.3,58.6,55.3,55.7,58.6,61.3,5.1,36.0,5015.0,5018,103
b1ff4656-94ee8536,Statues-500,0.6223169458197295,0.5285770950030502,0.9914937398428524,0.3184974898756321,1439,928,903,25,536,192,11,5.42,0,11,0.0,5.42,0,0.0,0,0.0,192,94.58,12.86,53.072,65.011,100.332,813.66,31.468,396.25,13.008,163.62,11.757,147.93,57.3,58.4,55.4,55.9,58.4,62.3,4.9,36.5,5011.0,5016,98
b1ff4656-ebcfeb35,Statues-25,0.436654528882217,0.297297755269546,0.9819881742681179,0.23032228374269342,1326,626,589,37,737,203,0,0.0,0,0,0.0,0.0,0,0.0,0,0.0,203,100.0,12.96,54.008,65.596,102.574,833.74,32.8,416.94,13.233,167.98,11.969,151.98,57.6,58.6,55.6,56.0,58.6,63.6,4.9,38.3,5011.0,5011,102
b1ff4656-ebcfeb35,Statues-75,0.436654528882217,0.297297755269546,0.9819881742681179,0.23032228374269342,1326,626,589,37,737,203,0,0.0,0,0,0.0,0.0,0,0.0,0,0.0,203,100.0,13.45,55.677,68.371,107.204,900.23,31.869,420.89,13.059,172.19,11.827,156.02,57.6,58.7,55.6,56.0,58.7,65.7,5.0,37.1,5014.0,5018,102
b1ff4656-ebcfeb35,Statues-200,0.42151428831519966,0.28834865155341627,0.9830698565391857,0.22189358748866275,1326,602,568,34,758,189,14,6.9,0,14,0.0,6.9,0,0.0,0,0.0,189,93.1,12.25,50.869,65.462,102.348,783.39,32.353,388.94,13.154,157.93,11.912,143.07,57.6,58.5,55.6,56.1,58.6,62.4,4.9,37.7,5016.0,5017,97
b1ff4656-ebcfeb35,Statues-500,0.42204880404512457,0.2884559169313649,0.9823876231941331,0.2231008168690172,1326,606,569,37,757,184,19,9.36,0,19,0.0,9.36,0,0.0,0,0.0,184,90.64,11.96,49.531,63.771,103.188,746.57,32.284,377.28,13.197,154.04,11.885,138.76,57.7,58.9,55.7,56.1,58.8,61.1,5.0,37.7,5015.0,5020,93
b200b84e-4a792877,Statues-25,0.4568165148286796,0.3207942253395287,0.9963333146745863,0.23412114828034075,1765,831,809,22,956,200,0,0.0,0,0,0.0,0.0,0,0.0,0,0.0,200,100.0,12.41,54.336,73.683,108.558,898.53,33.523,409.49,13.393,163.33,12.177,148.53,58.0,59.1,56.1,56.8,59.1,72.9,4.8,39.4,5020.0,5020,93
b200b84e-4a792877,Statues-75,0.4568165148286796,0.3207942253395287,0.9963333146745863,0.23412114828034075,1765,831,809,22,956,200,0,0.0,0,0,0.0,0.0,0,0.0,0,0.0,200,100.0,12.59,55.044,66.56,103.884,824.74,33.083,409.58,13.413,165.82,12.077,149.36,58.0,58.7,56.1,56.5,58.7,64.1,4.9,39.0,5020.0,5020,94
b200b84e-4a792877,Statues-200,0.4568165148286796,0.3207942253395287,0.9963333146745863,0.23412114828034075,1765,831,809,22,956,200,0,0.0,0,0,0.0,0.0,0,0.0,0,0.0,200,100.0,12.48,54.505,72.665,102.398,889.51,33.455,409.35,13.381,163.55,12.152,148.57,58.2,59.4,56.1,56.5,59.4,69.8,4.9,39.4,5020.0,5020,96
b200b84e-4a792877,Statues-500,0.4546473300152737,0.31544685354148794,0.995216902205403,0.23366979951797043,1765,831,806,25,959,196,4,2.0,0,4,0.0,2.0,0,0.0,0,0.0,196,98.0,12.31,53.675,68.373,102.214,825.11,33.192,400.41,13.325,160.48,12.096,145.74,58.2,59.4,56.1,56.5,59.4,67.7,4.9,39.0,5022.0,5026,93
b200e97a-bf074435,Statues-25,0.7230313253687948,0.5354846684122594,0.9631821958293092,0.410690915845555,2442,2134,1817,317,625,202,0,0.0,0,0,0.0,0.0,0,0.0,0,0.0,202,100.0,13.46,55.89,68.978,108.044,911.43,31.727,418.61,13.04,171.82,11.803,155.58,58.0,59.3,56.3,56.8,59.3,67.2,5.0,37.2,5025.0,5026,106
b200e97a-bf074435,Statues-75,0.7226268732438638,0.5357087227116973,0.963734962735508,0.41023155037239545,2442,2130,1815,315,627,198,4,1.98,0,4,0.0,1.98,0,0.0,0,0.0,198,98.02,13.79,57.349,65.298,103.252,878.44,30.472,412.07,12.736,171.98,11.566,156.24,57.5,58.3,55.9,56.4,58.5,61.4,5.0,35.1,5021.0,5025,108
b200e97a-bf074435,Statues-200,0.7171507003936632,0.530882971791851,0.962721368366669,0.4090196748870938,2442,2127,1802,325,640,188,14,6.93,0,14,0.0,6.93,0,0.0,0,0.0,188,93.07,13.4,55.759,63.782,102.534,837.35,29.827,391.19,12.61,165.07,11.454,150.0,57.3,58.0,55.6,56.2,58.0,61.4,5.0,34.1,5029.0,5043,103
b200e97a-bf074435,Statues-500,0.7150745901490285,0.5290272939938776,0.9626940055942682,0.40892033205150274,2442,2127,1796,331,646,183,19,9.41,0,19,0.0,9.41,0,0.0,0,0.0,183,90.59,13.04,54.094,65.173,101.388,828.05,29.843,381.87,12.614,161.1,11.439,146.17,57.1,58.0,55.2,55.8,58.0,60.1,5.0,34.2,5038.0,5044,101
b20234fd-822029be,Statues-25,0.49621631275202727,0.3577395791883644,0.987949803490583,0.25933588571223426,1921,1015,964,51,957,202,0,0.0,0,0,0.0,0.0,0,0.0,0,0.0,202,100.0,13.46,57.587,68.911,103.008,907.36,31.592,417.42,12.979,171.24,11.773,155.4,57.3,58.4,55.6,56.3,58.4,66.4,5.0,36.4,5033.0,5038,105
b20234fd-822029be,Statues-75,0.49621631275202727,0.3577395791883644,0.987949803490583,0.25933588571223426,1921,1015,964,51,957,202,0,0.0,0,0,0.0,0.0,0,0.0,0,0.0,202,100.0,13.38,57.174,67.133,102.528,882.77,31.842,420.08,13.017,171.53,11.828,155.9,57.5,58.6,55.7,56.3,58.4,64.8,4.9,37.2,5025.0,5028,106
b20234fd-822029be,Statues-200,0.4957195306871774,0.35641124554788567,0.988021073121882,0.25886073445006685,1921,1013,963,50,958,199,3,1.49,0,3,0.0,1.49,0,0.0,0,0.0,199,98.51,13.13,56.012,71.717,102.774,928.52,31.925,411.98,13.09,168.67,11.851,152.77,57.7,58.6,55.8,56.4,58.6,70.6,5.0,37.0,5025.0,5025,102
b20234fd-822029be,Statues-500,0.47916626733640855,0.3374828494350116,0.9736567910440032,0.2553789299509221,1921,1019,944,75,977,182,20,9.9,0,20,0.0,9.9,0,0.0,0,0.0,182,90.1,12.15,51.4,70.366,105.206,838.73,31.513,376.9,12.937,154.53,11.765,140.57,57.6,58.7,55.6,56.0,58.5,67.4,5.0,36.7,5025.0,5026,96
b202cae2-672e61c5,Statues-25,0.7858365291524025,0.6644731278968832,0.9964280125759116,0.4076344047872466,2487,2040,1960,80,527,203,0,0.0,0,0,0.0,0.0,0,0.0,0,0.0,203,100.0,13.79,57.114,68.152,102.02,923.21,31.227,423.42,12.906,174.79,11.697,158.48,57.5,58.1,55.5,56.0,58.1,65.1,5.0,36.4,5026.0,5027,106
b202cae2-672e61c5,Statues-75,0.7858365291524025,0.6644731278968832,0.9964280125759116,0.4076344047872466,2487,2040,1960,80,527,203,0,0.0,0,0,0.0,0.0,0,0.0,0,0.0,203,100.0,13.8,57.216,63.961,104.34,866.84,31.161,424.53,12.872,175.04,11.696,159.14,57.4,58.2,55.4,55.8,58.2,63.3,4.9,36.0,5026.0,5027,106
b202cae2-672e61c5,Statues-200,0.7858365291524025,0.6644731278968832,0.9964280125759116,0.4076344047872466,2487,2040,1960,80,527,203,0,0.0,0,0,0.0,0.0,0,0.0,0,0.0,203,100.0,13.81,57.27,70.533,101.682,960.37,31.187,425.32,12.855,175.07,11.679,159.12,57.4,58.1,55.4,55.8,58.1,67.8,4.9,35.8,5027.0,5027,105
b202cae2-672e61c5,Statues-500,0.7858365291524025,0.6644731278968832,0.9964280125759116,0.4076344047872466,2487,2040,1960,80,527,203,0,0.0,0,0,0.0,0.0,0,0.0,0,0.0,203,100.0,13.78,57.088,64.535,98.166,871.08,31.214,422.33,12.878,174.07,11.671,157.81,57.3,58.3,55.3,56.1,58.3,63.0,4.9,36.0,5031.0,5031,105
b202cae2-f46c74a6,Statues-25,0.707626689543081,0.5930975433125357,0.9969614757304144,0.3614125519985531,2328,1691,1652,39,676,202,0,0.0,0,0,0.0,0.0,0,0.0,0,0.0,202,100.0,13.38,55.736,69.748,101.944,915.39,31.737,418.44,13.055,171.82,11.783,155.16,57.4,58.3,55.7,56.3,58.3,66.7,5.0,36.7,5031.0,5032,106
b202cae2-f46c74a6,Statues-75,0.707626689543081,0.5930975433125357,0.9969614757304144,0.3614125519985531,2328,1691,1652,39,676,202,0,0.0,0,0,0.0,0.0,0,0.0,0,0.0,202,100.0,13.48,56.224,69.052,106.438,911.55,31.615,418.54,13.021,172.08,11.796,155.96,57.4,58.4,55.7,56.2,58.4,68.3,4.9,36.7,5031.0,5031,105
b202cae2-f46c74a6,Statues-200,0.707626689543081,0.5930975433125357,0.9969614757304144,0.3614125519985531,2328,1691,1652,39,676,202,0,0.0,0,0,0.0,0.0,0,0.0,0,0.0,202,100.0,13.33,55.551,67.947,104.74,891.58,31.878,419.76,13.039,171.46,11.826,155.57,57.4,58.5,55.7,56.2,58.4,65.5,5.0,37.0,5036.0,5036,105
b202cae2-f46c74a6,Statues-500,0.707626689543081,0.5930975433125357,0.9969614757304144,0.3614125519985531,2328,1691,1652,39,676,202,0,0.0,0,0,0.0,0.0,0,0.0,0,0.0,202,100.0,13.54,56.579,67.705,104.264,899.55,31.696,422.56,13.015,173.18,11.769,156.67,57.5,58.5,55.7,56.2,58.5,63.6,4.9,36.3,5038.0,5038,102
b2036451-aa924fd1,Statues-25,0.7964008985460149,0.626496573328893,0.9890450931185728,0.42276769977493966,1941,1672,1560,112,381,194,8,3.96,0,8,0.0,3.96,0,0.0,0,0.0,194,96.04,13.46,56.275,64.79,103.932,857.63,30.497,403.98,12.776,169.05,11.577,153.24,57.2,58.4,55.6,56.2,58.4,59.8,4.9,35.5,5036.0,5040,102
b2036451-aa924fd1,Statues-75,0.7945504655315542,0.625117940169049,0.9876590938858295,0.4240247932693825,1941,1681,1558,123,383,186,16,7.92,0,16,0.0,7.92,0,0.0,0,0.0,186,92.08,13.05,54.185,61.538,102.886,784.18,30.354,389.82,12.778,163.79,11.552,148.15,57.1,57.9,55.4,56.0,58.0,58.0,5.0,34.8,5038.0,5040,98
b2036451-aa924fd1,Statues-200,0.7771419430768285,0.6024199262417833,0.9763164219065826,0.41267822710899815,1941,1659,1543,116,398,173,29,14.36,0,29,0.0,14.36,0,0.0,0,0.0,173,85.64,11.85,49.708,51.677,102.45,599.54,30.859,359.31,12.845,149.28,11.616,135.07,56.9,57.9,55.4,56.1,57.9,45.7,4.9,35.6,5039.0,5040,89
b2036451-aa924fd1,Statues-500,0.7645756067199045,0.5637851270242693,0.9721787601385677,0.4116555287454735,1941,1668,1523,145,418,163,39,19.31,0,39,0.0,19.31,0,0.0,0,0.0,163,80.69,11.45,47.519,64.835,103.37,723.56,30.163,337.92,12.719,142.25,11.498,128.67,57.0,57.7,55.4,56.1,57.7,61.6,5.0,34.8,5042.0,5043,86
b204a5c1-05981158,Statues-25,0.6972062519695388,0.5505706587686123,0.9784305392884808,0.377295733911786,922,720,655,65,267,76,26,25.49,0,26,0.0,25.49,0,0.0,0,0.0,76,74.51,5.35,42.333,62.307,102.248,316.53,29.216,148.4,12.564,63.64,11.254,57.05,56.8,57.8,55.2,55.6,57.8,59.7,5.0,32.4,5043.0,5045,41
b204a5c1-05981158,Statues-75,0.6952608754787515,0.5481522683697346,0.9788400143309692,0.3753953634920442,922,716,653,63,269,70,32,31.37,0,32,0.0,31.37,0,0.0,0,0.0,70,68.63,4.95,38.551,54.422,97.094,247.4,29.449,137.06,12.609,58.49,11.341,52.65,56.7,57.3,54.8,55.1,57.3,48.5,5.1,33.5,5044.0,5045,37
b204a5c1-05981158,Statues-200,0.68637456577562,0.5337787501662674,0.962554057012292,0.3810706995516217,922,746,654,92,268,50,52,50.98,0,52,0.0,50.98,0,0.0,0,0.0,50,49.02,3.99,30.271,64.934,96.29,247.02,26.759,101.44,12.151,45.89,10.816,40.89,56.5,57.1,54.7,55.0,57.2,62.1,5.1,30.1,5043.0,5043,29
b204a5c1-05981158,Statues-500,0.7305073394595415,0.5460933962095453,0.9870136849605026,0.37835890467717953,922,712,682,30,240,42,60,58.82,0,60,0.0,58.82,0,0.0,0,0.0,42,41.18,3.41,25.688,60.043,97.232,185.48,27.262,85.09,12.164,37.59,10.897,33.74,56.2,56.9,54.5,54.9,56.9,53.6,5.3,30.0,5043.0,5043,24
b204a5c1-064b0040,Statues-25,0.6608287453654103,0.4601972775878752,0.980686044068228,0.35352206525825924,2247,1637,1511,126,736,183,19,9.41,0,19,0.0,9.41,0,0.0,0,0.0,183,90.59,13.2,53.289,65.923,101.402,848.8,29.631,383.26,12.553,162.13,11.359,146.77,56.5,57.8,54.6,55.3,57.8,61.1,5.0,34.0,5036.0,5042,99
b204a5c1-064b0040,Statues-75,0.6594067865625817,0.45903135455920535,0.9804819578126112,0.35295800448848547,2247,1635,1508,127,739,181,21,10.4,0,21,0.0,10.4,0,0.0,0,0.0,181,89.6,13.14,52.684,64.992,105.66,837.33,29.444,381.24,12.501,161.61,11.337,146.62,56.5,57.2,54.7,55.2,57.5,60.2,5.0,33.9,5035.0,5037,99
b204a5c1-064b0040,Statues-200,0.6662023746292589,0.46153043205578526,0.9766477112898159,0.3548635854120152,2247,1654,1530,124,717,178,24,11.88,0,24,0.0,11.88,0,0.0,0,0.0,178,88.12,13.06,52.429,62.728,104.782,800.09,29.112,374.08,12.45,159.75,11.259,144.53,56.4,57.1,54.5,55.3,57.1,56.3,5.1,33.3,5033.0,5033,99
b204a5c1-064b0040,Statues-500,0.6180368039905593,0.424188767024763,0.9403829704018776,0.33851033701500993,2247,1650,1474,176,773,156,46,22.77,0,46,0.0,22.77,0,0.0,0,0.0,156,77.23,11.39,45.137,65.746,101.98,732.07,29.297,326.67,12.508,139.09,11.304,125.8,56.4,57.3,54.5,55.2,57.3,59.5,5.1,33.7,5035.0,5038,89
b204a5c1-fa3d5b88,Statues-25,0.7039134986309221,0.538160806112501,0.9930614921008482,0.36521581912665124,2527,1867,1790,77,737,202,0,0.0,0,0,0.0,0.0,0,0.0,0,0.0,202,100.0,13.72,56.192,67.835,101.522,913.55,31.106,420.98,12.791,172.84,11.638,157.34,56.6,57.7,54.7,55.1,57.7,64.4,5.0,36.0,5040.0,5040,108
b204a5c1-fa3d5b88,Statues-75,0.7039134986309221,0.538160806112501,0.9930614921008482,0.36521581912665124,2527,1867,1790,77,737,202,0,0.0,0,0,0.0,0.0,0,0.0,0,0.0,202,100.0,13.75,56.737,50.982,100.778,692.55,30.948,418.4,12.767,172.5,11.597,156.73,56.5,57.1,54.7,55.1,57.1,42.9,4.9,35.9,5040.0,5040,103
b204a5c1-fa3d5b88,Statues-200,0.7039134986309221,0.538160806112501,0.9930614921008482,0.36521581912665124,2527,1867,1790,77,737,202,0,0.0,0,0,0.0,0.0,0,0.0,0,0.0,202,100.0,14.02,57.74,68.649,104.03,947.1,30.619,422.53,12.765,175.85,11.55,159.21,56.7,57.5,55.0,55.5,57.6,65.8,5.0,35.2,5041.0,5041,105
b204a5c1-fa3d5b88,Statues-500,0.7054838880227594,0.538710678543098,0.9930610959201888,0.3659972034787523,2527,1871,1794,77,733,200,2,0.99,0,2,0.0,0.99,0,0.0,0,0.0,200,99.01,14.05,57.768,64.422,103.536,885.2,30.275,416.84,12.664,174.05,11.502,158.16,56.6,57.3,55.0,55.5,57.3,61.1,5.0,34.7,5041.0,5041,104
b205eb4d-f84aaa1a,Statues-25,0.7670380493451481,0.6539990609212043,0.9969783052908447,0.3941393367965477,2005,1588,1542,46,463,202,0,0.0,0,0,0.0,0.0,0,0.0,0,0.0,202,100.0,13.64,56.458,64.964,99.776,869.87,31.268,418.3,12.842,171.7,11.679,156.18,56.7,58.1,55.1,55.6,57.9,62.1,5.0,36.2,5041.0,5041,106
b205eb4d-f84aaa1a,Statues-75,0.7670380493451481,0.6539990609212043,0.9969783052908447,0.3941393367965477,2005,1588,1542,46,463,202,0,0.0,0,0,0.0,0.0,0,0.0,0,0.0,202,100.0,13.5,55.75,65.612,103.376,867.36,31.496,416.4,12.962,171.12,11.717,154.75,56.9,58.0,55.2,55.8,58.0,63.8,5.0,36.6,5042.0,5042,106
b205eb4d-f84aaa1a,Statues-200,0.7670380493451481,0.6539990609212043,0.9969783052908447,0.3941393367965477,2005,1588,1542,46,463,202,0,0.0,0,0,0.0,0.0,0,0.0,0,0.0,202,100.0,13.46,55.557,65.572,102.626,862.99,31.6,417.9,12.962,171.14,11.734,155.0,57.0,58.0,55.3,56.0,58.0,63.0,5.0,36.7,5043.0,5044,106
b205eb4d-f84aaa1a,Statues-500,0.7670380493451481,0.6539990609212043,0.9969783052908447,0.3941393367965477,2005,1588,1542,46,463,202,0,0.0,0,0,0.0,0.0,0,0.0,0,0.0,202,100.0,13.45,55.557,68.468,103.354,904.54,31.686,420.41,12.98,171.96,11.742,155.63,57.1,58.5,55.4,56.0,58.5,66.0,5.0,36.8,5045.0,5045,106
b2064e61-2beadd45,Statues-25,0.6530411768945346,0.5109994737652654,0.9944200410344771,0.3389213702158225,2109,1443,1384,59,725,166,37,18.23,0,37,0.0,18.23,0,0.0,0,0.0,166,81.77,10.71,45.484,61.726,103.554,641.99,32.399,337.2,13.097,136.07,11.932,124.04,57.1,58.0,55.4,56.2,58.0,58.3,4.8,37.6,5049.0,5049,84
b2064e61-2beadd45,Statues-75,0.651963884407585,0.5145145457481342,0.9928294211604285,0.33802825694717586,2109,1443,1384,59,725,162,41,20.2,0,41,0.0,20.2,0,0.0,0,0.0,162,79.8,10.4,44.164,44.816,95.712,454.86,32.32,327.25,13.109,132.44,11.912,120.42,57.0,58.3,55.3,55.6,58.3,40.6,4.9,37.8,5049.0,5050,81
b2064e61-2beadd45,Statues-200,0.6347348723971965,0.4894061175374481,0.9820636739299479,0.33257566777303615,2109,1440,1362,78,747,146,57,28.08,0,57,0.0,28.08,0,0.0,0,0.0,146,71.92,9.6,40.327,49.731,102.254,465.84,31.762,296.49,13.036,121.4,11.804,109.99,57.0,58.2,55.2,55.8,58.3,45.9,4.9,37.2,5054.0,5054,75
b2064e61-2beadd45,Statues-500,0.5665510171149687,0.4220869736463004,0.9378645864945216,0.31167001503607394,2109,1426,1272,154,837,109,94,46.31,0,94,0.0,46.31,0,0.0,0,0.0,109,53.69,7.67,31.638,52.864,98.87,400.92,30.269,228.33,12.729,95.58,11.514,86.54,56.9,58.4,55.1,55.7,58.4,46.3,5.0,35.0,5053.0,5054,58
b206a78b-99f405ab,Statues-25,0.5990287227012359,0.48216263056782915,0.9919329472140866,0.3067474202049308,2188,1359,1321,38,867,202,0,0.0,0,0,0.0,0.0,0,0.0,0,0.0,202,100.0,13.18,56.42,45.322,101.786,585.87,31.989,414.36,13.076,169.18,11.867,153.59,57.0,57.9,55.1,55.6,57.9,39.3,4.9,37.4,5054.0,5054,99
b206a78b-99f405ab,Statues-75,0.5968088352155174,0.48027480741431205,0.9912334809348564,0.30594358724953824,2188,1357,1317,40,871,198,4,1.98,0,4,0.0,1.98,0,0.0,0,0.0,198,98.02,12.92,55.166,69.623,104.418,878.48,32.17,408.37,13.092,165.92,11.897,150.82,57.2,58.2,55.2,55.7,58.5,65.8,4.8,37.2,5055.0,5057,99
b206a78b-99f405ab,Statues-200,0.5919918134057739,0.4765010760976571,0.9899032930673025,0.304568831196887,2188,1354,1308,46,880,196,6,2.97,0,6,0.0,2.97,0,0.0,0,0.0,196,97.03,12.75,54.344,79.597,100.648,995.83,32.587,409.1,13.168,165.05,11.972,150.13,57.6,58.5,55.4,55.7,58.5,81.2,4.9,37.8,5057.0,5057,98
b206a78b-99f405ab,Statues-500,0.5888092508172796,0.4731579848427187,0.9867798411378607,0.3042341005834475,2188,1358,1305,53,883,186,16,7.92,0,16,0.0,7.92,0,0.0,0,0.0,186,92.08,12.19,51.766,48.489,100.528,580.56,32.186,384.7,13.121,156.55,11.885,141.86,57.2,58.3,55.3,55.7,58.3,43.4,4.9,37.5,5057.0,5058,93
b2080dc7-f9b98a5f,Statues-25,0.14917470174865174,0.10444282244056276,0.8919934436848952,0.08025120818060841,1055,203,176,27,879,177,25,12.38,0,25,0.0,12.38,0,0.0,0,0.0,177,87.62,10.85,47.12,62.53,103.19,664.47,33.704,359.77,13.393,142.78,12.158,129.67,57.5,58.7,55.5,55.9,58.7,60.6,4.7,39.5,5059.0,5059,85
b2080dc7-f9b98a5f,Statues-75,0.13614096006757073,0.09286268060705977,0.8568112687617524,0.07391018722725352,1055,202,167,35,888,168,34,16.83,0,34,0.0,16.83,0,0.0,0,0.0,168,83.17,10.3,44.479,66.992,103.098,667.35,33.781,338.12,13.49,134.79,12.249,122.47,57.9,59.2,56.1,57.0,59.2,65.7,4.7,40.2,5058.0,5058,80
b2080dc7-f9b98a5f,Statues-200,0.13837308781613192,0.09487523020724423,0.9171243461936093,0.07346774841352718,1055,177,159,18,896,155,47,23.27,0,47,0.0,23.27,0,0.0,0,0.0,155,76.73,9.61,41.308,64.408,99.258,603.55,33.467,314.76,13.5,126.81,12.132,114.0,57.9,59.1,56.3,56.8,59.1,61.7,4.8,39.6,5058.0,5058,74
b2080dc7-f9b98a5f,Statues-500,0.09517563701391465,0.06504793658151051,0.7394575279660878,0.06391202319053974,1055,206,133,73,922,139,63,31.19,0,63,0.0,31.19,0,0.0,0,0.0,139,68.81,8.73,37.267,66.416,102.524,562.72,33.039,281.65,13.413,114.15,12.064,102.72,58.0,59.0,56.3,57.2,59.0,64.5,4.7,39.1,5058.0,5058,68
b20841f9-cef732d5,Statues-25,0.7276683418501186,0.5764803114982674,0.971893408722787,0.38581876094187045,2083,1670,1558,112,525,203,0,0.0,0,0,0.0,0.0,0,0.0,0,0.0,203,100.0,13.55,56.594,67.136,99.026,898.02,31.724,424.12,12.991,173.48,11.827,157.99,57.8,58.8,56.1,56.5,58.8,63.8,4.9,37.1,5057.0,5058,105
b20841f9-cef732d5,Statues-75,0.7276683418501186,0.5764803114982674,0.971893408722787,0.38581876094187045,2083,1670,1558,112,525,203,0,0.0,0,0,0.0,0.0,0,0.0,0,0.0,203,100.0,13.47,56.22,66.138,101.308,874.92,31.869,419.74,13.055,171.74,11.838,155.78,57.6,58.5,55.9,56.5,58.5,62.7,4.8,36.7,5054.0,5055,104
b20841f9-cef732d5,Statues-200,0.727621165569782,0.5762856172328038,0.9718327944249654,0.38578225210644485,2083,1670,1558,112,525,202,1,0.49,0,1,0.0,0.49,0,0.0,0,0.0,202,99.51,13.37,55.734,67.456,101.842,885.74,31.906,418.81,13.013,170.56,11.851,155.4,57.6,58.7,55.8,56.4,58.6,65.0,4.9,36.8,5055.0,5058,103
b20841f9-cef732d5,Statues-500,0.7272725001025777,0.5760827440191185,0.971905526233936,0.38617786501342605,2083,1672,1557,115,526,199,4,1.97,0,4,0.0,1.97,0,0.0,0,0.0,199,98.03,13.4,55.868,64.236,106.866,845.67,31.441,416.31,12.916,170.69,11.763,155.55,57.5,58.4,55.8,56.2,58.4,61.4,4.9,36.3,5058.0,5058,102
b20b69d2-64b9cdb8,Statues-25,0.6718034864516869,0.5541533004190692,0.9874402290148421,0.36126574155771246,1300,959,882,77,418,203,0,0.0,0,0,0.0,0.0,0,0.0,0,0.0,203,100.0,13.57,55.872,57.63,100.478,766.01,31.615,422.69,12.993,173.46,11.76,157.05,57.4,58.1,55.7,56.4,58.1,55.3,4.9,36.5,5058.0,5059,102
b20b69d2-64b9cdb8,Statues-75,0.6718034864516869,0.5541533004190692,0.9874402290148421,0.36126574155771246,1300,959,882,77,418,203,0,0.0,0,0,0.0,0.0,0,0.0,0,0.0,203,100.0,13.4,55.118,67.513,102.97,889.21,31.908,418.4,13.126,171.92,11.847,155.21,57.5,58.5,55.9,56.4,58.5,65.5,4.9,37.3,5059.0,5059,105
b20b69d2-64b9cdb8,Statues-200,0.6717805506155491,0.5539982771603345,0.9874082331396689,0.36124568861795137,1300,959,882,77,418,202,1,0.49,0,1,0.0,0.49,0,0.0,0,0.0,202,99.51,13.33,54.764,73.535,106.274,969.07,31.9,417.77,13.05,170.72,11.831,154.82,57.6,58.4,55.8,56.3,58.4,70.8,4.9,37.2,5062.0,5064,104
b20b69d2-64b9cdb8,Statues-500,0.6610034906236364,0.5410135573372745,0.9803873654249089,0.35768267223382044,1300,958,874,84,426,194,9,4.43,0,9,0.0,4.43,0,0.0,0,0.0,194,95.57,12.85,52.559,64.673,103.418,815.83,31.819,401.24,13.052,164.28,11.806,148.7,57.6,58.6,55.8,56.7,58.6,63.6,4.9,36.8,5064.0,5065,101
b20b69d2-650e674d,Statues-25,0.7422207583123996,0.5593785688842839,0.9867725160620554,0.3889046565947778,3258,2589,2448,141,810,180,22,10.89,0,22,0.0,10.89,0,0.0,0,0.0,180,89.11,12.74,51.616,65.935,101.564,816.26,30.443,379.31,12.765,158.72,11.542,143.57,57.3,58.4,55.6,56.1,58.4,62.8,5.0,35.3,5066.0,5070,99
b20b69d2-650e674d,Statues-75,0.7488114830457144,0.5604323069409395,0.9866548856421324,0.39240251027997386,3258,2613,2470,143,788,179,23,11.39,0,23,0.0,11.39,0,0.0,0,0.0,179,88.61,12.71,51.567,65.404,101.644,819.38,30.25,378.08,12.706,158.35,11.49,143.32,57.0,58.0,55.1,55.6,58.3,62.1,5.0,34.4,5073.0,5073,98
b20b69d2-650e674d,Statues-200,0.7488114830457144,0.5604323069409395,0.9866548856421324,0.39240251027997386,3258,2613,2470,143,788,179,23,11.39,0,23,0.0,11.39,0,0.0,0,0.0,179,88.61,13.06,53.345,64.882,103.038,835.19,29.569,380.64,12.523,160.73,11.352,145.82,56.7,58.0,54.9,55.5,58.0,59.9,5.0,33.6,5072.0,5073,97
b20b69d2-650e674d,Statues-500,0.7105630638902951,0.5227419706030895,0.9807951499159465,0.3791691038218454,3258,2544,2356,188,902,165,37,18.32,0,37,0.0,18.32,0,0.0,0,0.0,165,81.68,12.32,49.922,62.535,102.44,753.78,29.031,350.67,12.384,149.15,11.242,135.51,56.4,57.3,54.6,55.1,57.3,57.6,5.0,33.2,5074.0,5077,92
b20b69d2-6e2b9e73,Statues-25,0.5447632692979789,0.40960724541779714,0.9705765843779257,0.2917566026521518,1317,801,738,63,579,187,16,7.88,0,16,0.0,7.88,0,0.0,0,0.0,187,92.12,12.59,51.589,64.786,101.82,798.25,31.276,384.73,12.935,158.8,11.679,143.47,56.7,57.5,54.8,55.3,57.5,63.3,4.9,35.8,5073.0,5075,94
b20b69d2-6e2b9e73,Statues-75,0.5443236926706054,0.4091735918217587,0.9563782237723122,0.2959672758480774,1317,829,748,81,569,183,20,9.85,0,20,0.0,9.85,0,0.0,0,0.0,183,90.15,12.35,50.517,68.888,101.632,831.6,31.266,377.02,12.901,155.36,11.705,140.99,57.0,57.8,55.1,55.5,57.8,65.9,5.0,36.2,5073.0,5074,91
b20b69d2-6e2b9e73,Statues-200,0.5428780317520678,0.4082248661610321,0.9564457277482904,0.29491231263363615,1317,826,746,80,571,182,21,10.34,0,21,0.0,10.34,0,0.0,0,0.0,182,89.66,12.21,49.95,61.266,106.184,736.36,31.477,378.94,12.964,155.81,11.709,140.8,57.0,57.9,55.2,55.8,57.9,57.5,5.0,36.5,5072.0,5074,93
b20b69d2-6e2b9e73,Statues-500,0.5208923464861963,0.3869859678778416,0.9368789614363439,0.29476544342670785,1317,854,728,126,589,179,24,11.82,0,24,0.0,11.82,0,0.0,0,0.0,179,88.18,12.0,49.053,65.31,106.916,771.95,31.488,372.05,13.006,153.47,11.726,138.41,57.1,58.1,55.2,55.6,58.1,62.4,5.0,36.4,5069.0,5069,91
b20b69d2-7767e6b6,Statues-25,0.7219939937250178,0.5856739073815038,0.978375279015677,0.3860105272070445,1032,824,760,64,272,203,0,0.0,0,0,0.0,0.0,0,0.0,0,0.0,203,100.0,13.5,55.407,62.528,101.018,826.45,31.867,421.51,13.048,172.32,11.809,156.02,57.2,58.2,55.2,55.6,58.2,61.7,5.0,37.1,5069.0,5069,102
b20b69d2-7767e6b6,Statues-75,0.7219939937250178,0.5856739073815038,0.978375279015677,0.3860105272070445,1032,824,760,64,272,203,0,0.0,0,0,0.0,0.0,0,0.0,0,0.0,203,100.0,13.3,54.517,69.908,102.38,913.41,32.066,419.19,13.036,170.17,11.833,154.52,57.3,58.2,55.3,55.8,58.2,68.3,4.9,37.4,5069.0,5069,105
b20b69d2-7767e6b6,Statues-200,0.7219939937250178,0.5856739073815038,0.978375279015677,0.3860105272070445,1032,824,760,64,272,203,0,0.0,0,0,0.0,0.0,0,0.0,0,0.0,203,100.0,13.38,54.997,64.641,102.914,854.83,31.852,420.08,13.008,171.23,11.807,155.5,57.3,58.2,55.4,56.2,58.2,62.5,5.0,37.1,5071.0,5073,100
b20b69d2-7767e6b6,Statues-500,0.7219939937250178,0.5856739073815038,0.978375279015677,0.3860105272070445,1032,824,760,64,272,203,0,0.0,0,0,0.0,0.0,0,0.0,0,0.0,203,100.0,13.5,55.456,69.81,102.464,928.6,31.738,421.45,12.94,171.65,11.794,156.48,57.4,58.2,55.6,56.2,58.0,68.3,5.0,37.2,5073.0,5073,103
b20b69d2-bd242bf0,Statues-25,0.7064687076348107,0.5079231250854203,0.990232496478613,0.37154811198537174,2122,1602,1512,90,610,160,0,0.0,0,0,0.0,0.0,0,0.0,0,0.0,160,100.0,10.77,56.762,60.669,102.116,636.07,31.18,326.51,12.887,134.77,11.669,122.09,57.2,58.1,55.5,56.2,58.1,57.8,4.9,36.0,5074.0,5074,82
b20b69d2-bd242bf0,Statues-75,0.7064687076348107,0.5079231250854203,0.990232496478613,0.37154811198537174,2122,1602,1512,90,610,160,0,0.0,0,0,0.0,0.0,0,0.0,0,0.0,160,100.0,10.58,55.687,63.368,101.936,654.32,31.636,327.5,12.955,133.88,11.747,121.47,57.2,58.6,55.2,55.7,58.6,60.7,5.0,36.4,5074.0,5074,83
b20b69d2-bd242bf0,Statues-200,0.7064687076348107,0.5079231250854203,0.990232496478613,0.37154811198537174,2122,1602,1512,90,610,160,0,0.0,0,0,0.0,0.0,0,0.0,0,0.0,160,100.0,10.71,56.461,66.304,100.86,694.39,31.295,328.45,12.898,135.17,11.684,122.52,57.1,58.1,55.2,55.6,58.1,64.9,4.9,36.3,5073.0,5074,83
b20b69d2-bd242bf0,Statues-500,0.7064687076348107,0.5079231250854203,0.990232496478613,0.37154811198537174,2122,1602,1512,90,610,160,0,0.0,0,0,0.0,0.0,0,0.0,0,0.0,160,100.0,10.76,56.75,66.539,102.544,697.02,31.324,327.78,12.94,135.18,11.687,122.17,57.2,58.1,55.2,55.6,58.1,64.3,5.0,35.8,5074.0,5074,82
b20b69d2-ca16c907,Statues-25,0.6975489915672911,0.5666108372953311,0.9825005904987957,0.3802414466215804,891,698,630,68,261,171,27,13.64,0,27,0.0,13.64,0,0.0,0,0.0,171,86.36,11.55,47.884,67.093,100.834,760.37,31.657,359.25,13.027,147.47,11.742,133.0,57.3,58.0,55.3,55.8,58.0,64.6,5.0,36.4,5074.0,5079,89
b20b69d2-ca16c907,Statues-75,0.6794324681284671,0.552290833361416,0.9832227351303614,0.37138393232372674,891,681,613,68,278,163,35,17.68,0,35,0.0,17.68,0,0.0,0,0.0,163,82.32,10.97,45.438,71.241,98.616,767.12,31.704,341.64,13.036,140.1,11.764,126.51,57.3,58.3,55.3,55.7,58.2,69.5,5.0,36.7,5075.0,5078,86
b20b69d2-ca16c907,Statues-200,0.6814678357696331,0.5535551480786371,0.9830009272515443,0.3723291151304816,891,683,615,68,276,162,36,18.18,0,36,0.0,18.18,0,0.0,0,0.0,162,81.82,10.95,45.331,63.532,101.846,676.96,31.525,337.54,12.934,138.06,11.76,125.63,57.2,58.3,55.5,56.2,58.3,60.3,5.0,36.5,5078.0,5080,85
b20b69d2-ca16c907,Statues-500,0.7168954573823465,0.5804893084957953,0.9819931616589429,0.38973847726175476,891,716,648,68,243,156,42,21.21,0,42,0.0,21.21,0,0.0,0,0.0,156,78.79,10.6,43.785,70.514,106.394,726.65,31.705,327.41,13.046,134.34,11.771,121.29,57.2,58.1,55.3,56.0,58.1,67.0,5.0,36.5,5076.0,5076,82
b20b69d2-e31380a7,Statues-25,0.738990542077119,0.6165771833309744,0.9965194236529413,0.38407187071425924,529,408,392,16,137,174,0,0.0,0,0,0.0,0.0,0,0.0,0,0.0,174,100.0,11.21,54.143,70.696,105.8,778.18,32.47,357.25,13.165,144.58,11.908,130.84,57.4,58.4,55.3,55.8,58.4,68.9,4.9,37.4,5077.0,5077,88
b20b69d2-e31380a7,Statues-75,0.738990542077119,0.6165771833309744,0.9965194236529413,0.38407187071425924,529,408,392,16,137,174,0,0.0,0,0,0.0,0.0,0,0.0,0,0.0,174,100.0,11.19,53.946,68.69,99.564,749.11,32.501,355.86,13.211,144.44,11.905,130.2,57.5,58.6,55.5,55.9,58.6,69.1,4.9,38.1,5077.0,5077,88
b20b69d2-e31380a7,Statues-200,0.738990542077119,0.6165771833309744,0.9965194236529413,0.38407187071425924,529,408,392,16,137,174,0,0.0,0,0,0.0,0.0,0,0.0,0,0.0,174,100.0,11.2,53.926,62.722,103.172,685.94,32.58,355.67,13.198,143.88,11.927,130.07,57.5,58.3,55.7,56.0,58.3,60.4,5.0,38.0,5078.0,5078,85
b20b69d2-e31380a7,Statues-500,0.738990542077119,0.6165771833309744,0.9965194236529413,0.38407187071425924,529,408,392,16,137,174,0,0.0,0,0,0.0,0.0,0,0.0,0,0.0,174,100.0,11.17,53.823,66.11,107.262,723.7,32.576,358.13,13.187,144.73,11.931,131.02,57.7,59.1,55.6,56.1,59.1,64.0,4.9,38.0,5078.0,5078,89
b20b69d2-ffc1d6af,Statues-25,0.6876025867377835,0.5509035854066193,0.9915992512989534,0.3568989060267864,1622,1173,1124,49,498,199,0,0.0,0,0,0.0,0.0,0,0.0,0,0.0,199,100.0,13.1,54.7,59.688,102.96,776.95,32.01,411.7,13.047,167.61,11.824,151.97,57.5,58.2,55.6,56.3,58.2,55.8,4.9,37.3,5074.0,5079,101
b20b69d2-ffc1d6af,Statues-75,0.6876025867377835,0.5509035854066193,0.9915992512989534,0.3568989060267864,1622,1173,1124,49,498,199,0,0.0,0,0,0.0,0.0,0,0.0,0,0.0,199,100.0,12.93,54.412,57.357,103.452,727.17,32.212,407.83,13.099,165.58,11.868,150.08,57.5,58.7,55.7,56.4,58.7,53.7,4.9,37.5,5078.0,5079,100
b20b69d2-ffc1d6af,Statues-200,0.6876025867377835,0.5509035854066193,0.9915992512989534,0.3568989060267864,1622,1173,1124,49,498,199,0,0.0,0,0,0.0,0.0,0,0.0,0,0.0,199,100.0,13.15,54.917,47.601,99.742,618.76,31.367,405.9,12.959,167.42,11.749,151.87,57.1,58.4,55.6,56.4,58.5,43.2,5.0,37.1,5077.0,5077,98
b20b69d2-ffc1d6af,Statues-500,0.6876025867377835,0.5509035854066193,0.9915992512989534,0.3568989060267864,1622,1173,1124,49,498,199,0,0.0,0,0,0.0,0.0,0,0.0,0,0.0,199,100.0,13.03,54.805,55.648,107.044,712.17,32.022,407.26,13.028,165.56,11.842,150.54,57.4,58.1,55.6,56.3,58.1,53.3,5.0,37.3,5080.0,5081,99
b20b9c19-91e01a50,Statues-25,0.7961619508354004,0.6042711888168864,0.960930512346928,0.45416132837556294,1745,1693,1432,261,313,202,0,0.0,0,0,0.0,0.0,0,0.0,0,0.0,202,100.0,13.22,55.487,63.396,102.17,817.45,31.769,412.07,12.993,168.24,11.808,152.98,57.4,58.5,55.8,56.6,58.5,60.5,4.9,37.6,5077.0,5078,100
b20b9c19-91e01a50,Statues-75,0.7961619508354004,0.6042711888168864,0.960930512346928,0.45416132837556294,1745,1693,1432,261,313,202,0,0.0,0,0,0.0,0.0,0,0.0,0,0.0,202,100.0,12.95,54.185,33.998,105.944,436.65,32.319,410.99,12.988,165.08,11.894,151.19,57.2,57.9,55.5,56.0,57.9,23.9,4.9,38.4,5078.0,5078,100
b20b9c19-91e01a50,Statues-200,0.7961619508354004,0.6042711888168864,0.960930512346928,0.45416132837556294,1745,1693,1432,261,313,202,0,0.0,0,0,0.0,0.0,0,0.0,0,0.0,202,100.0,12.81,53.629,26.913,64.522,335.98,32.634,410.82,13.079,164.42,11.935,150.11,57.3,57.6,55.6,56.0,57.6,15.9,4.8,38.9,5081.0,5082,100
b20b9c19-91e01a50,Statues-500,0.7961619508354004,0.6042711888168864,0.960930512346928,0.45416132837556294,1745,1693,1432,261,313,202,0,0.0,0,0,0.0,0.0,0,0.0,0,0.0,202,100.0,12.85,53.794,29.214,100.612,369.73,32.583,411.35,13.091,165.07,11.926,150.43,57.4,57.7,55.6,55.9,57.7,17.7,4.9,38.8,5086.0,5086,100
b20d494a-cdebe83e,Statues-25,0.6191482122488082,0.472583961391342,0.9660755464085368,0.3473873894251521,1203,882,766,116,437,198,0,0.0,0,0,0.0,0.0,0,0.0,0,0.0,198,100.0,12.23,53.591,57.099,107.236,685.93,33.396,399.26,13.302,158.74,12.109,144.56,57.7,58.8,55.9,56.3,58.8,57.6,4.8,39.4,5084.0,5084,95
b20d494a-cdebe83e,Statues-75,0.6191482122488082,0.472583961391342,0.9660755464085368,0.3473873894251521,1203,882,766,116,437,198,0,0.0,0,0,0.0,0.0,0,0.0,0,0.0,198,100.0,12.18,53.482,60.502,105.118,720.76,33.663,400.23,13.41,159.18,12.167,144.49,58.0,59.0,56.1,56.5,59.5,60.9,4.8,39.9,5089.0,5090,94
b20d494a-cdebe83e,Statues-200,0.6199255671930715,0.47160394351848794,0.9660473187315252,0.3477630950935232,1203,883,767,116,436,197,1,0.51,0,1,0.0,0.51,0,0.0,0,0.0,197,99.49,12.18,53.378,66.566,100.99,796.81,33.425,399.72,13.355,159.45,12.151,145.13,58.1,59.2,56.2,56.6,59.2,64.5,4.8,39.7,5090.0,5092,95
b20d494a-cdebe83e,Statues-500,0.615888338050429,0.4680999964879525,0.9636432417265384,0.34625505853225425,1203,881,764,117,439,196,2,1.01,0,2,0.0,1.01,0,0.0,0,0.0,196,98.99,12.09,53.067,69.891,107.176,831.31,33.44,397.78,13.422,159.41,12.186,144.77,58.2,59.7,56.4,56.8,59.7,68.6,4.8,39.9,5090.0,5090,94
b20e291a-32ac11c1,Statues-25,0.7158210521983082,0.5487355381686873,0.9755872967084381,0.3949410808614384,2599,2140,1897,243,702,202,0,0.0,0,0,0.0,0.0,0,0.0,0,0.0,202,100.0,13.11,54.166,30.454,100.252,389.93,32.386,415.0,13.032,166.73,11.883,152.09,57.9,58.6,56.1,56.4,58.6,20.8,4.9,38.1,5086.0,5086,100
b20e291a-32ac11c1,Statues-75,0.7158210521983082,0.5487355381686873,0.9755872967084381,0.3949410808614384,2599,2140,1897,243,702,202,0,0.0,0,0,0.0,0.0,0,0.0,0,0.0,202,100.0,13.03,54.099,25.999,41.676,332.03,32.421,414.78,13.012,166.23,11.877,151.79,57.6,58.1,55.8,56.2,58.1,15.2,4.8,37.8,5091.0,5091,100
b20e291a-32ac11c1,Statues-200,0.7158210521983082,0.5487355381686873,0.9755872967084381,0.3949410808614384,2599,2140,1897,243,702,202,0,0.0,0,0,0.0,0.0,0,0.0,0,0.0,202,100.0,13.85,56.831,49.619,102.222,666.97,30.939,419.43,12.799,173.21,11.628,157.44,57.6,58.8,55.8,56.6,58.8,44.9,4.9,35.7,5100.0,5109,105
b20e291a-32ac11c1,Statues-500,0.7122438133049855,0.5447465422925064,0.9746542971779711,0.39359383398685466,2599,2136,1889,247,710,200,2,0.99,0,2,0.0,0.99,0,0.0,0,0.0,200,99.01,14.42,58.519,62.655,102.546,884.2,29.651,420.93,12.536,177.57,11.407,161.68,57.3,58.2,55.4,56.1,58.2,59.6,5.0,34.1,5112.0,5123,109
b20e291a-6012d836,Statues-25,0.7059317270302736,0.555850549293665,0.979174235172799,0.3807384937870985,2245,1768,1614,154,631,203,0,0.0,0,0,0.0,0.0,0,0.0,0,0.0,203,100.0,14.55,59.404,64.479,103.93,918.69,29.729,425.1,12.606,179.97,11.404,162.9,57.1,58.0,55.1,55.6,58.0,60.7,5.0,34.0,5119.0,5125,111
b20e291a-6012d836,Statues-75,0.7056058741105549,0.5554823548183052,0.9792751136704245,0.38075789335778853,2245,1768,1613,155,632,197,6,2.96,0,6,0.0,2.96,0,0.0,0,0.0,197,97.04,13.97,56.896,64.909,104.75,892.25,30.001,412.99,12.641,173.68,11.442,157.28,57.1,58.4,55.4,56.2,58.4,61.8,5.1,34.5,5119.0,5122,108
b20e291a-6012d836,Statues-200,0.6903571860953448,0.5431929861028127,0.9719479818531767,0.3780872394478821,2245,1777,1588,189,657,165,38,18.72,0,38,0.0,18.72,0,0.0,0,0.0,165,81.28,11.59,47.133,66.097,104.774,753.22,30.341,346.13,12.746,145.11,11.501,131.01,57.1,58.2,55.4,56.1,58.2,62.7,5.0,35.1,5121.0,5121,90
b20e291a-6012d836,Statues-500,0.6845436903267073,0.5353131271150179,0.9709658223191535,0.3756457285672536,2245,1768,1576,192,669,153,50,24.63,0,50,0.0,24.63,0,0.0,0,0.0,153,75.37,10.88,43.876,65.176,101.38,697.78,29.955,321.41,12.623,135.09,11.432,122.44,56.9,58.2,55.3,55.9,58.2,61.5,5.1,34.4,5121.0,5121,85
b20eae11-149766ce,Statues-25,0.2539670467162026,0.18456175266017422,0.9726799353374305,0.13403885021333933,1752,488,457,31,1295,203,0,0.0,0,0,0.0,0.0,0,0.0,0,0.0,203,100.0,12.55,54.079,67.531,100.724,830.87,33.566,413.64,13.435,165.34,12.174,149.89,57.4,58.7,55.6,56.4,58.7,64.5,4.8,38.9,5121.0,5121,97
b20eae11-149766ce,Statues-75,0.2539670467162026,0.18456175266017422,0.9726799353374305,0.13403885021333933,1752,488,457,31,1295,203,0,0.0,0,0,0.0,0.0,0,0.0,0,0.0,203,100.0,12.79,54.966,61.792,101.146,778.72,33.176,418.27,13.342,167.99,12.083,152.19,57.7,58.7,56.0,56.8,58.7,59.2,4.9,39.2,5124.0,5126,99
b20eae11-149766ce,Statues-200,0.2539670467162026,0.18456175266017422,0.9726799353374305,0.13403885021333933,1752,488,457,31,1295,203,0,0.0,0,0,0.0,0.0,0,0.0,0,0.0,203,100.0,12.27,53.188,74.613,104.842,897.7,34.238,413.64,13.581,163.82,12.315,148.6,58.1,59.2,56.1,56.5,59.2,71.4,4.7,40.9,5119.0,5120,94
b20eae11-149766ce,Statues-500,0.2539600187638992,0.1829301311108745,0.9726505566636099,0.1340248147316416,1752,488,457,31,1295,199,4,1.97,0,4,0.0,1.97,0,0.0,0,0.0,199,98.03,12.41,53.332,69.046,106.61,844.44,33.489,408.36,13.439,163.67,12.176,148.33,58.2,59.5,56.2,56.6,59.5,65.6,4.9,39.7,5120.0,5120,92
b20eae11-18cd8ca2,Statues-25,0.40762871855799876,0.2421538602981898,0.9896781374444824,0.2133018158375416,1135,492,467,25,668,202,0,0.0,0,0,0.0,0.0,0,0.0,0,0.0,202,100.0,12.58,54.334,67.695,106.7,837.53,33.444,414.64,13.422,166.17,12.176,150.81,58.2,59.6,56.3,56.6,59.6,65.9,4.9,39.7,5117.0,5117,94
b20eae11-18cd8ca2,Statues-75,0.40762871855799876,0.2421538602981898,0.9896781374444824,0.2133018158375416,1135,492,467,25,668,202,0,0.0,0,0,0.0,0.0,0,0.0,0,0.0,202,100.0,12.59,54.365,66.31,106.626,822.17,33.452,413.19,13.401,165.27,12.164,150.08,58.3,59.7,56.3,56.6,59.7,63.1,4.9,39.7,5117.0,5117,94
b20eae11-18cd8ca2,Statues-200,0.40762871855799876,0.2421538602981898,0.9896781374444824,0.2133018158375416,1135,492,467,25,668,202,0,0.0,0,0,0.0,0.0,0,0.0,0,0.0,202,100.0,12.57,54.292,71.144,105.876,874.05,33.595,414.45,13.468,165.97,12.202,150.43,58.4,59.6,56.4,56.8,59.6,68.6,4.9,39.8,5117.0,5117,94
b20eae11-18cd8ca2,Statues-500,0.40762871855799876,0.2421538602981898,0.9896781374444824,0.2133018158375416,1135,492,467,25,668,202,0,0.0,0,0,0.0,0.0,0,0.0,0,0.0,202,100.0,12.56,54.246,70.684,100.708,875.39,33.499,415.33,13.443,166.47,12.193,151.03,58.5,59.6,56.5,56.9,59.6,68.5,4.9,39.8,5117.0,5117,95
b20eae11-6817ba7a,Statues-25,0.37067207093188786,0.2606221711010333,0.9626994102423971,0.19791987673343603,1560,649,600,49,960,202,0,0.0,0,0,0.0,0.0,0,0.0,0,0.0,202,100.0,12.98,54.737,55.258,103.132,706.96,32.581,416.69,13.235,169.06,11.987,153.16,58.2,59.3,56.4,56.8,59.3,49.6,5.0,38.7,5117.0,5118,97
b20eae11-6817ba7a,Statues-75,0.37067207093188786,0.2606221711010333,0.9626994102423971,0.19791987673343603,1560,649,600,49,960,202,0,0.0,0,0,0.0,0.0,0,0.0,0,0.0,202,100.0,13.01,54.856,65.736,100.898,835.79,32.484,414.11,13.238,168.46,11.992,152.7,58.2,59.3,56.3,56.7,59.3,63.9,4.9,38.3,5118.0,5118,96
b20eae11-6817ba7a,Statues-200,0.3700118710539282,0.2600932098639016,0.9625227950067992,0.19783888427956223,1560,649,599,50,961,201,1,0.5,0,1,0.0,0.5,0,0.0,0,0.0,201,99.5,12.85,54.157,63.909,103.054,801.21,32.776,413.03,13.272,167.02,12.03,151.45,58.2,59.0,56.3,56.6,59.0,60.9,5.0,38.6,5118.0,5118,97
b20eae11-6817ba7a,Statues-500,0.3682816469748438,0.25874774433396996,0.962892498374735,0.19679288411846552,1560,645,596,49,964,195,7,3.47,0,7,0.0,3.47,0,0.0,0,0.0,195,96.53,12.69,53.27,61.0,104.874,762.37,32.117,398.37,13.162,163.01,11.917,147.64,58.1,58.9,56.2,56.6,58.9,56.8,4.9,37.9,5116.0,5116,94
b20ff95c-b9444127,Statues-25,0.5483928689616575,0.3224007263135907,0.9739958795329513,0.3012847663419455,787,495,441,54,346,102,0,0.0,0,0,0.0,0.0,0,0.0,0,0.0,102,100.0,6.68,55.529,73.197,99.724,474.25,31.467,203.78,13.02,84.16,11.861,76.7,58.1,58.9,56.3,56.8,58.9,70.1,4.9,36.2,5116.0,5116,49
b20ff95c-b9444127,Statues-75,0.5483928689616575,0.3224007263135907,0.9739958795329513,0.3012847663419455,787,495,441,54,346,102,0,0.0,0,0,0.0,0.0,0,0.0,0,0.0,102,100.0,6.55,54.406,76.1,100.782,481.47,32.097,204.12,13.197,83.73,11.922,75.71,58.1,58.9,56.4,57.0,58.9,73.6,4.9,37.9,5117.0,5117,49
b20ff95c-b9444127,Statues-200,0.5389355561321145,0.31764651791541904,0.9632560616175414,0.2992057813212193,787,499,438,61,349,98,4,3.92,0,4,0.0,3.92,0,0.0,0,0.0,98,96.08,6.38,52.756,62.601,101.59,385.84,31.821,195.74,13.125,80.58,11.838,72.73,58.1,59.0,56.1,56.4,59.0,55.8,5.0,37.1,5117.0,5117,49
b20ff95c-b9444127,Statues-500,0.5183085551775353,0.3046833438906599,0.9498683035277167,0.29200518527075064,787,495,427,68,360,94,8,7.84,0,8,0.0,7.84,0,0.0,0,0.0,94,92.16,6.17,50.819,65.048,105.146,386.15,31.831,190.75,13.179,78.77,11.854,70.92,58.2,59.4,56.2,56.9,59.4,62.3,5.0,36.7,5116.0,5119,47
b2102d00-5eb86b71,Statues-25,0.6145777570203672,0.46788791837169885,0.9864594441332883,0.3248682342654767,2413,1603,1501,102,912,195,7,3.47,0,7,0.0,3.47,0,0.0,0,0.0,195,96.53,12.56,54.053,66.006,105.466,808.92,32.509,400.22,13.205,162.39,12.0,147.61,58.2,59.1,56.3,56.5,59.1,62.2,4.8,38.7,5113.0,5115,96
b2102d00-5eb86b71,Statues-75,0.6246070110943475,0.47596316458206206,0.9865701008851505,0.33142775308566874,2413,1635,1525,110,888,194,8,3.96,0,8,0.0,3.96,0,0.0,0,0.0,194,96.04,12.53,53.891,53.002,100.852,655.89,32.373,398.78,13.176,162.03,11.948,147.02,58.0,59.0,56.1,56.5,59.0,48.6,4.8,38.0,5112.0,5112,96
b2102d00-5eb86b71,Statues-200,0.623210305693331,0.47121397939327936,0.9825115884853874,0.3316507586341886,2413,1643,1528,115,885,187,15,7.43,0,15,0.0,7.43,0,0.0,0,0.0,187,92.57,12.02,51.477,59.966,103.416,708.06,32.381,382.67,13.198,155.74,11.962,141.22,58.0,58.8,56.2,56.5,58.8,54.7,4.9,38.2,5114.0,5116,93
b2102d00-5eb86b71,Statues-500,0.6167173554067804,0.45106737046351936,0.9741076158568207,0.33111632642029587,2413,1656,1525,131,888,179,23,11.39,0,23,0.0,11.39,0,0.0,0,0.0,179,88.61,11.47,49.032,47.018,100.768,523.11,32.386,363.2,13.187,147.64,11.938,133.73,57.9,59.2,56.1,56.5,59.2,44.9,4.9,38.1,5115.0,5117,89
b2102d00-a8c09be1,Statues-25,0.6246911116309752,0.49510136747374356,0.9963249692019508,0.3188186757583092,1943,1246,1218,28,725,201,1,0.5,0,1,0.0,0.5,0,0.0,0,0.0,201,99.5,12.4,53.822,70.568,103.544,854.13,33.466,406.69,13.397,162.52,12.184,147.88,58.2,59.5,56.3,56.8,59.5,67.9,4.8,39.4,5115.0,5117,95
b2102d00-a8c09be1,Statues-75,0.6241744225029252,0.49473223355724744,0.9963186134645856,0.3185596735888484,1943,1245,1217,28,726,200,2,0.99,0,2,0.0,0.99,0,0.0,0,0.0,200,99.01,12.35,53.559,59.167,103.466,714.73,33.269,404.36,13.414,162.76,12.121,147.15,58.1,59.4,56.4,56.9,59.7,60.3,4.8,39.7,5111.0,5111,97
b2102d00-a8c09be1,Statues-200,0.6231568019375663,0.49409974157486153,0.9963306654356294,0.3180540827915793,1943,1243,1215,28,728,199,3,1.49,0,3,0.0,1.49,0,0.0,0,0.0,199,98.51,12.34,53.498,64.783,106.352,780.45,33.266,401.34,13.389,161.27,12.143,146.32,58.3,59.4,56.5,57.0,59.4,64.0,4.8,39.5,5114.0,5116,96
b2102d00-a8c09be1,Statues-500,0.6206678202713182,0.48465167955978405,0.9955880887659397,0.3174084599491299,1943,1242,1211,31,732,193,9,4.46,0,9,0.0,4.46,0,0.0,0,0.0,193,95.54,11.95,51.688,56.579,102.088,660.48,33.277,388.81,13.405,156.37,12.129,141.56,58.3,59.4,56.4,56.9,59.4,57.2,4.8,39.4,5116.0,5116,93
b2131b7b-e58faab7,Statues-25,0.4222271238622714,0.2675427868348297,0.8957949681105133,0.24054472773176744,970,539,456,83,514,166,36,17.82,0,36,0.0,17.82,0,0.0,0,0.0,166,82.18,10.28,43.932,67.594,103.412,672.15,33.424,334.32,13.456,134.35,12.186,121.71,58.5,59.8,56.5,56.9,59.8,67.0,4.8,39.6,5116.0,5117,79
b2131b7b-e58faab7,Statues-75,0.37266718865262277,0.2369588924201401,0.8777949967476247,0.21620560709046957,970,499,410,89,560,135,67,33.17,0,67,0.0,33.17,0,0.0,0,0.0,135,66.83,8.57,36.196,74.234,103.49,617.42,32.98,274.71,13.389,111.23,12.105,100.63,58.5,59.3,56.6,56.9,59.3,71.4,4.8,38.9,5115.0,5117,66
b2131b7b-e58faab7,Statues-200,0.365972197277201,0.2272222045312559,0.7932848181286501,0.2289233468878128,970,611,444,167,526,119,83,41.09,0,83,0.0,41.09,0,0.0,0,0.0,119,58.91,7.7,32.241,64.825,102.39,483.35,32.729,243.43,13.304,98.58,12.034,89.25,58.4,59.7,56.4,56.9,59.7,61.6,4.8,38.6,5113.0,5113,59
b2131b7b-e58faab7,Statues-500,0.25818371081167674,0.16483192140771039,0.6674756520666182,0.17212385427647445,970,577,372,205,598,109,93,46.04,0,93,0.0,46.04,0,0.0,0,0.0,109,53.96,7.16,29.751,68.243,107.186,474.64,32.194,222.95,13.18,90.86,11.935,82.37,58.2,59.3,56.3,56.6,59.3,63.2,4.8,37.9,5113.0,5113,55
b213e4eb-09c01a17,Statues-25,0.6356124098478793,0.5016246269859094,0.9863098662693451,0.33018425726312534,1885,1271,1214,57,671,186,16,7.92,0,16,0.0,7.92,0,0.0,0,0.0,186,92.08,12.71,53.633,52.68,100.884,675.65,30.713,390.06,12.83,160.77,11.724,146.68,57.7,59.0,55.9,56.6,59.0,49.5,5.0,36.4,5113.0,5113,98
b213e4eb-09c01a17,Statues-75,0.6401492561110826,0.4987327725902719,0.9877542896054438,0.3314066273407498,1885,1273,1221,52,664,179,23,11.39,0,23,0.0,11.39,0,0.0,0,0.0,179,88.61,11.49,47.671,39.829,91.948,444.86,32.234,361.25,13.027,145.7,11.886,133.02,57.7,58.4,56.0,56.4,58.4,30.4,4.9,38.1,5114.0,5114,89
b213e4eb-09c01a17,Statues-200,0.6407265014809205,0.4971442402443166,0.9878577019189114,0.3314483008661842,1885,1273,1222,51,663,169,33,16.34,0,33,0.0,16.34,0,0.0,0,0.0,169,83.66,10.91,45.13,35.954,90.138,383.95,32.008,342.92,13.069,139.75,11.833,126.59,57.7,58.2,55.9,56.2,58.2,24.0,4.9,37.9,5115.0,5115,85
b213e4eb-09c01a17,Statues-500,0.6380587407295462,0.4922807173265462,0.9877572200627363,0.33032547192488504,1885,1269,1217,52,668,157,45,22.28,0,45,0.0,22.28,0,0.0,0,0.0,157,77.72,10.26,42.224,35.989,96.882,361.67,31.754,317.17,12.986,129.47,11.788,117.58,57.6,58.4,55.9,56.2,58.2,26.9,4.9,37.3,5116.0,5116,79
b214d1e1-f248c616,Statues-25,0.5643205264495896,0.4114362787006116,0.9883489675290088,0.2963662375042615,2069,1249,1180,69,889,200,0,0.0,0,0,0.0,0.0,0,0.0,0,0.0,200,100.0,12.6,54.005,35.357,102.436,436.41,32.672,402.33,13.233,162.7,11.977,147.32,57.7,58.5,56.0,56.3,58.5,37.6,4.9,38.9,5116.0,5116,98
b214d1e1-f248c616,Statues-75,0.5651715460078166,0.41057161103179884,0.9880231564868951,0.2975685465003206,2069,1255,1182,73,887,198,2,1.0,0,2,0.0,1.0,0,0.0,0,0.0,198,99.0,12.45,53.361,42.738,101.124,523.37,32.752,401.51,13.194,161.45,12.009,147.03,57.9,58.7,56.2,56.5,58.8,43.4,4.9,39.0,5116.0,5116,97
b214d1e1-f248c616,Statues-200,0.564811340057165,0.40958741928652004,0.9884457870822891,0.2961889337100792,2069,1248,1181,67,888,196,4,2.0,0,4,0.0,2.0,0,0.0,0,0.0,196,98.0,12.38,52.953,32.072,87.232,389.76,32.67,397.05,13.219,160.41,11.982,145.46,57.8,58.3,56.1,56.4,58.3,30.9,4.9,38.9,5117.0,5118,97
b214d1e1-f248c616,Statues-500,0.5621345042601655,0.4065864348615338,0.9877693681545779,0.2958427055061903,2069,1248,1176,72,893,190,10,5.0,0,10,0.0,5.0,0,0.0,0,0.0,190,95.0,12.08,51.585,49.174,104.192,581.7,32.549,386.81,13.216,156.74,11.979,142.14,57.9,58.8,56.3,56.8,58.8,45.1,4.9,38.8,5118.0,5118,94
b21547c1-73e457f8,Statues-25,0.6042382161735298,0.47571187563225836,0.9920317095442547,0.3167587417085485,2076,1333,1263,70,813,178,25,12.32,0,25,0.0,12.32,0,0.0,0,0.0,178,87.68,11.13,47.831,69.372,103.6,758.92,32.956,361.36,13.298,145.46,12.091,132.34,58.2,59.2,56.4,57.1,59.2,68.7,4.8,38.9,5119.0,5119,87
b21547c1-73e457f8,Statues-75,0.607684954108642,0.4774978069595212,0.9922675140300078,0.31808216041542464,2076,1338,1270,68,806,174,29,14.29,0,29,0.0,14.29,0,0.0,0,0.0,174,85.71,10.91,46.828,61.461,94.824,652.89,32.797,349.53,13.319,141.61,12.048,128.17,58.1,59.3,56.3,56.7,59.2,61.8,4.8,39.0,5120.0,5120,85
b21547c1-73e457f8,Statues-200,0.6073200696586658,0.4748183691660651,0.9924139192200249,0.3181653231032427,2076,1338,1269,69,807,169,34,16.75,0,34,0.0,16.75,0,0.0,0,0.0,169,83.25,10.69,45.688,54.291,94.086,567.89,32.539,341.77,13.238,138.76,11.995,125.8,58.0,59.3,56.3,56.8,59.1,55.5,4.8,38.7,5121.0,5121,84
b21547c1-73e457f8,Statues-500,0.5897697246639889,0.44860869236743195,0.9860707881190637,0.3109461668710224,2076,1320,1240,80,836,153,50,24.63,0,50,0.0,24.63,0,0.0,0,0.0,153,75.37,10.13,42.966,57.637,105.478,575.74,31.573,313.05,13.124,129.73,11.808,116.83,58.1,59.4,56.2,56.8,59.4,51.6,4.9,36.9,5116.0,5122,76
b21547c1-796757ac,Statues-25,0.25936940290893973,0.17755804833555802,0.9908457083549096,0.1321910831003744,2365,633,619,14,1746,199,3,1.49,0,3,0.0,1.49,0,0.0,0,0.0,199,98.51,12.69,54.215,60.821,101.578,761.87,32.862,410.49,13.308,166.07,12.043,150.32,58.2,59.2,56.4,56.8,59.1,58.4,4.9,38.7,5113.0,5115,97
b21547c1-796757ac,Statues-75,0.26110712415322856,0.17718982582374704,0.9895056347926497,0.13298627449680886,2365,638,624,14,1741,170,32,15.84,0,32,0.0,15.84,0,0.0,0,0.0,170,84.16,11.14,46.806,64.933,106.246,710.19,32.132,350.28,13.164,143.23,11.93,129.85,58.2,59.0,56.4,57.0,59.0,61.8,4.9,37.8,5114.0,5116,83
b21547c1-796757ac,Statues-200,0.25049832223151797,0.16763001495375554,0.9709686387292035,0.1288842793888867,2365,636,610,26,1755,121,81,40.1,0,81,0.0,40.1,0,0.0,0,0.0,121,59.9,8.04,33.402,67.819,99.59,536.95,32.025,252.34,13.107,102.8,11.911,93.54,58.1,59.2,56.5,57.1,59.2,64.4,5.0,37.6,5116.0,5116,61
b21547c1-796757ac,Statues-500,0.20382615050074548,0.12661091829099727,0.9109476761249592,0.10901547734798599,2365,611,527,84,1838,114,88,43.56,0,88,0.0,43.56,0,0.0,0,0.0,114,56.44,7.72,31.934,62.769,103.678,470.43,31.722,238.77,13.118,98.22,11.847,88.81,58.0,59.3,56.2,56.7,59.3,56.3,5.1,36.6,5113.0,5113,57
b2156f8e-72e1547c,Statues-25,0.5208050538573186,0.391457080023214,0.990052385892985,0.2774086378737542,840,473,441,32,399,190,1,0.52,0,1,0.0,0.52,0,0.0,0,0.0,190,99.48,12.36,55.2,53.382,102.064,646.97,32.204,388.4,13.13,158.08,11.923,143.6,57.9,59.1,56.2,56.8,59.1,48.5,4.9,37.6,5113.0,5115,92
b2156f8e-72e1547c,Statues-75,0.519198402149231,0.38961174389875886,0.9891509171302034,0.277066344508205,840,473,440,33,400,187,4,2.09,0,4,0.0,2.09,0,0.0,0,0.0,187,97.91,12.08,53.737,62.336,100.296,740.77,32.488,386.28,13.211,156.84,11.958,142.03,58.1,59.1,56.5,56.9,59.1,57.7,4.9,38.3,5112.0,5113,92
b2156f8e-72e1547c,Statues-200,0.5146519452379734,0.3774918707873905,0.9811552123939454,0.28030682376043203,840,485,439,46,401,171,20,10.47,0,20,0.0,10.47,0,0.0,0,0.0,171,89.53,11.15,49.197,43.358,100.818,478.32,32.288,353.59,13.104,143.34,11.904,130.25,58.0,59.1,56.2,56.6,59.1,38.2,4.9,38.1,5112.0,5115,86
b2156f8e-72e1547c,Statues-500,0.500655376843536,0.36012964398981545,0.972915526979843,0.27695228297080143,840,486,430,56,410,161,30,15.71,0,30,0.0,15.71,0,0.0,0,0.0,161,84.29,10.67,46.855,71.615,102.586,736.21,31.784,329.06,13.151,135.93,11.865,122.67,58.1,59.1,56.2,56.5,59.1,68.9,5.0,37.1,5113.0,5116,79
b215943a-10e44587,Statues-25,0.6417025355475316,0.48314583398738076,0.9581766874226347,0.34809552079569117,792,587,529,58,263,184,7,3.66,0,7,0.0,3.66,0,0.0,0,0.0,184,96.34,11.83,52.829,64.617,101.336,749.26,32.503,377.55,13.167,152.78,11.997,139.23,58.1,59.3,56.2,57.0,59.3,61.9,4.9,38.1,5110.0,5113,90
b215943a-10e44587,Statues-75,0.6388691250415498,0.47472279303608556,0.9579149083211692,0.34533045228921516,792,582,527,55,265,181,10,5.24,0,10,0.0,5.24,0,0.0,0,0.0,181,94.76,11.42,51.133,71.823,103.694,804.0,33.054,370.36,13.334,149.09,12.083,135.17,58.3,59.4,56.4,57.2,59.4,69.1,4.9,38.7,5113.0,5114,86
b215943a-10e44587,Statues-200,0.6278054725439022,0.4690968794438251,0.9502170160338297,0.3406591734904988,792,581,522,59,270,178,13,6.81,0,13,0.0,6.81,0,0.0,0,0.0,178,93.19,11.29,50.498,64.675,106.916,713.77,32.901,362.63,13.288,146.23,12.073,132.91,58.3,59.9,56.5,57.2,59.9,62.8,4.9,38.5,5123.0,5125,84
b215943a-10e44587,Statues-500,0.5853271634072177,0.43504567099991637,0.892951126317786,0.33037820640616694,792,608,518,90,274,176,15,7.85,0,15,0.0,7.85,0,0.0,0,0.0,176,92.15,11.13,49.755,74.653,101.892,816.03,33.115,361.67,13.294,145.05,12.085,131.9,58.5,59.7,56.5,57.3,59.7,74.5,4.9,38.6,5123.0,5125,87
b216243d-55963da2,Statues-25,0.6759082755165137,0.5311083835015555,0.9928652759555052,0.3530351331036404,1713,1224,1165,59,548,103,0,0.0,0,0,0.0,0.0,0,0.0,0,0.0,103,100.0,6.93,57.504,68.179,101.118,458.48,31.087,208.64,12.945,86.62,11.68,78.2,58.2,58.7,56.2,56.5,58.7,64.1,4.9,35.5,5120.0,5120,52
b216243d-55963da2,Statues-75,0.6713611353004711,0.5253520548304855,0.9913341841059483,0.350472145296712,1713,1218,1159,59,554,98,5,4.85,0,5,0.0,4.85,0,0.0,0,0.0,98,95.15,6.36,52.422,37.881,96.582,232.81,31.537,191.04,13.035,78.84,11.765,71.21,57.7,58.2,55.9,56.5,58.2,28.0,4.9,35.8,5125.0,5128,48
b216243d-55963da2,Statues-200,0.661412203129678,0.5131907392621888,0.9902848063680768,0.3455794256332315,1713,1203,1143,60,570,90,13,12.62,0,13,0.0,12.62,0,0.0,0,0.0,90,87.38,5.8,47.621,42.178,102.692,231.41,31.605,174.44,13.027,71.74,11.732,64.67,57.7,58.0,55.9,56.5,58.0,35.2,5.0,35.9,5126.0,5128,45
b216243d-55963da2,Statues-500,0.6502201465333024,0.4919067565830565,0.9814191152882148,0.3455728930961278,1713,1219,1133,86,580,82,21,20.39,0,21,0.0,20.39,0,0.0,0,0.0,82,79.61,5.39,43.848,39.301,100.56,201.87,30.938,160.16,12.885,66.51,11.612,59.98,57.5,57.9,55.8,56.6,57.9,29.7,5.0,35.6,5120.0,5126,42
b216243d-ad4306b9,Statues-25,0.677235924037614,0.5202565185562678,0.9911653214505988,0.35517576910244353,1093,787,746,41,347,103,0,0.0,0,0,0.0,0.0,0,0.0,0,0.0,103,100.0,6.65,55.386,68.522,106.366,439.96,31.596,200.82,13.076,82.89,11.807,74.9,57.7,58.7,56.2,56.7,58.7,67.2,4.9,36.5,5119.0,5119,49
b216243d-ad4306b9,Statues-75,0.677235924037614,0.5202565185562678,0.9911653214505988,0.35517576910244353,1093,787,746,41,347,103,0,0.0,0,0,0.0,0.0,0,0.0,0,0.0,103,100.0,6.57,54.816,78.467,99.996,496.57,32.337,205.82,13.261,84.24,11.962,76.04,58.0,59.1,56.3,56.9,59.1,76.2,4.9,37.6,5119.0,5119,49
b216243d-ad4306b9,Statues-200,0.677235924037614,0.5202565185562678,0.9911653214505988,0.35517576910244353,1093,787,746,41,347,103,0,0.0,0,0,0.0,0.0,0,0.0,0,0.0,103,100.0,6.55,54.349,52.365,97.772,335.57,32.031,203.34,13.075,82.83,11.865,75.21,57.7,58.9,56.2,56.8,58.9,52.8,4.9,37.8,5119.0,5119,50
b216243d-ad4306b9,Statues-500,0.6871811482169471,0.5058332480411362,0.9899393146775247,0.35953791156757403,1093,798,758,40,335,91,12,11.65,0,12,0.0,11.65,0,0.0,0,0.0,91,88.35,5.96,48.953,62.38,98.434,359.03,31.279,179.17,12.931,73.9,11.726,67.09,57.7,58.6,56.2,56.7,58.6,64.3,4.9,36.6,5122.0,5123,45
b2169b74-fa197951,Statues-25,0.7339571122774758,0.5592879359542593,0.983593718126723,0.3978720967116625,2040,1669,1517,152,523,184,19,9.36,0,19,0.0,9.36,0,0.0,0,0.0,184,90.64,12.12,49.953,42.0,94.906,495.87,31.652,378.54,12.947,154.61,11.768,140.59,57.6,58.5,56.1,57.7,58.5,40.8,5.0,38.0,5123.0,5124,93
b2169b74-fa197951,Statues-75,0.7014661466947176,0.5259564804033232,0.9645025594628884,0.38836773203005054,2040,1673,1477,196,563,168,35,17.24,0,35,0.0,17.24,0,0.0,0,0.0,168,82.76,11.23,46.15,42.314,101.616,461.37,31.242,345.09,12.871,141.84,11.688,128.9,57.4,58.4,55.9,56.7,58.4,40.2,4.9,36.6,5122.0,5123,86
b2169b74-fa197951,Statues-200,0.6960102630848943,0.5183913653178782,0.9626864344241721,0.3865523561132062,2040,1669,1468,201,572,163,40,19.7,0,40,0.0,19.7,0,0.0,0,0.0,163,80.3,10.93,44.655,35.853,90.168,376.08,31.147,332.45,12.836,136.64,11.67,124.32,57.2,58.1,55.7,56.7,58.1,33.6,5.0,36.4,5127.0,5128,83
b2169b74-fa197951,Statues-500,0.6408154922279312,0.46629209391314974,0.9166051435406039,0.36580396864628206,2040,1666,1422,244,618,151,52,25.62,0,52,0.0,25.62,0,0.0,0,0.0,151,74.38,10.3,41.735,51.446,104.928,513.44,30.83,309.45,12.844,128.52,11.602,116.19,57.2,58.0,55.8,56.6,58.0,47.4,5.0,36.0,5128.0,5129,78
b21742c2-0e7a2b57,Statues-25,0.5051051019593319,0.3671595324574561,0.9687612581292634,0.2720802727576767,2128,1214,1107,107,1021,202,0,0.0,0,0,0.0,0.0,0,0.0,0,0.0,202,100.0,13.14,54.444,37.569,102.852,482.6,31.85,411.57,12.926,166.76,11.79,152.18,57.2,57.6,55.7,56.3,57.7,34.2,4.9,37.5,5131.0,5131,101
b21742c2-0e7a2b57,Statues-75,0.48774776812677956,0.3505369023872701,0.960312816762812,0.26688695040581584,2128,1208,1077,131,1051,163,39,19.31,0,39,0.0,19.31,0,0.0,0,0.0,163,80.69,10.88,44.614,40.087,101.446,422.32,31.262,330.87,12.876,136.1,11.67,123.4,57.4,58.6,55.7,57.3,58.6,34.0,4.9,36.7,5131.0,5132,84
b21742c2-0e7a2b57,Statues-200,0.3494874658002174,0.2539498285381371,0.849495020082409,0.2117702344095533,2128,1139,867,272,1261,137,65,32.18,0,65,0.0,32.18,0,0.0,0,0.0,137,67.82,9.37,37.855,38.646,101.886,345.62,30.376,276.58,12.725,115.62,11.508,104.63,57.1,57.9,55.6,57.0,57.9,38.6,5.1,35.6,5133.0,5133,71
b21742c2-0e7a2b57,Statues-500,0.34427195831184476,0.25062840743587655,0.8474654463638905,0.1954123754765064,2128,1071,860,211,1268,134,68,33.66,0,68,0.0,33.66,0,0.0,0,0.0,134,66.34,9.2,37.149,39.706,96.736,354.26,30.098,270.61,12.686,113.82,11.455,102.82,56.9,57.6,55.6,56.6,57.6,37.8,5.0,35.4,5130.0,5130,70
b21742c2-18d3463a,Statues-25,0.6476794946596324,0.40966673818314314,0.9381378165033759,0.37471636746940606,3260,2654,2236,418,1024,202,0,0.0,0,0,0.0,0.0,0,0.0,0,0.0,202,100.0,13.62,56.693,54.972,103.172,729.41,31.431,420.33,12.878,171.98,11.705,156.37,57.4,58.9,55.6,56.4,58.9,48.9,4.9,36.4,5132.0,5133,105
b21742c2-18d3463a,Statues-75,0.6476794946596324,0.40966673818314314,0.9381378165033759,0.37471636746940606,3260,2654,2236,418,1024,202,0,0.0,0,0,0.0,0.0,0,0.0,0,0.0,202,100.0,13.73,56.948,51.281,101.778,690.21,30.925,417.43,12.812,172.67,11.617,156.64,57.1,58.0,55.4,56.2,58.0,45.0,4.9,35.6,5135.0,5135,104
b21742c2-18d3463a,Statues-200,0.6476794946596324,0.40966673818314314,0.9381378165033759,0.37471636746940606,3260,2654,2236,418,1024,202,0,0.0,0,0,0.0,0.0,0,0.0,0,0.0,202,100.0,13.5,55.719,57.844,105.164,765.93,31.511,419.39,12.891,171.31,11.714,155.75,57.2,58.2,55.3,56.3,58.2,55.7,5.0,36.2,5138.0,5139,106
b21742c2-18d3463a,Statues-500,0.643763173854969,0.40414535976322635,0.9361040463732324,0.3730588989454148,3260,2651,2227,424,1033,196,6,2.97,0,6,0.0,2.97,0,0.0,0,0.0,196,97.03,13.17,54.313,61.628,106.862,798.29,31.432,408.07,12.894,167.07,11.691,151.58,57.2,58.1,55.3,56.0,58.1,59.2,4.9,36.0,5142.0,5143,103
b2194b15-1825056a,Statues-25,0.39999557123667756,0.3013379800808109,0.9958402075076139,0.20483623279127056,1798,741,722,19,1076,203,0,0.0,0,0,0.0,0.0,0,0.0,0,0.0,203,100.0,12.84,54.35,57.31,105.538,734.68,32.833,413.56,13.227,166.41,12.01,151.16,57.2,58.0,55.4,56.1,58.0,58.2,4.9,38.3,5141.0,5141,97
b2194b15-1825056a,Statues-75,0.3998132268973188,0.3002432856910796,0.9953287429107193,0.20519734054737054,1798,743,722,21,1076,198,5,2.46,0,5,0.0,2.46,0,0.0,0,0.0,198,97.54,12.5,52.682,77.902,106.768,947.92,33.077,403.68,13.284,161.9,12.048,146.88,57.8,59.0,55.8,56.5,59.0,79.2,4.8,38.9,5144.0,5146,97
b2194b15-1825056a,Statues-200,0.3872477174499805,0.28403956060069363,0.9717384707566229,0.20325328624738537,1798,761,716,45,1082,172,31,15.27,0,31,0.0,15.27,0,0.0,0,0.0,172,84.73,11.1,46.29,72.729,104.692,788.94,32.38,351.3,13.176,142.71,11.945,129.44,57.8,58.7,55.9,56.5,58.7,73.5,4.8,37.6,5141.0,5149,87
b2194b15-1825056a,Statues-500,0.3495803073674132,0.24544162075699655,0.892119982390649,0.20456895900467081,1798,854,701,153,1097,132,71,34.98,0,71,0.0,34.98,0,0.0,0,0.0,132,65.02,8.93,36.435,75.184,102.362,647.3,31.039,269.05,12.955,112.04,11.678,101.06,57.6,58.8,55.8,56.6,58.8,71.7,4.9,35.3,5139.0,5142,69
b21bfb83-ea32f716,Statues-25,0.5338786165991929,0.36881687941823016,0.9839092588908642,0.27519663114687426,2380,1343,1291,52,1089,115,87,43.07,0,87,0.0,43.07,0,0.0,0,0.0,115,56.93,8.14,32.406,68.415,107.232,539.55,29.947,236.39,12.721,100.23,11.432,90.12,57.3,58.2,55.8,56.2,58.2,62.3,5.0,34.2,5139.0,5142,64
b21bfb83-ea32f716,Statues-75,0.5509828125291814,0.3745242700624091,0.978357132733254,0.2837922274927163,2380,1396,1340,56,1040,89,113,55.94,0,113,0.0,55.94,0,0.0,0,0.0,89,44.06,6.65,25.908,65.355,101.866,417.64,28.577,182.43,12.494,79.61,11.152,71.08,56.9,57.6,55.4,55.9,57.6,63.5,5.1,31.7,5140.0,5141,51
b21bfb83-ea32f716,Statues-200,0.5171503906420125,0.3675247480803733,0.9680129981771229,0.2719558592667836,2380,1365,1270,95,1110,73,129,63.86,0,129,0.0,63.86,0,0.0,0,0.0,73,36.14,5.69,21.769,59.159,99.108,322.06,27.2,146.53,12.229,65.8,10.916,58.77,56.5,57.7,55.1,55.6,57.7,55.7,5.2,30.3,5142.0,5142,44
b21bfb83-ea32f716,Statues-500,0.4188493326621744,0.28168981011019617,0.8880365700646872,0.23955268641673005,2380,1359,1116,243,1264,57,145,71.78,0,145,0.0,71.78,0,0.0,0,0.0,57,28.22,4.78,17.797,52.194,96.972,240.96,25.75,118.47,11.973,54.94,10.603,48.69,56.0,58.1,54.8,55.3,58.1,44.4,5.4,29.0,5142.0,5142,36
b21c68e6-65674a17,Statues-25,0.47717678220534804,0.305274104298153,0.9863725069322268,0.24939973620752365,1742,887,842,45,900,203,0,0.0,0,0,0.0,0.0,0,0.0,0,0.0,203,100.0,12.98,55.077,75.572,106.634,967.79,32.713,417.57,13.231,168.67,11.987,152.88,57.0,58.1,55.2,55.8,58.1,74.1,4.9,37.7,5138.0,5142,99
b21c68e6-65674a17,Statues-75,0.47717678220534804,0.305274104298153,0.9863725069322268,0.24939973620752365,1742,887,842,45,900,203,0,0.0,0,0,0.0,0.0,0,0.0,0,0.0,203,100.0,12.79,54.201,54.146,106.328,675.42,33.239,415.13,13.275,165.6,12.026,150.08,57.4,58.4,55.5,56.0,58.7,50.9,4.9,39.1,5136.0,5136,99
b21c68e6-65674a17,Statues-200,0.4749654928227281,0.3042924212769183,0.9839215309318049,0.24955448089776447,1742,891,840,51,902,200,3,1.48,0,3,0.0,1.48,0,0.0,0,0.0,200,98.52,12.88,54.55,50.625,102.17,637.22,32.513,411.74,13.174,166.61,11.943,151.09,57.4,58.7,55.6,56.1,58.7,45.9,4.9,38.2,5135.0,5136,97
b21c68e6-65674a17,Statues-500,0.44964839708877963,0.2848977668078765,0.961066194691484,0.24445092899712148,1742,901,813,88,929,178,25,12.32,0,25,0.0,12.32,0,0.0,0,0.0,178,87.68,11.73,49.146,67.078,105.206,770.3,31.694,363.64,13.032,149.3,11.812,135.36,57.4,58.4,55.6,56.0,58.4,61.3,5.0,37.6,5134.0,5136,88
b21c86ac-0dc77d82,Statues-25,0.7054830438695332,0.5271815472197293,0.9937524543475558,0.3638720906843502,1832,1346,1300,46,532,137,65,32.18,0,65,0.0,32.18,0,0.0,0,0.0,137,67.82,9.79,39.116,52.494,102.436,502.33,29.747,283.57,12.69,120.71,11.408,108.55,57.1,57.8,55.3,56.0,57.8,45.9,5.0,34.3,5136.0,5139,72
b21c86ac-0dc77d82,Statues-75,0.4723703753730923,0.29729282541936763,0.8844955907625284,0.2875880628931688,1832,1262,965,297,867,73,129,63.86,0,129,0.0,63.86,0,0.0,0,0.0,73,36.14,5.85,22.217,38.746,86.734,213.79,27.868,157.02,12.302,68.83,10.992,61.61,56.6,57.5,55.0,55.7,57.5,33.5,5.2,31.3,5142.0,5142,43
b21c86ac-0dc77d82,Statues-200,0.3835475123045914,0.14384098201904771,0.8180129009161495,0.2359030443363533,1832,1124,854,270,978,37,165,81.68,0,165,0.0,81.68,0,0.0,0,0.0,37,18.32,3.7,12.712,55.671,93.334,191.61,23.181,79.55,11.472,38.89,10.048,34.14,55.7,56.7,54.5,55.1,56.7,49.3,5.6,25.2,5142.0,5144,27
b21c86ac-0dc77d82,Statues-500,0.3004524576746883,0.10225205064569601,0.6939755132412381,0.20979247042862592,1832,1236,783,453,1049,6,196,97.03,0,196,0.0,97.03,0,0.0,0,0.0,6,2.97,1.67,3.97,37.109,92.362,53.66,11.035,15.68,9.55,13.45,7.572,10.69,54.1,55.5,54.1,54.4,55.5,16.1,6.9,13.3,5141.0,5142,12
b21c86ac-2eb7ba16,Statues-25,0.757786165761767,0.6221410427293086,0.9908087399651719,0.39744072714448303,2889,2332,2207,125,682,203,0,0.0,0,0,0.0,0.0,0,0.0,0,0.0,203,100.0,13.45,57.406,60.843,104.85,798.98,31.842,419.49,12.94,170.18,11.782,155.01,56.3,57.3,54.4,55.1,57.7,57.6,4.9,36.1,5139.0,5140,103
b21c86ac-2eb7ba16,Statues-75,0.757786165761767,0.6221410427293086,0.9908087399651719,0.39744072714448303,2889,2332,2207,125,682,203,0,0.0,0,0,0.0,0.0,0,0.0,0,0.0,203,100.0,13.44,57.328,67.286,103.914,885.91,31.884,422.19,13.028,172.28,11.797,156.09,56.9,58.0,54.9,55.5,58.0,64.9,4.8,36.8,5141.0,5142,103
b21c86ac-2eb7ba16,Statues-200,0.757786165761767,0.6221410427293086,0.9908087399651719,0.39744072714448303,2889,2332,2207,125,682,203,0,0.0,0,0,0.0,0.0,0,0.0,0,0.0,203,100.0,13.02,55.278,77.837,99.742,991.24,32.668,417.21,13.191,168.15,11.961,152.54,57.3,57.9,55.1,55.6,57.9,77.2,4.9,37.6,5149.0,5149,102
b21c86ac-2eb7ba16,Statues-500,0.757786165761767,0.6221410427293086,0.9908087399651719,0.39744072714448303,2889,2332,2207,125,682,203,0,0.0,0,0,0.0,0.0,0,0.0,0,0.0,203,100.0,13.26,56.476,75.888,104.256,989.0,32.298,422.98,13.12,171.51,11.89,155.5,57.3,58.5,55.2,55.6,58.5,78.8,4.9,37.3,5149.0,5149,103
b21c86ac-71205084,Statues-25,0.675083552288923,0.5227053185426751,0.9836448738326538,0.3555669579901375,1914,1396,1312,84,602,197,5,2.48,0,5,0.0,2.48,0,0.0,0,0.0,197,97.52,13.12,55.32,71.679,103.416,921.33,31.527,404.33,12.932,165.69,11.754,150.64,57.1,57.9,55.1,55.5,57.8,69.6,5.0,36.5,5155.0,5157,102
b21c86ac-71205084,Statues-75,0.6290302886115382,0.452467137838655,0.9559019085390861,0.3389144105633134,1914,1375,1258,117,656,173,29,14.36,0,29,0.0,14.36,0,0.0,0,0.0,173,85.64,11.93,50.03,62.738,101.522,737.6,30.702,359.08,12.767,149.14,11.602,135.57,57.0,57.8,55.1,55.9,57.8,60.5,5.0,35.5,5158.0,5164,91
b21c86ac-71205084,Statues-200,0.5432431449818824,0.3902200154599752,0.9142202617096199,0.30733057003337144,1914,1322,1134,188,780,157,45,22.28,0,45,0.0,22.28,0,0.0,0,0.0,157,77.72,11.02,45.991,61.698,103.358,662.72,30.107,322.8,12.641,135.32,11.479,122.94,56.9,58.0,55.0,55.5,58.0,57.9,5.1,34.5,5156.0,5156,82
b21c86ac-71205084,Statues-500,0.4288353035847252,0.275346894256997,0.8121435962674739,0.27011455378912275,1914,1344,1002,342,912,124,78,38.61,0,78,0.0,38.61,0,0.0,0,0.0,124,61.39,8.57,35.217,50.888,99.114,423.37,30.438,254.71,12.863,107.37,11.539,96.41,56.8,57.4,55.0,55.7,57.4,45.4,5.0,35.3,5154.0,5154,66
b21d5efb-5e2cd743,Statues-25,0.29132397122411935,0.2047822972913939,0.9679878001097548,0.1589366255144033,1350,450,405,45,945,202,0,0.0,0,0,0.0,0.0,0,0.0,0,0.0,202,100.0,12.35,54.081,69.831,103.326,843.39,33.855,409.4,13.435,162.26,12.229,147.76,57.4,58.4,55.4,55.9,58.4,69.5,4.9,39.9,5145.0,5147,93
b21d5efb-5e2cd743,Statues-75,0.28948514023193916,0.1996959924696035,0.9638010805718448,0.15898454746136867,1350,453,404,49,946,195,7,3.47,0,7,0.0,3.47,0,0.0,0,0.0,195,96.53,12.52,54.091,67.329,104.504,819.88,32.846,402.12,13.26,162.16,12.026,147.12,57.6,58.8,55.7,56.1,58.8,65.2,4.9,38.6,5146.0,5147,97
b21d5efb-5e2cd743,Statues-200,0.28886743830618355,0.1968260956252959,0.9691834064708924,0.15758844045839562,1350,446,401,45,949,178,24,11.88,0,24,0.0,11.88,0,0.0,0,0.0,178,88.12,11.18,48.29,68.489,106.144,753.01,33.376,366.7,13.362,146.52,12.123,132.99,57.8,58.7,55.8,56.2,58.7,67.2,4.8,39.2,5146.0,5147,86
b21d5efb-5e2cd743,Statues-500,0.2703916146037186,0.17820217496487928,0.9516659431440737,0.15008429118773944,1350,435,382,53,968,156,46,22.77,0,46,0.0,22.77,0,0.0,0,0.0,156,77.23,10.14,43.207,56.616,101.87,565.5,32.312,320.98,13.118,130.07,11.937,118.41,57.6,58.5,55.7,56.2,58.5,53.8,5.0,38.0,5149.0,5150,77
b2208b0f-2796a692,Statues-25,0.7165663284507955,0.5052199866443148,0.9846019849960128,0.3829579062533381,4174,3279,3031,248,1143,203,0,0.0,0,0,0.0,0.0,0,0.0,0,0.0,203,100.0,14.17,57.975,64.66,103.308,901.65,30.533,427.62,12.712,177.83,11.545,161.54,57.4,58.2,55.5,55.8,58.2,61.9,5.1,35.6,5149.0,5149,112
b2208b0f-2796a692,Statues-75,0.7165663284507955,0.5052199866443148,0.9846019849960128,0.3829579062533381,4174,3279,3031,248,1143,203,0,0.0,0,0,0.0,0.0,0,0.0,0,0.0,203,100.0,14.45,60.15,64.786,102.9,916.97,29.92,425.26,12.583,178.42,11.434,162.24,56.9,57.7,55.0,55.5,57.7,61.6,4.9,33.9,5153.0,5153,109
b2208b0f-2796a692,Statues-200,0.7165663284507955,0.5052199866443148,0.9846019849960128,0.3829579062533381,4174,3279,3031,248,1143,203,0,0.0,0,0,0.0,0.0,0,0.0,0,0.0,203,100.0,14.42,60.015,66.794,102.86,945.17,29.992,426.44,12.652,179.55,11.472,162.88,56.7,57.8,54.8,55.3,57.8,63.3,4.9,33.9,5155.0,5155,109
b2208b0f-2796a692,Statues-500,0.7114948898963893,0.500917597054646,0.9824000126517238,0.381251026293906,4174,3274,3016,258,1158,200,3,1.48,0,3,0.0,1.48,0,0.0,0,0.0,200,98.52,14.17,58.645,64.592,100.182,896.54,30.103,419.88,12.641,176.02,11.473,159.84,56.6,57.5,54.6,55.2,57.6,61.8,4.9,34.4,5156.0,5160,109
b229488e-e4714bb7,Statues-25,0.6042605289807446,0.47292630189163887,0.9950128246466284,0.31004099577121985,1354,846,822,24,532,202,0,0.0,0,0,0.0,0.0,0,0.0,0,0.0,202,100.0,12.57,54.475,61.44,107.416,758.99,33.291,412.75,13.263,164.18,12.067,149.45,56.9,57.8,55.0,55.7,58.0,59.1,4.8,38.4,5165.0,5165,99
b229488e-e4714bb7,Statues-75,0.6042605289807446,0.47292630189163887,0.9950128246466284,0.31004099577121985,1354,846,822,24,532,202,0,0.0,0,0,0.0,0.0,0,0.0,0,0.0,202,100.0,12.63,54.707,68.503,100.374,852.66,33.257,413.75,13.32,165.47,12.084,150.19,57.4,58.6,55.5,55.9,58.6,66.3,4.9,39.5,5164.0,5164,96
b229488e-e4714bb7,Statues-200,0.6042605289807446,0.47292630189163887,0.9950128246466284,0.31004099577121985,1354,846,822,24,532,202,0,0.0,0,0,0.0,0.0,0,0.0,0,0.0,202,100.0,12.67,54.875,68.339,100.728,849.03,33.196,413.5,13.291,165.3,12.105,150.62,57.7,58.6,55.7,56.3,58.6,65.9,4.8,39.2,5159.0,5164,96
b229488e-e4714bb7,Statues-500,0.5843493244146856,0.45341014325090556,0.9856168465434423,0.30595166884948005,1354,847,802,45,552,188,14,6.93,0,14,0.0,6.93,0,0.0,0,0.0,188,93.07,11.87,51.097,69.747,103.106,812.21,33.136,385.56,13.276,154.32,12.069,140.33,57.8,58.6,55.8,56.2,58.9,67.0,4.8,38.9,5157.0,5160,92
b22a4d9f-48b2e986,Statues-25,0.7050770080407647,0.572618136193749,0.9960789121267468,0.36753876152433607,1414,1046,1000,46,414,203,0,0.0,0,0,0.0,0.0,0,0.0,0,0.0,203,100.0,14.45,59.584,64.318,105.178,940.12,30.075,437.38,12.72,182.26,11.565,165.64,57.5,58.9,55.7,56.2,58.9,61.8,5.2,35.6,5160.0,5160,110
b22a4d9f-48b2e986,Statues-75,0.7050770080407647,0.572618136193749,0.9960789121267468,0.36753876152433607,1414,1046,1000,46,414,203,0,0.0,0,0,0.0,0.0,0,0.0,0,0.0,203,100.0,13.24,54.649,44.801,101.636,582.43,32.26,419.52,13.024,169.16,11.847,153.92,57.3,58.8,55.4,56.0,58.5,40.5,4.9,37.4,5160.0,5160,103
b22a4d9f-48b2e986,Statues-200,0.7042991627621327,0.5709719638099577,0.9959370626232081,0.3674407252252131,1414,1046,999,47,415,202,1,0.49,0,1,0.0,0.49,0,0.0,0,0.0,202,99.51,13.45,54.634,65.309,101.988,866.16,31.737,419.82,12.983,171.54,11.771,155.55,57.5,58.4,55.6,56.3,58.4,63.9,5.0,36.8,5160.0,5161,105
b22a4d9f-48b2e986,Statues-500,0.6583236365743654,0.5138378781078484,0.9722070515849356,0.3564080548329401,1414,1051,955,96,459,177,26,12.81,0,26,0.0,12.81,0,0.0,0,0.0,177,87.19,12.06,48.487,69.567,103.32,827.36,31.295,371.14,12.927,153.0,11.698,138.53,57.4,58.3,55.7,56.2,58.3,67.1,5.0,36.1,5160.0,5161,94
b22a4d9f-73cc8810,Statues-25,0.7789670088272956,0.6205981830919797,0.9970724520096316,0.40072501636109675,2255,1816,1761,55,494,203,0,0.0,0,0,0.0,0.0,0,0.0,0,0.0,203,100.0,14.09,57.072,64.546,98.852,891.45,30.574,423.66,12.772,176.74,11.552,159.92,57.2,58.2,55.6,56.1,58.2,62.4,5.0,35.4,5160.0,5160,109
b22a4d9f-73cc8810,Statues-75,0.7789670088272956,0.6205981830919797,0.9970724520096316,0.40072501636109675,2255,1816,1761,55,494,203,0,0.0,0,0,0.0,0.0,0,0.0,0,0.0,203,100.0,13.99,56.731,68.87,103.328,953.48,30.725,423.12,12.857,176.76,11.583,159.31,57.1,58.1,55.5,56.3,58.1,66.0,5.0,35.2,5162.0,5166,108
b22a4d9f-73cc8810,Statues-200,0.7789670088272956,0.6205981830919797,0.9970724520096316,0.40072501636109675,2255,1816,1761,55,494,203,0,0.0,0,0,0.0,0.0,0,0.0,0,0.0,203,100.0,14.59,58.971,64.436,99.222,925.14,29.664,427.87,12.522,180.3,11.381,163.96,56.9,57.9,55.3,55.8,57.9,61.9,5.0,34.1,5168.0,5168,113
b22a4d9f-73cc8810,Statues-500,0.7789670088272956,0.6205981830919797,0.9970724520096316,0.40072501636109675,2255,1816,1761,55,494,203,0,0.0,0,0,0.0,0.0,0,0.0,0,0.0,203,100.0,14.5,58.571,67.232,103.004,954.38,29.836,423.74,12.548,177.99,11.417,162.02,56.8,57.6,55.2,55.8,57.6,61.0,5.0,34.2,5171.0,5172,114
b22e02cd-6af68e18,Statues-25,0.47084336712991515,0.36547190297757665,0.9929247761593212,0.2426027920165776,865,424,410,14,455,202,0,0.0,0,0,0.0,0.0,0,0.0,0,0.0,202,100.0,12.92,55.911,64.682,106.446,817.59,32.511,410.77,13.173,166.23,11.959,150.97,57.1,58.0,55.3,55.9,58.0,59.1,4.9,38.0,5171.0,5172,101
b22e02cd-6af68e18,Statues-75,0.47084336712991515,0.36547190297757665,0.9929247761593212,0.2426027920165776,865,424,410,14,455,202,0,0.0,0,0,0.0,0.0,0,0.0,0,0.0,202,100.0,12.8,55.31,70.452,106.11,886.32,33.176,417.98,13.328,167.72,12.074,151.98,57.6,58.4,55.6,56.3,58.4,67.6,4.9,38.9,5179.0,5181,100
b22e02cd-6af68e18,Statues-200,0.46965780033418425,0.3640686712604964,0.992844868310068,0.2419983875155441,865,423,409,14,456,198,4,1.98,0,4,0.0,1.98,0,0.0,0,0.0,198,98.02,12.49,54.044,60.524,104.172,745.18,33.233,409.68,13.365,164.57,12.089,148.89,57.8,59.3,55.8,56.2,59.0,55.5,4.9,39.1,5181.0,5185,96
b22e02cd-6af68e18,Statues-500,0.4266035110965686,0.33187027511120687,0.9771841440062552,0.22577606508242348,865,405,377,28,488,177,25,12.38,0,25,0.0,12.38,0,0.0,0,0.0,177,87.62,11.27,48.369,67.474,104.76,749.2,32.948,365.64,13.258,146.91,12.032,133.39,57.9,58.8,55.9,56.3,58.8,63.8,4.9,38.8,5180.0,5182,89
b22f385b-5d7e5202,Statues-25,0.799734892466205,0.7065107748489258,0.9969416278757746,0.41377151799687006,1281,1065,1027,38,254,153,49,24.26,0,49,0.0,24.26,0,0.0,0,0.0,153,75.74,10.92,43.871,65.679,102.84,700.95,30.156,321.88,12.745,135.72,11.492,122.44,57.5,58.2,55.6,55.9,58.2,61.8,5.0,35.4,5174.0,5178,84
b22f385b-5d7e5202,Statues-75,0.7723441139283458,0.6799185580091881,0.9927084327722453,0.4005187722140247,1281,1038,996,42,285,130,72,35.64,0,72,0.0,35.64,0,0.0,0,0.0,130,64.36,9.49,37.566,59.241,101.354,549.06,29.7,276.57,12.582,116.74,11.385,105.73,57.1,58.9,55.2,55.7,58.2,55.3,5.2,34.0,5175.0,5178,74
b22f385b-5d7e5202,Statues-200,0.6583425236814784,0.5550781946809334,0.9269803569671857,0.36076597218941436,1281,1041,907,134,374,87,115,56.93,0,115,0.0,56.93,0,0.0,0,0.0,87,43.07,6.78,25.57,63.911,100.756,418.71,28.219,184.52,12.406,80.69,11.091,72.22,56.7,57.5,54.9,55.3,57.5,58.5,5.2,30.9,5179.0,5179,52
b22f385b-5d7e5202,Statues-500,0.6270494019372761,0.5101507533591427,0.852411804604721,0.39979589765155416,1281,1292,925,367,356,46,156,77.23,0,156,0.0,77.23,0,0.0,0,0.0,46,22.77,4.19,14.361,40.335,94.2,154.81,24.83,98.31,11.826,46.39,10.414,40.93,55.9,57.0,54.4,54.9,57.0,28.7,5.6,25.9,5180.0,5183,31
b230132b-ff8f2719,Statues-25,0.5241921150448654,0.4138633641028564,0.9964064465191145,0.2671741684537118,1616,868,850,18,766,202,1,0.49,0,1,0.0,0.49,0,0.0,0,0.0,202,99.51,13.43,56.959,70.155,104.28,922.36,31.568,416.18,12.972,170.74,11.779,155.1,56.8,58.2,54.8,55.4,58.2,67.4,4.9,36.4,5177.0,5182,105
b230132b-ff8f2719,Statues-75,0.5247958085724063,0.4132189689808895,0.9963827350369139,0.2674734245576456,1616,869,851,18,765,195,8,3.94,0,8,0.0,3.94,0,0.0,0,0.0,195,96.06,12.36,52.402,56.527,102.88,681.7,32.756,396.61,13.227,160.0,11.98,144.94,57.1,58.4,55.2,55.8,58.4,52.6,4.9,38.8,5181.0,5181,97
b230132b-ff8f2719,Statues-200,0.5248202252028684,0.4127569951866568,0.9964483708407716,0.26719484304421226,1616,868,851,17,765,191,12,5.91,0,12,0.0,5.91,0,0.0,0,0.0,191,94.09,12.39,52.444,60.129,103.232,732.1,32.221,394.11,13.095,159.87,11.889,145.2,57.4,58.5,55.4,56.0,58.5,57.1,4.9,37.9,5181.0,5184,94
b230132b-ff8f2719,Statues-500,0.5257543761138522,0.41214402103601966,0.995869910340666,0.26787591933705424,1616,871,853,18,763,186,17,8.37,0,17,0.0,8.37,0,0.0,0,0.0,186,91.63,12.47,52.453,60.301,100.892,732.75,31.526,385.98,12.986,158.74,11.746,143.65,57.5,58.6,55.4,55.8,58.6,56.8,5.0,36.6,5180.0,5185,95
b230a7b2-c881c382,Statues-25,0.36054899192931744,0.2880923206624285,0.9973898895431804,0.18344459806438868,830,305,300,5,530,200,3,1.48,0,3,0.0,1.48,0,0.0,0,0.0,200,98.52,12.77,54.794,50.156,99.476,630.69,32.524,407.18,13.146,164.32,11.947,149.42,57.4,58.5,55.5,56.1,58.5,45.3,5.0,38.4,5177.0,5178,97
b230a7b2-c881c382,Statues-75,0.36054899192931744,0.28828403209607323,0.9973898895431804,0.18344459806438868,830,305,300,5,530,197,6,2.96,0,6,0.0,2.96,0,0.0,0,0.0,197,97.04,12.03,51.943,62.495,104.84,742.63,33.961,401.19,13.494,159.19,12.238,144.4,57.9,59.2,55.9,56.3,59.2,63.0,4.7,40.4,5175.0,5178,93
b230a7b2-c881c382,Statues-200,0.35455853286101474,0.28445727703170715,0.9974841768695397,0.17987266792924206,830,299,295,4,535,173,30,14.78,0,30,0.0,14.78,0,0.0,0,0.0,173,85.22,11.0,46.614,67.502,100.526,725.82,32.936,355.38,13.344,143.79,12.056,129.97,58.1,58.8,56.0,56.8,58.8,66.7,4.9,39.1,5173.0,5174,83
b230a7b2-c881c382,Statues-500,0.3655479201670852,0.28506837671932295,0.9944161938255586,0.18784053411096618,830,314,305,9,525,133,70,34.48,0,70,0.0,34.48,0,0.0,0,0.0,133,65.52,9.03,37.327,66.403,97.262,578.38,31.361,275.77,13.013,114.18,11.757,103.21,57.8,58.9,56.2,56.7,58.9,60.4,4.9,36.7,5177.0,5180,68
b231a630-c4522992,Statues-25,0.6829741812669087,0.47615539389775074,0.9849898520143585,0.36334041141617507,3209,2388,2221,167,988,201,1,0.5,0,1,0.0,0.5,0,0.0,0,0.0,201,99.5,14.04,57.685,65.692,100.772,900.93,30.508,420.4,12.711,175.0,11.573,159.37,57.5,58.4,55.6,56.0,58.4,61.9,5.0,35.6,5174.0,5176,107
b231a630-c4522992,Statues-75,0.6791112162996509,0.469898713966092,0.9815813412838984,0.36228609752462504,3209,2392,2216,176,993,191,11,5.45,0,11,0.0,5.45,0,0.0,0,0.0,191,94.55,13.41,55.028,71.53,106.382,936.21,30.265,398.15,12.695,166.74,11.503,151.17,57.2,58.1,55.3,55.8,58.1,67.6,5.0,34.7,5178.0,5179,102
b231a630-c4522992,Statues-200,0.6146576042442728,0.42417672103665593,0.9393979684950662,0.3425108307002978,3209,2405,2091,314,1118,157,45,22.28,0,45,0.0,22.28,0,0.0,0,0.0,157,77.72,11.42,46.208,66.154,102.576,739.46,29.528,331.53,12.562,140.53,11.365,127.27,56.9,57.7,55.1,55.6,58.1,62.8,5.0,33.6,5177.0,5178,85
b231a630-c4522992,Statues-500,0.52652469504487,0.36763689149858175,0.8987662244800948,0.314387651709891,3209,2338,1862,476,1347,137,65,32.18,0,65,0.0,32.18,0,0.0,0,0.0,137,67.82,9.94,40.039,63.147,102.19,611.76,29.792,289.03,12.636,122.16,11.388,110.2,56.7,57.7,54.8,55.5,57.5,59.7,5.1,33.7,5171.0,5171,76
b232c7c9-d251d9ee,Statues-25,0.7932304057912747,0.6014570985980099,0.9858258724170984,0.41678088459867246,3174,2706,2551,155,623,201,1,0.5,0,1,0.0,0.5,0,0.0,0,0.0,201,99.5,13.56,57.168,66.683,101.758,890.76,31.253,418.65,12.868,172.06,11.704,156.59,56.9,57.8,54.9,55.6,57.8,65.0,5.0,35.9,5170.0,5171,106
b232c7c9-d251d9ee,Statues-75,0.7879953147387784,0.59668119002233,0.9846625097411633,0.4146370012749586,3174,2697,2537,160,637,197,5,2.48,0,5,0.0,2.48,0,0.0,0,0.0,197,97.52,13.51,57.111,60.861,98.062,809.01,30.784,409.32,12.796,169.87,11.641,154.62,56.9,57.8,54.9,55.5,57.8,56.3,4.8,35.4,5165.0,5167,102
b232c7c9-d251d9ee,Statues-200,0.7725777877833511,0.5802958428665509,0.9779195769206159,0.4119881557983822,3174,2706,2503,203,671,180,22,10.89,0,22,0.0,10.89,0,0.0,0,0.0,180,89.11,12.11,50.483,74.558,103.13,888.92,31.154,370.94,12.862,152.83,11.699,139.08,57.0,58.2,55.1,55.5,58.2,73.7,5.0,36.0,5167.0,5168,93
b232c7c9-d251d9ee,Statues-500,0.6929014114617795,0.5112864152737961,0.9517486317323841,0.38382056759669847,3174,2629,2300,329,874,152,50,24.75,0,50,0.0,24.75,0,0.0,0,0.0,152,75.25,10.94,44.667,63.813,100.17,678.9,29.802,319.11,12.646,135.09,11.489,122.82,56.6,57.6,54.8,55.4,57.6,58.5,5.0,34.2,5169.0,5170,85
b2331b83-648e56ca,Statues-25,0.42577106051061253,0.34489051206023463,0.9976949564942496,0.21672181988718706,1521,661,649,12,872,202,0,0.0,0,0,0.0,0.0,0,0.0,0,0.0,202,100.0,12.68,54.369,66.326,102.038,820.08,33.016,410.19,13.275,164.62,12.062,149.66,56.9,57.9,55.4,56.1,57.9,64.8,4.8,38.5,5169.0,5170,99
b2331b83-648e56ca,Statues-75,0.42577106051061253,0.34490938915814107,0.9976949564942496,0.21672181988718706,1521,661,649,12,872,200,2,0.99,0,2,0.0,0.99,0,0.0,0,0.0,200,99.01,12.68,53.935,61.38,101.96,768.69,33.085,412.4,13.217,164.48,12.032,149.8,57.5,58.5,55.8,56.2,58.5,59.7,4.9,39.0,5173.0,5174,100
b2331b83-648e56ca,Statues-200,0.42470521044345244,0.3370246370157288,0.9967220782688048,0.21644331850313464,1521,661,648,13,873,190,12,5.94,0,12,0.0,5.94,0,0.0,0,0.0,190,94.06,12.15,51.52,53.953,98.288,645.04,32.616,389.41,13.171,157.04,11.946,142.49,57.4,58.2,55.8,56.3,58.2,50.5,4.9,38.5,5171.0,5173,96
b2331b83-648e56ca,Statues-500,0.4003985081108399,0.31780747490154404,0.9743094637429898,0.2066342992970212,1521,650,625,25,896,181,21,10.4,0,21,0.0,10.4,0,0.0,0,0.0,181,89.6,11.85,49.675,59.51,107.394,692.77,32.075,373.96,13.04,151.79,11.86,138.12,57.5,58.3,55.7,56.3,58.3,57.1,4.9,37.6,5170.0,5171,93
b2331b83-a28e6b57,Statues-25,0.7123220199253184,0.5432756321424324,0.981947771413238,0.38264041590847486,3230,2547,2337,210,893,203,0,0.0,0,0,0.0,0.0,0,0.0,0,0.0,203,100.0,13.59,56.324,38.488,103.008,507.45,31.651,420.3,12.92,171.33,11.752,155.88,57.3,58.3,55.5,55.9,58.5,34.2,4.9,37.0,5169.0,5169,102
b2331b83-a28e6b57,Statues-75,0.7123220199253184,0.5432756321424324,0.981947771413238,0.38264041590847486,3230,2547,2337,210,893,203,0,0.0,0,0,0.0,0.0,0,0.0,0,0.0,203,100.0,13.2,54.876,28.853,89.824,373.75,31.979,414.3,12.942,167.51,11.8,152.78,56.9,57.5,55.2,55.6,57.5,18.4,4.9,37.3,5167.0,5170,101
b2331b83-a28e6b57,Statues-200,0.7123220199253184,0.5432756321424324,0.981947771413238,0.38264041590847486,3230,2547,2337,210,893,203,0,0.0,0,0,0.0,0.0,0,0.0,0,0.0,203,100.0,14.19,59.235,52.409,101.404,728.84,30.353,421.35,12.716,176.24,11.546,160.11,57.0,57.6,55.2,56.1,57.6,47.1,4.9,34.9,5168.0,5175,105
b2331b83-a28e6b57,Statues-500,0.7123220199253184,0.5432756321424324,0.981947771413238,0.38264041590847486,3230,2547,2337,210,893,203,0,0.0,0,0,0.0,0.0,0,0.0,0,0.0,203,100.0,13.4,56.226,36.014,93.332,467.07,31.619,416.02,12.912,169.67,11.737,154.28,56.9,57.8,55.1,55.8,57.8,27.6,4.8,36.7,5169.0,5169,102
b23493b1-3200de1c,Statues-25,0.7760560092879542,0.6064647319527158,0.988421251591968,0.41501282796135675,3179,2692,2490,202,689,202,0,0.0,0,0,0.0,0.0,0,0.0,0,0.0,202,100.0,13.38,56.188,49.008,103.462,640.16,31.723,415.71,12.94,169.27,11.741,153.67,57.1,57.9,55.3,56.0,57.8,44.8,4.9,36.4,5170.0,5171,103
b23493b1-3200de1c,Statues-75,0.7760560092879542,0.6064647319527158,0.988421251591968,0.41501282796135675,3179,2692,2490,202,689,202,0,0.0,0,0,0.0,0.0,0,0.0,0,0.0,202,100.0,13.2,55.024,33.461,97.152,425.17,32.051,414.73,12.903,166.65,11.8,152.5,56.9,58.1,55.2,55.7,58.1,22.8,4.8,37.2,5174.0,5176,101
b23493b1-3200de1c,Statues-200,0.7760560092879542,0.6064647319527158,0.988421251591968,0.41501282796135675,3179,2692,2490,202,689,202,0,0.0,0,0,0.0,0.0,0,0.0,0,0.0,202,100.0,13.2,55.821,32.703,97.35,423.69,32.116,417.19,12.954,167.91,11.885,154.19,57.1,57.9,55.2,55.7,57.9,28.3,4.8,36.8,5178.0,5182,101
b23493b1-3200de1c,Statues-500,0.7760560092879542,0.6064647319527158,0.988421251591968,0.41501282796135675,3179,2692,2490,202,689,202,0,0.0,0,0,0.0,0.0,0,0.0,0,0.0,202,100.0,13.27,55.792,32.232,101.222,414.9,31.96,414.97,12.915,167.39,11.824,153.36,57.0,57.9,55.2,55.7,57.9,25.1,4.7,36.9,5184.0,5186,101
b237db93-fab44bf2,Statues-25,0.6319044245340242,0.4997813439876234,0.9833202887134257,0.3383220749382144,1017,707,652,55,365,203,0,0.0,0,0,0.0,0.0,0,0.0,0,0.0,203,100.0,12.76,54.154,36.43,101.148,454.54,32.742,411.78,13.147,165.1,11.974,150.47,56.9,58.2,55.2,55.9,58.2,33.0,4.8,38.5,5191.0,5197,100
b237db93-fab44bf2,Statues-75,0.6319044245340242,0.4997813439876234,0.9833202887134257,0.3383220749382144,1017,707,652,55,365,203,0,0.0,0,0,0.0,0.0,0,0.0,0,0.0,203,100.0,12.67,53.427,33.643,101.416,417.41,33.03,411.52,13.312,165.63,11.996,149.3,57.2,57.9,55.5,55.9,57.9,26.4,4.7,39.6,5183.0,5190,100
b237db93-fab44bf2,Statues-200,0.6318674525623393,0.4997465846242347,0.983174878626509,0.338710842235666,1017,708,652,56,365,202,1,0.49,0,1,0.0,0.49,0,0.0,0,0.0,202,99.51,13.44,56.076,69.884,104.532,922.94,31.613,416.4,13.032,171.46,11.817,155.51,57.6,58.4,55.6,56.0,58.4,67.3,5.0,37.1,5179.0,5179,99
b237db93-fab44bf2,Statues-500,0.6318674525623393,0.4997465846242347,0.983174878626509,0.338710842235666,1017,708,652,56,365,202,1,0.49,0,1,0.0,0.49,0,0.0,0,0.0,202,99.51,13.28,55.587,68.404,106.498,885.67,32.063,416.9,13.124,170.41,11.889,154.43,57.7,58.6,55.8,56.2,58.6,66.4,5.0,37.6,5180.0,5180,98
b23a79d1-43dfeecd,Statues-25,0.47744197609059735,0.37282252947499517,0.9958488527861934,0.24461552685480203,1690,832,810,22,880,203,0,0.0,0,0,0.0,0.0,0,0.0,0,0.0,203,100.0,12.73,55.028,68.231,102.238,854.81,33.201,413.98,13.351,166.1,12.119,150.86,57.8,59.2,55.9,56.3,59.2,63.9,4.9,39.3,5180.0,5180,94
b23a79d1-43dfeecd,Statues-75,0.47744197609059735,0.37282252947499517,0.9958488527861934,0.24461552685480203,1690,832,810,22,880,203,0,0.0,0,0,0.0,0.0,0,0.0,0,0.0,203,100.0,13.21,56.443,52.294,99.302,675.9,32.152,417.27,13.165,170.57,11.92,154.51,57.7,59.1,55.8,56.3,59.1,47.2,4.9,37.9,5181.0,5184,98
b23a79d1-43dfeecd,Statues-200,0.4773277975532721,0.3724760227827786,0.9955849198956649,0.2447921180306442,1690,833,810,23,880,202,1,0.49,0,1,0.0,0.49,0,0.0,0,0.0,202,99.51,13.04,55.493,70.025,106.77,892.76,32.839,419.06,13.249,168.91,12.015,153.21,58.1,58.9,56.0,56.3,58.9,67.8,5.0,38.3,5180.0,5191,102
b23a79d1-43dfeecd,Statues-500,0.46856171184148765,0.36528662931503664,0.9919414576666477,0.24109879863726016,1690,825,798,27,892,192,11,5.42,0,11,0.0,5.42,0,0.0,0,0.0,192,94.58,12.47,52.911,68.276,106.73,833.27,32.353,396.03,13.242,161.88,11.974,146.44,58.0,58.8,56.0,56.3,58.8,66.2,4.9,37.9,5191.0,5194,98
b23a79d1-e434acaa,Statues-25,0.6468800225920889,0.5343492425188632,0.9974452730981171,0.32960107414124645,1078,713,699,14,379,192,11,5.42,0,11,0.0,5.42,0,0.0,0,0.0,192,94.58,12.3,51.797,50.633,102.18,613.89,32.513,392.37,13.27,159.8,11.971,144.25,57.8,58.9,56.0,56.4,58.9,46.4,4.8,38.4,5198.0,5199,93
b23a79d1-e434acaa,Statues-75,0.6478090352912176,0.5346583193674481,0.9974511736182854,0.3300657925507865,1078,714,700,14,378,191,12,5.91,0,12,0.0,5.91,0,0.0,0,0.0,191,94.09,12.21,51.189,71.911,106.084,859.42,33.101,394.47,13.26,157.75,12.053,143.45,58.3,59.4,56.1,56.4,59.4,72.3,4.9,38.2,5189.0,5198,95
b23a79d1-e434acaa,Statues-200,0.6478090352912176,0.5346583193674481,0.9974511736182854,0.3300657925507865,1078,714,700,14,378,190,13,6.4,0,13,0.0,6.4,0,0.0,0,0.0,190,93.6,12.02,50.587,71.105,100.64,839.0,32.927,389.09,13.267,156.54,12.027,141.97,58.1,59.2,56.2,56.8,59.1,72.7,4.8,38.6,5189.0,5189,94
b23a79d1-e434acaa,Statues-500,0.6478090352912176,0.5346583193674481,0.9974511736182854,0.3300657925507865,1078,714,700,14,378,189,14,6.9,0,14,0.0,6.9,0,0.0,0,0.0,189,93.1,12.31,51.201,55.29,102.676,661.59,31.793,384.38,13.099,158.05,11.845,143.03,57.8,58.8,56.2,56.9,58.8,55.3,4.9,37.8,5186.0,5188,94
b23adb0d-72704b27,Statues-25,0.5344589309418588,0.41441458794605823,0.9993897796299736,0.2695509201330607,1208,651,646,5,562,202,0,0.0,0,0,0.0,0.0,0,0.0,0,0.0,202,100.0,12.84,54.989,55.321,103.41,704.43,32.812,413.93,13.255,167.08,12.063,152.1,58.0,59.2,56.2,56.8,59.2,52.0,4.9,38.7,5186.0,5187,99
b23adb0d-72704b27,Statues-75,0.5344589309418588,0.41441458794605823,0.9993897796299736,0.2695509201330607,1208,651,646,5,562,202,0,0.0,0,0,0.0,0.0,0,0.0,0,0.0,202,100.0,13.0,55.66,69.611,106.616,887.59,32.401,412.98,13.209,168.13,11.999,152.78,58.1,59.1,56.4,56.8,59.1,68.0,4.9,38.6,5189.0,5195,98
b23adb0d-72704b27,Statues-200,0.5344589309418588,0.41441458794605823,0.9993897796299736,0.2695509201330607,1208,651,646,5,562,202,0,0.0,0,0,0.0,0.0,0,0.0,0,0.0,202,100.0,13.09,56.052,63.613,106.52,819.72,32.259,415.9,13.21,170.06,11.97,154.14,58.1,59.0,56.2,56.6,59.0,58.2,5.0,38.3,5199.0,5201,100
b23adb0d-72704b27,Statues-500,0.5328173467860524,0.4021174880523663,0.9994139589605144,0.2687361605730671,1208,649,644,5,564,191,11,5.45,0,11,0.0,5.45,0,0.0,0,0.0,191,94.55,12.35,52.822,73.717,104.434,900.0,32.469,393.33,13.25,160.33,12.045,145.8,58.2,59.3,56.3,56.8,59.3,71.1,4.9,38.1,5203.0,5207,94
b23adb0d-8a7aaced,Statues-25,0.47988586545935263,0.3698590923759467,0.9951264092654168,0.24633525902454753,2147,1066,1035,31,1112,203,0,0.0,0,0,0.0,0.0,0,0.0,0,0.0,203,100.0,12.97,55.63,63.051,102.898,810.58,32.793,417.75,13.3,169.28,12.034,153.2,58.2,59.4,56.3,56.7,59.4,59.6,4.9,38.7,5205.0,5205,97
b23adb0d-8a7aaced,Statues-75,0.47988586545935263,0.3698590923759467,0.9951264092654168,0.24633525902454753,2147,1066,1035,31,1112,203,0,0.0,0,0,0.0,0.0,0,0.0,0,0.0,203,100.0,12.72,54.504,51.473,96.442,645.3,33.25,415.24,13.328,166.24,12.11,151.1,58.2,59.0,56.3,56.6,59.0,49.0,4.8,39.2,5205.0,5206,100
b23adb0d-8a7aaced,Statues-200,0.47988586545935263,0.3698590923759467,0.9951264092654168,0.24633525902454753,2147,1066,1035,31,1112,203,0,0.0,0,0,0.0,0.0,0,0.0,0,0.0,203,100.0,12.87,55.16,56.815,101.132,718.03,33.025,416.12,13.354,167.97,12.061,151.78,58.3,59.2,56.4,56.8,59.2,53.1,4.9,38.7,5206.0,5207,97
b23adb0d-8a7aaced,Statues-500,0.47988586545935263,0.3698590923759467,0.9951264092654168,0.24633525902454753,2147,1066,1035,31,1112,203,0,0.0,0,0,0.0,0.0,0,0.0,0,0.0,203,100.0,12.97,55.628,62.533,103.874,794.11,32.63,413.66,13.288,168.23,12.034,152.4,58.2,59.2,56.3,56.7,59.2,59.2,4.8,38.4,5208.0,5208,97
b23b2649-1a78948d,Statues-25,0.745226345162792,0.5965760362391713,0.9857406644834847,0.40162014203985014,1332,1096,1004,92,328,190,0,0.0,0,0,0.0,0.0,0,0.0,0,0.0,190,100.0,12.69,56.229,64.46,107.38,800.37,31.758,394.07,13.086,162.18,11.843,146.81,58.2,59.3,56.2,56.5,59.3,60.4,4.9,36.8,5208.0,5208,95
b23b2649-1a78948d,Statues-75,0.745226345162792,0.5965760362391713,0.9857406644834847,0.40162014203985014,1332,1096,1004,92,328,190,0,0.0,0,0,0.0,0.0,0,0.0,0,0.0,190,100.0,12.7,56.311,66.768,105.202,830.83,31.89,397.21,13.094,162.86,11.843,147.37,58.2,58.9,56.1,56.4,59.1,64.7,5.0,36.5,5209.0,5209,95
b23b2649-1a78948d,Statues-200,0.745226345162792,0.5965760362391713,0.9857406644834847,0.40162014203985014,1332,1096,1004,92,328,190,0,0.0,0,0,0.0,0.0,0,0.0,0,0.0,190,100.0,12.5,55.252,57.963,102.532,708.34,31.474,385.08,12.973,158.44,11.778,143.91,57.7,58.3,56.3,57.0,58.4,53.1,4.9,37.5,5209.0,5209,94
b23b2649-1a78948d,Statues-500,0.745226345162792,0.5965760362391713,0.9857406644834847,0.40162014203985014,1332,1096,1004,92,328,190,0,0.0,0,0,0.0,0.0,0,0.0,0,0.0,190,100.0,12.51,55.265,59.944,103.162,736.19,31.574,388.26,13.015,159.82,11.793,144.86,57.8,58.7,56.2,56.9,58.7,60.1,5.0,37.2,5209.0,5209,94
b23b2649-6af03cd5,Statues-25,0.7914486445614244,0.658877564184263,0.9902719107789698,0.419787065162059,1469,1253,1172,81,297,198,5,2.46,0,5,0.0,2.46,0,0.0,0,0.0,198,97.54,12.97,53.565,50.357,99.964,639.52,31.864,407.01,13.024,166.1,11.857,151.29,57.8,58.7,56.2,57.0,58.7,48.4,4.9,37.5,5209.0,5209,97
b23b2649-6af03cd5,Statues-75,0.7855598756989262,0.6506762035793161,0.9892297620506411,0.4193296224036792,1469,1254,1164,90,305,188,15,7.39,0,15,0.0,7.39,0,0.0,0,0.0,188,92.61,12.77,52.494,63.386,101.402,794.19,31.193,390.68,12.904,161.44,11.741,146.93,57.9,58.8,56.2,56.8,58.8,60.1,4.9,36.1,5209.0,5209,96
b23b2649-6af03cd5,Statues-200,0.7649386021073916,0.6319583808998595,0.9789504326137062,0.4125244392641095,1469,1251,1145,106,324,174,29,14.29,0,29,0.0,14.29,0,0.0,0,0.0,174,85.71,11.74,47.875,65.979,100.79,755.82,31.498,362.0,12.943,148.57,11.791,135.39,57.9,58.8,56.1,56.6,58.8,61.6,5.0,36.1,5210.0,5210,89
b23b2649-6af03cd5,Statues-500,0.7548835537449639,0.6193138994106219,0.9802653835777881,0.41189002938225333,1469,1249,1127,122,342,164,39,19.21,0,39,0.0,19.21,0,0.0,0,0.0,164,80.79,11.1,45.19,63.012,100.71,678.2,31.237,338.86,12.917,139.91,11.718,126.98,57.7,58.7,56.1,57.0,58.7,57.8,4.9,35.9,5210.0,5212,86
b23b2649-8349d2a1,Statues-25,0.4892283563448523,0.2852232172572145,0.9120208648406971,0.2774489327527052,1493,947,796,151,697,88,4,4.35,0,4,0.0,4.35,0,0.0,0,0.0,88,95.65,5.9,54.043,65.312,99.964,365.64,30.654,173.5,12.787,72.14,11.618,65.6,57.6,58.2,55.9,56.5,58.2,63.5,4.9,34.6,5212.0,5212,46
b23b2649-8349d2a1,Statues-75,0.4435190252007186,0.2609099001796714,0.9116153497057853,0.25259757235072366,1493,866,721,145,772,61,31,33.7,0,31,0.0,33.7,0,0.0,0,0.0,61,66.3,4.34,38.634,66.952,102.524,277.28,29.177,120.37,12.569,51.6,11.327,46.57,57.4,58.5,55.9,56.2,58.5,62.4,4.9,33.3,5212.0,5212,33
b23b2649-8349d2a1,Statues-200,0.42573718910733127,0.24992071377157715,0.8892916363401863,0.2477936918562018,1493,886,707,179,786,43,49,53.26,0,49,0.0,53.26,0,0.0,0,0.0,43,46.74,3.33,28.653,49.517,100.282,147.13,26.508,81.49,12.017,36.74,10.774,33.0,56.8,57.3,55.5,56.3,57.3,42.2,5.0,30.1,5212.0,5213,24
b23b2649-8349d2a1,Statues-500,0.34784035405151237,0.196443740536871,0.8103155330891937,0.21846136473674685,1493,866,635,231,858,23,69,75.0,0,69,0.0,75.0,0,0.0,0,0.0,23,25.0,1.99,15.976,54.062,99.394,91.24,23.906,42.54,11.71,20.63,10.232,18.07,56.7,57.7,55.1,55.8,57.7,48.1,5.3,26.4,5213.0,5213,14
b23bb45f-ddeea1d8,Statues-25,0.797149338844032,0.6168403531984896,0.996129680973821,0.4088091872590927,1035,851,828,23,207,191,12,5.91,0,12,0.0,5.91,0,0.0,0,0.0,191,94.09,12.72,51.832,71.296,102.812,896.61,31.612,394.79,12.964,161.69,11.816,147.43,57.4,58.7,55.5,56.3,58.7,69.9,4.9,36.8,5213.0,5213,94
b23bb45f-ddeea1d8,Statues-75,0.8044566723034807,0.6142341459750248,0.9944863378792176,0.4120222446916076,1035,860,837,23,198,144,59,29.06,0,59,0.0,29.06,0,0.0,0,0.0,144,70.94,9.69,38.955,44.402,105.95,413.38,31.152,294.16,12.901,121.59,11.643,109.78,57.3,58.1,55.6,56.6,58.3,38.2,5.0,36.4,5214.0,5214,76
b23bb45f-ddeea1d8,Statues-200,0.7745069221063525,0.5773930406028788,0.9782441970953044,0.40168041706736857,1035,859,819,40,216,132,71,34.98,0,71,0.0,34.98,0,0.0,0,0.0,132,65.02,8.96,35.553,33.971,99.656,295.97,30.696,266.13,12.773,110.49,11.527,99.79,57.0,57.6,55.5,56.5,57.6,28.0,5.0,36.2,5215.0,5215,69
b23bb45f-ddeea1d8,Statues-500,0.7738097720828812,0.5613491653213133,0.986339906984716,0.40547429040621324,1035,859,811,48,224,122,81,39.9,0,81,0.0,39.9,0,0.0,0,0.0,122,60.1,8.32,32.991,39.177,101.012,309.76,30.954,250.67,12.872,103.9,11.553,93.35,57.1,58.1,55.5,56.5,58.1,31.3,5.0,36.1,5216.0,5216,65
b23c9e00-b425de1b,Statues-25,0.47985352669927794,0.3820141288603517,0.9949429267154867,0.24590804030494573,2717,1347,1310,37,1407,197,5,2.48,0,5,0.0,2.48,0,0.0,0,0.0,197,97.52,12.47,53.807,70.224,103.334,852.62,32.896,400.47,13.246,160.98,12.053,146.55,57.7,58.6,55.8,56.8,58.6,70.2,4.8,38.4,5216.0,5216,92
b23c9e00-b425de1b,Statues-75,0.4806872410735993,0.383126858378945,0.9951676446092766,0.2461886855920902,2717,1348,1312,36,1405,192,10,4.95,0,10,0.0,4.95,0,0.0,0,0.0,192,95.05,12.43,53.403,66.948,102.646,809.76,32.398,393.15,13.172,159.58,11.931,144.61,57.8,59.0,55.8,56.2,59.0,63.6,4.9,37.9,5218.0,5218,93
b23c9e00-b425de1b,Statues-200,0.48190323224876463,0.3804768065718802,0.9944721926661028,0.2484319915342406,2717,1362,1316,46,1401,178,24,11.88,0,24,0.0,11.88,0,0.0,0,0.0,178,88.12,12.1,51.167,55.444,105.192,652.64,31.332,371.04,12.889,152.3,11.733,138.72,57.7,58.7,55.7,56.1,58.4,52.1,4.9,36.1,5212.0,5218,91
b23c9e00-b425de1b,Statues-500,0.47692616716116,0.37116406841934685,0.9890206880532084,0.24889630875182994,2717,1377,1309,68,1408,147,55,27.23,0,55,0.0,27.23,0,0.0,0,0.0,147,72.77,9.98,42.051,69.724,102.634,678.69,31.285,305.06,12.967,126.09,11.733,114.17,57.6,58.6,55.6,56.4,58.6,65.8,4.8,36.1,5212.0,5212,74
b23f7012-32d284ce,Statues-25,0.3935382625912033,0.29892738467654983,0.990750517021493,0.20376725561136674,1660,686,659,27,1001,203,0,0.0,0,0,0.0,0.0,0,0.0,0,0.0,203,100.0,12.62,53.527,49.217,104.078,612.21,33.105,411.15,13.297,164.87,12.054,149.53,57.5,58.8,55.8,56.4,58.8,46.2,4.8,39.2,5213.0,5213,100
b23f7012-32d284ce,Statues-75,0.3935382625912033,0.29892738467654983,0.990750517021493,0.20376725561136674,1660,686,659,27,1001,203,0,0.0,0,0,0.0,0.0,0,0.0,0,0.0,203,100.0,12.69,53.921,73.056,102.878,912.94,33.357,416.45,13.351,166.4,12.108,151.0,58.1,59.3,56.2,56.9,59.3,75.0,4.8,39.4,5213.0,5213,98
b23f7012-32d284ce,Statues-200,0.3935382625912033,0.29892738467654983,0.990750517021493,0.20376725561136674,1660,686,659,27,1001,203,0,0.0,0,0,0.0,0.0,0,0.0,0,0.0,203,100.0,12.68,54.017,73.199,103.882,910.28,33.396,413.71,13.352,165.19,12.142,150.29,58.3,59.7,56.4,56.9,59.2,73.5,4.9,39.2,5214.0,5214,95
b23f7012-32d284ce,Statues-500,0.3921927845504411,0.29448039434332696,0.9903260724388165,0.20333128132969835,1660,685,657,28,1003,199,4,1.97,0,4,0.0,1.97,0,0.0,0,0.0,199,98.03,12.52,53.034,75.027,107.792,923.32,33.13,407.74,13.328,163.78,12.086,148.57,58.2,59.1,56.4,57.0,59.1,73.2,4.9,39.1,5216.0,5216,96
b23f7012-fab06dac,Statues-25,0.31446856555155855,0.2326463541681388,0.9847094458435047,0.16374477046987504,1714,574,547,27,1167,200,2,0.99,0,2,0.0,0.99,0,0.0,0,0.0,200,99.01,12.59,53.502,86.427,103.322,1072.62,33.321,412.69,13.358,165.31,12.157,150.48,58.5,59.5,56.4,57.1,59.5,87.4,4.8,39.1,5214.0,5217,98
b23f7012-fab06dac,Statues-75,0.31290571928049504,0.23071315775425746,0.9851836746576519,0.1629344820750919,1714,571,544,27,1170,189,13,6.44,0,13,0.0,6.44,0,0.0,0,0.0,189,93.56,11.93,50.437,60.049,103.094,707.91,33.021,388.02,13.315,156.21,12.044,141.37,58.2,59.3,56.4,57.3,59.3,60.2,4.9,38.9,5211.0,5212,92
b23f7012-fab06dac,Statues-200,0.3075484934452606,0.2268127099844608,0.9863757650802217,0.1602936496546216,1714,561,534,27,1180,181,21,10.4,0,21,0.0,10.4,0,0.0,0,0.0,181,89.6,11.69,49.093,72.634,107.676,838.13,32.368,371.59,13.238,151.66,11.966,137.17,58.3,59.2,56.3,56.8,59.2,69.0,4.9,38.0,5211.0,5212,88
b23f7012-fab06dac,Statues-500,0.3055162538390165,0.2250947864304833,0.9872825840495913,0.15909396170344936,1714,556,530,26,1184,176,26,12.87,0,26,0.0,12.87,0,0.0,0,0.0,176,87.13,11.36,47.699,66.184,103.68,735.9,32.309,358.56,13.172,145.93,11.95,132.45,58.1,59.3,56.3,56.9,59.3,62.7,4.9,38.0,5212.0,5212,84
b23fe89b-c704fe97,Statues-25,0.6035667771872917,0.48723549181480835,0.9966177664209878,0.30818362372483527,1166,722,706,16,460,203,0,0.0,0,0,0.0,0.0,0,0.0,0,0.0,203,100.0,12.68,54.221,73.309,101.744,913.56,33.389,414.21,13.372,165.65,12.161,150.71,58.4,59.4,56.5,57.4,59.4,71.1,4.9,39.3,5212.0,5213,94
b23fe89b-c704fe97,Statues-75,0.6035667771872917,0.48723549181480835,0.9966177664209878,0.30818362372483527,1166,722,706,16,460,203,0,0.0,0,0,0.0,0.0,0,0.0,0,0.0,203,100.0,12.69,54.217,72.029,106.414,898.45,33.321,416.1,13.368,166.68,12.156,151.63,58.4,59.3,56.6,57.2,59.3,70.9,4.9,39.3,5212.0,5212,95
b23fe89b-c704fe97,Statues-200,0.6035667771872917,0.48723549181480835,0.9966177664209878,0.30818362372483527,1166,722,706,16,460,203,0,0.0,0,0,0.0,0.0,0,0.0,0,0.0,203,100.0,12.68,54.17,71.775,102.654,895.85,33.383,416.41,13.375,166.58,12.177,151.72,58.5,59.4,56.8,57.3,59.4,71.3,4.9,39.3,5212.0,5213,93
b23fe89b-c704fe97,Statues-500,0.6035667771872917,0.48723549181480835,0.9966177664209878,0.30818362372483527,1166,722,706,16,460,203,0,0.0,0,0,0.0,0.0,0,0.0,0,0.0,203,100.0,12.69,54.241,74.822,100.974,928.63,33.396,414.32,13.376,165.7,12.198,151.17,58.6,60.0,56.8,57.5,60.0,72.3,4.9,39.4,5213.0,5213,93
b24071b8-b3ee1196,Statues-25,0.6900842907204028,0.47070891979298723,0.9696831636604729,0.3785520745239415,4862,3864,3446,418,1416,202,0,0.0,0,0,0.0,0.0,0,0.0,0,0.0,202,100.0,14.13,58.948,53.079,102.558,732.49,30.513,425.42,12.733,177.35,11.559,161.06,58.0,58.9,56.3,56.9,59.1,47.6,4.9,35.5,5216.0,5218,107
b24071b8-b3ee1196,Statues-75,0.6900842907204028,0.47070891979298723,0.9696831636604729,0.3785520745239415,4862,3864,3446,418,1416,202,0,0.0,0,0,0.0,0.0,0,0.0,0,0.0,202,100.0,14.16,58.658,62.91,100.944,879.93,30.297,424.36,12.701,177.58,11.529,161.28,57.2,58.2,55.3,56.1,58.2,59.5,4.9,34.2,5220.0,5222,112
b24071b8-b3ee1196,Statues-200,0.6852251472954677,0.4650682070662276,0.9665814177504157,0.3766511444217052,4862,3858,3433,425,1429,197,5,2.48,0,5,0.0,2.48,0,0.0,0,0.0,197,97.52,13.91,57.456,60.014,102.37,818.43,30.071,412.91,12.659,173.49,11.456,157.08,56.9,57.8,55.1,55.7,57.8,57.6,4.9,34.1,5226.0,5227,108
b24071b8-b3ee1196,Statues-500,0.6434484314502179,0.4225755615005923,0.9363477365962294,0.36302671742164916,4862,3844,3329,515,1533,176,26,12.87,0,26,0.0,12.87,0,0.0,0,0.0,176,87.13,12.54,50.901,61.718,103.294,764.18,29.825,368.32,12.617,155.41,11.426,140.84,56.7,57.7,55.1,55.8,57.6,58.6,5.0,33.8,5221.0,5225,99
b2408e45-984ba5aa,Statues-25,0.7353247802384736,0.5791046406721806,0.992633828676564,0.3861135195523173,1945,1521,1439,82,506,203,0,0.0,0,0,0.0,0.0,0,0.0,0,0.0,203,100.0,13.19,55.891,65.206,102.04,848.01,32.193,419.34,13.127,170.63,11.856,154.2,56.9,58.2,55.0,55.7,58.1,63.2,4.9,36.7,5229.0,5229,104
b2408e45-984ba5aa,Statues-75,0.7353247802384736,0.5791046406721806,0.992633828676564,0.3861135195523173,1945,1521,1439,82,506,203,0,0.0,0,0,0.0,0.0,0,0.0,0,0.0,203,100.0,13.14,55.614,67.959,104.42,878.89,32.501,420.17,13.216,170.6,11.922,153.95,57.4,58.4,55.4,56.0,58.4,69.0,4.9,37.9,5224.0,5229,103
b2408e45-984ba5aa,Statues-200,0.7353247802384736,0.5791046406721806,0.992633828676564,0.3861135195523173,1945,1521,1439,82,506,203,0,0.0,0,0,0.0,0.0,0,0.0,0,0.0,203,100.0,13.04,55.158,68.015,100.516,871.56,32.647,420.01,13.227,169.94,11.963,153.76,57.6,58.6,55.6,56.0,58.6,66.0,4.9,38.2,5227.0,5227,103
b2408e45-984ba5aa,Statues-500,0.7321645385267141,0.5745012212186328,0.9917419073239665,0.38504224975503104,1945,1519,1434,85,511,201,2,0.99,0,2,0.0,0.99,0,0.0,0,0.0,201,99.01,12.93,54.616,70.369,103.914,888.13,32.71,414.48,13.239,167.46,11.973,151.53,57.8,58.9,55.7,56.3,58.9,68.2,4.9,38.0,5225.0,5225,101
b242929f-3051abca,Statues-25,0.6422349680734836,0.5079424920769589,0.9884485466026095,0.3373986959161585,1863,1281,1209,72,654,202,0,0.0,0,0,0.0,0.0,0,0.0,0,0.0,202,100.0,12.85,53.93,43.764,105.2,552.68,32.675,412.39,13.212,166.57,11.938,150.56,57.5,58.5,55.7,56.4,58.5,36.8,4.8,38.5,5224.0,5224,101
b242929f-3051abca,Statues-75,0.6422349680734836,0.5079424920769589,0.9884485466026095,0.3373986959161585,1863,1281,1209,72,654,202,0,0.0,0,0,0.0,0.0,0,0.0,0,0.0,202,100.0,13.25,55.207,54.887,102.778,711.21,31.723,411.77,12.985,168.28,11.796,152.92,57.5,58.2,55.8,56.6,58.2,48.6,4.9,37.4,5224.0,5224,100
b242929f-3051abca,Statues-200,0.6422349680734836,0.5079424920769589,0.9884485466026095,0.3373986959161585,1863,1281,1209,72,654,202,0,0.0,0,0,0.0,0.0,0,0.0,0,0.0,202,100.0,13.22,56.274,31.765,87.48,407.29,32.291,417.67,13.024,168.2,11.868,153.34,57.5,58.2,55.7,56.1,58.2,24.6,4.9,37.5,5225.0,5225,100
b242929f-3051abca,Statues-500,0.6406748366167542,0.5067324570094175,0.9884920562246232,0.3366312264953711,1863,1278,1206,72,657,201,1,0.5,0,1,0.0,0.5,0,0.0,0,0.0,201,99.5,13.38,55.841,49.514,102.7,646.25,31.515,415.33,12.959,170.57,11.76,154.85,57.5,58.4,55.7,56.7,58.4,44.8,5.0,36.8,5225.0,5226,102
b242f6b2-0033bdfb,Statues-25,0.3894972704300577,0.3040955185622852,0.990476155968944,0.20140379316637652,2809,1149,1104,45,1705,200,2,0.99,0,2,0.0,0.99,0,0.0,0,0.0,200,99.01,13.03,55.007,29.407,86.098,372.72,31.864,405.88,12.976,165.1,11.806,150.26,57.2,58.0,55.6,56.1,58.0,19.5,4.9,37.6,5226.0,5227,99
b242f6b2-0033bdfb,Statues-75,0.39174596397336103,0.3040815302564702,0.989964243545161,0.20231075439334606,2809,1155,1111,44,1698,192,10,4.95,0,10,0.0,4.95,0,0.0,0,0.0,192,95.05,12.67,53.269,47.139,97.46,583.85,31.616,394.26,12.971,161.58,11.781,146.81,57.4,58.5,55.7,56.3,58.5,39.6,4.9,37.1,5227.0,5227,97
b242f6b2-0033bdfb,Statues-200,0.3844650899632057,0.29113623419646967,0.9856232687564972,0.1996096740983568,2809,1147,1095,52,1714,159,43,21.29,0,43,0.0,21.29,0,0.0,0,0.0,159,78.71,10.77,44.553,46.609,103.336,484.25,30.745,322.5,12.77,133.73,11.606,121.6,57.2,58.1,55.6,56.2,58.1,39.7,5.0,35.7,5229.0,5229,83
b242f6b2-0033bdfb,Statues-500,0.3365794523329122,0.2504021157482814,0.9686918089881152,0.17756841400932677,2809,1046,975,71,1834,110,92,45.54,0,92,0.0,45.54,0,0.0,0,0.0,110,54.46,7.97,32.116,56.943,96.17,437.65,28.756,222.25,12.428,95.98,11.226,86.74,56.9,57.8,55.4,56.1,57.8,52.9,5.1,33.5,5231.0,5231,61
b242f6b2-99d2f2c1,Statues-25,0.2717658603606943,0.19511170748273649,0.9764561144869568,0.14635232332458045,1520,461,422,39,1098,202,1,0.49,0,1,0.0,0.49,0,0.0,0,0.0,202,99.51,12.97,55.57,72.523,104.61,927.92,32.434,414.38,13.189,168.2,11.975,152.79,57.6,58.9,55.8,56.5,58.9,70.5,4.9,37.9,5231.0,5231,98
b242f6b2-99d2f2c1,Statues-75,0.2730540250385065,0.1953384707134081,0.9764824593500049,0.14699755598499487,1520,463,424,39,1096,196,7,3.45,0,7,0.0,3.45,0,0.0,0,0.0,196,96.55,12.19,52.201,47.042,98.24,559.76,33.089,394.92,13.233,157.71,12.052,143.7,57.5,58.8,55.9,56.8,58.8,47.0,4.8,39.6,5238.0,5242,96
b242f6b2-99d2f2c1,Statues-200,0.26393716593292504,0.18599274794260168,0.9709183846478876,0.14331983805668017,1520,455,412,43,1108,189,14,6.9,0,14,0.0,6.9,0,0.0,0,0.0,189,93.1,11.67,50.225,62.529,101.68,718.53,33.66,385.89,13.43,153.87,12.194,139.72,58.1,59.4,56.2,57.0,59.4,64.4,4.8,40.0,5238.0,5241,92
b242f6b2-99d2f2c1,Statues-500,0.26234633435824806,0.18302214261546648,0.9658766747075008,0.1448176610707804,1520,464,411,53,1109,179,24,11.82,0,24,0.0,11.82,0,0.0,0,0.0,179,88.18,11.59,49.244,61.632,104.122,703.71,32.128,365.93,13.169,149.79,11.923,135.66,58.0,58.8,56.3,57.0,58.8,60.5,4.9,38.1,5234.0,5236,89
b242f6b2-eaa39345,Statues-25,0.4987089241301753,0.3847046651702447,0.9927811270753045,0.25769533825070745,1683,877,845,32,838,202,0,0.0,0,0,0.0,0.0,0,0.0,0,0.0,202,100.0,12.88,54.903,37.077,101.592,467.44,32.678,411.63,13.174,165.79,11.974,150.74,57.8,59.0,56.1,56.7,59.0,31.8,4.9,38.8,5235.0,5236,100
b242f6b2-eaa39345,Statues-75,0.49976032111609225,0.3853873626163258,0.992497413894897,0.25844609193539675,1683,880,847,33,836,199,3,1.49,0,3,0.0,1.49,0,0.0,0,0.0,199,98.51,12.76,53.966,37.424,105.502,469.51,32.39,407.01,13.16,165.21,11.918,149.68,57.7,58.6,56.1,56.8,58.6,27.9,4.9,38.6,5234.0,5236,99
b242f6b2-eaa39345,Statues-200,0.49900726485288144,0.38409853461027976,0.9921797262322032,0.2580262911521695,1683,879,846,33,837,187,15,7.43,0,15,0.0,7.43,0,0.0,0,0.0,187,92.57,12.08,50.787,33.291,90.516,390.41,32.298,383.29,13.141,155.72,11.897,141.02,57.7,58.6,56.0,56.8,58.6,21.1,4.9,38.6,5234.0,5236,94
b242f6b2-eaa39345,Statues-500,0.4887107730501872,0.3741188695253627,0.9928993474393528,0.2521900757194875,1683,858,828,30,855,164,38,18.81,0,38,0.0,18.81,0,0.0,0,0.0,164,81.19,10.88,45.429,40.434,101.734,426.8,31.514,335.04,12.903,136.84,11.781,125.02,57.5,58.0,56.0,56.7,58.0,35.6,5.0,37.4,5235.0,5239,83
b242f6b2-f5da110f,Statues-25,0.43673730893085466,0.32578317075671814,0.9918326405827586,0.2272574739281576,1875,863,825,38,1050,201,0,0.0,0,0,0.0,0.0,0,0.0,0,0.0,201,100.0,12.87,55.369,49.278,105.122,617.28,32.33,407.55,13.088,164.74,11.937,150.32,57.7,59.1,56.1,57.0,59.1,44.4,4.8,38.5,5234.0,5234,99
b242f6b2-f5da110f,Statues-75,0.43673730893085466,0.32578317075671814,0.9918326405827586,0.2272574739281576,1875,863,825,38,1050,201,0,0.0,0,0,0.0,0.0,0,0.0,0,0.0,201,100.0,12.93,55.608,63.892,102.26,813.59,32.273,411.01,13.157,167.32,11.957,152.12,58.0,59.2,56.3,57.1,59.2,62.1,4.9,38.4,5237.0,5240,98
b242f6b2-f5da110f,Statues-200,0.43673730893085466,0.32578317075671814,0.9918326405827586,0.2272574739281576,1875,863,825,38,1050,201,0,0.0,0,0,0.0,0.0,0,0.0,0,0.0,201,100.0,12.92,55.643,64.413,103.412,822.56,32.504,412.91,13.203,167.44,12.003,152.29,58.1,59.0,56.4,57.1,59.0,61.6,4.9,38.3,5237.0,5237,97
b242f6b2-f5da110f,Statues-500,0.42060576058484755,0.29964771135802903,0.9769342076102341,0.22411538166474876,1875,869,806,63,1069,183,18,8.96,0,18,0.0,8.96,0,0.0,0,0.0,183,91.04,11.99,51.176,62.489,106.654,737.03,31.999,375.17,13.146,153.91,11.897,139.37,58.0,59.5,56.3,56.9,59.5,59.2,4.9,37.6,5239.0,5242,90
b24380ab-63272e5a,Statues-25,0.08134420376539006,0.05710936151059184,0.999331699710403,0.04186834017336254,811,67,66,1,745,199,1,0.5,0,1,0.0,0.5,0,0.0,0,0.0,199,99.5,12.15,53.679,69.62,103.778,831.63,33.995,405.21,13.557,161.32,12.29,146.3,58.4,59.6,56.5,57.2,59.6,69.1,4.7,40.0,5239.0,5241,91
b24380ab-63272e5a,Statues-75,0.08134420376539006,0.05710936151059184,0.999331699710403,0.04186834017336254,811,67,66,1,745,199,1,0.5,0,1,0.0,0.5,0,0.0,0,0.0,199,99.5,12.2,53.763,72.561,106.012,866.95,34.008,408.06,13.576,162.7,12.306,147.54,58.7,59.5,56.8,57.4,59.5,71.3,4.8,40.5,5239.0,5242,92
b24380ab-63272e5a,Statues-200,0.07914956659366547,0.054280811442085755,0.9872361606148365,0.040911349540828534,811,67,65,2,746,193,7,3.5,0,7,0.0,3.5,0,0.0,0,0.0,193,96.5,11.98,52.595,67.246,95.82,785.63,33.635,393.41,13.47,157.42,12.234,143.0,58.7,60.0,56.7,57.0,60.0,64.3,4.8,39.9,5243.0,5244,91
b24380ab-63272e5a,Statues-500,0.0775397740904196,0.04570440512944119,0.9813132153313814,0.04119823021687096,811,68,64,4,747,149,51,25.5,0,51,0.0,25.5,0,0.0,0,0.0,149,74.5,9.51,40.96,60.457,105.28,563.16,32.575,301.14,13.315,122.9,12.014,110.93,58.5,59.8,56.6,57.0,59.8,55.1,4.8,38.3,5243.0,5247,72
b24380ab-6dbeb908,Statues-25,0.42992393868682643,0.3357399886633203,0.9926633317738744,0.22299526537741535,1481,668,641,27,840,202,0,0.0,0,0,0.0,0.0,0,0.0,0,0.0,202,100.0,13.01,56.106,62.532,104.066,798.16,32.8,419.1,13.311,169.91,12.063,154.01,58.6,59.8,56.7,57.0,59.8,57.4,4.9,38.8,5242.0,5244,99
b24380ab-6dbeb908,Statues-75,0.42992393868682643,0.3357399886633203,0.9926633317738744,0.22299526537741535,1481,668,641,27,840,202,0,0.0,0,0,0.0,0.0,0,0.0,0,0.0,202,100.0,12.97,55.876,67.53,106.438,861.57,32.762,418.7,13.301,169.79,12.064,154.04,58.6,59.6,56.6,56.9,59.6,66.9,4.9,38.5,5240.0,5242,100
b24380ab-6dbeb908,Statues-200,0.4292640380119875,0.3344073657724798,0.9926858729080403,0.2226715811574294,1481,667,640,27,841,201,1,0.5,0,1,0.0,0.5,0,0.0,0,0.0,201,99.5,12.89,55.578,62.782,101.98,793.05,32.769,414.07,13.29,167.72,12.043,152.03,58.6,59.8,56.5,57.0,59.8,62.1,4.9,38.5,5242.0,5243,101
b24380ab-6dbeb908,Statues-500,0.3901427707986337,0.28485278377745804,0.9521484105722632,0.21101925693417928,1481,666,606,60,875,183,19,9.41,0,19,0.0,9.41,0,0.0,0,0.0,183,90.59,11.92,51.078,63.485,103.952,738.49,32.381,376.76,13.223,153.64,12.0,139.47,58.5,59.8,56.5,56.8,59.8,60.9,5.0,38.0,5243.0,5249,93
b24c9ee6-e43a6e8b,Statues-25,0.39095842858358565,0.30418521280939925,0.9969707527355844,0.1991735279995732,1061,424,416,8,645,202,0,0.0,0,0,0.0,0.0,0,0.0,0,0.0,202,100.0,12.86,56.022,60.014,101.27,753.14,32.84,414.63,13.336,168.16,12.082,152.4,58.5,60.0,56.6,56.9,60.0,55.4,4.9,38.9,5245.0,5247,100
b24c9ee6-e43a6e8b,Statues-75,0.39095842858358565,0.30418521280939925,0.9969707527355844,0.1991735279995732,1061,424,416,8,645,202,0,0.0,0,0,0.0,0.0,0,0.0,0,0.0,202,100.0,12.82,55.804,60.593,102.714,759.36,33.156,418.34,13.356,168.28,12.175,153.47,58.7,59.6,56.7,57.1,59.6,57.1,4.8,39.1,5246.0,5247,101
b24c9ee6-e43a6e8b,Statues-200,0.39285779669396664,0.30442044216591446,0.9970218931574282,0.20012788006708176,1061,426,418,8,643,198,4,1.98,0,4,0.0,1.98,0,0.0,0,0.0,198,98.02,12.66,55.011,64.073,104.19,794.92,32.792,407.72,13.342,165.66,12.098,150.27,58.7,59.8,56.7,57.0,59.8,61.9,4.8,38.6,5246.0,5247,98
b24c9ee6-e43a6e8b,Statues-500,0.26278822522527506,0.1765812016635248,0.8655678177523702,0.15853570990234514,1061,407,320,87,741,146,56,27.72,0,56,0.0,27.72,0,0.0,0,0.0,146,72.28,9.63,41.024,68.881,102.192,647.9,31.819,300.48,13.148,124.02,11.896,112.24,58.5,59.4,56.6,56.9,59.4,65.6,5.0,37.3,5248.0,5248,74
b24ca67a-594d7d3c,Statues-25,0.5481872091363775,0.4237428130142402,0.9992083442948242,0.2777891440718227,1019,566,559,7,460,202,0,0.0,0,0,0.0,0.0,0,0.0,0,0.0,202,100.0,13.15,56.017,50.622,102.524,658.83,32.204,417.06,13.094,169.37,11.943,154.52,58.3,59.1,56.5,57.3,59.1,43.9,4.9,37.9,5243.0,5250,102
b24ca67a-594d7d3c,Statues-75,0.5481872091363775,0.4237428130142402,0.9992083442948242,0.2777891440718227,1019,566,559,7,460,202,0,0.0,0,0,0.0,0.0,0,0.0,0,0.0,202,100.0,12.89,55.186,33.626,102.388,423.16,32.828,413.72,13.213,166.32,12.035,151.55,58.3,59.1,56.5,57.2,59.2,26.9,4.8,38.7,5239.0,5240,100
b24ca67a-594d7d3c,Statues-200,0.5481872091363775,0.4237428130142402,0.9992083442948242,0.2777891440718227,1019,566,559,7,460,202,0,0.0,0,0,0.0,0.0,0,0.0,0,0.0,202,100.0,12.99,55.451,32.426,97.38,411.03,32.528,413.35,13.182,167.29,11.984,152.13,58.2,59.6,56.6,57.3,59.6,26.1,4.8,38.5,5240.0,5241,100
b24ca67a-594d7d3c,Statues-500,0.5481872091363775,0.4237982054409012,0.9992083442948242,0.2777891440718227,1019,566,559,7,460,201,1,0.5,0,1,0.0,0.5,0,0.0,0,0.0,201,99.5,12.97,54.966,26.796,49.306,339.59,32.138,407.92,12.988,164.6,11.915,151.08,58.0,58.5,56.5,57.1,58.5,18.5,4.9,38.4,5241.0,5244,99
b24d283f-33783d1b,Statues-25,0.7241022449144107,0.5702409674354069,0.9932223851853472,0.37606284053626077,2991,2275,2179,96,812,202,0,0.0,0,0,0.0,0.0,0,0.0,0,0.0,202,100.0,14.13,58.455,65.067,102.622,901.55,30.521,422.34,12.781,176.63,11.611,160.51,58.3,59.0,56.4,57.0,59.0,60.7,5.0,35.7,5242.0,5245,110
b24d283f-33783d1b,Statues-75,0.7224422903273557,0.568316368660813,0.9932042219388056,0.3753830109144401,2991,2271,2174,97,817,199,3,1.49,0,3,0.0,1.49,0,0.0,0,0.0,199,98.51,14.12,58.609,60.272,100.192,835.2,30.009,417.09,12.648,175.56,11.523,160.02,57.7,58.7,55.8,56.3,58.7,55.3,4.9,34.2,5238.0,5241,109
b24d283f-33783d1b,Statues-200,0.7176313530395695,0.5475301001841357,0.9893243294217489,0.3739159993545676,2991,2273,2168,105,823,179,23,11.39,0,23,0.0,11.39,0,0.0,0,0.0,179,88.61,12.89,53.051,54.605,105.836,684.78,29.623,374.35,12.585,158.64,11.467,144.66,57.5,58.5,55.9,56.4,58.5,50.9,5.0,33.7,5240.0,5245,98
b24d283f-33783d1b,Statues-500,0.627285001520115,0.46746424886734317,0.9277690249503702,0.3502595475159509,2991,2296,2019,277,972,157,45,22.28,0,45,0.0,22.28,0,0.0,0,0.0,157,77.72,11.59,47.6,63.436,101.65,721.52,29.146,332.96,12.48,142.1,11.308,128.86,57.2,58.0,55.6,56.2,58.9,61.1,5.0,33.2,5244.0,5247,88
b24f03f7-ff66eaca,Statues-25,0.7491716163497775,0.6113685332210861,0.9997354230530977,0.37705671297427823,1165,878,873,5,292,175,27,13.37,0,27,0.0,13.37,0,0.0,0,0.0,175,86.63,12.03,50.548,54.789,93.752,644.94,30.842,361.62,12.79,149.75,11.631,136.25,57.3,58.3,55.6,56.1,58.1,52.9,4.9,34.7,5244.0,5251,90
b24f03f7-ff66eaca,Statues-75,0.7331885517708656,0.600426817948938,0.9872253697799847,0.37402157001584757,1165,891,865,26,300,140,62,30.69,0,62,0.0,30.69,0,0.0,0,0.0,140,69.31,9.76,40.553,63.697,106.972,607.45,30.308,286.89,12.776,120.79,11.541,109.17,57.4,58.4,55.7,56.1,58.4,60.3,5.0,34.5,5243.0,5243,73
b24f03f7-ff66eaca,Statues-200,0.6231619819782176,0.5017748504467967,0.946853084531407,0.3422290097327664,1165,874,763,111,402,105,97,48.02,0,97,0.0,48.02,0,0.0,0,0.0,105,51.98,7.57,30.698,62.128,103.428,455.27,29.056,212.73,12.521,91.63,11.291,82.65,57.1,58.2,55.7,56.4,58.2,57.5,5.0,32.7,5243.0,5244,59
b24f03f7-ff66eaca,Statues-500,0.5681180513238961,0.4593693884822102,0.8720474043050087,0.34025260075315533,1165,979,747,232,418,67,135,66.83,0,135,0.0,66.83,0,0.0,0,0.0,67,33.17,5.29,20.825,67.371,103.822,337.3,26.599,133.75,12.064,60.64,10.819,54.39,56.8,57.8,55.4,55.9,57.8,66.2,5.1,30.9,5245.0,5247,41
b24f7455-e8c55d6a,Statues-25,0.6291429016659909,0.46633738858187634,0.9793396160178035,0.3342241185193482,2734,1881,1754,127,980,199,3,1.49,0,3,0.0,1.49,0,0.0,0,0.0,199,98.51,13.8,57.176,60.968,106.57,831.03,30.711,417.95,12.722,172.97,11.585,157.56,57.2,58.3,55.5,56.1,58.3,57.2,5.0,36.0,5247.0,5251,107
b24f7455-e8c55d6a,Statues-75,0.6317888661919681,0.4648090891202659,0.9795008047670237,0.3358716224846437,2734,1890,1761,129,973,186,16,7.92,0,16,0.0,7.92,0,0.0,0,0.0,186,92.08,13.05,53.664,51.686,100.166,656.12,30.342,390.14,12.673,162.47,11.519,147.77,57.0,58.0,55.3,56.4,58.0,47.8,5.0,35.1,5250.0,5253,98
b24f7455-e8c55d6a,Statues-200,0.6273825839535453,0.4495652932614103,0.9804204444527185,0.33011326466273516,2734,1854,1748,106,986,180,22,10.89,0,22,0.0,10.89,0,0.0,0,0.0,180,89.11,12.58,51.74,62.596,102.856,769.79,30.649,377.77,12.71,156.36,11.572,142.43,57.0,58.6,55.2,56.1,58.6,57.6,5.0,35.1,5257.0,5258,97
b24f7455-e8c55d6a,Statues-500,0.6041955584566783,0.42497833474879976,0.9731114954263538,0.31998659603424995,2734,1813,1696,117,1038,174,28,13.86,0,28,0.0,13.86,0,0.0,0,0.0,174,86.14,12.09,49.668,63.61,100.18,754.59,30.768,364.67,12.726,150.46,11.595,137.18,57.0,58.0,55.3,56.1,58.0,60.8,5.0,35.4,5256.0,5257,93
b2505382-1423f56a,Statues-25,0.681407522648141,0.531305828990071,0.9984458865831678,0.3470239328994459,2040,1419,1392,27,648,120,82,40.59,0,82,0.0,40.59,0,0.0,0,0.0,120,59.41,8.04,33.725,38.265,94.808,301.1,31.482,245.48,12.913,100.19,11.717,91.03,56.7,57.8,55.1,56.2,58.1,28.3,4.9,35.8,5256.0,5256,61
b2505382-1423f56a,Statues-75,0.6814070933141334,0.5313697954219141,0.9984452687985037,0.34702358744766404,2040,1419,1392,27,648,119,83,41.09,0,83,0.0,41.09,0,0.0,0,0.0,119,58.91,8.2,34.527,64.818,94.462,518.94,30.758,246.19,12.8,102.0,11.63,92.77,56.8,57.7,55.4,57.1,57.7,63.1,5.0,36.1,5256.0,5261,62
b2505382-1423f56a,Statues-200,0.7221696867808283,0.562351388414728,0.9986214321892418,0.36791106070087604,2040,1504,1475,29,565,114,88,43.56,0,88,0.0,43.56,0,0.0,0,0.0,114,56.44,7.66,32.037,39.66,99.884,300.81,31.403,235.86,12.895,96.34,11.704,87.57,56.8,57.9,55.2,56.3,57.9,32.2,5.1,36.3,5255.0,5257,59
b2505382-1423f56a,Statues-500,0.6810381252758861,0.3195837920531125,0.9827524883359916,0.358078287868707,2040,1503,1412,91,628,108,94,46.53,0,94,0.0,46.53,0,0.0,0,0.0,108,53.47,7.46,31.134,65.184,98.23,480.28,30.844,225.56,12.825,93.23,11.61,84.53,57.0,58.0,55.4,56.2,58.0,59.3,5.0,35.3,5256.0,5256,56
b2505382-272e7823,Statues-25,0.26181784441277534,0.19852255392976548,0.9862682153248432,0.13445127827717324,1119,306,297,9,822,167,35,17.33,0,35,0.0,17.33,0,0.0,0,0.0,167,82.67,10.98,46.652,58.338,102.998,627.07,31.715,340.32,12.949,138.74,11.799,126.48,57.0,57.9,55.3,56.3,57.9,57.9,4.9,37.0,5259.0,5260,82
b2505382-272e7823,Statues-75,0.24131970880878223,0.18490074479645305,0.950347098032037,0.12782197219414287,1119,305,284,21,835,148,54,26.73,0,54,0.0,26.73,0,0.0,0,0.0,148,73.27,9.79,41.042,56.527,102.958,544.68,31.615,302.57,12.939,123.65,11.759,112.44,57.2,58.3,55.4,55.9,58.5,55.0,4.9,37.0,5259.0,5259,77
b2505382-272e7823,Statues-200,0.2208668850100457,0.16940508591080145,0.939407085796855,0.113047363717605,1119,282,263,19,856,109,93,46.04,0,93,0.0,46.04,0,0.0,0,0.0,109,53.96,7.43,30.627,56.853,98.57,409.88,30.658,220.95,12.791,92.04,11.566,83.26,57.2,58.2,55.5,56.3,58.2,53.3,4.9,35.4,5258.0,5258,58
b2505382-272e7823,Statues-500,0.20066233678433346,0.14759560590566978,0.8975302737512271,0.10707005174294537,1119,281,250,31,869,87,115,56.93,0,115,0.0,56.93,0,0.0,0,0.0,87,43.07,6.18,25.073,73.985,106.396,440.19,29.43,174.66,12.7,75.2,11.383,67.46,57.1,58.3,55.5,56.1,58.3,71.7,5.1,33.7,5265.0,5268,47
b2505382-2905b23c,Statues-25,0.4052684886118336,0.31644135463359585,0.9932275520860564,0.20959956152515283,846,358,345,13,501,179,0,0.0,0,0,0.0,0.0,0,0.0,0,0.0,179,100.0,11.23,55.287,47.855,92.578,530.0,33.282,366.97,13.274,146.14,12.058,132.82,57.4,58.3,55.5,56.1,58.3,42.6,4.8,39.0,5265.0,5268,88
b2505382-2905b23c,Statues-75,0.4052684886118336,0.31644135463359585,0.9932275520860564,0.20959956152515283,846,358,345,13,501,179,0,0.0,0,0,0.0,0.0,0,0.0,0,0.0,179,100.0,11.38,55.831,66.576,99.9,747.14,32.798,366.09,13.247,147.71,12.028,134.16,57.7,59.0,55.8,56.3,59.0,61.9,4.9,38.9,5268.0,5269,84
b2505382-2905b23c,Statues-200,0.4064069486036971,0.31614503462428517,0.9930550581338259,0.21070724980299446,846,360,346,14,500,177,2,1.12,0,2,0.0,1.12,0,0.0,0,0.0,177,98.88,10.83,53.332,68.484,101.494,727.08,33.847,359.58,13.503,143.24,12.241,129.92,58.0,59.0,56.1,56.5,59.0,65.8,4.9,40.2,5269.0,5273,81
b2505382-2905b23c,Statues-500,0.3940107143328404,0.29638001148466503,0.9945797009254677,0.20307396930813487,846,346,335,11,511,163,16,8.94,0,16,0.0,8.94,0,0.0,0,0.0,163,91.06,10.04,49.094,67.071,102.742,653.26,33.698,329.24,13.524,131.98,12.203,119.14,58.2,59.3,56.2,56.6,59.3,64.9,4.8,39.9,5272.0,5273,76
b2505382-549785d3,Statues-25,0.263700263238316,0.2032443685677369,0.9962362864688055,0.13567599761762955,805,219,213,6,592,200,0,0.0,0,0,0.0,0.0,0,0.0,0,0.0,200,100.0,12.04,53.194,69.204,103.42,815.8,34.514,406.33,13.675,160.81,12.378,145.61,58.4,59.4,56.4,56.8,59.4,67.3,4.8,41.4,5271.0,5272,92
b2505382-549785d3,Statues-75,0.263700263238316,0.2032443685677369,0.9962362864688055,0.13567599761762955,805,219,213,6,592,200,0,0.0,0,0,0.0,0.0,0,0.0,0,0.0,200,100.0,12.04,53.218,68.672,105.518,812.2,34.544,409.21,13.701,162.05,12.376,146.44,58.6,59.5,56.6,56.9,59.5,67.6,4.8,41.2,5272.0,5273,92
b2505382-549785d3,Statues-200,0.25871369298898594,0.19737390949900238,0.9960906326128635,0.13317347970533006,805,215,209,6,596,194,6,3.0,0,6,0.0,3.0,0,0.0,0,0.0,194,97.0,11.73,51.688,65.62,103.06,752.64,34.544,397.56,13.645,156.89,12.377,142.33,58.7,60.0,56.7,57.0,60.0,63.7,4.8,41.2,5272.0,5272,92
b2505382-549785d3,Statues-500,0.2136923775954854,0.14711214024385,0.9192554997836151,0.1163222646918299,805,208,187,21,618,153,47,23.5,0,47,0.0,23.5,0,0.0,0,0.0,153,76.5,9.6,41.471,68.157,100.9,640.2,33.315,312.97,13.452,126.14,12.155,114.03,58.6,59.8,56.6,57.0,59.8,65.1,4.9,39.6,5272.0,5273,75
b2505382-de5238f0,Statues-25,0.393724264157721,0.28243267138733014,0.9730745109172454,0.21113379130753215,2004,883,809,74,1195,172,30,14.85,0,30,0.0,14.85,0,0.0,0,0.0,172,85.15,11.01,46.591,73.101,105.166,782.93,32.688,351.65,13.256,142.42,12.048,129.48,58.5,59.6,56.5,56.8,59.6,74.8,4.9,38.5,5272.0,5276,86
b2505382-de5238f0,Statues-75,0.38806446981465914,0.2775147091825656,0.9673246196727605,0.20937150642026603,2004,882,802,80,1202,135,67,33.17,0,67,0.0,33.17,0,0.0,0,0.0,135,66.83,9.09,37.781,62.844,103.88,554.47,31.188,274.26,12.985,113.95,11.705,102.77,58.1,59.6,56.2,56.6,59.6,57.4,4.9,36.3,5275.0,5276,70
b2505382-de5238f0,Statues-200,0.29457861430100374,0.20254354686026815,0.9558540782787608,0.15905743417995635,2004,683,616,67,1388,100,102,50.5,0,102,0.0,50.5,0,0.0,0,0.0,100,49.5,6.92,28.513,61.907,103.964,417.45,30.017,201.26,12.835,85.77,11.477,76.76,57.7,58.8,56.0,56.4,58.8,57.5,5.1,35.2,5275.0,5276,53
b2505382-de5238f0,Statues-500,0.33406448028870117,0.19298035365533944,0.9237018354299749,0.19111891956827087,2004,864,719,145,1285,92,110,54.46,0,110,0.0,54.46,0,0.0,0,0.0,92,45.54,6.41,26.141,46.159,93.142,281.79,29.938,184.47,12.815,78.68,11.456,70.39,57.6,59.2,55.8,56.3,59.2,45.9,5.0,34.5,5275.0,5279,50
b250fb0c-01a1b8d3,Statues-25,0.7261456220468893,0.5553313943961798,0.985647260961037,0.38200272147665015,2389,1866,1758,108,631,202,0,0.0,0,0,0.0,0.0,0,0.0,0,0.0,202,100.0,13.25,55.372,57.098,100.47,743.39,32.111,419.43,13.078,170.65,11.881,155.08,57.8,58.8,55.9,56.7,58.8,54.9,4.9,37.6,5275.0,5275,103
b250fb0c-01a1b8d3,Statues-75,0.7261456220468893,0.5553313943961798,0.985647260961037,0.38200272147665015,2389,1866,1758,108,631,202,0,0.0,0,0,0.0,0.0,0,0.0,0,0.0,202,100.0,13.4,55.79,61.972,104.98,818.15,31.717,415.8,12.989,170.13,11.807,154.71,57.8,58.7,55.9,56.7,58.7,60.0,4.9,36.7,5275.0,5275,101
b250fb0c-01a1b8d3,Statues-200,0.7261456220468893,0.5553313943961798,0.985647260961037,0.38200272147665015,2389,1866,1758,108,631,202,0,0.0,0,0,0.0,0.0,0,0.0,0,0.0,202,100.0,13.08,54.651,34.836,96.386,440.05,32.3,415.78,13.091,168.29,11.878,152.76,57.6,58.5,55.9,56.8,58.5,27.0,4.9,37.9,5275.0,5275,101
b250fb0c-01a1b8d3,Statues-500,0.7265685177001231,0.5553970844771553,0.985661880928597,0.3822182682949414,2389,1867,1759,108,630,200,2,0.99,0,2,0.0,0.99,0,0.0,0,0.0,200,99.01,13.25,55.18,47.972,101.97,620.75,31.695,412.55,12.977,168.65,11.776,153.12,57.7,58.8,55.9,56.4,58.8,41.6,4.9,36.9,5274.0,5275,101
b251064f-30002542,Statues-25,0.7905259212804129,0.6765270569347013,0.9992435542462117,0.40149039299423683,1828,1469,1446,23,382,202,0,0.0,0,0,0.0,0.0,0,0.0,0,0.0,202,100.0,13.07,55.141,70.158,106.092,899.6,32.257,413.58,13.165,168.55,11.926,152.75,57.9,58.9,56.1,56.8,58.9,70.2,5.0,37.6,5273.0,5273,98
b251064f-30002542,Statues-75,0.7905259212804129,0.6765270569347013,0.9992435542462117,0.40149039299423683,1828,1469,1446,23,382,202,0,0.0,0,0,0.0,0.0,0,0.0,0,0.0,202,100.0,13.17,55.61,71.607,100.982,932.64,32.168,417.82,13.153,170.62,11.914,154.6,58.0,58.9,56.2,57.0,58.9,69.8,4.9,37.7,5273.0,5274,98
b251064f-30002542,Statues-200,0.7905259212804129,0.6765270569347013,0.9992435542462117,0.40149039299423683,1828,1469,1446,23,382,202,0,0.0,0,0,0.0,0.0,0,0.0,0,0.0,202,100.0,13.08,55.243,74.093,107.468,952.85,32.344,414.15,13.195,168.73,11.95,152.87,58.1,59.2,56.2,57.0,59.2,73.8,4.9,37.8,5275.0,5275,97
b251064f-30002542,Statues-500,0.7905259212804129,0.6765270569347013,0.9992435542462117,0.40149039299423683,1828,1469,1446,23,382,202,0,0.0,0,0,0.0,0.0,0,0.0,0,0.0,202,100.0,13.15,55.543,65.867,105.348,852.71,32.122,417.67,13.072,169.66,11.87,154.14,58.0,59.0,56.2,56.9,58.8,62.8,4.9,37.6,5275.0,5275,100
b251064f-4696b75e,Statues-25,0.6360703392203997,0.47243900037604014,0.9544975800518484,0.3513813070891191,886,667,588,79,298,179,0,0.0,0,0,0.0,0.0,0,0.0,0,0.0,179,100.0,11.36,54.658,69.291,101.28,774.43,32.78,366.23,13.278,148.02,12.016,134.04,58.1,59.0,56.2,57.0,59.0,67.5,4.8,38.2,5276.0,5276,85
b251064f-4696b75e,Statues-75,0.6360703392203997,0.47243900037604014,0.9544975800518484,0.3513813070891191,886,667,588,79,298,179,0,0.0,0,0,0.0,0.0,0,0.0,0,0.0,179,100.0,11.3,54.375,74.067,100.422,818.75,32.991,366.45,13.309,147.57,12.078,134.0,58.2,59.2,56.5,57.4,59.2,71.1,4.9,38.9,5276.0,5277,84
b251064f-4696b75e,Statues-200,0.6360703392203997,0.47243900037604014,0.9544975800518484,0.3513813070891191,886,667,588,79,298,179,0,0.0,0,0,0.0,0.0,0,0.0,0,0.0,179,100.0,11.26,54.127,74.364,103.47,820.27,33.004,364.74,13.266,146.38,12.082,133.36,58.2,59.2,56.5,57.2,59.2,70.5,4.9,39.0,5276.0,5277,86
b251064f-4696b75e,Statues-500,0.6360703392203997,0.47243900037604014,0.9544975800518484,0.3513813070891191,886,667,588,79,298,179,0,0.0,0,0,0.0,0.0,0,0.0,0,0.0,179,100.0,11.26,54.127,73.51,103.466,814.64,32.903,364.32,13.334,147.42,12.087,133.68,58.3,59.2,56.6,57.4,59.2,71.0,4.8,39.0,5276.0,5276,86
b251064f-5f6b663e,Statues-25,0.8090537123490217,0.6514699649418665,0.991585015478606,0.42355879109197697,1184,1017,965,52,219,203,0,0.0,0,0,0.0,0.0,0,0.0,0,0.0,203,100.0,13.22,54.665,68.206,101.58,887.59,32.371,420.96,13.169,171.04,11.927,154.95,58.3,59.4,56.3,56.6,59.4,65.3,4.9,37.9,5278.0,5278,104
b251064f-5f6b663e,Statues-75,0.8090537123490217,0.6514699649418665,0.991585015478606,0.42355879109197697,1184,1017,965,52,219,203,0,0.0,0,0,0.0,0.0,0,0.0,0,0.0,203,100.0,12.96,53.575,38.179,97.694,485.2,32.414,412.91,13.157,167.44,11.916,151.71,57.8,58.4,56.2,56.8,58.4,30.6,4.9,38.4,5279.0,5280,101
b251064f-5f6b663e,Statues-200,0.8090537123490217,0.6514699649418665,0.991585015478606,0.42355879109197697,1184,1017,965,52,219,203,0,0.0,0,0,0.0,0.0,0,0.0,0,0.0,203,100.0,12.72,52.856,27.709,54.006,342.7,33.231,412.79,13.301,164.99,12.04,149.4,58.0,58.7,56.2,56.6,58.7,18.0,4.8,39.1,5280.0,5280,100
b251064f-5f6b663e,Statues-500,0.8090537123490217,0.6514699649418665,0.991585015478606,0.42355879109197697,1184,1017,965,52,219,203,0,0.0,0,0,0.0,0.0,0,0.0,0,0.0,203,100.0,13.26,54.842,56.624,102.852,739.43,31.8,412.71,13.06,169.27,11.843,153.58,58.0,59.3,56.3,57.1,59.3,55.8,4.9,37.6,5282.0,5282,99
b251064f-8d92db81,Statues-25,0.7777380308058695,0.6122525145295286,0.9843172832052381,0.4191488422451568,3464,2982,2729,253,735,202,0,0.0,0,0,0.0,0.0,0,0.0,0,0.0,202,100.0,13.86,58.846,48.105,103.296,650.45,30.919,419.78,12.821,173.83,11.645,157.94,57.9,58.7,56.0,56.7,58.7,44.1,4.9,35.8,5283.0,5284,103
b251064f-8d92db81,Statues-75,0.7777380308058695,0.6122525145295286,0.9843172832052381,0.4191488422451568,3464,2982,2729,253,735,202,0,0.0,0,0,0.0,0.0,0,0.0,0,0.0,202,100.0,13.77,58.213,53.476,106.684,727.39,30.942,419.81,12.81,173.53,11.644,157.81,57.5,58.4,55.8,56.5,58.4,48.0,4.8,35.5,5287.0,5288,103
b251064f-8d92db81,Statues-200,0.7783015106870955,0.6122559529601718,0.9843156175032431,0.41944024791188106,3464,2984,2731,253,733,201,1,0.5,0,1,0.0,0.5,0,0.0,0,0.0,201,99.5,13.51,57.598,47.384,107.098,626.1,31.31,414.84,12.823,169.5,11.713,154.94,57.4,58.3,55.6,56.2,58.5,43.1,4.9,36.0,5290.0,5296,102
b251064f-8d92db81,Statues-500,0.7767715600209912,0.6081526554478568,0.9838496395050406,0.4186548700342545,3464,2980,2727,253,737,198,4,1.98,0,4,0.0,1.98,0,0.0,0,0.0,198,98.02,13.56,56.859,65.923,102.248,883.35,30.942,414.61,12.795,171.22,11.636,155.79,57.5,58.9,55.6,56.1,58.9,62.6,4.9,35.5,5292.0,5292,105
b251064f-e7a165fd,Statues-25,0.7324940678603699,0.5407290270411286,0.9803007961755162,0.3937803624813154,3840,3122,2862,260,978,202,0,0.0,0,0,0.0,0.0,0,0.0,0,0.0,202,100.0,14.41,59.329,64.143,106.93,908.7,29.823,424.42,12.598,178.99,11.434,162.53,57.1,58.4,55.3,55.9,58.4,61.0,4.9,34.1,5295.0,5295,111
b251064f-e7a165fd,Statues-75,0.7324940678603699,0.5407290270411286,0.9803007961755162,0.3937803624813154,3840,3122,2862,260,978,202,0,0.0,0,0,0.0,0.0,0,0.0,0,0.0,202,100.0,13.87,57.218,55.59,106.2,750.47,30.797,419.34,12.76,173.37,11.584,157.47,57.0,58.1,55.2,56.2,58.1,52.0,5.0,35.3,5296.0,5297,106
b251064f-e7a165fd,Statues-200,0.7324940678603699,0.5407290270411286,0.9803007961755162,0.3937803624813154,3840,3122,2862,260,978,202,0,0.0,0,0,0.0,0.0,0,0.0,0,0.0,202,100.0,14.04,58.033,54.979,101.508,750.59,30.432,419.71,12.678,174.51,11.52,158.66,56.8,57.8,55.1,55.9,57.8,50.0,4.9,34.8,5299.0,5299,107
b251064f-e7a165fd,Statues-500,0.7147238203448694,0.5212022202088021,0.970021585920933,0.38793740292952017,3840,3112,2822,290,1018,189,13,6.44,0,13,0.0,6.44,0,0.0,0,0.0,189,93.56,13.15,53.942,61.883,106.412,799.05,30.428,395.1,12.684,164.41,11.511,149.27,56.8,58.0,55.0,55.9,58.0,57.3,4.9,34.7,5300.0,5306,101
b251b746-00138418,Statues-25,0.4707926487815831,0.3699794971980517,0.9992195777797162,0.23864492552878006,1887,901,889,12,998,203,0,0.0,0,0,0.0,0.0,0,0.0,0,0.0,203,100.0,12.85,54.513,72.453,102.482,917.23,32.677,412.67,13.188,166.31,11.983,151.17,57.0,58.3,55.3,56.0,58.3,71.6,4.8,37.8,5303.0,5303,99
b251b746-00138418,Statues-75,0.47028815931310586,0.3700269953879388,0.9992864340274181,0.23814660698780307,1887,899,888,11,999,193,10,4.93,0,10,0.0,4.93,0,0.0,0,0.0,193,95.07,12.29,51.757,73.308,102.238,884.03,32.601,394.07,13.229,159.69,11.967,144.52,57.4,58.4,55.8,56.4,58.4,71.9,4.8,38.6,5307.0,5307,96
b251b746-00138418,Statues-200,0.4665842408494664,0.36417936979992666,0.9956901894188419,0.23901188049931246,1887,908,884,24,1003,161,42,20.69,0,42,0.0,20.69,0,0.0,0,0.0,161,79.31,10.48,43.642,65.482,98.646,672.13,31.97,326.51,13.051,133.08,11.821,120.6,57.5,58.8,55.6,56.1,58.6,63.1,4.9,37.3,5308.0,5309,81
b251b746-00138418,Statues-500,0.4495553048043506,0.34545289937768064,0.9841102644396539,0.2365016897321622,1887,915,861,54,1026,124,79,38.92,0,79,0.0,38.92,0,0.0,0,0.0,124,61.08,8.56,34.914,59.333,100.416,491.77,30.115,249.34,12.701,104.9,11.544,95.38,56.9,57.8,55.0,55.7,57.8,59.8,4.9,33.9,5302.0,5307,66
b255cd6c-0bdf0ac7,Statues-25,0.6981486677491335,0.5654110086562686,0.9980544369277237,0.35493620470886794,692,492,484,8,208,151,35,18.82,0,35,0.0,18.82,0,0.0,0,0.0,151,81.18,9.84,44.899,70.416,104.674,673.54,32.038,307.33,13.148,125.89,11.924,114.21,57.4,58.2,55.4,55.7,58.2,67.5,4.8,37.3,5302.0,5305,74
b255cd6c-0bdf0ac7,Statues-75,0.6981499498722499,0.5464216368707178,0.9980564071126884,0.35493033037266786,692,492,484,8,208,146,40,21.51,0,40,0.0,21.51,0,0.0,0,0.0,146,78.49,9.62,43.917,66.62,102.048,623.98,31.697,297.44,13.091,122.61,11.862,111.14,57.4,58.3,55.5,55.9,58.3,61.0,4.9,37.4,5298.0,5304,72
b255cd6c-0bdf0ac7,Statues-200,0.6930436211209816,0.5373943744608531,0.994844584808064,0.3531885896893651,692,492,482,10,210,143,43,23.12,0,43,0.0,23.12,0,0.0,0,0.0,143,76.88,9.47,43.19,52.718,98.838,486.56,31.549,289.49,12.991,119.03,11.826,108.41,57.3,58.2,55.5,56.1,58.2,47.1,5.0,37.1,5305.0,5305,71
b255cd6c-0bdf0ac7,Statues-500,0.6905207929860939,0.536008021810254,0.993270455233003,0.35230156492316367,692,492,481,11,211,139,47,25.27,0,47,0.0,25.27,0,0.0,0,0.0,139,74.73,9.25,42.19,41.84,102.272,371.31,31.444,283.13,12.901,115.99,11.791,106.05,57.3,58.4,55.5,56.1,58.2,33.6,4.9,37.0,5303.0,5304,70
b255cd6c-2f889586,Statues-25,0.6078685090660707,0.4553913795628478,0.9797798636929761,0.3240249780700593,2910,1947,1802,145,1108,203,0,0.0,0,0,0.0,0.0,0,0.0,0,0.0,203,100.0,14.16,58.105,65.462,99.656,911.23,30.533,425.18,12.742,177.25,11.589,161.26,57.3,58.0,55.4,55.8,58.0,61.5,5.0,35.6,5305.0,5305,106
b255cd6c-2f889586,Statues-75,0.5958708871819753,0.4456171136922701,0.9793758266629845,0.3182254532651437,2910,1913,1767,146,1143,188,15,7.39,0,15,0.0,7.39,0,0.0,0,0.0,188,92.61,13.25,54.046,67.084,98.91,874.62,30.097,393.76,12.684,165.68,11.485,150.11,57.1,58.0,55.1,55.6,58.0,64.8,4.9,34.6,5305.0,5309,101
b255cd6c-2f889586,Statues-200,0.5691810760390777,0.42121311091180963,0.9702133145786711,0.3054705239023145,2910,1857,1704,153,1206,174,29,14.29,0,29,0.0,14.29,0,0.0,0,0.0,174,85.71,12.39,50.323,63.262,104.51,765.11,29.755,360.05,12.594,152.15,11.45,138.39,56.8,57.8,55.0,55.4,57.8,59.6,4.9,34.1,5312.0,5319,93
b255cd6c-2f889586,Statues-500,0.5405829463079277,0.39054854320332266,0.9188635272184482,0.3035241347977175,2910,1959,1709,250,1201,149,54,26.6,0,54,0.0,26.6,0,0.0,0,0.0,149,73.4,10.73,43.303,61.184,102.0,637.09,29.425,306.74,12.602,131.01,11.317,117.74,56.7,57.8,54.9,55.3,57.8,57.7,5.0,33.3,5311.0,5311,80
b255cd6c-5ccba454,Statues-25,0.366159026086635,0.2643628044437542,0.9861053087603026,0.18882741167129813,458,176,170,6,288,156,0,0.0,0,0,0.0,0.0,0,0.0,0,0.0,156,100.0,9.6,53.73,65.892,102.384,617.68,33.408,311.38,13.419,124.77,12.112,112.7,57.2,58.5,55.2,55.7,58.5,66.0,4.8,38.3,5311.0,5311,72
b255cd6c-5ccba454,Statues-75,0.366159026086635,0.2643628044437542,0.9861053087603026,0.18882741167129813,458,176,170,6,288,156,0,0.0,0,0,0.0,0.0,0,0.0,0,0.0,156,100.0,9.51,53.145,63.68,97.266,594.71,33.979,316.18,13.479,125.2,12.217,113.54,57.7,58.7,55.7,56.0,58.7,60.2,4.7,40.4,5311.0,5311,73
b255cd6c-5ccba454,Statues-200,0.366159026086635,0.2643628044437542,0.9861053087603026,0.18882741167129813,458,176,170,6,288,156,0,0.0,0,0,0.0,0.0,0,0.0,0,0.0,156,100.0,9.53,53.255,71.297,102.96,658.85,33.936,316.45,13.524,125.93,12.222,113.85,58.0,58.9,56.0,56.3,59.0,70.5,4.8,40.3,5311.0,5311,72
b255cd6c-5ccba454,Statues-500,0.35780978518544804,0.25502020468094083,0.9808153812916823,0.18452291321588118,458,174,167,7,291,140,16,10.26,0,16,0.0,10.26,0,0.0,0,0.0,140,89.74,8.72,48.24,70.668,102.34,595.71,33.171,279.89,13.359,112.56,12.128,102.23,58.0,59.2,56.0,56.2,59.2,66.2,4.8,39.4,5313.0,5314,66
