sequence,system,ap_50,ap_50_95,avg_precision,avg_recall,total_gt,total_preds,total_tp,total_fp,total_fn,infer_count,skip_count,skip_rate_pct,erd_empty_count,predict_count,erd_empty_rate_pct,predict_rate_pct,erd_infer_count,erd_infer_rate_pct,augmented_infer_count,augmented_infer_rate_pct,pure_infer_count,pure_infer_rate_pct,wall_duration_s,avg_frame_time_ms,avg_power_w,max_power_w,energy_j,avg_power_gpu_w,energy_gpu_j,avg_power_cpu_w,energy_cpu_j,avg_power_io_w,energy_io_j,avg_gpu_temp_c,max_gpu_temp_c,avg_cpu_temp_c,max_cpu_temp_c,max_tj_temp_c,avg_gpu_util_pct,avg_cpu_util_pct,avg_emc_util_pct,avg_ram_used_mb,max_ram_used_mb,n_tegrastats_samples
b1c66a42-6f7d68ca,FixedSkip-2,0.5968200002687224,0.38790709559555836,0.9350839463660274,0.35180382517442543,2612,2036,1646,390,966,101,101,50.0,0,101,0.0,50.0,0,0.0,0,0.0,101,50.0,13.78,62.463,39.562,44.299,540.32,26.921,367.77,2.929,39.95,9.711,132.6,57.4,59.8,57.5,58.8,59.8,75.5,17.6,43.0,3990.0,4008,113
b1c66a42-6f7d68ca,FixedSkip-3,0.4288321383778859,0.2556011603458802,0.8365119994935125,0.293872122879941,2612,1995,1277,718,1335,68,134,66.34,0,134,0.0,66.34,0,0.0,0,0.0,68,33.66,9.61,41.722,38.189,42.404,363.6,25.749,245.36,2.942,27.91,9.498,90.33,57.8,59.8,57.8,58.8,59.8,75.8,17.4,39.1,4000.0,4005,83
b1c66a42-6f7d68ca,FixedSkip-5,0.2725038319183183,0.15253371903346785,0.6883179332865967,0.22651325664729532,2612,2018,901,1117,1711,41,161,79.7,0,161,0.0,79.7,0,0.0,0,0.0,41,20.3,6.36,25.746,34.931,40.011,218.4,22.99,143.84,2.866,17.86,9.074,56.7,57.0,58.8,57.4,58.4,59.1,68.8,16.6,33.1,4003.0,4004,51
b1c81faa-3df17267,FixedSkip-2,0.359303576627759,0.25073761736848615,0.978090912189736,0.19334880995311937,472,188,173,15,299,91,91,50.0,0,91,0.0,50.0,0,0.0,0,0.0,91,50.0,11.04,56.113,41.887,44.799,463.07,29.334,324.67,2.377,26.05,10.177,112.34,58.6,60.0,58.0,59.2,60.0,77.2,12.8,46.3,4005.0,4008,90
b1c81faa-3df17267,FixedSkip-3,0.30373925384227046,0.20273745679427244,0.9382795872428084,0.1867231638418079,472,195,149,46,323,61,121,66.48,0,121,0.0,66.48,0,0.0,0,0.0,61,33.52,7.77,38.053,39.893,43.314,305.5,27.841,213.29,2.113,16.15,9.939,76.05,58.5,59.9,58.0,58.8,59.9,94.1,11.3,42.5,4003.0,4004,62
b1c81faa-3df17267,FixedSkip-5,0.2083377822439462,0.12447385591079221,0.843677378893151,0.14377723970944312,472,175,110,65,362,37,145,79.67,0,145,0.0,79.67,0,0.0,0,0.0,37,20.33,5.01,23.156,37.583,41.907,186.94,25.797,128.47,2.22,11.01,9.565,47.46,58.2,59.8,57.7,58.7,59.8,87.8,10.8,36.4,4004.0,4006,40
b1c81faa-c80764c5,FixedSkip-2,0.44157695785100004,0.29577804577834355,0.977959424903582,0.23762048813279987,866,426,390,36,476,101,101,50.0,0,101,0.0,50.0,0,0.0,0,0.0,101,50.0,12.21,55.971,42.778,45.21,518.42,29.456,357.11,3.078,37.21,10.244,124.09,59.0,60.3,58.7,60.3,60.3,61.8,18.5,47.3,4005.0,4008,102
b1c81faa-c80764c5,FixedSkip-3,0.39816903276880833,0.2577794494140878,0.9452954941812387,0.2274152295439339,866,428,362,66,504,68,134,66.34,0,134,0.0,66.34,0,0.0,0,0.0,68,33.66,8.72,38.431,40.923,43.802,354.4,28.091,243.34,2.878,24.86,9.953,86.2,58.9,60.3,58.8,59.7,60.3,82.1,18.3,43.4,3994.0,3996,71
b1c81faa-c80764c5,FixedSkip-5,0.3101812106827403,0.17230819083163174,0.8685215295899359,0.20269865708664786,866,432,299,133,567,41,161,79.7,0,161,0.0,79.7,0,0.0,0,0.0,41,20.3,5.7,23.709,37.585,41.907,208.34,25.309,140.5,2.779,15.32,9.497,52.51,58.1,59.8,58.4,59.3,59.8,85.3,17.1,36.6,3991.0,3993,46
b1c9c847-3bda4659,FixedSkip-2,0.6042575178802796,0.38172298767028295,0.8972424850596113,0.37887034165819344,2937,2626,1928,698,1009,102,101,49.75,0,101,0.0,49.75,0,0.0,0,0.0,102,50.25,13.49,60.416,40.121,43.302,537.06,27.415,367.21,2.961,39.55,9.745,130.31,58.4,60.3,58.9,59.9,60.3,77.0,18.2,44.0,3997.0,3999,109
b1c9c847-3bda4659,FixedSkip-3,0.46023699443217786,0.2723452031217157,0.806008961400543,0.32959819983376776,2937,2641,1581,1060,1356,68,135,66.5,0,135,0.0,66.5,0,0.0,0,0.0,68,33.5,10.11,43.64,36.783,40.51,370.29,24.573,247.62,2.919,29.25,9.292,93.42,58.2,60.1,58.5,59.4,60.1,64.7,17.3,37.7,4003.0,4007,82
b1c9c847-3bda4659,FixedSkip-5,0.25358540613131586,0.15185013996991475,0.6171243551445219,0.22971942472360335,2937,2662,999,1663,1938,41,162,79.8,0,162,0.0,79.8,0,0.0,0,0.0,41,20.2,6.63,26.87,33.739,38.505,222.5,21.927,144.75,2.891,18.98,8.922,58.76,57.4,59.3,57.9,58.8,59.3,65.7,16.7,32.3,4003.0,4005,54
b1ca2e5d-84cf9134,FixedSkip-2,0.506499497386505,0.29393916383328733,0.8879914083995908,0.31403307507287825,3944,2928,2212,716,1732,102,101,49.75,0,101,0.0,49.75,0,0.0,0,0.0,102,50.25,13.73,61.352,39.965,42.903,546.51,27.215,372.45,3.044,41.44,9.706,132.61,58.3,60.0,58.5,59.2,60.0,72.6,18.3,43.3,4004.0,4008,112
b1ca2e5d-84cf9134,FixedSkip-3,0.4090615936743599,0.2257094122380184,0.8138859670065444,0.2838602226650666,3944,2963,1912,1051,2032,68,135,66.5,0,135,0.0,66.5,0,0.0,0,0.0,68,33.5,10.39,45.213,36.153,41.805,372.31,23.987,247.24,2.954,30.27,9.213,94.81,57.7,59.6,58.0,58.8,59.6,72.5,17.3,37.0,4010.0,4016,84
b1ca2e5d-84cf9134,FixedSkip-5,0.27959305088370623,0.14170889769600445,0.6962913887440993,0.23168139694027864,3944,2973,1446,1527,2498,41,162,79.8,0,162,0.0,79.8,0,0.0,0,0.0,41,20.2,6.82,27.812,33.302,39.014,222.65,21.566,144.45,2.898,19.24,8.838,58.96,56.8,58.5,57.6,58.2,58.5,70.7,16.6,31.8,4013.0,4014,54
b1cac6a7-04e33135,FixedSkip-2,0.7242491011174768,0.5448568474189919,0.9806928795133505,0.38287208822923113,1368,1078,1009,69,359,53,53,50.0,0,53,0.0,50.0,0,0.0,0,0.0,53,50.0,6.91,58.881,39.377,43.302,268.23,26.821,182.99,2.886,19.51,9.67,65.73,57.4,59.4,57.7,58.6,59.4,79.0,18.0,40.1,4017.0,4019,57
b1cac6a7-04e33135,FixedSkip-3,0.7080778684811604,0.5179578824840115,0.9721259364007645,0.3774547803617571,1368,1075,995,80,373,36,70,66.04,0,70,0.0,66.04,0,0.0,0,0.0,36,33.96,5.22,42.622,36.34,40.91,185.6,24.192,123.87,2.902,14.66,9.246,47.07,57.2,59.1,57.5,58.3,59.1,79.3,17.5,33.7,4017.0,4018,42
b1cac6a7-04e33135,FixedSkip-5,0.6480783829386327,0.4396388591898918,0.9452331156401278,0.367008920149837,1368,1085,933,152,435,22,84,79.25,0,84,0.0,79.25,0,0.0,0,0.0,22,20.75,3.55,27.054,31.836,36.922,111.3,20.28,71.29,2.816,9.67,8.741,30.34,56.5,58.2,57.0,57.7,58.2,76.6,16.4,26.5,4019.0,4020,28
b1cd1e94-549d0bfe,FixedSkip-2,0.6096723970899314,0.4100457249959857,0.9489394854096108,0.3555276728230515,1763,1358,1120,238,643,102,101,49.75,0,101,0.0,49.75,0,0.0,0,0.0,102,50.25,12.97,58.276,41.186,44.2,530.15,28.3,364.39,2.932,37.66,9.954,128.09,58.0,60.0,57.9,59.0,60.0,73.0,18.4,45.4,4020.0,4025,108
b1cd1e94-549d0bfe,FixedSkip-3,0.49840036455148135,0.32104822201622263,0.8896937951935499,0.32289621554336223,1763,1357,955,402,808,68,135,66.5,0,135,0.0,66.5,0,0.0,0,0.0,68,33.5,9.29,39.879,38.707,42.304,358.94,26.31,244.3,2.829,26.07,9.568,88.57,57.7,59.9,58.0,58.8,59.9,80.7,17.7,40.6,4020.0,4022,76
b1cd1e94-549d0bfe,FixedSkip-5,0.3448850091877994,0.20396159761636867,0.7527175156178574,0.26216033990089793,1763,1378,749,629,1014,41,162,79.8,0,162,0.0,79.8,0,0.0,0,0.0,41,20.2,6.21,24.82,35.342,40.422,219.23,23.373,145.38,2.804,17.22,9.164,56.64,57.3,59.0,57.5,58.2,59.0,79.0,17.3,33.8,4020.0,4025,48
b1ceb32e-3f481b43,FixedSkip-2,0.2646768179619804,0.142143667536421,0.8778582224004868,0.16442493676536227,715,282,212,70,503,69,69,50.0,0,69,0.0,50.0,0,0.0,0,0.0,69,50.0,8.47,56.77,40.878,44.212,341.2,28.535,238.18,2.27,18.99,10.073,84.03,58.0,59.1,57.8,58.5,59.1,60.7,12.3,44.4,4024.0,4027,70
b1ceb32e-3f481b43,FixedSkip-3,0.20419854101613685,0.1056427947904112,0.7840414077591584,0.14802816231387658,715,294,178,116,537,46,92,66.67,0,92,0.0,66.67,0,0.0,0,0.0,46,33.33,5.94,38.156,38.999,43.302,229.75,27.081,159.6,2.113,12.46,9.806,57.69,58.2,59.7,57.8,58.4,59.7,80.3,10.5,39.8,4020.0,4022,49
b1ceb32e-3f481b43,FixedSkip-5,0.1764167108796426,0.08066492023293713,0.6765774844357028,0.14446403454902038,715,353,169,184,546,28,110,79.71,0,110,0.0,79.71,0,0.0,0,0.0,28,20.29,3.9,23.76,36.127,41.509,136.86,24.396,92.53,2.351,8.84,9.38,35.5,57.7,59.2,57.4,58.1,59.2,81.4,11.8,32.6,4021.0,4022,31
b1ceb32e-51852abe,FixedSkip-2,0.6106375142590112,0.42521526714909424,0.9818497643569796,0.32979701256654786,2164,1469,1342,127,822,102,101,49.75,0,101,0.0,49.75,0,0.0,0,0.0,102,50.25,13.02,58.203,40.968,43.814,528.1,28.128,362.77,2.924,37.63,9.916,127.69,58.1,59.7,58.1,59.1,59.7,64.4,18.8,45.3,4022.0,4025,106
b1ceb32e-51852abe,FixedSkip-3,0.5522023883745701,0.36945785531331443,0.9558936888061531,0.3143130344005402,2164,1459,1240,219,924,68,135,66.5,0,135,0.0,66.5,0,0.0,0,0.0,68,33.5,9.38,40.071,38.465,41.906,357.81,26.137,243.5,2.788,25.77,9.541,88.54,57.8,59.5,58.1,59.3,59.5,82.8,17.7,40.1,4021.0,4023,72
b1ceb32e-51852abe,FixedSkip-5,0.4548419807797588,0.2957146070721738,0.885276372264909,0.28160883324931385,2164,1452,1092,360,1072,41,162,79.8,0,162,0.0,79.8,0,0.0,0,0.0,41,20.2,6.19,24.483,35.68,40.0,218.04,23.648,144.72,2.852,17.3,9.18,56.02,57.6,59.1,57.7,59.2,59.1,77.8,17.0,33.9,4023.0,4026,49
b1cebfb7-284f5117,FixedSkip-2,0.4024596608490332,0.2544126787702442,0.8722929871345597,0.2613505079884959,1956,1255,873,382,1083,101,101,50.0,0,101,0.0,50.0,0,0.0,0,0.0,101,50.0,12.81,57.808,41.193,43.699,522.79,28.394,360.46,2.845,36.06,9.954,126.27,58.2,59.9,58.2,59.2,59.9,76.9,17.7,45.6,4028.0,4032,105
b1cebfb7-284f5117,FixedSkip-3,0.30051156716944605,0.17865824234635772,0.7863139286784745,0.22227180530764012,1956,1227,696,531,1260,68,134,66.34,0,134,0.0,66.34,0,0.0,0,0.0,68,33.66,9.21,39.805,39.057,42.006,353.44,26.595,240.74,2.805,25.31,9.657,87.39,58.1,59.8,58.1,58.9,59.8,77.5,16.9,41.0,4023.0,4025,73
b1cebfb7-284f5117,FixedSkip-5,0.1991379941605933,0.10958616104637664,0.6553404518770576,0.17555478909208325,1956,1254,496,758,1460,41,161,79.7,0,161,0.0,79.7,0,0.0,0,0.0,41,20.3,6.06,24.368,36.129,40.0,213.31,24.135,142.63,2.754,16.2,9.24,54.48,57.5,59.1,57.7,58.2,59.0,74.5,15.7,34.7,4025.0,4026,48
b1d0091f-75824d0d,FixedSkip-2,0.7354362958536987,0.5755101114502266,0.9934460170969714,0.3819936019438692,1641,1266,1214,52,427,101,101,50.0,0,101,0.0,50.0,0,0.0,0,0.0,101,50.0,12.77,57.563,41.393,44.298,526.36,28.577,363.54,2.834,35.94,9.982,126.88,58.3,60.4,58.2,59.0,60.4,76.4,19.1,45.7,4026.0,4031,105
b1d0091f-75824d0d,FixedSkip-3,0.708154556691166,0.5194213039917285,0.9798684566245082,0.38066597697565774,1641,1290,1183,107,458,68,134,66.34,0,134,0.0,66.34,0,0.0,0,0.0,68,33.66,9.1,39.674,39.755,42.703,357.23,27.115,243.77,2.942,26.32,9.698,87.13,58.3,60.0,58.3,59.3,60.0,81.6,18.2,41.5,4026.0,4029,75
b1d0091f-75824d0d,FixedSkip-5,0.5986441888942029,0.40727653448070944,0.9328486676549753,0.3564116626822294,1641,1300,1038,262,603,41,161,79.7,0,161,0.0,79.7,0,0.0,0,0.0,41,20.3,5.97,24.358,36.622,40.909,215.45,24.451,143.99,2.87,16.79,9.3,54.67,57.8,59.4,57.8,58.6,59.4,72.8,17.5,35.1,4027.0,4028,48
b1d0091f-f2c2d2ae,FixedSkip-2,0.5852104429129239,0.4350894320856602,0.9738865743570159,0.31443415952672377,2451,1600,1470,130,981,101,101,50.0,0,101,0.0,50.0,0,0.0,0,0.0,101,50.0,12.91,57.835,41.222,43.802,526.53,28.355,362.35,2.926,37.28,9.941,126.9,58.5,60.3,58.3,59.2,60.3,74.7,18.5,45.2,4032.0,4036,107
b1d0091f-f2c2d2ae,FixedSkip-3,0.5523422140902188,0.39508932178791023,0.9580129349142535,0.30344744314288835,2451,1578,1409,169,1042,68,134,66.34,0,134,0.0,66.34,0,0.0,0,0.0,68,33.66,9.45,40.456,38.616,42.292,360.58,26.181,244.79,2.888,26.79,9.547,89.01,58.1,59.8,58.3,59.2,59.8,85.1,18.0,40.0,4029.0,4030,75
b1d0091f-f2c2d2ae,FixedSkip-5,0.49580479321714044,0.33471514279784986,0.9186204862941423,0.2895417689857979,2451,1594,1313,281,1138,41,161,79.7,0,161,0.0,79.7,0,0.0,0,0.0,41,20.3,6.29,24.93,35.113,39.502,217.37,23.15,143.38,2.875,17.72,9.089,56.26,57.6,59.3,57.8,58.5,59.3,73.1,17.2,33.3,4027.0,4028,50
b1d0a191-03dcecc2,FixedSkip-2,0.6171644177870752,0.39806558786295654,0.9512449201868605,0.353903196485381,3220,2460,2071,389,1149,101,101,50.0,0,101,0.0,50.0,0,0.0,0,0.0,101,50.0,13.31,60.06,40.431,43.289,532.18,27.686,364.53,2.934,38.52,9.812,129.12,58.3,60.3,58.3,59.1,60.3,79.8,18.4,43.9,4032.0,4033,109
b1d0a191-03dcecc2,FixedSkip-3,0.5242275548532654,0.31060194134215136,0.8981977916484916,0.32715147818020485,3220,2464,1840,624,1380,68,134,66.34,0,134,0.0,66.34,0,0.0,0,0.0,68,33.66,10.03,43.545,37.062,41.307,368.24,24.793,246.56,2.935,29.0,9.334,92.68,57.9,59.7,57.9,58.7,59.7,79.2,17.5,37.7,4031.0,4032,81
b1d0a191-03dcecc2,FixedSkip-5,0.3257378261205885,0.18394345724593428,0.7477974691899488,0.2503727732176781,3220,2426,1294,1132,1926,41,161,79.7,0,161,0.0,79.7,0,0.0,0,0.0,41,20.3,6.54,26.396,33.914,39.003,222.14,22.137,145.38,2.839,18.43,8.939,58.32,57.1,59.0,57.5,58.2,59.0,72.0,16.9,32.2,4034.0,4035,54
b1d0a191-06deb55d,FixedSkip-2,0.5553894270999035,0.3440301641566267,0.8955341191421002,0.343439321841616,2441,1950,1491,459,950,101,101,50.0,0,101,0.0,50.0,0,0.0,0,0.0,101,50.0,13.16,58.896,40.681,43.8,534.58,27.88,366.52,2.963,38.85,9.838,129.21,58.1,59.9,58.0,59.0,60.1,72.5,18.3,44.4,4037.0,4039,109
b1d0a191-06deb55d,FixedSkip-3,0.48286579463072565,0.27723166146349254,0.843348308422993,0.3216804115110529,2441,1974,1362,612,1079,68,134,66.34,0,134,0.0,66.34,0,0.0,0,0.0,68,33.66,9.87,42.305,37.383,41.906,362.76,25.053,243.33,2.925,28.27,9.405,91.17,57.7,59.8,57.9,58.9,59.8,76.3,17.7,38.3,4037.0,4041,78
b1d0a191-06deb55d,FixedSkip-5,0.3236362328687401,0.17636670124180193,0.7189653275172849,0.2562200158551285,2441,1942,1026,916,1415,41,161,79.7,0,161,0.0,79.7,0,0.0,0,0.0,41,20.3,6.53,25.936,33.997,39.412,219.87,22.2,143.9,2.849,18.28,8.948,57.68,56.9,59.0,57.4,58.1,59.0,72.9,17.0,32.2,4039.0,4040,52
b1d0a191-28f0e779,FixedSkip-2,0.6174139950974857,0.40272705757303945,0.926543799016741,0.3712285915382811,1615,1346,1059,287,556,95,95,50.0,0,95,0.0,50.0,0,0.0,0,0.0,95,50.0,12.15,58.187,40.979,44.2,497.42,28.195,342.57,2.866,34.62,9.918,120.22,58.0,59.8,58.0,59.4,59.8,81.4,18.6,44.8,4041.0,4046,102
b1d0a191-28f0e779,FixedSkip-3,0.5112046454417549,0.30997435015933683,0.8589454631604427,0.3386431928412122,1615,1359,930,429,685,64,126,66.32,0,126,0.0,66.32,0,0.0,0,0.0,64,33.68,8.87,40.35,38.626,42.304,340.8,26.223,231.51,2.837,24.93,9.566,84.36,58.1,59.9,58.0,58.9,59.9,78.7,17.7,39.9,4038.0,4039,72
b1d0a191-28f0e779,FixedSkip-5,0.34422524492563045,0.1964480128051069,0.736651123355386,0.2704181064987816,1615,1343,688,655,927,38,152,80.0,0,152,0.0,80.0,0,0.0,0,0.0,38,20.0,5.76,24.392,35.627,40.398,200.91,23.631,133.25,2.838,15.96,9.158,51.7,57.4,59.2,57.6,58.5,59.2,65.4,16.9,33.7,4038.0,4039,47
b1d0a191-2ed2269e,FixedSkip-2,0.6167701819217569,0.3873816643752582,0.9331563260753447,0.3621817273452575,3126,2510,2043,467,1083,102,101,49.75,0,101,0.0,49.75,0,0.0,0,0.0,102,50.25,13.59,60.43,39.998,42.803,542.07,27.376,371.33,2.895,39.04,9.727,131.7,57.9,59.7,58.1,58.8,59.7,81.9,18.7,43.7,4040.0,4044,111
b1d0a191-2ed2269e,FixedSkip-3,0.5152043454583268,0.3000009556028681,0.8722863388871616,0.32908836494682203,3126,2491,1806,685,1320,68,135,66.5,0,135,0.0,66.5,0,0.0,0,0.0,68,33.5,10.07,43.065,37.262,40.796,372.23,25.006,249.94,2.938,29.18,9.318,93.11,57.8,59.4,58.0,58.8,59.5,79.3,17.6,38.2,4037.0,4039,79
b1d0a191-2ed2269e,FixedSkip-5,0.36622807427525617,0.20413376118019505,0.7681131629089331,0.2748103279015492,3126,2470,1399,1071,1727,41,162,79.8,0,162,0.0,79.8,0,0.0,0,0.0,41,20.2,6.7,26.723,33.026,36.911,220.93,21.334,142.97,2.846,18.89,8.845,59.07,56.8,58.8,57.5,58.3,58.8,64.8,16.6,32.0,4045.0,4046,54
b1d0a191-5490450b,FixedSkip-2,0.6078213556081511,0.4185236151634822,0.9156971419622554,0.35754476002999624,1778,1440,1169,271,609,102,102,50.0,0,102,0.0,50.0,0,0.0,0,0.0,102,50.0,13.19,58.183,40.672,43.303,535.08,27.986,368.34,2.832,37.16,9.854,129.58,57.9,59.9,58.0,59.0,59.7,78.7,18.8,44.7,4050.0,4054,108
b1d0a191-5490450b,FixedSkip-3,0.5260029924212971,0.3368093608343381,0.8556258031508646,0.33487944109027185,1778,1470,1074,396,704,68,136,66.67,0,136,0.0,66.67,0,0.0,0,0.0,68,33.33,9.46,39.929,38.782,42.304,360.04,26.274,244.04,2.92,27.02,9.588,88.98,58.0,59.7,58.0,58.8,59.7,80.4,18.3,40.2,4043.0,4045,75
b1d0a191-5490450b,FixedSkip-5,0.36608224758114216,0.21954500965245524,0.7563099386105814,0.27315442028227666,1778,1409,819,590,959,41,163,79.9,0,163,0.0,79.9,0,0.0,0,0.0,41,20.1,6.25,24.482,35.182,40.0,220.83,23.238,146.3,2.843,17.65,9.101,56.88,57.4,59.2,57.6,58.5,59.2,73.7,17.3,33.5,4045.0,4046,50
b1d0a191-65deaeef,FixedSkip-2,0.6642549938812272,0.4449622509815817,0.9294272118477648,0.3808342768342768,3276,2750,2329,421,947,101,101,50.0,0,101,0.0,50.0,0,0.0,0,0.0,101,50.0,13.53,60.426,40.093,43.289,535.64,27.445,366.77,2.902,38.67,9.746,130.19,58.1,60.0,58.2,59.2,60.0,80.0,18.8,43.6,4050.0,4052,108
b1d0a191-65deaeef,FixedSkip-3,0.58178313709093,0.37874206136624317,0.8837794839779326,0.3565210304024418,3276,2749,2133,616,1143,68,134,66.34,0,134,0.0,66.34,0,0.0,0,0.0,68,33.66,10.96,47.725,34.545,40.808,380.13,22.684,250.61,2.861,31.06,9.0,98.46,57.2,59.0,57.8,58.7,59.0,69.5,17.1,35.1,4052.0,4054,87
b1d0a191-65deaeef,FixedSkip-5,0.4556579189846094,0.27085143030236086,0.7960427694360839,0.3181049878811073,3276,2814,1819,995,1457,41,161,79.7,0,161,0.0,79.7,0,0.0,0,0.0,41,20.3,6.85,27.658,32.744,37.41,221.48,21.051,142.67,2.868,19.26,8.825,59.55,56.7,58.5,57.2,57.8,58.5,71.6,16.5,31.7,4071.0,4079,54
b1d0a191-de8948f6,FixedSkip-2,0.6671119954520008,0.4860558399697661,0.9700314912429914,0.36758865860240986,2478,1908,1697,211,781,101,101,50.0,0,101,0.0,50.0,0,0.0,0,0.0,101,50.0,12.97,58.277,41.055,43.8,530.89,28.26,365.65,2.888,37.21,9.907,128.02,58.0,60.2,58.0,59.0,60.2,78.5,18.4,45.0,4090.0,4095,107
b1d0a191-de8948f6,FixedSkip-3,0.6128677175698254,0.41307887832836104,0.9470265081445951,0.3519159279626818,2478,1888,1591,297,887,68,134,66.34,0,134,0.0,66.34,0,0.0,0,0.0,68,33.66,9.61,41.356,38.143,41.805,363.99,25.749,246.0,2.917,27.68,9.477,90.31,57.7,59.7,57.9,58.9,59.7,78.4,17.8,39.4,4096.0,4100,77
b1d0a191-de8948f6,FixedSkip-5,0.4710933209082112,0.2782363852365368,0.8572477951698088,0.308834923299748,2478,1898,1325,573,1153,41,161,79.7,0,161,0.0,79.7,0,0.0,0,0.0,41,20.3,6.36,25.406,34.758,39.513,221.38,22.856,145.92,2.863,18.08,9.039,57.37,57.2,59.1,57.4,58.2,59.1,71.0,16.9,33.1,4104.0,4106,53
b1d10d08-5b108225,FixedSkip-2,0.549871046343656,0.39041273279088223,0.9785780210798466,0.29860959525751635,2123,1312,1189,123,934,101,101,50.0,0,101,0.0,50.0,0,0.0,0,0.0,101,50.0,12.59,57.454,41.931,44.596,522.24,28.893,360.07,2.98,37.02,10.058,125.15,58.3,60.0,58.1,59.1,60.0,74.8,18.9,46.2,4114.0,4119,104
b1d10d08-5b108225,FixedSkip-3,0.46800056246348326,0.3079386753236485,0.9364521724197976,0.2741781232416502,2123,1285,1049,236,1074,68,134,66.34,0,134,0.0,66.34,0,0.0,0,0.0,68,33.66,9.13,39.931,39.289,42.803,356.65,26.772,243.14,2.847,25.77,9.67,87.74,58.0,59.6,58.0,58.8,59.8,72.6,18.3,41.4,4118.0,4124,74
b1d10d08-5b108225,FixedSkip-5,0.32618619588253034,0.1902654112827164,0.8091227076743452,0.22690454182149314,2123,1303,817,486,1306,41,161,79.7,0,161,0.0,79.7,0,0.0,0,0.0,41,20.3,5.98,24.511,36.318,40.909,215.95,24.287,144.73,2.805,16.52,9.226,54.7,57.2,59.2,57.8,58.6,59.2,80.3,17.5,35.2,4129.0,4130,46
b1d10d08-743fd86c,FixedSkip-2,0.3101353521951108,0.2194793726302325,0.976561527157265,0.1751303468823154,1016,370,320,50,696,101,101,50.0,0,101,0.0,50.0,0,0.0,0,0.0,101,50.0,12.38,56.414,42.443,44.698,521.77,29.519,362.87,2.716,33.39,10.208,125.51,59.0,60.0,58.3,59.3,60.0,84.6,16.4,46.9,4141.0,4147,100
b1d10d08-743fd86c,FixedSkip-3,0.26592821825243784,0.1780615028542361,0.9238529584250363,0.16672561925853016,1016,384,284,100,732,68,134,66.34,0,134,0.0,66.34,0,0.0,0,0.0,68,33.66,8.71,38.286,40.401,43.701,349.56,27.937,241.95,2.539,21.85,9.925,85.76,58.6,60.0,58.2,58.9,60.1,80.4,14.6,43.1,4150.0,4155,72
b1d10d08-743fd86c,FixedSkip-5,0.20289360887480726,0.12648625015556983,0.8632971102592327,0.1376204228053155,1016,349,227,122,789,41,161,79.7,0,161,0.0,79.7,0,0.0,0,0.0,41,20.3,5.65,23.502,37.443,42.304,209.33,25.377,141.96,2.563,14.3,9.504,53.07,57.8,59.8,57.9,58.5,59.8,79.5,13.8,37.2,4160.0,4161,46
b1d10d08-c35503b8,FixedSkip-2,0.6063546628527771,0.3922041502438853,0.9371184958521294,0.3574532695675334,3127,2471,1997,474,1130,101,101,50.0,0,101,0.0,50.0,0,0.0,0,0.0,101,50.0,13.3,60.293,40.305,43.699,531.25,27.55,363.33,2.942,38.66,9.813,129.26,58.3,60.4,58.4,59.4,60.4,79.9,18.2,44.1,4170.0,4179,109
b1d10d08-c35503b8,FixedSkip-3,0.48364403626358027,0.29189217915561816,0.8658676347248203,0.32158857944442126,3127,2484,1682,802,1445,68,134,66.34,0,134,0.0,66.34,0,0.0,0,0.0,68,33.66,9.95,43.406,37.357,41.407,371.31,25.128,250.03,2.879,28.44,9.351,92.84,57.8,59.7,58.0,58.8,59.7,79.9,17.4,38.2,4186.0,4190,79
b1d10d08-c35503b8,FixedSkip-5,0.29892491066090626,0.17496486742939849,0.7087028003057972,0.244405957697114,3127,2490,1170,1320,1957,41,161,79.7,0,161,0.0,79.7,0,0.0,0,0.0,41,20.3,6.51,26.577,34.267,39.502,221.81,22.428,145.3,2.874,18.51,8.966,58.0,57.1,59.3,57.5,58.2,59.3,65.9,16.8,32.6,4203.0,4215,51
b1d10d08-da110fcb,FixedSkip-2,0.6432441530488906,0.4367232922582597,0.9161840936050337,0.3877520938023451,2250,1990,1555,435,695,97,97,50.0,0,97,0.0,50.0,0,0.0,0,0.0,97,50.0,12.62,59.5,40.492,43.289,505.81,27.805,347.53,2.859,35.6,9.828,122.68,58.0,59.9,58.0,58.9,59.9,73.4,18.3,44.1,4219.0,4224,100
b1d10d08-da110fcb,FixedSkip-3,0.5219259481929217,0.3236194294831618,0.8559975032207214,0.3493096686950643,2250,1972,1320,652,930,65,129,66.49,0,129,0.0,66.49,0,0.0,0,0.0,65,33.51,9.29,41.934,37.708,41.805,347.6,25.417,234.64,2.868,26.27,9.423,86.69,57.9,59.9,57.9,58.8,59.9,78.2,17.4,38.4,4235.0,4237,74
b1d10d08-da110fcb,FixedSkip-5,0.34755294456874464,0.2013963357957882,0.7193759957001242,0.2765609797013924,2250,1987,980,1007,1270,39,155,79.9,0,155,0.0,79.9,0,0.0,0,0.0,39,20.1,6.1,25.633,34.492,39.9,210.0,22.738,138.72,2.795,16.86,8.959,54.42,57.0,58.6,57.5,58.3,58.6,71.7,16.3,32.6,4236.0,4239,48
b1d10d08-ec660956,FixedSkip-2,0.6311551341141481,0.4346186789927466,0.9600436564761718,0.3530963776318095,2117,1590,1384,206,733,101,101,50.0,0,101,0.0,50.0,0,0.0,0,0.0,101,50.0,13.12,58.148,40.719,43.301,529.77,27.969,364.22,2.88,37.29,9.87,128.27,58.2,60.1,58.1,59.2,60.1,80.6,18.9,44.3,4240.0,4245,108
b1d10d08-ec660956,FixedSkip-3,0.5270352221978828,0.3361085476975603,0.9021049928210133,0.3266275806496429,2117,1615,1210,405,907,68,134,66.34,0,134,0.0,66.34,0,0.0,0,0.0,68,33.66,9.7,40.713,38.134,41.295,364.6,25.786,246.75,2.896,27.56,9.453,90.29,58.0,59.5,57.9,58.8,59.6,77.1,18.1,39.1,4240.0,4242,77
b1d10d08-ec660956,FixedSkip-5,0.3755103329838796,0.22427524259087175,0.7785758131199522,0.27341227433358906,2117,1654,959,695,1158,41,161,79.7,0,161,0.0,79.7,0,0.0,0,0.0,41,20.3,6.51,25.314,33.7,38.515,220.34,21.948,143.93,2.825,18.29,8.927,58.13,57.0,59.0,57.5,58.3,59.0,72.6,16.8,32.3,4242.0,4244,53
b1d22449-117aa773,FixedSkip-2,0.365541008863956,0.24676026287884018,0.9528399671073463,0.20916165192478514,1193,536,454,82,739,101,101,50.0,0,101,0.0,50.0,0,0.0,0,0.0,101,50.0,12.32,55.852,42.508,45.094,522.58,29.503,362.97,2.827,34.66,10.178,124.94,58.8,60.2,58.2,59.0,60.2,85.5,17.9,46.8,4246.0,4249,101
b1d22449-117aa773,FixedSkip-3,0.31871266576322455,0.20204042403570216,0.9152757828152531,0.1945580473366218,1193,529,408,121,785,68,134,66.34,0,134,0.0,66.34,0,0.0,0,0.0,68,33.66,8.74,38.209,40.526,43.701,352.78,27.847,242.54,2.799,24.3,9.881,85.94,58.6,60.2,58.3,58.9,60.2,83.3,17.0,42.7,4241.0,4244,73
b1d22449-117aa773,FixedSkip-5,0.21192936078716043,0.12262693941172031,0.7768607934273332,0.15855794889146932,1193,545,300,245,893,41,161,79.7,0,161,0.0,79.7,0,0.0,0,0.0,41,20.3,5.68,23.393,37.863,42.292,213.45,25.554,144.11,2.804,15.76,9.505,53.58,58.1,59.5,57.9,58.5,59.5,82.7,16.7,36.8,4243.0,4245,47
b1d22449-15fb948f,FixedSkip-2,0.1658400909681611,0.09830268017351139,0.9835939193103682,0.0902608695652174,500,92,84,8,416,92,91,49.73,0,91,0.0,49.73,0,0.0,0,0.0,92,50.27,11.08,55.63,41.902,44.798,459.03,29.77,326.29,1.879,20.5,10.253,112.24,58.9,60.3,58.2,59.3,60.3,75.9,10.1,47.0,4245.0,4250,89
b1d22449-15fb948f,FixedSkip-3,0.12606489801918946,0.07011888291426381,0.9264925829217199,0.07533333333333334,500,84,67,17,433,61,122,66.67,0,122,0.0,66.67,0,0.0,0,0.0,61,33.33,7.67,37.236,40.013,43.49,303.02,28.192,213.58,1.843,13.9,9.978,75.53,58.6,60.2,58.2,59.0,60.2,72.8,9.4,43.2,4244.0,4249,62
b1d22449-15fb948f,FixedSkip-5,0.04936668246286312,0.027445908923573438,0.6190306830819762,0.04407058823529412,500,85,34,51,466,37,146,79.78,0,146,0.0,79.78,0,0.0,0,0.0,37,20.22,4.93,22.818,37.991,41.995,185.04,26.245,127.96,2.08,10.07,9.666,47.01,58.5,59.7,57.8,58.8,59.7,87.3,9.0,36.9,4244.0,4245,40
b1d22ed6-f1cac061,FixedSkip-2,0.5949573315280975,0.35612075974072177,0.8977584423396632,0.3703819837903757,4610,4020,2986,1034,1624,102,101,49.75,0,101,0.0,49.75,0,0.0,0,0.0,102,50.25,14.57,65.223,38.886,42.791,558.92,26.353,378.77,3.013,43.21,9.52,136.94,58.4,59.8,58.5,59.2,59.8,76.0,18.1,41.4,4244.0,4247,118
b1d22ed6-f1cac061,FixedSkip-3,0.4610682694286691,0.2550867446639896,0.8138400189342657,0.3264840497674637,4610,4056,2469,1587,2141,68,135,66.5,0,135,0.0,66.5,0,0.0,0,0.0,68,33.5,11.62,50.865,32.802,39.412,380.52,21.087,244.87,2.897,33.46,8.818,102.18,56.9,58.9,57.7,58.3,58.9,66.8,16.3,33.7,4243.0,4247,94
b1d22ed6-f1cac061,FixedSkip-5,0.26682526586381566,0.14405405771783253,0.6508002425677845,0.23452355599076116,4610,3952,1607,2345,3003,41,162,79.8,0,162,0.0,79.8,0,0.0,0,0.0,41,20.2,7.5,30.818,30.562,36.413,228.43,19.172,143.61,2.866,21.26,8.524,63.56,56.0,58.1,57.1,57.7,58.1,60.8,15.8,29.6,4244.0,4246,61
b1d3907b-2278601b,FixedSkip-2,0.25443148502661705,0.1635560944430903,0.9438338343113936,0.14539607169617524,867,274,232,42,635,101,101,50.0,0,101,0.0,50.0,0,0.0,0,0.0,101,50.0,12.24,55.692,42.067,44.798,512.81,29.483,359.71,2.398,29.13,10.186,123.97,58.2,59.9,57.6,58.5,59.9,74.0,13.7,47.0,4246.0,4249,99
b1d3907b-2278601b,FixedSkip-3,0.20569669272456495,0.1294284118805477,0.9126311635407657,0.12700192841610022,867,253,191,62,676,68,134,66.34,0,134,0.0,66.34,0,0.0,0,0.0,68,33.66,8.63,37.816,40.308,43.402,342.26,28.166,239.19,2.202,18.68,9.94,84.39,58.3,59.8,57.8,58.7,59.8,76.3,11.4,43.5,4248.0,4249,70
b1d3907b-2278601b,FixedSkip-5,0.1472694173584526,0.07711878260761781,0.775601175719626,0.10791009508011178,867,267,155,112,712,41,161,79.7,0,161,0.0,79.7,0,0.0,0,0.0,41,20.3,6.28,26.466,34.338,41.098,220.5,22.898,148.34,2.311,14.28,9.13,57.88,57.2,59.0,57.4,57.9,59.0,72.9,11.3,33.8,4251.0,4255,51
b1d4b62c-60aab822,FixedSkip-2,0.7218402005173234,0.5160667070525344,0.9599790373425366,0.40140952887881576,2214,1894,1656,238,558,102,101,49.75,0,101,0.0,49.75,0,0.0,0,0.0,102,50.25,12.89,58.176,41.537,44.198,533.01,28.54,366.39,2.996,38.38,10.001,128.25,58.4,60.0,58.2,59.2,60.0,80.6,19.2,45.6,4257.0,4260,105
b1d4b62c-60aab822,FixedSkip-3,0.6200791146018027,0.390019784011334,0.9160021236686405,0.37229732400490134,2214,1874,1478,396,736,68,135,66.5,0,135,0.0,66.5,0,0.0,0,0.0,68,33.5,9.32,40.63,39.211,42.803,362.73,26.66,246.85,2.913,26.79,9.638,89.09,58.2,59.8,58.1,58.8,59.8,83.4,18.2,40.7,4254.0,4260,76
b1d4b62c-60aab822,FixedSkip-5,0.4274981912506929,0.24448647520738193,0.7976664072444868,0.3079148831537934,2214,1881,1119,762,1095,41,162,79.8,0,162,0.0,79.8,0,0.0,0,0.0,41,20.2,6.14,25.146,35.9,40.796,216.17,23.884,144.05,2.82,16.86,9.197,55.26,57.5,59.1,57.6,58.4,59.1,77.0,17.3,34.3,4250.0,4252,49
b1d59b1f-a38aec79,FixedSkip-2,0.5203559864406707,0.34394188610791787,0.9221115641976529,0.3278009553177338,298,222,163,59,135,84,84,50.0,0,84,0.0,50.0,0,0.0,0,0.0,84,50.0,10.37,55.97,41.995,45.094,432.56,29.201,301.05,2.658,27.31,10.136,104.2,58.6,60.3,57.9,58.8,60.3,92.4,17.1,45.4,4254.0,4256,86
b1d59b1f-a38aec79,FixedSkip-3,0.4522602302252623,0.2822155103850047,0.8469944939376219,0.3142757270693513,298,240,150,90,148,56,112,66.67,0,112,0.0,66.67,0,0.0,0,0.0,56,33.33,7.28,37.843,39.574,43.203,284.55,27.109,195.1,2.692,19.27,9.774,70.18,58.3,59.4,58.0,58.9,59.4,66.1,16.1,41.0,4254.0,4257,58
b1d59b1f-a38aec79,FixedSkip-5,0.2830131209223122,0.16768838067533073,0.7278526443916641,0.23234116832696297,298,223,97,126,201,34,134,79.76,0,134,0.0,79.76,0,0.0,0,0.0,34,20.24,4.89,23.737,35.708,41.395,172.74,23.921,115.81,2.491,12.01,9.295,44.92,57.4,59.1,57.5,58.1,59.1,78.9,14.6,33.9,4254.0,4257,39
b1d7b3ac-0bdb47dc,FixedSkip-2,0.6191042880261096,0.39783409279115794,0.9472057552528066,0.3646333195440338,1480,1176,954,222,526,101,101,50.0,0,101,0.0,50.0,0,0.0,0,0.0,101,50.0,12.44,56.797,42.17,44.698,521.45,29.138,360.3,2.937,36.28,10.096,124.87,58.4,60.0,58.5,59.8,60.0,58.1,18.4,47.0,4254.0,4256,102
b1d7b3ac-0bdb47dc,FixedSkip-3,0.4574941333502646,0.2814856850203555,0.8513858944390789,0.3117205516096301,1480,1172,758,414,722,68,134,66.34,0,134,0.0,66.34,0,0.0,0,0.0,68,33.66,8.92,39.317,39.604,43.301,348.48,27.119,238.7,2.749,24.19,9.736,85.59,58.0,59.6,58.2,59.0,59.6,78.9,16.9,42.2,4251.0,4255,71
b1d7b3ac-0bdb47dc,FixedSkip-5,0.3159712995793122,0.17530917997183693,0.7313226427937777,0.2497677910468608,1480,1161,573,588,907,41,161,79.7,0,161,0.0,79.7,0,0.0,0,0.0,41,20.3,5.82,24.177,36.89,41.407,214.68,24.733,144.24,2.804,16.15,9.353,54.29,57.7,59.4,57.8,58.7,59.4,79.2,16.8,35.8,4251.0,4255,47
b1d7b3ac-36f2d3b7,FixedSkip-2,0.6705995228102024,0.4237947793171447,0.9348176576836723,0.4037654058648534,724,650,510,140,214,88,88,50.0,0,88,0.0,50.0,0,0.0,0,0.0,88,50.0,10.82,56.244,42.242,45.096,452.44,29.14,312.27,2.979,31.83,10.123,108.34,58.8,60.1,58.5,59.4,60.1,72.8,17.9,45.9,4257.0,4260,90
b1d7b3ac-36f2d3b7,FixedSkip-3,0.4829578263829635,0.29635930616217265,0.8327291359740009,0.3416630598059934,724,651,393,258,331,59,117,66.48,0,117,0.0,66.48,0,0.0,0,0.0,59,33.52,7.73,38.484,39.179,42.904,299.22,26.887,205.75,2.576,19.5,9.715,73.97,58.1,59.5,58.2,59.0,59.5,79.2,15.4,40.8,4255.0,4259,62
b1d7b3ac-36f2d3b7,FixedSkip-5,0.3083147161818265,0.19111377805657678,0.6872486522449132,0.2622278193045174,724,646,280,366,444,36,140,79.55,0,140,0.0,79.55,0,0.0,0,0.0,36,20.45,5.12,23.993,36.093,41.01,181.44,24.238,122.21,2.569,12.77,9.286,46.46,57.5,59.4,57.9,58.7,59.4,73.1,14.1,34.2,4253.0,4256,40
b1d7b3ac-5744370e,FixedSkip-2,0.43085185110476953,0.302022496958673,0.8968122937101366,0.28877792502839833,556,380,254,126,302,99,99,50.0,0,99,0.0,50.0,0,0.0,0,0.0,99,50.0,12.03,55.753,42.244,44.798,502.83,29.629,352.87,2.402,28.47,10.213,121.5,59.0,60.4,58.4,59.3,60.4,78.2,13.9,47.3,4251.0,4255,96
b1d7b3ac-5744370e,FixedSkip-3,0.290613373929523,0.19026423914488086,0.7808537422376156,0.22261165426633048,556,351,190,161,366,66,132,66.67,0,132,0.0,66.67,0,0.0,0,0.0,66,33.33,8.45,37.675,39.873,43.801,336.42,27.82,234.96,2.156,18.07,9.897,83.39,58.8,60.3,58.3,59.0,60.3,69.6,10.7,42.7,4254.0,4255,68
b1d7b3ac-5744370e,FixedSkip-5,0.17263932687156713,0.11606081913574832,0.5825993364008294,0.16574082506146984,556,395,127,268,429,40,158,79.8,0,158,0.0,79.8,0,0.0,0,0.0,40,20.2,5.6,23.348,37.093,41.509,204.31,25.319,139.34,2.263,12.5,9.511,52.48,58.2,59.5,57.8,58.8,59.5,85.8,12.1,36.5,4253.0,4255,44
b1d7b3ac-995f9d8a,FixedSkip-2,0.6469441864027925,0.39262565036068586,0.9404695652383516,0.3861009675888676,755,642,511,131,244,95,94,49.74,0,94,0.0,49.74,0,0.0,0,0.0,95,50.26,11.72,56.34,41.927,44.698,486.54,28.898,335.44,2.945,34.15,10.084,116.95,58.7,59.8,58.6,59.4,59.8,52.0,18.2,46.2,4258.0,4261,97
b1d7b3ac-995f9d8a,FixedSkip-3,0.4987677738256034,0.2780521209025556,0.8493054322282033,0.3386865342163356,755,648,425,223,330,63,126,66.67,0,126,0.0,66.67,0,0.0,0,0.0,63,33.33,8.32,38.274,39.248,43.301,323.83,26.929,222.4,2.589,21.27,9.73,80.17,58.3,60.2,58.3,59.2,60.2,75.9,14.7,41.5,4256.0,4257,68
b1d7b3ac-995f9d8a,FixedSkip-5,0.3158609375538625,0.16553618523493904,0.6837070849366349,0.2638687590827961,755,679,308,371,447,38,151,79.89,0,151,0.0,79.89,0,0.0,0,0.0,38,20.11,5.51,23.561,36.356,41.01,201.29,24.359,135.09,2.699,14.84,9.297,51.35,57.9,59.6,58.0,58.8,59.6,77.2,15.6,34.8,4257.0,4258,45
b1d7b3ac-9e14f05f,FixedSkip-2,0.671355627769702,0.46278314041562674,0.9483870708704667,0.3887662895130757,1312,1108,919,189,393,101,101,50.0,0,101,0.0,50.0,0,0.0,0,0.0,101,50.0,12.46,56.781,42.281,44.711,525.18,29.138,362.15,3.015,37.35,10.128,125.68,59.0,60.4,58.7,59.8,60.4,83.1,18.7,46.6,4255.0,4259,104
b1d7b3ac-9e14f05f,FixedSkip-3,0.5517661529261872,0.3523827517993242,0.8729497266428675,0.3523712737127372,1312,1125,809,316,503,68,134,66.34,0,134,0.0,66.34,0,0.0,0,0.0,68,33.66,8.96,39.308,39.761,42.804,355.49,27.167,243.24,2.837,25.26,9.757,87.0,58.7,60.4,58.7,59.4,60.4,73.6,17.4,41.6,4258.0,4260,73
b1d7b3ac-9e14f05f,FixedSkip-5,0.4008940898243897,0.22804258331185992,0.7852730073370382,0.2894066254095377,1312,1072,631,441,681,41,161,79.7,0,161,0.0,79.7,0,0.0,0,0.0,41,20.3,5.87,24.145,37.253,41.805,215.33,25.006,144.63,2.83,16.27,9.417,54.42,58.2,59.8,58.1,58.9,59.8,81.1,17.5,36.0,4262.0,4265,47
b1d7b3ac-afa57f22,FixedSkip-2,0.6941129590183426,0.46707797257059447,0.9892711378024419,0.37175496688741727,400,302,280,22,120,85,85,50.0,0,85,0.0,50.0,0,0.0,0,0.0,85,50.0,10.36,55.726,42.097,44.798,434.11,29.223,301.65,2.723,27.95,10.151,104.5,58.9,60.4,58.5,59.3,60.4,70.3,17.1,45.9,4262.0,4263,85
b1d7b3ac-afa57f22,FixedSkip-3,0.5673336395755983,0.34832412361318815,0.9196372541731959,0.3363613861386138,400,303,244,59,156,57,113,66.47,0,113,0.0,66.47,0,0.0,0,0.0,57,33.53,7.33,38.08,39.646,43.403,288.22,27.565,200.47,2.233,16.21,9.848,71.54,58.5,60.4,58.3,58.9,60.4,80.8,12.1,41.8,4258.0,4262,61
b1d7b3ac-afa57f22,FixedSkip-5,0.3799319926334629,0.21814236719458063,0.8186916335034976,0.26463157894736844,400,285,175,110,225,34,136,80.0,0,136,0.0,80.0,0,0.0,0,0.0,34,20.0,4.71,22.959,36.736,41.509,173.76,25.001,118.42,2.328,10.93,9.406,44.4,58.1,59.7,58.0,58.8,59.7,75.9,11.8,35.2,4262.0,4264,39
b1d968b9-563405f4,FixedSkip-2,0.7370991009886969,0.5365274604991059,0.9210010439397549,0.41715792177277045,2656,2451,2121,330,535,102,101,49.75,0,101,0.0,49.75,0,0.0,0,0.0,102,50.25,13.15,58.853,41.002,44.212,538.91,28.153,370.22,2.951,38.68,9.899,130.01,58.6,60.6,58.7,59.8,60.6,76.6,18.4,45.1,4260.0,4264,108
b1d968b9-563405f4,FixedSkip-3,0.6555316237022653,0.4526110949183548,0.8922781337632405,0.3939501780471825,2656,2409,1939,470,717,68,135,66.5,0,135,0.0,66.5,0,0.0,0,0.0,68,33.5,9.83,42.426,37.973,41.807,369.85,25.566,249.16,2.975,28.83,9.432,91.86,58.4,59.9,58.5,59.4,59.9,73.9,17.6,39.1,4259.0,4261,81
b1d968b9-563405f4,FixedSkip-5,0.4999928213835977,0.33294715908955663,0.799297032381935,0.34820707495839986,2656,2469,1618,851,1038,41,162,79.8,0,162,0.0,79.8,0,0.0,0,0.0,41,20.2,6.54,26.299,34.318,38.915,224.25,22.507,147.35,2.863,18.57,8.948,58.33,57.4,59.2,57.9,58.6,59.1,69.2,16.7,32.9,4263.0,4266,53
b1d968b9-ce42734f,FixedSkip-2,0.6911053933570723,0.4936683444437905,0.9081261044312916,0.4166706469110394,3559,3412,2670,742,889,102,101,49.75,0,101,0.0,49.75,0,0.0,0,0.0,102,50.25,13.82,61.771,39.629,42.804,542.7,27.048,370.58,2.907,39.68,9.674,132.44,58.0,59.9,58.1,59.2,59.9,76.6,17.9,43.0,4254.0,4268,111
b1d968b9-ce42734f,FixedSkip-3,0.5978958150835991,0.4019646751257236,0.8636255083195792,0.3849581157813808,3559,3367,2406,961,1153,68,135,66.5,0,135,0.0,66.5,0,0.0,0,0.0,68,33.5,10.66,46.25,35.527,40.409,376.02,23.522,249.16,2.914,30.71,9.091,96.14,57.5,59.5,57.9,59.0,59.5,68.0,16.7,36.1,4252.0,4254,85
b1d968b9-ce42734f,FixedSkip-5,0.3676992912784964,0.24586961196180201,0.6974542159800373,0.2945391451301625,3559,3425,1726,1699,1833,41,162,79.8,0,162,0.0,79.8,0,0.0,0,0.0,41,20.2,7.07,28.701,32.117,36.412,226.12,20.561,145.1,2.857,19.95,8.699,61.08,56.5,58.3,57.3,58.6,58.6,66.6,16.3,30.6,4258.0,4265,57
b1d971b4-ac67ca0d,FixedSkip-2,0.6800720808495893,0.4511377104255446,0.9408934550698905,0.3965377327024085,2503,2180,1789,391,714,100,99,49.75,0,99,0.0,49.75,0,0.0,0,0.0,100,50.25,13.02,58.979,40.712,43.189,529.09,27.949,363.51,2.926,37.86,9.837,127.73,57.9,59.9,57.9,58.8,59.9,72.1,18.6,44.3,4265.0,4268,107
b1d971b4-ac67ca0d,FixedSkip-3,0.5310411331968273,0.3256254549534824,0.863442172517392,0.34836244833337543,2503,2152,1493,659,1010,67,132,66.33,0,132,0.0,66.33,0,0.0,0,0.0,67,33.67,9.56,41.881,38.248,41.309,361.94,25.824,244.32,2.955,27.92,9.468,89.71,57.9,59.4,57.8,58.5,59.4,73.9,17.6,39.4,4268.0,4270,81
b1d971b4-ac67ca0d,FixedSkip-5,0.3673025663973579,0.21040357569596368,0.7392872275807809,0.28630364514092693,2503,2186,1142,1044,1361,40,159,79.9,0,159,0.0,79.9,0,0.0,0,0.0,40,20.1,6.33,25.775,33.845,39.003,214.61,22.02,140.01,2.881,18.07,8.944,56.52,56.8,58.8,57.4,58.3,58.8,71.2,16.6,32.6,4273.0,4278,51
b1d9e136-6c94ea3f,FixedSkip-2,0.6748365440795163,0.4766666463790366,0.9758301251375936,0.364955022272486,2342,1776,1615,161,727,101,101,50.0,0,101,0.0,50.0,0,0.0,0,0.0,101,50.0,12.84,57.431,41.052,43.8,526.04,28.223,361.92,2.925,37.33,9.904,126.79,57.9,59.9,58.2,59.2,59.9,67.1,18.4,45.4,4271.0,4273,105
b1d9e136-6c94ea3f,FixedSkip-3,0.6000474752120333,0.3906154064706352,0.9367901380510198,0.3498120554205866,2342,1805,1485,320,857,68,134,66.34,0,134,0.0,66.34,0,0.0,0,0.0,68,33.66,9.56,40.806,38.467,41.894,362.39,26.017,245.3,2.918,27.38,9.532,89.7,58.0,59.7,57.9,58.9,59.7,77.3,18.1,39.5,4275.0,4280,76
b1d9e136-6c94ea3f,FixedSkip-5,0.44506742564822266,0.26784609977241897,0.8364251985850902,0.29904270326632104,2342,1810,1201,609,1141,41,161,79.7,0,161,0.0,79.7,0,0.0,0,0.0,41,20.3,6.39,25.395,34.384,39.513,215.81,22.51,141.47,2.856,17.81,9.018,56.53,57.0,59.0,57.5,58.2,59.0,67.3,16.8,32.8,4274.0,4278,52
b1d9e136-9ab25cb3,FixedSkip-2,0.6269516610810062,0.41086812894993674,0.9150094392169775,0.37713333578699876,2942,2512,1991,521,951,101,101,50.0,0,101,0.0,50.0,0,0.0,0,0.0,101,50.0,13.45,59.613,40.021,42.816,537.31,27.413,368.29,2.875,38.47,9.733,130.55,58.0,59.9,58.0,59.0,59.9,75.8,18.8,43.6,4274.0,4278,110
b1d9e136-9ab25cb3,FixedSkip-3,0.5499409114363609,0.34207253968648066,0.8745827257965977,0.3515001450896354,2942,2495,1809,686,1133,68,134,66.34,0,134,0.0,66.34,0,0.0,0,0.0,68,33.66,10.01,42.958,37.258,40.51,370.52,24.988,248.85,2.948,29.13,9.322,92.53,57.8,59.5,57.9,58.8,59.5,73.0,17.6,37.9,4276.0,4278,82
b1d9e136-9ab25cb3,FixedSkip-5,0.39606056145891483,0.22955634790156107,0.7606560194326327,0.29454513692341444,2942,2510,1452,1058,1490,41,161,79.7,0,161,0.0,79.7,0,0.0,0,0.0,41,20.3,6.61,26.527,33.866,37.608,222.79,22.052,145.28,2.885,18.86,8.929,58.65,56.8,58.7,57.5,58.4,58.7,70.3,16.6,32.8,4281.0,4283,53
b1dac7f7-6b2e0382,FixedSkip-2,0.5918614994119955,0.3740377289180436,0.9278709821739133,0.35105532548634283,3637,2852,2291,561,1346,101,101,50.0,0,101,0.0,50.0,0,0.0,0,0.0,101,50.0,13.42,60.116,40.203,42.803,540.15,27.517,370.05,2.934,39.2,9.753,130.91,57.9,59.7,57.9,58.8,59.8,74.2,18.2,43.6,4279.0,4286,112
b1dac7f7-6b2e0382,FixedSkip-3,0.47014497952504264,0.2766699040651689,0.8509727334018583,0.31270569098466533,3637,2859,1945,914,1692,68,134,66.34,0,134,0.0,66.34,0,0.0,0,0.0,68,33.66,10.29,44.665,36.307,40.91,369.33,24.155,245.97,2.919,29.52,9.233,93.83,57.3,59.1,57.5,58.4,59.1,71.7,17.1,37.1,4280.0,4284,82
b1dac7f7-6b2e0382,FixedSkip-5,0.28767620771915403,0.15597043558545914,0.7002289313355982,0.23790170754467777,3637,2853,1326,1527,2311,41,161,79.7,0,161,0.0,79.7,0,0.0,0,0.0,41,20.3,6.78,27.416,33.284,38.217,223.7,21.568,145.31,2.869,19.12,8.847,59.27,56.6,58.4,57.1,57.9,58.4,70.6,16.5,31.6,4282.0,4286,54
b1db7e22-cfa74dc3,FixedSkip-2,0.35525583484062295,0.22982820049175415,0.9597810823309123,0.19779295538726496,1420,597,523,74,897,102,101,49.75,0,101,0.0,49.75,0,0.0,0,0.0,102,50.25,12.38,56.118,42.542,45.211,522.76,29.517,362.97,2.847,34.83,10.177,124.96,58.2,60.1,57.8,58.8,60.1,80.8,17.8,47.1,4288.0,4289,102
b1db7e22-cfa74dc3,FixedSkip-3,0.3047054192434523,0.18642587200187538,0.918614180046635,0.18347576987347816,1420,590,464,126,956,68,135,66.5,0,135,0.0,66.5,0,0.0,0,0.0,68,33.5,8.8,38.375,40.462,43.403,352.25,27.913,243.27,2.609,22.58,9.94,86.39,58.7,59.7,57.8,58.8,59.8,88.7,16.0,42.6,4285.0,4287,69
b1db7e22-cfa74dc3,FixedSkip-5,0.2333043057785319,0.1344537946635726,0.8522523759803329,0.15500471181519496,1420,553,376,177,1044,41,162,79.8,0,162,0.0,79.8,0,0.0,0,0.0,41,20.2,5.74,23.556,36.904,41.907,209.02,24.851,141.13,2.632,14.74,9.421,53.14,57.5,59.1,57.7,58.5,59.1,80.5,15.6,35.7,4289.0,4294,46
b1dce572-c6a8cb5e,FixedSkip-2,0.6352150500852868,0.4419980348486723,0.955983134398264,0.35352836140559724,2542,1922,1681,241,861,101,101,50.0,0,101,0.0,50.0,0,0.0,0,0.0,101,50.0,13.15,58.005,40.656,43.713,528.89,27.958,363.85,2.845,36.9,9.853,128.14,58.1,60.1,58.2,59.2,60.1,75.5,18.9,44.6,4291.0,4295,106
b1dce572-c6a8cb5e,FixedSkip-3,0.5384948487299249,0.3508330722630153,0.8966108585941358,0.3278623139478751,2542,1946,1505,441,1037,68,134,66.34,0,134,0.0,66.34,0,0.0,0,0.0,68,33.66,9.73,41.46,37.768,42.305,364.16,25.483,246.02,2.872,27.51,9.413,90.62,57.9,59.5,58.0,58.9,59.5,78.6,17.0,38.7,4288.0,4292,76
b1dce572-c6a8cb5e,FixedSkip-5,0.40838256677791873,0.2506688409662795,0.799935584891166,0.2815020003923839,2542,1953,1250,703,1292,41,161,79.7,0,161,0.0,79.7,0,0.0,0,0.0,41,20.3,6.41,25.34,34.62,39.115,220.7,22.796,145.5,2.803,17.75,9.021,57.45,57.2,59.2,57.5,58.5,59.2,73.0,16.2,33.2,4290.0,4294,52
b1dd58c1-8b546ba7,FixedSkip-2,0.636383559376588,0.4448981344847403,0.9479276849708025,0.3673976297663119,2456,1963,1632,331,824,99,98,49.75,0,98,0.0,49.75,0,0.0,0,0.0,99,50.25,12.74,58.529,40.911,43.701,516.02,28.072,354.15,2.976,37.49,9.862,124.38,58.0,60.1,58.3,59.5,60.1,68.4,18.1,44.7,4289.0,4292,104
b1dd58c1-8b546ba7,FixedSkip-3,0.5518125313587183,0.35046218112950467,0.9048100954516953,0.34587587697318967,2456,1976,1461,515,995,66,131,66.5,0,131,0.0,66.5,0,0.0,0,0.0,66,33.5,9.36,41.313,38.333,41.409,353.17,25.905,238.78,2.937,26.96,9.492,87.43,58.0,59.6,58.1,59.0,59.6,80.0,17.8,39.2,4288.0,4290,75
b1dd58c1-8b546ba7,FixedSkip-5,0.3512256418291475,0.2065537984507581,0.7567930717466091,0.2692029075598213,2456,1965,1047,918,1409,40,157,79.7,0,157,0.0,79.7,0,0.0,0,0.0,40,20.3,6.24,25.635,34.791,39.513,215.94,22.847,141.93,2.918,18.01,9.025,56.0,57.2,59.1,57.6,58.3,59.1,69.3,17.0,33.1,4293.0,4295,52
b1df722f-57d21f3f,FixedSkip-2,0.5307382430551413,0.3378385623105993,0.8646524568086705,0.3516108441203729,1935,1684,1145,539,790,101,101,50.0,0,101,0.0,50.0,0,0.0,0,0.0,101,50.0,12.65,57.625,41.824,44.212,524.7,28.76,360.96,3.043,38.11,10.021,125.63,58.4,60.1,58.3,59.1,60.1,60.5,18.6,46.0,4298.0,4300,105
b1df722f-57d21f3f,FixedSkip-3,0.4320222593227828,0.2660222505640072,0.7935114812539957,0.31249851162172154,1935,1671,997,674,938,68,134,66.34,0,134,0.0,66.34,0,0.0,0,0.0,68,33.66,9.15,40.241,39.39,42.804,355.93,26.852,242.86,2.892,26.0,9.646,87.07,57.9,59.6,58.1,59.1,59.6,78.9,18.1,41.3,4294.0,4299,73
b1df722f-57d21f3f,FixedSkip-5,0.3290603469501582,0.1946629582193667,0.6972507873444116,0.2725544587372193,1935,1741,817,924,1118,41,161,79.7,0,161,0.0,79.7,0,0.0,0,0.0,41,20.3,6.05,25.052,36.027,40.511,219.06,23.963,146.18,2.846,17.08,9.219,55.8,57.3,59.3,57.7,58.4,59.3,79.7,17.4,34.5,4294.0,4295,48
b1df722f-5bcc3db7,FixedSkip-2,0.38450850511758516,0.22070382325583954,0.731984903384233,0.29487238472745725,1365,1242,667,575,698,101,101,50.0,0,101,0.0,50.0,0,0.0,0,0.0,101,50.0,12.57,57.193,41.972,44.213,523.52,28.817,359.58,3.092,38.48,10.063,125.46,58.5,59.7,58.5,59.5,59.7,59.5,18.6,46.0,4298.0,4299,104
b1df722f-5bcc3db7,FixedSkip-3,0.2648422983456405,0.15269913412288322,0.6075474313015856,0.24170232234997077,1365,1297,514,783,851,68,134,66.34,0,134,0.0,66.34,0,0.0,0,0.0,68,33.66,8.99,39.437,39.559,43.202,351.49,26.928,239.56,2.919,25.82,9.712,86.12,58.2,59.9,58.3,59.2,59.9,71.8,18.2,41.6,4293.0,4298,73
b1df722f-5bcc3db7,FixedSkip-5,0.16674609461485224,0.09442480509165004,0.510858839698058,0.17014236490676277,1365,1146,357,789,1008,41,161,79.7,0,161,0.0,79.7,0,0.0,0,0.0,41,20.3,5.89,24.142,37.178,41.408,214.49,24.917,143.74,2.871,16.53,9.39,54.22,57.8,59.4,57.8,58.5,59.4,76.4,17.3,35.9,4296.0,4299,48
b1e0c01d-dd9e6e2f,FixedSkip-2,0.6138848096338807,0.3826173342327778,0.9416847219495283,0.3606043947489134,2054,1626,1322,304,732,101,101,50.0,0,101,0.0,50.0,0,0.0,0,0.0,101,50.0,12.86,57.631,41.051,44.199,523.67,28.273,360.98,2.861,36.34,9.918,126.35,58.2,60.2,58.3,59.1,60.2,77.4,18.1,45.4,4294.0,4297,105
b1e0c01d-dd9e6e2f,FixedSkip-3,0.5291141158102635,0.3166038259938207,0.897460635916993,0.33103840771530485,2054,1592,1185,407,869,68,134,66.34,0,134,0.0,66.34,0,0.0,0,0.0,68,33.66,9.34,40.175,38.581,42.305,357.67,26.195,243.27,2.858,26.29,9.528,88.11,57.9,59.9,58.2,58.9,59.9,80.7,17.7,40.4,4293.0,4298,74
b1e0c01d-dd9e6e2f,FixedSkip-5,0.32800420211759324,0.18322523305845145,0.7370068383756321,0.2590650010687059,2054,1640,828,812,1226,41,161,79.7,0,161,0.0,79.7,0,0.0,0,0.0,41,20.3,6.18,24.671,36.007,40.409,218.22,23.97,145.56,2.861,17.18,9.176,55.47,57.8,59.1,57.8,58.6,59.1,80.2,17.5,34.1,4302.0,4304,49
b1e1a7b8-0aec80e8,FixedSkip-2,0.5755171973518527,0.3712066954298568,0.9488702861099227,0.32293757503264353,1982,1381,1196,185,786,102,101,49.75,0,101,0.0,49.75,0,0.0,0,0.0,102,50.25,12.88,57.367,41.517,44.299,531.65,28.551,365.93,2.969,37.87,9.996,127.85,58.4,60.1,58.2,59.2,60.1,74.4,18.5,45.4,4300.0,4302,108
b1e1a7b8-0aec80e8,FixedSkip-3,0.48844649093363196,0.29847520316073556,0.9035130678750319,0.2979687969997229,1982,1362,1056,306,926,68,135,66.5,0,135,0.0,66.5,0,0.0,0,0.0,68,33.5,9.31,39.611,38.701,42.292,362.49,26.161,245.5,2.974,27.67,9.566,89.32,58.1,59.8,58.1,58.8,59.9,67.8,18.1,40.0,4299.0,4301,77
b1e1a7b8-0aec80e8,FixedSkip-5,0.3916507105222731,0.227328149211499,0.8367221173127987,0.26226660271290647,1982,1338,897,441,1085,41,162,79.8,0,162,0.0,79.8,0,0.0,0,0.0,41,20.2,6.2,24.309,35.69,40.409,220.23,23.718,146.66,2.837,17.34,9.135,56.24,57.5,59.2,57.6,58.4,59.2,76.9,17.4,33.9,4296.0,4297,48
b1e1a7b8-65ec7612,FixedSkip-2,0.5767149527023775,0.37101324669420876,0.9342396913373032,0.33526803802399874,1860,1380,1137,243,723,101,101,50.0,0,101,0.0,50.0,0,0.0,0,0.0,101,50.0,12.79,57.15,41.543,43.701,525.67,28.58,361.72,2.963,37.44,10.0,126.51,58.5,60.0,58.3,59.2,60.0,77.8,18.8,45.5,4300.0,4303,105
b1e1a7b8-65ec7612,FixedSkip-3,0.4842822433007775,0.28889126059284725,0.8773375982722985,0.307583720694837,1860,1381,1003,378,857,68,134,66.34,0,134,0.0,66.34,0,0.0,0,0.0,68,33.66,9.17,39.571,39.353,43.201,359.25,26.825,245.12,2.874,26.09,9.654,88.04,58.2,60.0,58.2,58.9,60.0,81.8,17.9,41.1,4299.0,4300,74
b1e1a7b8-65ec7612,FixedSkip-5,0.3168773724755003,0.1718392768193875,0.7376020591105966,0.23888663549023353,1860,1352,750,602,1110,41,161,79.7,0,161,0.0,79.7,0,0.0,0,0.0,41,20.3,6.06,24.301,36.552,40.499,218.51,24.405,145.95,2.895,17.23,9.252,55.34,57.8,59.4,57.8,58.5,59.4,79.8,17.5,35.0,4302.0,4304,48
b1e1a7b8-a7426a97,FixedSkip-2,0.5467114335749081,0.3850446988948356,0.9573797755847412,0.31331792464569286,1838,1233,1040,193,798,102,101,49.75,0,101,0.0,49.75,0,0.0,0,0.0,102,50.25,12.67,57.069,41.946,44.698,528.16,28.921,364.38,2.953,37.06,10.072,126.71,58.5,60.3,58.4,59.8,60.3,76.8,19.1,46.3,4304.0,4306,104
b1e1a7b8-a7426a97,FixedSkip-3,0.4614185352890539,0.30206808355087356,0.9047591031652482,0.2868872962865684,1838,1218,919,299,919,68,135,66.5,0,135,0.0,66.5,0,0.0,0,0.0,68,33.5,9.02,39.306,39.751,43.202,358.01,27.16,244.83,2.827,25.36,9.764,87.81,58.2,59.6,58.3,59.0,59.6,84.5,17.5,41.8,4304.0,4307,72
b1e1a7b8-a7426a97,FixedSkip-5,0.33597310769576927,0.19995937279782044,0.8043546181820135,0.24188556431763625,1838,1214,723,491,1115,41,162,79.8,0,162,0.0,79.8,0,0.0,0,0.0,41,20.2,5.86,23.949,37.11,41.407,216.33,24.895,145.33,2.83,16.37,9.385,54.62,57.9,59.6,58.0,58.8,59.6,81.3,17.1,35.6,4308.0,4309,47
b1e1a7b8-b397c445,FixedSkip-2,0.4898591183051869,0.32144264807453304,0.9415809589416334,0.2845101667971623,1561,972,804,168,757,101,101,50.0,0,101,0.0,50.0,0,0.0,0,0.0,101,50.0,12.51,56.648,42.122,44.698,523.62,28.98,360.6,3.027,37.5,10.115,125.52,58.8,60.6,58.6,59.5,60.6,74.3,19.2,46.1,4309.0,4312,102
b1e1a7b8-b397c445,FixedSkip-3,0.399981309103166,0.24259078698186415,0.8832950282637909,0.2584768279835544,1561,962,688,274,873,68,134,66.34,0,134,0.0,66.34,0,0.0,0,0.0,68,33.66,8.97,38.971,39.871,42.904,353.49,27.245,241.68,2.843,25.15,9.783,86.66,58.5,59.9,58.6,59.8,59.9,76.0,17.9,41.9,4308.0,4312,72
b1e1a7b8-b397c445,FixedSkip-5,0.2797485087316087,0.14945380381172946,0.7903075824523568,0.2079987159664525,1561,914,510,404,1051,41,161,79.7,0,161,0.0,79.7,0,0.0,0,0.0,41,20.3,5.88,23.934,36.689,41.407,214.46,24.583,143.96,2.771,16.06,9.336,54.43,57.9,59.7,58.1,58.8,59.7,72.5,16.7,35.4,4308.0,4309,47
b1e2346e-c5f98707,FixedSkip-2,0.22148520246527048,0.15259665044420498,0.8262907146713359,0.15848379263013412,369,154,93,61,276,70,70,50.0,0,70,0.0,50.0,0,0.0,0,0.0,70,50.0,8.45,55.668,41.179,44.799,347.05,29.099,245.51,1.905,15.98,10.176,85.56,58.8,60.3,58.0,58.8,60.3,81.6,9.5,44.9,4319.0,4320,69
b1e2346e-c5f98707,FixedSkip-3,0.1300853343597562,0.09388164167993596,0.7061971361769357,0.10762679055361982,369,133,57,76,312,47,93,66.43,0,93,0.0,66.43,0,0.0,0,0.0,47,33.57,5.93,37.73,39.309,43.801,232.03,27.593,163.2,1.829,10.64,9.888,58.19,58.6,60.0,57.9,58.8,60.0,96.4,8.1,40.6,4321.0,4322,49
b1e2346e-c5f98707,FixedSkip-5,0.0843405402273864,0.06083023312841061,0.5311675723173925,0.08254742547425474,369,150,42,108,327,28,112,80.0,0,112,0.0,80.0,0,0.0,0,0.0,28,20.0,3.8,22.764,35.992,41.021,131.1,24.505,89.39,2.129,7.67,9.358,34.04,57.5,59.0,57.7,58.4,59.0,53.3,10.4,33.2,4316.0,4317,29
b1e3e9f5-92377424,FixedSkip-2,0.7627989752049482,0.557359001473646,0.9573455076752719,0.427890917912409,3358,3064,2661,403,697,102,101,49.75,0,101,0.0,49.75,0,0.0,0,0.0,102,50.25,13.51,59.991,40.302,43.201,541.36,27.679,371.95,2.865,38.37,9.758,131.05,58.2,60.1,58.5,59.2,60.1,80.0,18.6,44.2,4320.0,4322,109
b1e3e9f5-92377424,FixedSkip-3,0.6628798186760966,0.4595219871954921,0.9069431286149515,0.39929743632527853,3358,3084,2422,662,936,68,135,66.5,0,135,0.0,66.5,0,0.0,0,0.0,68,33.5,10.44,44.907,35.975,40.411,375.77,23.874,249.71,2.937,30.49,9.164,95.57,57.6,59.4,58.1,58.8,59.4,67.9,17.2,36.8,4320.0,4323,83
b1e3e9f5-92377424,FixedSkip-5,0.44257285123635265,0.2749114626500996,0.7808446500598337,0.3202973016160308,3358,3034,1805,1229,1553,41,162,79.8,0,162,0.0,79.8,0,0.0,0,0.0,41,20.2,6.89,27.601,32.663,37.411,222.81,20.973,143.4,2.892,19.6,8.798,59.81,56.7,58.3,57.5,58.4,58.3,68.6,16.3,31.3,4319.0,4324,57
b1e62c91-eca210a9,FixedSkip-2,0.4880678717877348,0.3199245142476293,0.9404537071440215,0.28160735495810013,1571,970,808,162,763,91,90,49.72,0,90,0.0,49.72,0,0.0,0,0.0,91,50.28,11.25,56.895,41.588,44.299,462.91,28.896,321.88,2.637,29.19,10.055,111.84,58.2,60.0,58.0,58.7,60.0,70.4,16.5,45.6,4321.0,4323,92
b1e62c91-eca210a9,FixedSkip-3,0.45116827096339973,0.26064170153909655,0.8984381033513975,0.2815949452035192,1571,1032,773,259,798,61,120,66.3,0,120,0.0,66.3,0,0.0,0,0.0,61,33.7,8.05,39.404,39.229,43.415,314.33,26.97,216.12,2.537,20.33,9.721,77.88,57.9,59.8,57.9,58.5,59.8,73.3,15.6,41.3,4320.0,4321,65
b1e62c91-eca210a9,FixedSkip-5,0.32023259129270204,0.17604019475167107,0.7855530513637564,0.23254394055521635,1571,1029,603,426,968,37,144,79.56,0,144,0.0,79.56,0,0.0,0,0.0,37,20.44,5.29,24.478,36.173,41.609,189.85,24.183,127.15,2.639,13.75,9.351,48.96,57.5,59.2,57.5,58.4,59.2,78.8,15.2,34.0,4319.0,4320,43
b1e6efc0-2552cc5d,FixedSkip-2,0.5301731394696614,0.3454288352188477,0.9442698415470592,0.3054818081078586,884,588,492,96,392,102,101,49.75,0,101,0.0,49.75,0,0.0,0,0.0,102,50.25,12.4,56.004,42.966,45.197,528.46,29.739,365.79,2.997,36.83,10.231,125.84,58.8,60.2,58.3,59.4,60.2,88.6,18.9,47.5,4323.0,4325,103
b1e6efc0-2552cc5d,FixedSkip-3,0.4490492266336295,0.2752104165476014,0.8870000622756263,0.2879602227407247,884,607,435,172,449,68,135,66.5,0,135,0.0,66.5,0,0.0,0,0.0,68,33.5,8.65,37.752,40.425,44.199,350.35,27.733,240.64,2.85,24.56,9.841,85.14,58.0,59.8,58.4,59.3,59.8,78.3,17.4,43.4,4318.0,4322,71
b1e6efc0-2552cc5d,FixedSkip-5,0.2968845787293399,0.1785530829081527,0.7600123195376389,0.2241924493342827,884,591,316,275,568,41,162,79.8,0,162,0.0,79.8,0,0.0,0,0.0,41,20.2,5.73,23.422,37.386,41.906,208.45,25.182,140.47,2.735,15.21,9.469,52.77,57.6,59.6,58.0,58.9,59.6,83.0,16.9,36.6,4320.0,4321,45
b1e88fd2-c1e4fd2b,FixedSkip-2,0.5276207370411239,0.34337440331896824,0.9931200445627691,0.27243178705124926,1241,683,659,24,582,97,96,49.74,0,96,0.0,49.74,0,0.0,0,0.0,97,50.26,11.79,56.166,42.359,44.698,497.29,29.629,347.97,2.492,29.2,10.238,120.11,59.2,60.3,58.3,59.4,60.3,94.2,14.7,47.1,4324.0,4325,97
b1e88fd2-c1e4fd2b,FixedSkip-3,0.49783599105724735,0.3112345111047117,0.9778333929576065,0.26292416509982985,1241,675,631,44,610,65,128,66.32,0,128,0.0,66.32,0,0.0,0,0.0,65,33.68,8.33,38.279,40.226,43.801,330.54,27.886,229.26,2.448,19.99,9.892,81.3,58.5,60.1,58.5,59.7,60.1,69.6,14.7,43.1,4323.0,4324,68
b1e88fd2-c1e4fd2b,FixedSkip-5,0.4383361176474768,0.25456959286971304,0.9437349560972432,0.2526088567613826,1241,685,571,114,670,39,154,79.79,0,154,0.0,79.79,0,0.0,0,0.0,39,20.21,5.35,23.124,37.564,41.793,200.38,25.626,137.0,2.472,12.97,9.466,50.4,58.2,59.6,57.9,58.8,59.6,75.5,13.8,36.7,4320.0,4321,43
b1e8ad72-c3c79240,FixedSkip-2,0.6326094353482934,0.4598186772116016,0.9879034268412382,0.34158381734908144,979,682,625,57,354,102,101,49.75,0,101,0.0,49.75,0,0.0,0,0.0,102,50.25,12.42,56.247,42.477,45.21,524.25,29.337,362.33,2.964,36.45,10.175,125.47,58.9,60.4,58.5,59.7,60.4,72.0,18.6,47.1,4323.0,4324,102
b1e8ad72-c3c79240,FixedSkip-3,0.5771645023923198,0.3982752039137332,0.9613966463033741,0.32826097685360356,979,683,583,100,396,68,135,66.5,0,135,0.0,66.5,0,0.0,0,0.0,68,33.5,8.69,37.899,40.495,43.302,348.73,28.036,241.57,2.549,21.89,9.91,85.27,58.9,60.4,58.4,59.2,60.4,75.6,14.6,43.1,4321.0,4323,70
b1e8ad72-c3c79240,FixedSkip-5,0.45902844636096096,0.2812377137957752,0.8705287540396079,0.2894247403567401,979,692,505,187,474,41,162,79.8,0,162,0.0,79.8,0,0.0,0,0.0,41,20.2,5.71,23.27,37.215,41.894,211.55,25.238,143.73,2.563,14.48,9.414,53.34,57.9,59.7,58.1,58.6,59.7,75.1,15.0,36.4,4323.0,4324,46
b1e9ee0e-67e26f2e,FixedSkip-2,0.5631965272592503,0.3543903429687558,0.8757628758528992,0.34215918137829693,4556,3755,2895,860,1661,102,101,49.75,0,101,0.0,49.75,0,0.0,0,0.0,102,50.25,13.52,60.778,40.547,43.201,542.21,27.743,371.03,3.011,40.19,9.793,131.0,58.5,60.4,58.7,59.4,60.4,80.4,18.6,44.1,4317.0,4320,109
b1e9ee0e-67e26f2e,FixedSkip-3,0.5251267544863417,0.32450499444668784,0.8461725200900382,0.3263756081562941,4556,3697,2799,898,1757,68,135,66.5,0,135,0.0,66.5,0,0.0,0,0.0,68,33.5,10.89,47.854,34.606,38.107,375.71,22.665,246.67,2.9,31.19,9.042,97.86,57.5,59.2,58.0,58.8,59.2,72.6,17.1,35.2,4313.0,4318,85
b1e9ee0e-67e26f2e,FixedSkip-5,0.4897792720189834,0.28785535127871037,0.823648445186108,0.32178795355546835,4556,3732,2673,1059,1883,41,162,79.8,0,162,0.0,79.8,0,0.0,0,0.0,41,20.2,7.27,29.86,31.043,34.121,224.32,19.514,141.34,2.887,20.69,8.642,62.3,56.3,58.2,57.2,57.9,58.2,63.4,16.1,30.1,4326.0,4331,60
b1ea0ae4-4f770228,FixedSkip-2,0.7500472868545242,0.5431510332779633,0.9621296288336301,0.4203142856391092,1598,1427,1238,189,360,100,100,50.0,0,100,0.0,50.0,0,0.0,0,0.0,100,50.0,12.7,57.511,41.4,44.3,523.37,28.427,359.61,2.993,37.73,9.98,126.03,58.3,59.7,57.9,59.0,59.7,75.2,18.4,45.0,4330.0,4332,103
b1ea0ae4-4f770228,FixedSkip-3,0.6238939165338763,0.41732992566073646,0.8948428624305653,0.38758425726049117,1598,1457,1092,365,506,67,133,66.5,0,133,0.0,66.5,0,0.0,0,0.0,67,33.5,8.95,39.716,39.467,44.199,348.55,26.933,238.04,2.816,24.78,9.718,85.74,58.1,59.7,57.9,58.9,59.7,81.8,17.5,41.3,4328.0,4329,71
b1ea0ae4-4f770228,FixedSkip-5,0.43596840721931696,0.26472689808767585,0.795950127736163,0.31672164621084653,1598,1411,817,594,781,40,160,80.0,0,160,0.0,80.0,0,0.0,0,0.0,40,20.0,5.92,24.354,36.108,40.91,212.55,24.039,141.7,2.813,16.44,9.256,54.41,57.4,59.2,57.6,58.4,59.2,75.1,16.8,34.6,4327.0,4329,48
b1eb9133-5cc75c18,FixedSkip-2,0.21110678317829779,0.11782089090847599,0.7828040842048879,0.1522252925761697,567,247,143,104,424,61,60,49.59,0,60,0.0,49.59,0,0.0,0,0.0,61,50.41,7.58,56.882,40.627,44.697,303.47,28.348,211.98,2.281,16.91,9.999,74.58,58.1,59.5,57.8,58.9,59.5,75.7,13.2,43.1,4326.0,4328,62
b1eb9133-5cc75c18,FixedSkip-3,0.1456335350907219,0.0812602384535962,0.6691688373601246,0.12429258480128628,567,249,106,143,461,41,80,66.12,0,80,0.0,66.12,0,0.0,0,0.0,41,33.88,5.37,38.792,38.417,43.415,203.66,26.55,140.98,2.177,11.38,9.69,51.29,57.8,59.6,57.7,58.5,59.6,75.0,12.4,38.5,4327.0,4330,43
b1eb9133-5cc75c18,FixedSkip-5,0.10850644975708026,0.06266421384617867,0.6023168236212856,0.10064215619771172,567,234,81,153,486,25,96,79.34,0,96,0.0,79.34,0,0.0,0,0.0,25,20.66,3.51,24.054,35.755,41.01,122.93,24.06,82.89,2.403,8.16,9.292,31.89,57.4,59.1,57.4,58.1,59.1,77.0,12.6,31.4,4329.0,4331,29
b1ebfc3c-740ec84a,FixedSkip-2,0.5342436190820689,0.3471520362849074,0.9836743595873219,0.2830212334613743,2272,1320,1232,88,1040,102,101,49.75,0,101,0.0,49.75,0,0.0,0,0.0,102,50.25,12.85,57.571,41.666,44.2,528.46,28.748,364.71,2.89,36.6,10.028,127.14,58.3,60.3,58.2,59.2,60.3,77.3,18.7,46.2,4328.0,4333,106
b1ebfc3c-740ec84a,FixedSkip-3,0.48669117409140167,0.2883294944049849,0.9607780843351266,0.27875130412102245,2272,1350,1140,210,1132,68,135,66.5,0,135,0.0,66.5,0,0.0,0,0.0,68,33.5,9.02,39.164,39.883,42.804,354.7,27.23,242.3,2.912,25.8,9.741,86.6,58.2,59.9,58.1,58.8,59.9,81.4,18.4,41.7,4335.0,4337,74
b1ebfc3c-740ec84a,FixedSkip-5,0.3625019202127807,0.19864653527624085,0.8658197206470555,0.23913377653983608,2272,1340,919,421,1353,41,162,79.8,0,162,0.0,79.8,0,0.0,0,0.0,41,20.2,5.91,24.026,37.047,40.909,212.99,24.807,142.69,2.87,16.43,9.369,53.87,57.8,59.5,57.8,58.7,59.5,78.0,17.5,35.4,4336.0,4338,48
b1ebfc3c-cc9c2bb8,FixedSkip-2,0.48673690014598514,0.31862522758168355,0.9302090389020569,0.28796118750147953,1849,1188,955,233,894,101,101,50.0,0,101,0.0,50.0,0,0.0,0,0.0,101,50.0,12.58,57.018,41.921,44.698,525.55,28.863,362.13,2.993,37.39,10.064,126.02,58.7,60.3,58.3,59.5,60.3,71.7,18.7,46.0,4334.0,4336,103
b1ebfc3c-cc9c2bb8,FixedSkip-3,0.42384563422568433,0.25644682297681837,0.8729207140321076,0.2762302860322837,1849,1243,871,372,978,68,134,66.34,0,134,0.0,66.34,0,0.0,0,0.0,68,33.66,9.1,39.708,39.31,43.801,355.07,26.843,242.55,2.761,24.85,9.706,87.67,58.2,60.0,58.3,59.2,60.1,78.5,17.3,41.3,4332.0,4335,75
b1ebfc3c-cc9c2bb8,FixedSkip-5,0.2739400759559927,0.155623028844587,0.7561491077971568,0.21023135210105096,1849,1148,620,528,1229,41,161,79.7,0,161,0.0,79.7,0,0.0,0,0.0,41,20.3,5.98,24.471,35.892,41.805,215.31,23.96,143.96,2.666,15.86,9.266,55.49,57.6,59.2,57.7,58.6,59.2,77.8,15.6,34.7,4328.0,4330,49
b1ee702d-0ae1fc10,FixedSkip-2,0.40841872523618106,0.25515021048306674,0.9225046547726895,0.2412798795407491,1400,759,613,146,787,102,101,49.75,0,101,0.0,49.75,0,0.0,0,0.0,102,50.25,12.73,56.733,41.875,44.697,530.96,29.042,368.41,2.765,34.97,10.067,127.58,58.6,60.4,58.3,59.0,60.4,75.6,18.8,46.4,4333.0,4334,105
b1ee702d-0ae1fc10,FixedSkip-3,0.3417958241078699,0.2008401496960861,0.8562801517133255,0.22243599257884972,1400,770,546,224,854,68,135,66.5,0,135,0.0,66.5,0,0.0,0,0.0,68,33.5,8.87,38.213,40.008,42.904,348.2,27.49,239.37,2.716,23.59,9.802,85.24,58.4,60.2,58.4,59.4,60.2,73.9,17.1,42.6,4332.0,4334,72
b1ee702d-0ae1fc10,FixedSkip-5,0.24102345283703092,0.12674668281196172,0.7542058020289296,0.18479379528144155,1400,769,413,356,987,41,162,79.8,0,162,0.0,79.8,0,0.0,0,0.0,41,20.2,5.71,23.199,38.088,41.407,212.54,25.844,144.21,2.743,15.28,9.501,53.05,58.1,59.6,58.1,59.0,59.6,78.7,16.1,37.2,4332.0,4334,45
b1ee702d-4a193906,FixedSkip-2,0.1931388164336244,0.12221188145468682,0.9151262081590638,0.11720212814540806,1622,432,337,95,1285,102,101,49.75,0,101,0.0,49.75,0,0.0,0,0.0,102,50.25,12.29,55.788,42.239,44.799,515.68,29.752,363.54,2.28,27.66,10.208,124.48,59.1,60.5,58.5,59.5,60.5,70.7,13.7,47.4,4334.0,4336,101
b1ee702d-4a193906,FixedSkip-3,0.1674520800458136,0.09270683131992594,0.8995998296641331,0.10416744510455979,1622,396,295,101,1327,68,135,66.5,0,135,0.0,66.5,0,0.0,0,0.0,68,33.5,8.61,37.58,40.05,43.501,341.35,28.053,239.34,2.06,17.43,9.937,84.57,59.0,60.6,58.4,59.1,60.6,70.8,11.3,43.1,4335.0,4336,69
b1ee702d-4a193906,FixedSkip-5,0.14355154279500357,0.07435842861344052,0.7921068501167086,0.10147558976165635,1622,455,281,174,1341,41,162,79.8,0,162,0.0,79.8,0,0.0,0,0.0,41,20.2,5.6,23.025,37.368,41.894,206.22,25.609,141.64,2.239,12.22,9.521,52.36,58.5,59.9,58.1,58.8,59.9,72.8,12.1,36.5,4335.0,4336,45
b1f022d3-45162c67,FixedSkip-2,0.5831466877112607,0.4228705968206926,0.969008549855013,0.319913168908276,1373,922,823,99,550,101,101,50.0,0,101,0.0,50.0,0,0.0,0,0.0,101,50.0,12.72,56.466,41.607,44.298,525.33,28.7,362.55,2.878,36.23,10.028,126.55,59.0,60.6,58.9,59.8,60.6,71.4,19.1,45.7,4334.0,4335,106
b1f022d3-45162c67,FixedSkip-3,0.5490501355031181,0.37205262552468354,0.9483418497288119,0.31223182442883946,1373,929,789,140,584,68,134,66.34,0,134,0.0,66.34,0,0.0,0,0.0,68,33.66,9.0,38.572,39.869,42.804,354.75,27.287,243.07,2.848,25.2,9.734,86.48,58.6,60.5,58.7,59.5,60.5,79.6,18.6,41.7,4336.0,4337,73
b1f022d3-45162c67,FixedSkip-5,0.4265093594413334,0.27765768620031295,0.8902804193694326,0.26551930418089675,1373,862,645,217,728,41,161,79.7,0,161,0.0,79.7,0,0.0,0,0.0,41,20.3,5.91,23.723,36.82,41.307,214.68,24.568,143.39,2.912,16.89,9.34,54.4,58.2,59.8,58.3,59.2,59.9,78.9,17.7,35.2,4336.0,4337,48
b1f0efd9-37a14dda,FixedSkip-2,0.6353764120164052,0.4471041333082499,0.9391932065862408,0.37024011126978146,1667,1356,1116,240,551,102,101,49.75,0,101,0.0,49.75,0,0.0,0,0.0,102,50.25,12.76,57.262,41.947,44.697,528.34,29.019,365.46,2.871,36.12,10.056,126.75,59.0,60.7,58.7,59.8,60.7,82.3,18.6,46.5,4338.0,4339,106
b1f0efd9-37a14dda,FixedSkip-3,0.5317800595624114,0.3537006785784317,0.8897076609383028,0.3350544338084979,1667,1329,972,357,695,68,135,66.5,0,135,0.0,66.5,0,0.0,0,0.0,68,33.5,9.09,39.151,39.656,42.804,358.61,27.114,245.48,2.803,25.2,9.738,87.93,58.9,60.4,58.7,59.4,60.4,75.8,17.3,41.5,4341.0,4343,77
b1f0efd9-37a14dda,FixedSkip-5,0.41776626233438374,0.2602791260404553,0.7867935219693678,0.29647471520924246,1667,1379,845,534,822,41,162,79.8,0,162,0.0,79.8,0,0.0,0,0.0,41,20.2,5.97,24.095,36.7,40.808,214.75,24.596,144.2,2.788,16.17,9.316,54.37,58.2,59.8,58.2,58.8,59.8,83.9,16.6,35.0,4341.0,4342,46
b1f0efd9-e900c6e5,FixedSkip-2,0.5579864264143958,0.3636531565262005,0.9153579865596968,0.3455361246236103,2006,1588,1195,393,811,101,101,50.0,0,101,0.0,50.0,0,0.0,0,0.0,101,50.0,12.86,57.572,41.311,44.598,527.52,28.413,363.04,2.925,37.23,9.973,127.25,59.0,60.7,58.7,59.6,60.7,69.7,18.7,45.1,4343.0,4344,108
b1f0efd9-e900c6e5,FixedSkip-3,0.41550732478588204,0.2525821500274875,0.8191609425501569,0.2979082152790689,2006,1598,955,643,1051,68,134,66.34,0,134,0.0,66.34,0,0.0,0,0.0,68,33.66,9.14,39.823,39.781,42.804,360.35,27.101,245.58,2.95,26.66,9.731,88.12,58.9,60.4,58.7,59.7,60.4,78.1,17.5,41.3,4343.0,4345,79
b1f0efd9-e900c6e5,FixedSkip-5,0.2613507909688378,0.15450923272730147,0.6685056780037107,0.22575652181494243,2006,1601,671,930,1335,41,161,79.7,0,161,0.0,79.7,0,0.0,0,0.0,41,20.3,6.04,24.542,36.292,40.31,219.22,24.202,146.48,2.855,17.1,9.235,55.64,57.9,59.7,58.4,59.1,59.5,83.9,16.9,34.7,4346.0,4347,47
b1f20aa0-3401c3bf,FixedSkip-2,0.345580914883427,0.2307629943855797,0.9792243761306935,0.18467095003430853,2050,782,722,60,1328,101,101,50.0,0,101,0.0,50.0,0,0.0,0,0.0,101,50.0,12.19,55.864,42.713,45.21,517.6,29.624,359.26,2.859,34.49,10.231,123.85,59.3,60.6,58.9,59.9,60.6,78.4,17.2,47.4,4345.0,4347,102
b1f20aa0-3401c3bf,FixedSkip-3,0.30892941671110513,0.1999597385854378,0.9355705553489911,0.17707863123407355,2050,804,671,133,1379,68,134,66.34,0,134,0.0,66.34,0,0.0,0,0.0,68,33.66,8.65,38.343,40.601,44.199,345.8,28.064,239.16,2.6,22.04,9.937,84.6,59.0,60.4,58.8,59.6,60.4,81.3,15.8,43.4,4336.0,4338,70
b1f20aa0-3401c3bf,FixedSkip-5,0.22770075270387993,0.13135755565778007,0.8095735543478079,0.15020452541874815,2050,830,560,270,1490,41,161,79.7,0,161,0.0,79.7,0,0.0,0,0.0,41,20.3,5.6,23.399,38.177,41.906,208.64,25.878,141.52,2.752,14.99,9.547,52.13,58.4,60.1,58.5,59.4,60.1,80.4,16.0,37.0,4333.0,4334,45
b1f20aa0-50213047,FixedSkip-2,0.14728410918999327,0.08551596487962722,0.9384443226199243,0.08007880586924142,1046,181,164,17,882,102,101,49.75,0,101,0.0,49.75,0,0.0,0,0.0,102,50.25,12.49,55.723,41.844,45.197,521.47,29.414,366.84,2.254,27.92,10.175,126.71,59.3,60.8,58.8,60.0,60.8,84.5,13.0,46.8,4336.0,4337,103
b1f20aa0-50213047,FixedSkip-3,0.12134922423144631,0.0714252372280683,0.8757777628183082,0.06981668125006751,1046,177,144,33,902,68,135,66.5,0,135,0.0,66.5,0,0.0,0,0.0,68,33.5,8.64,37.16,39.806,42.506,339.37,27.94,238.32,1.98,16.83,9.886,84.22,58.9,60.1,58.8,59.6,60.1,81.1,9.5,43.3,4338.0,4339,69
b1f20aa0-50213047,FixedSkip-5,0.11569427608053787,0.06827674696971504,0.8443236236953168,0.06743879885904147,1046,183,142,41,904,41,162,79.8,0,162,0.0,79.8,0,0.0,0,0.0,41,20.2,5.66,22.67,37.272,41.509,207.82,25.56,142.8,2.213,12.23,9.498,52.8,58.6,60.0,58.4,59.3,60.0,75.0,10.6,36.3,4334.0,4335,45
b1f20aa0-6ef1db42,FixedSkip-2,0.3050317875380469,0.17181484551280343,0.9045837092258853,0.18434285301359046,2129,910,707,203,1422,101,101,50.0,0,101,0.0,50.0,0,0.0,0,0.0,101,50.0,12.41,56.601,41.84,44.812,518.62,29.102,360.86,2.613,32.29,10.125,125.47,59.1,60.7,58.9,59.8,60.8,72.7,17.1,46.9,4338.0,4340,102
b1f20aa0-6ef1db42,FixedSkip-3,0.24362555889434362,0.12216719538958196,0.8474621824767034,0.1640266179818027,2129,884,590,294,1539,68,134,66.34,0,134,0.0,66.34,0,0.0,0,0.0,68,33.66,8.74,38.678,40.252,43.416,347.0,27.774,239.5,2.564,22.04,9.914,85.46,59.0,60.5,58.9,60.0,60.5,76.7,16.1,43.2,4340.0,4341,71
b1f20aa0-6ef1db42,FixedSkip-5,0.18334515357942854,0.08307018010289592,0.7607149402782312,0.13374244502738247,2129,831,487,344,1642,41,161,79.7,0,161,0.0,79.7,0,0.0,0,0.0,41,20.3,5.64,23.657,37.521,42.405,209.94,25.376,142.36,2.611,14.44,9.534,53.14,58.7,60.1,58.5,59.4,60.1,83.8,15.2,36.1,4341.0,4342,45
b1f25ff6-1ddb7e43,FixedSkip-2,0.6148091879668341,0.42459418242546854,0.9348511865538371,0.36844125498231833,1294,1059,837,222,457,102,101,49.75,0,101,0.0,49.75,0,0.0,0,0.0,102,50.25,12.59,56.631,42.201,44.711,529.9,29.033,364.78,3.076,38.52,10.092,126.6,59.1,60.9,59.2,60.0,60.9,60.3,18.6,46.6,4343.0,4347,104
b1f25ff6-1ddb7e43,FixedSkip-3,0.49027171333967423,0.31283011594913757,0.8572114450064015,0.3333619554639647,1294,1080,708,372,586,68,135,66.5,0,135,0.0,66.5,0,0.0,0,0.0,68,33.5,8.94,38.714,39.951,43.315,352.25,27.298,240.73,2.865,25.17,9.788,86.34,58.8,60.5,59.0,59.9,60.5,75.0,17.8,42.2,4347.0,4348,73
b1f25ff6-1ddb7e43,FixedSkip-5,0.37467202097038754,0.2192006391940966,0.7783066053350454,0.2839059436748933,1294,1058,569,489,725,41,162,79.8,0,162,0.0,79.8,0,0.0,0,0.0,41,20.2,5.91,23.828,37.055,40.909,213.34,24.877,143.22,2.815,16.16,9.363,53.96,58.0,60.0,58.5,59.0,60.0,86.8,17.6,36.0,4348.0,4349,44
b1f4491b-07b32e8c,FixedSkip-2,0.5247378085790856,0.3280727208882178,0.9238088121457396,0.31793221435466673,1818,1306,1014,292,804,102,101,49.75,0,101,0.0,49.75,0,0.0,0,0.0,102,50.25,12.74,57.398,41.764,44.213,527.26,28.737,362.91,2.973,37.46,10.054,126.9,59.0,60.8,59.1,60.0,60.8,65.8,18.5,46.3,4347.0,4349,106
b1f4491b-07b32e8c,FixedSkip-3,0.4298602853479794,0.2513297595729251,0.8464139870769192,0.2904400766971199,1818,1346,886,460,932,68,135,66.5,0,135,0.0,66.5,0,0.0,0,0.0,68,33.5,9.05,39.193,39.577,42.716,355.48,27.023,243.08,2.862,25.54,9.692,86.86,58.5,60.4,58.8,59.6,60.4,79.0,17.5,41.5,4349.0,4351,71
b1f4491b-07b32e8c,FixedSkip-5,0.26948009650713556,0.15211194944466896,0.6983752836441601,0.21815799651339468,1818,1317,628,689,1190,41,162,79.8,0,162,0.0,79.8,0,0.0,0,0.0,41,20.2,6.0,24.173,36.462,41.01,215.06,24.355,143.96,2.838,16.61,9.269,54.49,58.2,59.7,58.4,59.5,59.7,77.0,17.3,34.9,4348.0,4349,48
b1f4491b-09593e90,FixedSkip-2,0.5715269758827299,0.41482819513638924,0.9856362968678046,0.30410818677388324,1142,710,661,49,481,101,101,50.0,0,101,0.0,50.0,0,0.0,0,0.0,101,50.0,12.21,55.639,42.885,45.21,520.62,29.563,359.11,3.097,37.5,10.225,124.01,59.4,60.4,58.9,59.8,60.4,72.5,18.5,47.1,4347.0,4349,102
b1f4491b-09593e90,FixedSkip-3,0.5176970501881702,0.3429950219398904,0.957377656250641,0.2961908931698774,1142,724,612,112,530,68,134,66.34,0,134,0.0,66.34,0,0.0,0,0.0,68,33.66,8.69,38.22,40.741,44.2,349.19,27.914,239.41,2.932,25.05,9.894,84.73,58.9,60.4,58.7,59.8,60.4,80.2,18.3,43.1,4342.0,4345,72
b1f4491b-09593e90,FixedSkip-5,0.4411760167110723,0.26577264811340384,0.9066204079935931,0.2740926218079538,1142,726,543,183,599,41,161,79.7,0,161,0.0,79.7,0,0.0,0,0.0,41,20.3,5.67,23.333,37.822,41.906,212.94,25.526,144.1,2.831,15.78,9.464,53.07,58.4,60.0,58.6,59.5,60.0,78.7,17.5,36.5,4342.0,4345,46
b1f4491b-16256d7c,FixedSkip-2,0.5231175142913393,0.320377869529589,0.8978265084643918,0.32637009040298276,2797,2142,1594,548,1203,101,101,50.0,0,101,0.0,50.0,0,0.0,0,0.0,101,50.0,13.02,58.795,40.959,44.199,529.38,28.146,363.95,2.926,37.74,9.887,127.68,58.8,60.7,59.1,60.1,60.9,72.2,18.2,45.0,4348.0,4350,107
b1f4491b-16256d7c,FixedSkip-3,0.4281979781317791,0.2383539148611941,0.828081320218181,0.29806973706189754,2797,2181,1380,801,1417,68,134,66.34,0,134,0.0,66.34,0,0.0,0,0.0,68,33.66,9.51,41.596,38.572,42.406,363.73,26.129,246.76,2.929,27.47,9.514,89.51,58.6,60.6,58.6,59.5,60.6,79.2,17.3,39.5,4359.0,4361,76
b1f4491b-16256d7c,FixedSkip-5,0.2734302609317002,0.1492044221361643,0.6813408931908647,0.22981437418580664,2797,2175,1005,1170,1792,41,161,79.7,0,161,0.0,79.7,0,0.0,0,0.0,41,20.3,6.26,25.534,35.214,40.409,216.42,23.223,142.93,2.873,17.53,9.118,55.96,57.9,59.6,58.3,59.2,59.6,69.9,16.5,33.4,4359.0,4362,51
b1f4491b-33824f31,FixedSkip-2,0.5620435293721958,0.3436913697476831,0.9047685338586153,0.346648966391329,2610,2104,1588,516,1022,101,101,50.0,0,101,0.0,50.0,0,0.0,0,0.0,101,50.0,13.16,58.773,40.742,43.802,531.21,27.931,364.36,2.978,38.74,9.833,128.11,58.7,60.4,58.7,59.8,60.4,71.4,18.7,44.1,4356.0,4361,107
b1f4491b-33824f31,FixedSkip-3,0.4358389441333663,0.2590867751599138,0.8115430837228698,0.3059057724669725,2610,2147,1336,811,1274,68,134,66.34,0,134,0.0,66.34,0,0.0,0,0.0,68,33.66,9.71,41.916,37.9,41.818,362.43,25.551,244.42,2.904,27.68,9.445,90.33,58.5,59.9,58.5,59.2,59.9,69.1,17.3,38.7,4358.0,4361,79
b1f4491b-33824f31,FixedSkip-5,0.2797119873084107,0.15481524743261632,0.6889190216382043,0.23012962009874002,2610,2010,955,1055,1655,41,161,79.7,0,161,0.0,79.7,0,0.0,0,0.0,41,20.3,6.46,25.654,34.171,40.113,218.19,22.421,143.21,2.733,17.42,9.017,57.56,57.6,59.4,57.9,58.6,59.4,69.6,15.8,32.7,4364.0,4365,51
b1f4491b-846d8cb2,FixedSkip-2,0.5761969898956396,0.43503329742326596,0.975653350916349,0.3229408979558227,1567,1054,919,135,648,101,101,50.0,0,101,0.0,50.0,0,0.0,0,0.0,101,50.0,12.61,56.403,42.096,44.299,529.27,29.03,365.26,2.988,37.44,10.077,126.57,59.0,60.4,58.6,59.6,60.4,77.5,19.1,45.9,4363.0,4364,104
b1f4491b-846d8cb2,FixedSkip-3,0.5257393822604552,0.37890328052772204,0.9363657272049953,0.3112934562930004,1567,1078,868,210,699,68,134,66.34,0,134,0.0,66.34,0,0.0,0,0.0,68,33.66,8.96,38.957,39.884,43.302,354.86,27.22,242.38,2.887,25.57,9.778,86.91,58.5,60.2,58.6,59.5,60.2,71.1,17.9,42.1,4360.0,4361,73
b1f4491b-846d8cb2,FixedSkip-5,0.42931710404128,0.27811380087011617,0.8873424252545018,0.2820309207595333,1567,1060,729,331,838,41,161,79.7,0,161,0.0,79.7,0,0.0,0,0.0,41,20.3,5.91,23.889,36.832,41.308,217.26,24.666,146.02,2.813,16.37,9.353,54.87,58.4,60.1,58.1,58.8,60.1,83.6,17.9,35.0,4358.0,4359,47
b1f4491b-97465266,FixedSkip-2,0.5201943767970235,0.3355176874716635,0.9660548211564894,0.28818558963069524,1845,1119,989,130,856,102,101,49.75,0,101,0.0,49.75,0,0.0,0,0.0,102,50.25,12.71,56.62,41.846,44.698,528.72,28.815,364.32,3.003,37.85,10.027,126.54,58.8,60.3,58.9,59.9,60.3,59.2,19.2,46.0,4358.0,4363,104
b1f4491b-97465266,FixedSkip-3,0.48158404325312737,0.29397002059336624,0.9451251552507524,0.2736449864498645,1845,1096,934,162,911,68,135,66.5,0,135,0.0,66.5,0,0.0,0,0.0,68,33.5,9.04,38.673,39.603,43.314,353.4,26.892,240.26,3.01,26.77,9.702,86.37,58.7,60.4,58.8,59.5,60.2,53.4,18.5,41.2,4358.0,4360,72
b1f4491b-97465266,FixedSkip-5,0.40712163622875097,0.234117080024728,0.8858062975618958,0.25064241826991274,1845,1089,837,252,1008,41,162,79.8,0,162,0.0,79.8,0,0.0,0,0.0,41,20.2,5.97,23.851,36.339,41.408,216.27,24.177,144.22,2.87,16.93,9.293,55.12,58.2,59.9,58.2,59.0,59.9,72.5,17.5,34.8,4363.0,4366,49
b1f4491b-9958bd99,FixedSkip-2,0.5633479823307147,0.3308697341980612,0.9117426012318186,0.3401126751173005,2775,2162,1689,473,1086,101,101,50.0,0,101,0.0,50.0,0,0.0,0,0.0,101,50.0,13.01,58.565,41.049,43.701,531.71,28.258,366.29,2.897,37.36,9.895,128.07,58.8,60.6,58.8,59.8,60.6,79.1,18.4,45.0,4367.0,4370,107
b1f4491b-9958bd99,FixedSkip-3,0.45471370019884616,0.24231755448364628,0.8441072981608794,0.3028235014675693,2775,2124,1452,672,1323,68,134,66.34,0,134,0.0,66.34,0,0.0,0,0.0,68,33.66,9.57,41.41,38.341,41.907,363.46,26.001,246.93,2.85,26.81,9.49,89.72,58.4,60.1,58.6,59.4,60.0,78.8,17.4,39.6,4362.0,4365,77
b1f4491b-9958bd99,FixedSkip-5,0.28696020712158554,0.1517612623276999,0.7055604045606744,0.23249658487662325,2775,2084,1029,1055,1746,41,161,79.7,0,161,0.0,79.7,0,0.0,0,0.0,41,20.3,6.35,25.522,35.162,40.409,220.92,23.273,146.43,2.796,17.44,9.093,57.04,57.8,59.5,58.1,59.0,59.4,71.3,16.3,34.0,4363.0,4364,50
b1f4491b-bf7d513f,FixedSkip-2,0.5409645582715485,0.3723874009881929,0.939740102694349,0.3226263983534355,1359,966,770,196,589,102,101,49.75,0,101,0.0,49.75,0,0.0,0,0.0,102,50.25,12.71,56.747,41.923,45.197,528.65,28.963,365.47,2.888,36.27,10.072,126.91,58.8,60.6,58.7,59.7,60.6,83.0,19.2,46.1,4365.0,4366,104
b1f4491b-bf7d513f,FixedSkip-3,0.47445267559459925,0.29858463952285286,0.901289489247645,0.30584803680234623,1359,973,692,281,667,68,135,66.5,0,135,0.0,66.5,0,0.0,0,0.0,68,33.5,8.94,38.586,40.069,43.802,352.52,27.445,241.56,2.832,24.85,9.792,86.11,58.6,60.1,58.7,59.8,60.1,86.5,18.6,42.2,4361.0,4363,73
b1f4491b-bf7d513f,FixedSkip-5,0.33265183949319327,0.19920267992547608,0.7957232845635968,0.24931327247103427,1359,944,522,422,837,41,162,79.8,0,162,0.0,79.8,0,0.0,0,0.0,41,20.2,5.82,23.82,37.113,42.305,212.12,24.879,142.46,2.832,16.05,9.403,53.61,58.1,60.0,58.3,59.1,60.0,85.3,17.5,35.9,4361.0,4362,46
b1f4491b-cf446195,FixedSkip-2,0.4055357884349328,0.2673045459007375,0.8829949450457281,0.26282659979567197,2910,1850,1291,559,1619,101,101,50.0,0,101,0.0,50.0,0,0.0,0,0.0,101,50.0,12.72,57.877,41.911,44.698,524.51,28.885,361.44,2.98,37.28,10.046,125.79,59.0,60.7,58.9,59.7,60.7,71.0,18.7,46.2,4363.0,4364,104
b1f4491b-cf446195,FixedSkip-3,0.3563112298440744,0.22409809721876323,0.8281476079577061,0.24995013953755316,2910,1916,1185,731,1725,68,134,66.34,0,134,0.0,66.34,0,0.0,0,0.0,68,33.66,9.27,40.628,38.891,42.317,357.09,26.438,243.13,2.87,26.17,9.582,87.79,58.3,60.5,58.6,59.4,60.5,78.6,18.3,40.5,4364.0,4366,73
b1f4491b-cf446195,FixedSkip-5,0.23623973632748166,0.14087003353466007,0.7122460981261838,0.19392879243572453,2910,1827,853,974,2057,41,161,79.7,0,161,0.0,79.7,0,0.0,0,0.0,41,20.3,6.07,24.94,36.093,40.422,218.15,23.965,145.13,2.916,17.47,9.212,55.55,57.9,59.7,58.1,58.8,59.7,72.8,17.4,34.6,4364.0,4365,50
b1f4491b-d8d1459c,FixedSkip-2,0.6007377036673263,0.4136401333580156,0.9503035746830593,0.3452423374269613,1508,1124,945,179,563,102,101,49.75,0,101,0.0,49.75,0,0.0,0,0.0,102,50.25,12.67,56.745,41.871,44.711,525.45,28.885,362.7,2.937,36.75,10.049,125.99,58.8,60.4,58.8,59.5,60.4,60.1,18.7,46.3,4365.0,4367,105
b1f4491b-d8d1459c,FixedSkip-3,0.5223189950283849,0.3466925306522183,0.9166249712395496,0.31883373753835514,1508,1097,843,254,665,68,135,66.5,0,135,0.0,66.5,0,0.0,0,0.0,68,33.5,8.99,38.59,39.967,42.816,354.81,27.322,242.9,2.887,25.47,9.759,86.44,58.7,60.3,58.6,59.4,60.3,81.9,18.5,41.6,4365.0,4367,73
b1f4491b-d8d1459c,FixedSkip-5,0.4020223409452479,0.23997493697386102,0.8117360503673925,0.28187583251957066,1508,1149,709,440,799,41,162,79.8,0,162,0.0,79.8,0,0.0,0,0.0,41,20.2,5.94,23.918,36.741,41.308,218.33,24.584,146.39,2.847,16.77,9.31,55.17,58.3,60.1,58.3,59.2,60.1,77.2,17.4,35.3,4364.0,4365,47
b1f4491b-dd8dfed5,FixedSkip-2,0.4810342843119604,0.3322846348436398,0.9461813359543413,0.28415665384353006,2330,1447,1167,280,1163,102,101,49.75,0,101,0.0,49.75,0,0.0,0,0.0,102,50.25,12.59,57.006,42.177,45.197,530.03,29.077,365.59,3.001,37.64,10.099,126.81,59.1,60.4,59.0,59.9,60.4,73.2,18.5,46.6,4365.0,4366,105
b1f4491b-dd8dfed5,FixedSkip-3,0.4061882195606261,0.2561564401694628,0.9009487849822417,0.2579646220156117,2330,1407,1021,386,1309,68,135,66.5,0,135,0.0,66.5,0,0.0,0,0.0,68,33.5,8.94,39.074,39.996,43.303,352.81,27.314,241.11,2.932,25.77,9.749,85.92,58.6,60.6,58.8,59.7,60.6,74.7,18.1,42.2,4366.0,4367,72
b1f4491b-dd8dfed5,FixedSkip-5,0.25886725223039586,0.15474771271324236,0.7486848401884454,0.20236808174482585,2330,1418,735,683,1595,41,162,79.8,0,162,0.0,79.8,0,0.0,0,0.0,41,20.2,5.97,24.23,36.505,40.909,215.43,24.334,143.95,2.87,16.77,9.3,54.71,58.3,60.2,58.3,59.2,60.2,80.5,17.6,34.9,4370.0,4372,48
b1f6c103-5ce1f3c6,FixedSkip-2,0.37895842975577526,0.23787284316344656,0.9594373562847505,0.21779957590047008,762,354,298,56,464,90,89,49.72,0,89,0.0,49.72,0,0.0,0,0.0,90,50.28,10.87,55.906,42.034,45.197,455.45,29.538,320.47,2.28,24.51,10.216,110.47,59.4,60.8,58.6,59.8,60.8,84.8,13.4,46.5,4370.0,4372,87
b1f6c103-5ce1f3c6,FixedSkip-3,0.3025542866808208,0.18617397032607536,0.9126974793110543,0.18842924090682017,762,331,246,85,516,60,119,66.48,0,119,0.0,66.48,0,0.0,0,0.0,60,33.52,7.49,37.51,40.559,43.801,300.7,28.37,210.56,2.19,16.08,9.999,74.06,59.3,60.3,58.6,59.8,60.3,74.7,11.6,43.0,4369.0,4369,60
b1f6c103-5ce1f3c6,FixedSkip-5,0.2152243379356159,0.10773971121844353,0.7792685418150942,0.15685132553697062,762,338,199,139,563,36,143,79.89,0,143,0.0,79.89,0,0.0,0,0.0,36,20.11,4.83,22.741,37.675,42.304,181.47,25.885,124.92,2.22,10.58,9.57,45.97,58.6,60.1,58.2,59.0,60.2,74.7,11.6,36.5,4367.0,4368,40
b1f6c103-8b75ea3e,FixedSkip-2,0.37382947658098326,0.2371922131349659,0.9602033379925102,0.20679643323183994,2420,1064,938,126,1482,101,101,50.0,0,101,0.0,50.0,0,0.0,0,0.0,101,50.0,12.32,56.519,42.627,45.197,521.6,29.299,358.77,3.11,37.99,10.217,124.83,59.4,60.8,59.1,60.0,60.8,67.2,18.7,46.8,4368.0,4369,104
b1f6c103-8b75ea3e,FixedSkip-3,0.3156028146188864,0.19414946850138584,0.9131310754174188,0.18660932577694772,2420,1031,827,204,1593,68,134,66.34,0,134,0.0,66.34,0,0.0,0,0.0,68,33.66,8.72,38.696,40.521,43.801,348.25,27.772,238.78,2.893,24.8,9.855,84.68,58.9,60.9,59.0,59.9,60.9,85.3,17.8,43.0,4373.0,4375,72
b1f6c103-8b75ea3e,FixedSkip-5,0.24358074957131887,0.14007404110105334,0.8029602066411025,0.16357057112516737,2420,1074,712,362,1708,41,161,79.7,0,161,0.0,79.7,0,0.0,0,0.0,41,20.3,5.67,23.637,37.959,42.304,210.89,25.623,142.57,2.867,15.81,9.469,52.51,58.4,60.1,58.7,59.7,60.1,81.0,17.7,36.7,4376.0,4377,45
b1f6c103-b00e8aad,FixedSkip-2,0.4607785388574316,0.33437193551363814,0.9783892355583708,0.24998502263080485,2271,1176,1066,110,1205,101,101,50.0,0,101,0.0,50.0,0,0.0,0,0.0,101,50.0,12.35,56.409,42.64,45.197,521.32,29.455,360.35,3.003,36.6,10.182,124.36,59.5,60.8,59.3,60.2,60.8,78.8,18.2,47.0,4374.0,4377,102
b1f6c103-b00e8aad,FixedSkip-3,0.40118979510462305,0.2793747330894739,0.9406633196683216,0.23208042275182042,2271,1153,960,193,1311,68,134,66.34,0,134,0.0,66.34,0,0.0,0,0.0,68,33.66,8.86,39.141,40.497,43.8,351.53,27.78,240.88,2.816,24.47,9.9,86.17,59.1,60.8,58.9,59.7,60.8,78.5,17.5,43.1,4375.0,4376,71
b1f6c103-b00e8aad,FixedSkip-5,0.3397895795814432,0.22514353461250086,0.8937238561696282,0.21498434047971696,2271,1155,841,314,1430,41,161,79.7,0,161,0.0,79.7,0,0.0,0,0.0,41,20.3,5.79,23.955,37.36,41.407,211.39,25.151,142.38,2.77,15.57,9.438,53.43,58.4,60.0,58.5,59.5,60.0,84.7,16.2,36.3,4382.0,4383,46
b1f85377-44885085,FixedSkip-2,0.4996044158169728,0.3191162269841774,0.8702437600713159,0.32702083083414213,1434,1151,796,355,638,102,101,49.75,0,101,0.0,49.75,0,0.0,0,0.0,102,50.25,12.46,56.78,42.568,44.711,525.18,29.281,361.37,3.117,38.41,10.17,125.4,59.3,60.2,59.1,60.0,60.2,62.0,18.6,46.9,4382.0,4385,103
b1f85377-44885085,FixedSkip-3,0.4052700474049532,0.2409453790710357,0.8017048854233021,0.2858759355956798,1434,1113,694,419,740,68,135,66.5,0,135,0.0,66.5,0,0.0,0,0.0,68,33.5,8.75,38.538,40.377,44.2,350.72,27.681,240.62,2.866,24.79,9.83,85.32,58.8,60.9,58.9,59.7,60.9,79.8,18.3,43.0,4391.0,4392,72
b1f85377-44885085,FixedSkip-5,0.27306082500201545,0.15497071176137267,0.6611349139961818,0.2319397180945768,1434,1157,538,619,896,41,162,79.8,0,162,0.0,79.8,0,0.0,0,0.0,41,20.2,5.76,23.818,37.524,41.409,210.49,25.234,141.6,2.859,15.95,9.431,52.94,58.3,60.3,58.6,59.1,60.3,88.0,17.5,36.4,4390.0,4391,45
b1fbaab8-68db7df7,FixedSkip-2,0.6628389928448406,0.4913412294703252,0.9926474339379148,0.34805146718504126,1108,780,739,41,369,101,101,50.0,0,101,0.0,50.0,0,0.0,0,0.0,101,50.0,12.3,56.018,42.55,45.094,518.74,29.473,359.55,2.906,35.35,10.171,123.84,59.3,60.8,59.1,60.4,60.8,74.1,19.3,47.0,4388.0,4391,101
b1fbaab8-68db7df7,FixedSkip-3,0.6141855555662888,0.4187280832482626,0.9761173018073218,0.33375969010491424,1108,767,695,72,413,68,134,66.34,0,134,0.0,66.34,0,0.0,0,0.0,68,33.66,8.7,38.318,40.578,43.802,347.61,27.816,238.43,2.872,24.53,9.89,84.66,59.1,60.9,59.3,60.0,60.9,61.9,18.4,42.9,4386.0,4387,71
b1fbaab8-68db7df7,FixedSkip-5,0.5247043782737129,0.3207436290803175,0.9339043943410491,0.3027486383137927,1108,743,617,126,491,41,161,79.7,0,161,0.0,79.7,0,0.0,0,0.0,41,20.3,5.68,23.31,38.009,41.894,212.97,25.673,143.96,2.822,15.68,9.515,53.32,58.8,60.3,58.7,59.4,60.3,83.7,18.2,36.8,4391.0,4392,46
b1fbf878-b31a8293,FixedSkip-2,0.4772317816138257,0.3119799959432966,0.967541123168549,0.26460738079471413,2215,1234,1087,147,1128,101,100,49.75,0,100,0.0,49.75,0,0.0,0,0.0,101,50.25,12.63,57.228,41.7,44.299,520.39,28.994,361.89,2.659,33.09,10.047,125.41,59.1,60.9,59.1,59.8,60.8,81.8,17.7,46.3,4389.0,4391,102
b1fbf878-b31a8293,FixedSkip-3,0.42093563135294454,0.24124294963335774,0.9218043464473271,0.2530794988927284,2215,1266,996,270,1219,67,134,66.67,0,134,0.0,66.67,0,0.0,0,0.0,67,33.33,8.9,39.041,39.657,43.301,347.47,27.192,238.41,2.737,23.89,9.729,85.16,58.7,60.4,58.9,59.7,60.4,82.6,17.4,41.8,4390.0,4392,70
b1fbf878-b31a8293,FixedSkip-5,0.2835657227095588,0.15867756862043272,0.8114375578754541,0.20187758362827335,2215,1215,727,488,1488,41,160,79.6,0,160,0.0,79.6,0,0.0,0,0.0,41,20.4,5.87,24.351,36.708,41.407,210.78,24.536,141.04,2.787,15.9,9.385,53.84,58.4,60.1,58.6,59.4,59.9,79.0,16.6,35.6,4390.0,4391,47
b1fc95c9-644e3c3f,FixedSkip-2,0.6381839688853772,0.4719932610602157,0.8754969791801157,0.40105003884391904,1516,1474,1082,392,434,101,101,50.0,0,101,0.0,50.0,0,0.0,0,0.0,101,50.0,12.88,57.275,41.212,44.199,526.82,28.35,362.61,2.921,37.25,9.94,126.96,59.0,60.7,59.1,60.2,60.7,70.9,18.9,45.1,4389.0,4390,105
b1fc95c9-644e3c3f,FixedSkip-3,0.5557089383281857,0.3930952588412117,0.8183470572185305,0.37943719686736704,1516,1508,998,510,518,68,134,66.34,0,134,0.0,66.34,0,0.0,0,0.0,68,33.66,9.18,39.567,39.523,42.306,358.11,26.958,244.53,2.886,26.01,9.679,87.58,58.7,60.4,58.8,59.7,60.6,83.9,17.9,41.2,4389.0,4390,73
b1fc95c9-644e3c3f,FixedSkip-5,0.40117416709138576,0.2871377254662047,0.7213930736713489,0.31928952784428644,1516,1491,787,704,729,41,161,79.7,0,161,0.0,79.7,0,0.0,0,0.0,41,20.3,6.08,24.264,36.032,39.912,214.28,23.981,142.85,2.848,16.82,9.202,54.61,57.9,59.9,58.5,59.2,59.9,73.7,16.8,34.6,4391.0,4391,46
b1fc95c9-cb2882c7,FixedSkip-2,0.6914076728365253,0.4969113610593978,0.9121500073133034,0.4137612919058955,3158,2978,2365,613,793,101,101,50.0,0,101,0.0,50.0,0,0.0,0,0.0,101,50.0,14.39,64.82,38.477,43.301,562.28,26.011,382.34,2.935,42.02,9.531,137.91,58.7,60.4,58.8,59.6,60.4,68.4,18.1,41.9,4392.0,4394,119
b1fc95c9-cb2882c7,FixedSkip-3,0.5959610202086401,0.4082895047887728,0.8567780880388316,0.3878545391475759,3158,3038,2142,896,1016,68,134,66.34,0,134,0.0,66.34,0,0.0,0,0.0,68,33.66,10.44,45.357,36.067,42.304,372.59,23.924,247.42,2.951,30.33,9.192,94.83,58.0,59.8,58.4,59.1,59.8,73.5,17.4,37.1,4390.0,4391,83
b1fc95c9-cb2882c7,FixedSkip-5,0.4271236560901729,0.268432939827178,0.7592941707135475,0.32080654919093343,3158,2951,1672,1279,1486,41,161,79.7,0,161,0.0,79.7,0,0.0,0,0.0,41,20.3,6.91,28.106,32.735,39.9,224.22,21.097,144.82,2.854,19.36,8.784,60.04,57.1,59.1,57.8,58.6,59.1,69.0,16.5,31.9,4387.0,4389,54
b1ff4656-0435391e,FixedSkip-2,0.591721199325411,0.39650317166867444,0.9217141243505402,0.354412757565309,2561,2052,1620,432,941,101,101,50.0,0,101,0.0,50.0,0,0.0,0,0.0,101,50.0,12.75,57.964,41.831,44.198,526.7,28.797,362.59,3.016,37.94,10.018,126.17,58.7,60.3,58.5,59.5,60.3,73.4,18.7,45.7,4389.0,4390,105
b1ff4656-0435391e,FixedSkip-3,0.4732686359794447,0.29369715925198037,0.8486746004935782,0.31461660928778473,2561,2031,1384,647,1177,68,134,66.34,0,134,0.0,66.34,0,0.0,0,0.0,68,33.66,9.3,40.858,38.925,42.703,361.98,26.535,247.13,2.809,25.96,9.581,88.89,58.2,59.8,58.3,59.1,59.8,83.9,17.0,40.5,4389.0,4390,75
b1ff4656-0435391e,FixedSkip-5,0.32143005396583935,0.1839781715458378,0.7102993659398484,0.25769407415943446,2561,2111,1062,1049,1499,41,161,79.7,0,161,0.0,79.7,0,0.0,0,0.0,41,20.3,6.15,25.343,35.865,40.011,216.0,23.818,143.65,2.854,17.07,9.194,55.28,57.7,59.3,57.8,58.5,59.3,76.2,17.3,34.1,4390.0,4392,48
b1ff4656-94ee8536,FixedSkip-2,0.6140062749183622,0.47953507107311355,0.9865773738649183,0.3197427436430475,1439,938,895,43,544,102,101,49.75,0,101,0.0,49.75,0,0.0,0,0.0,102,50.25,12.54,56.28,42.457,45.195,527.2,29.261,363.51,3.056,37.86,10.14,125.83,58.9,60.4,58.5,59.6,60.4,66.4,18.9,46.5,4398.0,4400,104
b1ff4656-94ee8536,FixedSkip-3,0.5715082862304746,0.41881261632659833,0.9675548371980127,0.3117726823005618,1439,944,847,97,592,68,135,66.5,0,135,0.0,66.5,0,0.0,0,0.0,68,33.5,9.04,38.525,39.6,43.301,352.42,27.072,241.13,2.788,24.71,9.741,86.58,58.5,60.2,58.4,59.2,60.2,83.9,18.2,41.6,4392.0,4393,72
b1ff4656-94ee8536,FixedSkip-5,0.4589845737623267,0.3060354141239488,0.8861426938516682,0.27561451876486437,1439,947,735,212,704,41,162,79.8,0,162,0.0,79.8,0,0.0,0,0.0,41,20.2,5.95,23.669,36.682,41.395,212.16,24.481,141.65,2.848,16.41,9.353,54.09,58.0,59.7,58.1,59.2,59.7,81.8,17.9,35.3,4393.0,4394,46
b1ff4656-ebcfeb35,FixedSkip-2,0.363893763669743,0.2322323737154433,0.9447285504158398,0.21572602990569542,1326,626,503,123,823,102,101,49.75,0,101,0.0,49.75,0,0.0,0,0.0,102,50.25,12.44,55.949,42.701,44.799,528.37,29.436,364.42,3.074,37.95,10.191,126.0,59.1,60.5,58.9,59.8,60.5,63.7,18.3,46.8,4400.0,4402,103
b1ff4656-ebcfeb35,FixedSkip-3,0.32000306390023964,0.19824998245098424,0.8988373416082586,0.20192187605076325,1326,628,460,168,866,68,135,66.5,0,135,0.0,66.5,0,0.0,0,0.0,68,33.5,8.75,37.751,40.43,43.788,349.42,27.773,240.17,2.815,24.24,9.841,85.01,58.6,60.5,58.7,59.5,60.5,76.9,17.7,42.9,4389.0,4397,72
b1ff4656-ebcfeb35,FixedSkip-5,0.2516311850442431,0.16350476942338799,0.8384586972651236,0.17386674004321062,1326,592,381,211,945,41,162,79.8,0,162,0.0,79.8,0,0.0,0,0.0,41,20.2,5.79,23.215,37.285,41.407,213.2,25.035,143.49,2.83,16.02,9.419,53.68,58.4,60.1,58.3,59.1,60.1,83.7,17.7,35.8,4392.0,4394,46
b200b84e-4a792877,FixedSkip-2,0.3777628989816495,0.21241121918289063,0.9405544826481469,0.2179742698517938,1765,846,702,144,1063,100,100,50.0,0,100,0.0,50.0,0,0.0,0,0.0,100,50.0,12.12,56.24,42.346,45.197,510.09,29.27,352.77,2.888,34.68,10.188,122.64,59.0,60.4,58.9,59.9,60.4,72.5,17.6,47.3,4396.0,4398,100
b200b84e-4a792877,FixedSkip-3,0.3159595963111939,0.15657404071127026,0.8972707612588704,0.19860520216327582,1765,825,606,219,1159,67,133,66.5,0,133,0.0,66.5,0,0.0,0,0.0,67,33.5,8.5,38.109,40.865,43.8,342.36,28.161,236.08,2.743,22.9,9.961,83.38,59.0,60.5,58.8,59.4,60.5,76.6,16.6,43.3,4391.0,4395,71
b200b84e-4a792877,FixedSkip-5,0.18606080397875863,0.08983084898115498,0.7001249018564267,0.1501138000809389,1765,875,422,453,1343,40,160,80.0,0,160,0.0,80.0,0,0.0,0,0.0,40,20.0,5.5,23.181,37.832,41.906,204.59,25.533,138.41,2.814,15.06,9.485,51.11,58.3,60.2,58.5,59.2,60.2,78.2,17.1,36.6,4394.0,4395,45
b200e97a-bf074435,FixedSkip-2,0.5733121586678291,0.35487928109136074,0.8868767042808617,0.3602209892840868,2442,2092,1545,547,897,101,101,50.0,0,101,0.0,50.0,0,0.0,0,0.0,101,50.0,13.2,58.725,40.482,43.699,529.12,27.774,363.11,2.873,37.46,9.834,128.55,58.6,60.4,58.9,60.0,60.4,71.6,18.7,44.5,4395.0,4397,107
b200e97a-bf074435,FixedSkip-3,0.43117440372138505,0.253288532379012,0.7852560716296355,0.3148607603153058,2442,2145,1271,874,1171,68,134,66.34,0,134,0.0,66.34,0,0.0,0,0.0,68,33.66,9.64,41.569,38.386,41.793,365.05,25.976,247.22,2.88,27.26,9.53,90.57,58.6,60.2,58.6,59.3,60.2,81.2,17.8,39.3,4399.0,4400,77
b200e97a-bf074435,FixedSkip-5,0.2952941725498626,0.16658666121672389,0.6720350917610572,0.24989267521579633,2442,2089,968,1121,1474,41,161,79.7,0,161,0.0,79.7,0,0.0,0,0.0,41,20.3,6.35,25.462,34.811,39.501,221.47,22.968,146.46,2.81,17.7,9.033,57.31,57.7,59.5,58.1,59.0,59.5,72.4,16.7,33.0,4400.0,4401,51
b20234fd-822029be,FixedSkip-2,0.4382693193425799,0.2828720793650793,0.9621415037737836,0.24720146170562624,1921,1008,869,139,1052,101,101,50.0,0,101,0.0,50.0,0,0.0,0,0.0,101,50.0,12.3,56.104,42.65,44.684,518.67,29.42,357.89,3.061,37.15,10.17,123.63,58.8,59.6,58.8,59.9,59.9,68.2,18.7,47.2,4410.0,4413,102
b20234fd-822029be,FixedSkip-3,0.3753763763109449,0.22638732338635972,0.9098739728057156,0.22884938176129924,1921,1007,780,227,1141,68,134,66.34,0,134,0.0,66.34,0,0.0,0,0.0,68,33.66,8.78,38.674,40.468,43.788,350.74,27.676,239.98,2.948,25.47,9.844,85.29,58.6,60.5,58.7,59.6,60.5,74.7,18.2,42.6,4414.0,4416,72
b20234fd-822029be,FixedSkip-5,0.25272847301185836,0.14319239748691975,0.7931147388920551,0.18475602844620576,1921,992,571,421,1350,41,161,79.7,0,161,0.0,79.7,0,0.0,0,0.0,41,20.3,5.81,23.717,37.084,41.009,211.16,24.952,142.19,2.778,15.75,9.353,53.22,57.8,59.4,58.2,59.1,59.4,89.5,17.1,36.0,4412.0,4413,44
b202cae2-672e61c5,FixedSkip-2,0.6221966982583625,0.4556863535709829,0.9315148249774167,0.37041595890467166,2487,2058,1636,422,851,102,101,49.75,0,101,0.0,49.75,0,0.0,0,0.0,102,50.25,13.14,58.388,40.95,43.8,535.68,28.093,367.77,2.972,38.77,9.885,129.13,58.7,60.5,58.6,59.6,60.5,68.1,18.9,44.6,4413.0,4414,108
b202cae2-672e61c5,FixedSkip-3,0.5011774475732476,0.3517777375379495,0.8717166088441791,0.32852269645391174,2487,2003,1381,622,1106,68,135,66.5,0,135,0.0,66.5,0,0.0,0,0.0,68,33.5,9.52,40.886,38.528,42.306,363.38,26.042,245.85,2.931,27.51,9.555,90.02,58.4,60.2,58.4,59.3,60.2,82.3,18.3,39.6,4409.0,4412,75
b202cae2-672e61c5,FixedSkip-5,0.3606143178320541,0.23529005805987122,0.7617909114019021,0.2732589994548902,2487,2013,1080,933,1407,41,162,79.8,0,162,0.0,79.8,0,0.0,0,0.0,41,20.2,6.26,25.058,35.203,40.011,219.87,23.188,145.12,2.875,17.81,9.139,56.94,57.8,59.5,58.1,59.0,59.5,77.0,17.2,33.4,4412.0,4413,50
b202cae2-f46c74a6,FixedSkip-2,0.6344328694126011,0.4715248280067993,0.9746021536194646,0.3536373510315279,2328,1718,1506,212,822,101,101,50.0,0,101,0.0,50.0,0,0.0,0,0.0,101,50.0,12.74,57.41,41.504,44.2,523.08,28.518,359.54,2.999,37.73,9.987,125.81,58.6,60.4,58.5,59.4,60.4,75.1,18.5,45.7,4410.0,4413,106
b202cae2-f46c74a6,FixedSkip-3,0.554784468667898,0.384274079248465,0.931128301780729,0.33091374229412035,2328,1713,1368,345,960,68,134,66.34,0,134,0.0,66.34,0,0.0,0,0.0,68,33.66,9.28,40.261,38.985,42.306,359.31,26.457,243.98,2.899,26.61,9.628,88.72,58.2,60.0,58.3,59.2,60.0,80.5,18.1,40.8,4410.0,4411,75
b202cae2-f46c74a6,FixedSkip-5,0.39369949834987694,0.25327949554454127,0.8390796676092401,0.27091969226160717,2328,1629,1041,588,1287,41,161,79.7,0,161,0.0,79.7,0,0.0,0,0.0,41,20.3,6.1,24.511,36.071,40.409,220.68,24.04,147.33,2.852,17.3,9.179,56.05,57.8,59.4,57.8,58.7,59.4,76.9,17.1,34.5,4414.0,4415,50
b2036451-aa924fd1,FixedSkip-2,0.6855767172457317,0.4580489774704848,0.9466580365757592,0.39889278190608723,1941,1686,1390,296,551,101,101,50.0,0,101,0.0,50.0,0,0.0,0,0.0,101,50.0,12.76,57.442,41.521,44.299,525.75,28.592,362.23,2.943,37.18,9.985,126.34,58.6,60.0,58.4,59.6,60.0,62.6,18.6,45.6,4417.0,4420,103
b2036451-aa924fd1,FixedSkip-3,0.5460312260905117,0.3404275354790472,0.884217428274413,0.3523136804011007,1941,1640,1163,477,778,68,134,66.34,0,134,0.0,66.34,0,0.0,0,0.0,68,33.66,9.16,39.999,39.188,42.404,355.63,26.698,242.53,2.837,25.62,9.653,87.49,58.3,60.0,58.3,59.2,60.0,72.3,17.2,41.3,4419.0,4420,73
b2036451-aa924fd1,FixedSkip-5,0.35924553766905565,0.2108913813795305,0.7509774131993542,0.27878221487365656,1941,1634,842,792,1099,41,161,79.7,0,161,0.0,79.7,0,0.0,0,0.0,41,20.3,6.12,24.874,35.712,41.407,214.15,23.717,142.29,2.763,16.5,9.232,55.36,57.7,59.5,57.8,58.5,59.5,76.1,16.3,34.4,4419.0,4419,49
b204a5c1-05981158,FixedSkip-2,0.6529757076639198,0.4834664348808998,0.9760880609919542,0.364220052334218,922,698,613,85,309,51,51,50.0,0,51,0.0,50.0,0,0.0,0,0.0,51,50.0,6.66,58.072,39.583,43.701,261.36,27.011,178.54,2.855,18.74,9.717,64.08,58.0,60.0,57.8,58.7,60.0,74.7,18.8,40.0,4418.0,4419,54
b204a5c1-05981158,FixedSkip-3,0.5900398887550791,0.4237473205234604,0.9506997114715645,0.34068184786313355,922,681,566,115,356,34,68,66.67,0,68,0.0,66.67,0,0.0,0,0.0,34,33.33,4.72,39.524,37.317,42.304,169.82,25.101,114.35,2.808,12.71,9.408,42.76,57.6,59.2,57.7,58.5,59.2,73.6,17.5,35.0,4416.0,4417,38
b204a5c1-05981158,FixedSkip-5,0.5371598499833135,0.37355656375752483,0.9128123088190769,0.3234704621278431,922,684,534,150,388,21,81,79.41,0,81,0.0,79.41,0,0.0,0,0.0,21,20.59,3.3,25.781,32.46,38.605,104.07,20.889,67.15,2.726,8.65,8.846,28.28,56.6,58.4,57.1,58.0,58.4,78.7,16.4,27.2,4418.0,4419,26
b204a5c1-064b0040,FixedSkip-2,0.5767623380583365,0.34494201583963735,0.9386035687921903,0.33506537971186495,2247,1656,1367,289,880,101,101,50.0,0,101,0.0,50.0,0,0.0,0,0.0,101,50.0,12.94,57.295,41.309,43.701,528.89,28.418,363.99,2.942,37.6,9.949,127.3,58.3,59.9,58.1,59.0,59.9,80.7,18.9,45.1,4417.0,4418,106
b204a5c1-064b0040,FixedSkip-3,0.44573420844983436,0.2528909689041022,0.8570600455667162,0.29124121104496076,2247,1642,1131,511,1116,68,134,66.34,0,134,0.0,66.34,0,0.0,0,0.0,68,33.66,9.37,39.866,38.995,42.305,361.8,26.519,246.21,2.909,26.87,9.568,88.72,58.0,59.6,58.0,58.8,59.6,75.9,18.1,40.6,4416.0,4418,76
b204a5c1-064b0040,FixedSkip-5,0.29038896015305193,0.1540020127697535,0.7070335649504307,0.22810097526556106,2247,1667,844,823,1403,41,161,79.7,0,161,0.0,79.7,0,0.0,0,0.0,41,20.3,6.24,24.518,35.413,39.9,217.53,23.423,144.02,2.883,17.64,9.106,55.87,57.4,59.3,57.6,58.4,59.3,68.7,17.1,33.9,4414.0,4416,54
b204a5c1-fa3d5b88,FixedSkip-2,0.6421159515121722,0.4198769776700161,0.9741237047589615,0.3520686403455411,2527,1854,1659,195,868,101,101,50.0,0,101,0.0,50.0,0,0.0,0,0.0,101,50.0,12.97,57.454,41.006,43.8,532.15,28.236,366.64,2.899,37.5,9.87,128.01,58.1,59.9,58.2,59.0,59.9,80.0,18.8,45.0,4417.0,4418,107
b204a5c1-fa3d5b88,FixedSkip-3,0.5637132397882586,0.3240392372083992,0.9351115878793401,0.3326064532070298,2527,1861,1504,357,1023,68,134,66.34,0,134,0.0,66.34,0,0.0,0,0.0,68,33.66,9.58,40.883,38.165,42.304,361.31,25.793,244.41,2.907,27.37,9.466,89.54,57.9,59.7,57.9,58.7,59.6,73.5,17.9,39.3,4420.0,4422,77
b204a5c1-fa3d5b88,FixedSkip-5,0.3773356762511373,0.19525847085335596,0.8147526570511092,0.26848006518657574,2527,1828,1102,726,1425,41,161,79.7,0,161,0.0,79.7,0,0.0,0,0.0,41,20.3,6.34,24.986,35.102,40.011,221.88,23.189,146.78,2.856,17.94,9.056,57.15,57.2,58.9,57.5,58.3,58.9,70.1,17.2,33.5,4421.0,4422,52
b205eb4d-f84aaa1a,FixedSkip-2,0.6296283898873511,0.4438639201917803,0.9523281736959349,0.36995121163467426,2005,1606,1307,299,698,101,101,50.0,0,101,0.0,50.0,0,0.0,0,0.0,101,50.0,12.9,57.389,41.269,43.801,530.29,28.431,365.56,2.898,37.14,9.94,127.6,58.3,59.9,58.2,59.1,59.9,78.0,18.8,45.2,4421.0,4423,105
b205eb4d-f84aaa1a,FixedSkip-3,0.5018483508142699,0.3424830085348185,0.888249625884712,0.3270637773018185,2005,1573,1091,482,914,68,134,66.34,0,134,0.0,66.34,0,0.0,0,0.0,68,33.66,9.3,39.813,38.955,41.906,358.39,26.542,244.54,2.815,25.71,9.598,88.14,58.0,59.8,58.0,58.9,59.8,78.8,17.7,40.4,4423.0,4425,73
b205eb4d-f84aaa1a,FixedSkip-5,0.3498604424048951,0.22586809483857642,0.7640791126383529,0.2710734068256151,2005,1605,830,775,1175,41,161,79.7,0,161,0.0,79.7,0,0.0,0,0.0,41,20.3,6.17,24.548,35.948,40.398,218.33,23.9,145.39,2.86,17.26,9.188,55.68,57.5,59.2,57.7,59.3,59.3,72.6,17.2,34.1,4419.0,4421,49
b2064e61-2beadd45,FixedSkip-2,0.6159385299399571,0.4338138627422524,0.9798061723793166,0.32965967985223443,2109,1435,1323,112,786,102,101,49.75,0,101,0.0,49.75,0,0.0,0,0.0,102,50.25,12.71,57.319,41.752,44.798,526.47,28.817,363.51,2.891,36.36,10.044,126.6,58.3,60.2,58.3,59.3,60.2,61.7,19.2,46.3,4420.0,4421,105
b2064e61-2beadd45,FixedSkip-3,0.5575188882564344,0.3589779855664184,0.9499856307208963,0.31751667106675124,2109,1444,1229,215,880,68,135,66.5,0,135,0.0,66.5,0,0.0,0,0.0,68,33.5,9.02,39.74,39.38,43.7,350.23,26.848,238.91,2.805,24.85,9.728,86.47,58.0,59.9,58.3,59.5,59.9,77.8,18.2,41.7,4423.0,4424,73
b2064e61-2beadd45,FixedSkip-5,0.40945863752557765,0.2525026647537326,0.85782240858316,0.2709436352163861,2109,1421,975,446,1134,41,162,79.8,0,162,0.0,79.8,0,0.0,0,0.0,41,20.2,5.78,24.087,36.941,41.906,213.99,24.81,144.1,2.814,16.13,9.317,53.77,57.3,59.4,57.9,59.0,59.4,81.9,17.4,35.8,4426.0,4428,45
b206a78b-99f405ab,FixedSkip-2,0.5427671305424377,0.38398963272348596,0.9749618788797334,0.2951804893575346,2188,1344,1214,130,974,101,101,50.0,0,101,0.0,50.0,0,0.0,0,0.0,101,50.0,12.4,56.606,42.198,44.696,519.36,29.072,358.03,3.009,36.93,10.118,124.4,58.6,60.2,58.6,59.5,60.2,47.8,18.5,46.7,4427.0,4429,103
b206a78b-99f405ab,FixedSkip-3,0.4643042094326241,0.31684493492883553,0.9300436214141563,0.27740712507673526,2188,1355,1076,279,1112,68,134,66.34,0,134,0.0,66.34,0,0.0,0,0.0,68,33.66,8.87,39.158,40.534,43.301,353.48,27.787,242.38,2.894,25.15,9.854,85.94,58.6,60.1,58.4,59.3,60.1,83.9,18.3,42.5,4426.0,4427,71
b206a78b-99f405ab,FixedSkip-5,0.3573626132391782,0.22349031286553273,0.8461612287776751,0.24290901068508006,2188,1359,883,476,1305,41,161,79.7,0,161,0.0,79.7,0,0.0,0,0.0,41,20.3,5.8,23.99,37.382,41.009,216.63,25.1,145.73,2.915,16.77,9.366,54.14,58.0,59.7,58.0,58.7,59.7,75.0,17.4,35.9,4427.0,4430,50
b2080dc7-f9b98a5f,FixedSkip-2,0.14859917684453477,0.08828962663260975,0.9414914673106378,0.08577720331274835,1055,198,165,33,890,101,101,50.0,0,101,0.0,50.0,0,0.0,0,0.0,101,50.0,12.05,55.238,42.776,45.696,507.6,30.204,358.39,2.205,26.09,10.366,123.12,59.2,60.6,58.2,59.3,60.6,86.2,12.7,48.3,4429.0,4431,97
b2080dc7-f9b98a5f,FixedSkip-3,0.11779356326707739,0.06553853552000996,0.8495979468110442,0.07758384979948962,1055,208,141,67,914,68,134,66.34,0,134,0.0,66.34,0,0.0,0,0.0,68,33.66,8.43,37.358,40.955,43.914,341.99,28.917,241.6,1.956,16.27,10.081,84.11,59.0,60.6,58.2,58.9,60.6,85.2,10.0,44.5,4429.0,4431,68
b2080dc7-f9b98a5f,FixedSkip-5,0.10021827941176364,0.04771968065156481,0.8002077035382537,0.06674930125167093,1055,195,127,68,928,41,161,79.7,0,161,0.0,79.7,0,0.0,0,0.0,41,20.3,5.47,23.053,37.658,42.406,202.51,25.899,139.42,2.136,11.38,9.623,51.72,58.2,59.9,57.9,58.8,59.9,83.5,10.6,37.6,4425.0,4425,44
b20841f9-cef732d5,FixedSkip-2,0.6591458949287354,0.45007963973110493,0.945791418163787,0.3736177788446151,2083,1680,1444,236,639,102,101,49.75,0,101,0.0,49.75,0,0.0,0,0.0,102,50.25,12.81,57.587,41.679,44.698,532.39,28.625,365.82,3.02,38.51,10.034,128.07,58.7,60.7,58.6,59.3,60.7,68.3,18.6,46.0,4424.0,4426,107
b20841f9-cef732d5,FixedSkip-3,0.5380920577199343,0.3289981388613509,0.886695649749808,0.3379497241297738,2083,1656,1243,413,840,68,135,66.5,0,135,0.0,66.5,0,0.0,0,0.0,68,33.5,9.21,39.862,39.529,42.804,357.35,26.945,243.79,2.896,26.06,9.688,87.51,58.5,59.9,58.4,59.1,59.9,81.3,18.2,41.1,4425.0,4427,74
b20841f9-cef732d5,FixedSkip-5,0.43768674912475053,0.24172659768510973,0.8107414471931637,0.30359773540097773,2083,1690,1082,608,1001,41,162,79.8,0,162,0.0,79.8,0,0.0,0,0.0,41,20.2,6.09,24.536,36.261,40.409,218.57,24.197,146.36,2.813,16.73,9.25,55.48,58.0,59.4,57.7,58.5,59.4,84.6,17.4,33.9,4429.0,4430,46
b20b69d2-64b9cdb8,FixedSkip-2,0.5576786151841268,0.39644906591484774,0.9368842613771472,0.3365559440559441,1300,968,760,208,540,102,101,49.75,0,101,0.0,49.75,0,0.0,0,0.0,102,50.25,12.84,56.724,41.666,44.2,533.93,28.784,369.03,2.865,36.58,10.017,128.31,58.6,60.4,58.3,59.1,60.4,83.2,18.7,45.9,4428.0,4430,108
b20b69d2-64b9cdb8,FixedSkip-3,0.44050623592609167,0.2972909240950027,0.8696709340391675,0.29225657515046577,1300,933,634,299,666,68,135,66.5,0,135,0.0,66.5,0,0.0,0,0.0,68,33.5,9.09,38.638,39.159,42.803,353.33,26.644,240.65,2.842,25.51,9.673,87.17,58.2,59.9,58.3,59.0,59.9,68.7,17.4,41.2,4429.0,4430,74
b20b69d2-64b9cdb8,FixedSkip-5,0.3142616488825978,0.1869518102934414,0.7479082213578288,0.24736762721282843,1300,969,496,473,804,41,162,79.8,0,162,0.0,79.8,0,0.0,0,0.0,41,20.2,5.98,23.648,36.388,40.796,216.53,24.283,144.76,2.835,16.76,9.27,55.01,57.8,59.9,57.9,58.6,59.9,74.9,17.0,34.9,4422.0,4424,50
b20b69d2-650e674d,FixedSkip-2,0.645698541691696,0.4186741074081125,0.9507762949021475,0.366174852918187,3258,2576,2197,379,1061,101,101,50.0,0,101,0.0,50.0,0,0.0,0,0.0,101,50.0,13.27,59.202,40.388,43.203,530.1,27.694,363.66,2.885,37.74,9.809,128.7,58.2,60.2,58.3,59.2,60.2,83.0,18.4,44.3,4423.0,4426,107
b20b69d2-650e674d,FixedSkip-3,0.5358432995758433,0.3292667553769427,0.886876669321579,0.3336782367710489,3258,2587,1930,657,1328,68,134,66.34,0,134,0.0,66.34,0,0.0,0,0.0,68,33.66,9.97,42.899,37.47,40.809,368.85,25.16,247.97,2.967,29.02,9.343,91.86,57.9,59.7,58.0,58.8,59.7,74.9,17.6,38.1,4428.0,4429,78
b20b69d2-650e674d,FixedSkip-5,0.3016539793654558,0.1747585370019351,0.7022706828458295,0.23869197085627547,3258,2553,1275,1278,1983,41,161,79.7,0,161,0.0,79.7,0,0.0,0,0.0,41,20.3,6.64,26.449,33.51,36.912,221.26,21.722,143.86,2.865,18.69,8.923,58.71,57.1,58.7,57.5,58.2,58.7,73.7,16.7,31.9,4432.0,4433,51
b20b69d2-6e2b9e73,FixedSkip-2,0.46960442737767644,0.303986480622525,0.9296692842560557,0.2733418837690548,1317,801,659,142,658,102,101,49.75,0,101,0.0,49.75,0,0.0,0,0.0,102,50.25,12.67,56.279,41.936,44.312,528.37,29.009,365.8,2.86,35.89,10.067,126.68,58.3,60.1,58.2,59.0,60.1,67.4,18.0,46.1,4437.0,4440,105
b20b69d2-6e2b9e73,FixedSkip-3,0.3934135785788411,0.24593405349046898,0.8749385885568163,0.24616959540080263,1317,784,581,203,736,68,135,66.5,0,135,0.0,66.5,0,0.0,0,0.0,68,33.5,8.94,38.126,39.797,43.301,350.81,27.297,240.85,2.749,24.13,9.75,85.83,58.1,59.9,58.0,58.8,59.9,74.1,16.9,42.0,4439.0,4440,72
b20b69d2-6e2b9e73,FixedSkip-5,0.24946817106368468,0.14612558502074538,0.729865343783331,0.1877840574415996,1317,767,421,346,896,41,162,79.8,0,162,0.0,79.8,0,0.0,0,0.0,41,20.2,5.92,23.372,36.734,40.398,218.52,24.696,147.31,2.735,16.08,9.303,55.13,57.8,59.4,57.8,58.7,59.4,84.9,16.4,35.3,4438.0,4440,46
b20b69d2-7767e6b6,FixedSkip-2,0.5882379504734718,0.4023689985643112,0.9235764636768137,0.35335207428230686,1032,819,648,171,384,102,101,49.75,0,101,0.0,49.75,0,0.0,0,0.0,102,50.25,12.71,56.478,41.728,44.696,529.32,28.869,366.43,2.818,35.63,10.041,127.26,58.4,60.4,58.3,59.1,60.4,72.5,17.7,46.4,4442.0,4443,106
b20b69d2-7767e6b6,FixedSkip-3,0.46771428686671906,0.29585850001235264,0.8624864010455595,0.3148369104091943,1032,804,538,266,494,68,135,66.5,0,135,0.0,66.5,0,0.0,0,0.0,68,33.5,9.0,38.269,39.474,43.301,351.9,27.027,241.35,2.738,24.22,9.708,86.33,58.1,60.0,58.3,59.2,60.0,82.7,17.1,41.6,4444.0,4445,72
b20b69d2-7767e6b6,FixedSkip-5,0.3374991235001962,0.20674468110418834,0.7494392854167865,0.26701872995389986,1032,829,420,409,612,41,162,79.8,0,162,0.0,79.8,0,0.0,0,0.0,41,20.2,6.08,23.77,35.649,40.398,218.8,23.813,146.75,2.649,16.01,9.187,56.04,57.4,59.2,57.7,58.5,59.2,86.0,15.8,34.2,4445.0,4446,46
b20b69d2-bd242bf0,FixedSkip-2,0.4534036475778835,0.2643921016337735,0.8554250089613532,0.2981145745438477,2122,1604,1083,521,1039,80,80,50.0,0,80,0.0,50.0,0,0.0,0,0.0,80,50.0,10.49,59.802,40.14,44.198,420.94,27.487,288.42,2.889,30.2,9.765,102.33,58.2,59.8,58.2,58.8,59.8,73.8,17.7,43.1,4445.0,4446,87
b20b69d2-bd242bf0,FixedSkip-3,0.3393486999242732,0.19301826194597843,0.7653489527147894,0.25941583042264976,2122,1632,852,780,1270,54,106,66.25,0,106,0.0,66.25,0,0.0,0,0.0,54,33.75,7.64,42.022,37.585,42.903,283.46,25.309,191.1,2.827,21.21,9.448,71.14,57.8,59.4,57.8,58.8,59.4,71.3,16.3,37.6,4446.0,4447,60
b20b69d2-bd242bf0,FixedSkip-5,0.205054895083221,0.11702020839205349,0.6073849580047974,0.18657664486055076,2122,1624,566,1058,1556,32,128,80.0,0,128,0.0,80.0,0,0.0,0,0.0,32,20.0,5.01,25.518,34.362,40.41,169.97,22.564,111.71,2.797,13.78,9.001,44.49,57.0,58.7,57.3,58.1,58.7,70.2,16.4,31.6,4446.0,4447,41
b20b69d2-ca16c907,FixedSkip-2,0.5800332823391645,0.4182559091643349,0.9280355373221587,0.3552906783099001,891,711,545,166,346,99,99,50.0,0,99,0.0,50.0,0,0.0,0,0.0,99,50.0,12.39,55.953,42.086,44.2,518.41,29.072,358.12,2.935,36.14,10.079,124.15,58.6,60.1,58.1,58.9,60.1,85.4,18.5,46.0,4447.0,4449,100
b20b69d2-ca16c907,FixedSkip-3,0.4812414560865914,0.3350845606247433,0.8653417342183259,0.3209004673223129,891,708,476,232,415,66,132,66.67,0,132,0.0,66.67,0,0.0,0,0.0,66,33.33,8.75,38.001,39.436,42.791,345.17,26.988,236.45,2.737,23.86,9.711,84.87,58.0,59.8,58.1,58.9,59.8,81.2,16.7,41.6,4447.0,4448,71
b20b69d2-ca16c907,FixedSkip-5,0.34018874058995985,0.23109354554886025,0.7407837415594827,0.2671279337946004,891,728,372,356,519,40,158,79.8,0,158,0.0,79.8,0,0.0,0,0.0,40,20.2,5.85,23.425,36.275,40.499,207.95,24.289,139.45,2.743,15.6,9.244,52.9,57.4,59.2,57.6,58.4,59.2,75.0,16.7,34.8,4447.0,4449,45
b20b69d2-e31380a7,FixedSkip-2,0.5913673011964107,0.39923369723454566,0.9349107464323438,0.35392431292714843,529,416,329,87,200,87,87,50.0,0,87,0.0,50.0,0,0.0,0,0.0,87,50.0,10.79,55.653,41.488,43.888,443.55,28.971,309.92,2.425,25.82,10.091,107.81,58.7,60.0,58.2,59.3,60.0,78.3,14.0,45.4,4447.0,4448,89
b20b69d2-e31380a7,FixedSkip-3,0.5049869777428603,0.3324718893710571,0.881029058115732,0.3303123338115093,529,423,292,131,237,58,116,66.67,0,116,0.0,66.67,0,0.0,0,0.0,58,33.33,7.6,37.531,39.554,43.301,297.51,27.311,205.65,2.467,18.44,9.776,73.42,58.4,60.1,58.0,58.9,60.1,82.9,14.4,41.0,4446.0,4448,61
b20b69d2-e31380a7,FixedSkip-5,0.29734122597314006,0.1776260583816666,0.7153582000535423,0.24421726046803313,529,419,191,228,338,35,139,79.89,0,139,0.0,79.89,0,0.0,0,0.0,35,20.11,5.03,23.075,36.345,41.395,181.78,24.53,122.74,2.515,12.56,9.3,46.49,57.8,59.6,57.6,58.5,59.6,76.4,13.5,34.3,4444.0,4445,41
b20b69d2-ffc1d6af,FixedSkip-2,0.5336125683875073,0.33866548459354795,0.9251077941126434,0.32165962693811156,1622,1175,920,255,702,100,99,49.75,0,99,0.0,49.75,0,0.0,0,0.0,100,50.25,12.67,57.161,41.207,43.8,517.32,28.489,357.83,2.761,34.58,9.957,124.91,58.3,60.0,58.3,59.3,60.0,66.5,18.1,45.7,4444.0,4446,103
b20b69d2-ffc1d6af,FixedSkip-3,0.39609774466238395,0.231691919658711,0.83615247574772,0.27765997902670064,1622,1177,723,454,899,67,132,66.33,0,132,0.0,66.33,0,0.0,0,0.0,67,33.67,9.03,39.136,39.245,42.304,349.95,26.84,239.54,2.755,24.46,9.65,85.95,58.1,59.9,58.1,58.9,59.9,79.6,16.6,41.1,4443.0,4444,72
b20b69d2-ffc1d6af,FixedSkip-5,0.22344833185270135,0.12980860060171678,0.6567212559180048,0.19378203448231418,1622,1148,464,684,1158,40,159,79.9,0,159,0.0,79.9,0,0.0,0,0.0,40,20.1,5.92,23.724,36.628,40.897,212.06,24.601,142.47,2.761,15.9,9.266,53.7,57.9,59.2,57.7,58.5,59.3,77.6,16.4,35.0,4443.0,4444,46
b20b9c19-91e01a50,FixedSkip-2,0.637040191049218,0.40811626634370224,0.8863291211601766,0.40584357674505345,1745,1690,1222,468,523,101,101,50.0,0,101,0.0,50.0,0,0.0,0,0.0,101,50.0,12.83,57.675,41.443,44.298,526.74,28.566,363.32,2.899,36.73,9.978,126.69,58.5,60.1,58.2,59.1,60.1,79.1,18.9,45.3,4447.0,4448,104
b20b9c19-91e01a50,FixedSkip-3,0.456480198915994,0.2847760707586512,0.7842097092089934,0.3352968775699235,1745,1655,950,705,795,68,134,66.34,0,134,0.0,66.34,0,0.0,0,0.0,68,33.66,9.25,40.279,39.045,42.802,358.72,26.524,243.89,2.884,26.37,9.638,88.46,58.1,59.9,58.2,58.9,59.9,84.8,18.3,40.7,4450.0,4452,74
b20b9c19-91e01a50,FixedSkip-5,0.3152008989676493,0.19087445566616212,0.6693941188153277,0.2752833000973259,1745,1684,705,979,1040,41,161,79.7,0,161,0.0,79.7,0,0.0,0,0.0,41,20.3,6.18,24.944,35.515,40.499,214.81,23.468,141.95,2.853,17.21,9.194,55.66,57.6,59.2,57.7,58.5,59.2,76.6,17.5,34.1,4448.0,4449,48
b20d494a-cdebe83e,FixedSkip-2,0.4496352401708591,0.27061494043524814,0.8657247690768709,0.29774288003714433,1203,888,601,287,602,99,99,50.0,0,99,0.0,50.0,0,0.0,0,0.0,99,50.0,12.12,56.514,42.377,44.799,512.0,29.31,354.34,2.907,34.99,10.16,122.68,58.7,60.3,58.3,59.3,60.3,74.9,17.9,46.9,4453.0,4454,100
b20d494a-cdebe83e,FixedSkip-3,0.3341458699562666,0.19601789017496485,0.7728098124201872,0.2512597815805314,1203,870,483,387,720,66,132,66.67,0,132,0.0,66.67,0,0.0,0,0.0,66,33.33,8.46,38.085,40.682,43.301,339.71,27.979,233.71,2.811,23.39,9.892,82.6,58.4,60.1,58.4,59.0,60.1,85.4,17.8,43.2,4453.0,4455,69
b20d494a-cdebe83e,FixedSkip-5,0.2034984331772157,0.12215581184163311,0.6085848686200288,0.18697218306889782,1203,897,334,563,869,40,158,79.8,0,158,0.0,79.8,0,0.0,0,0.0,40,20.2,5.61,23.612,37.419,41.496,208.65,25.129,140.4,2.813,15.55,9.478,52.71,58.0,59.4,58.0,58.7,59.4,77.9,17.1,36.4,4451.0,4451,46
b20e291a-32ac11c1,FixedSkip-2,0.5784100891395072,0.3746116412736347,0.9068149316177851,0.3589886903862389,2599,2154,1624,530,975,101,101,50.0,0,101,0.0,50.0,0,0.0,0,0.0,101,50.0,13.14,58.455,40.675,43.301,530.53,27.913,364.31,2.929,38.09,9.833,128.13,58.4,60.1,58.4,59.3,60.1,70.3,18.7,44.6,4447.0,4448,107
b20e291a-32ac11c1,FixedSkip-3,0.4278609754072018,0.256427640376909,0.8102768485015663,0.30467811288087826,2599,2133,1302,831,1297,68,134,66.34,0,134,0.0,66.34,0,0.0,0,0.0,68,33.66,9.72,41.656,37.977,41.805,367.36,25.62,247.85,2.892,27.88,9.465,91.63,58.0,60.1,58.2,59.2,60.0,77.4,17.5,39.3,4450.0,4451,76
b20e291a-32ac11c1,FixedSkip-5,0.2635863545351366,0.15236696194244304,0.6604179753176531,0.22896054667644744,2599,2118,900,1218,1699,41,161,79.7,0,161,0.0,79.7,0,0.0,0,0.0,41,20.3,6.44,25.499,34.695,39.014,219.61,22.842,144.85,2.859,17.94,8.994,56.82,57.2,58.9,57.7,58.6,58.9,77.9,17.1,33.1,4453.0,4455,50
b20e291a-6012d836,FixedSkip-2,0.5309735758324773,0.354345550499994,0.9011896006813882,0.3326293994277354,2245,1749,1290,459,955,102,101,49.75,0,101,0.0,49.75,0,0.0,0,0.0,102,50.25,13.02,58.281,41.166,44.698,532.14,28.289,365.98,2.958,38.11,9.919,128.06,58.2,60.0,58.2,59.2,60.0,77.0,18.5,45.0,4453.0,4455,108
b20e291a-6012d836,FixedSkip-3,0.42584016984903783,0.2706695963867706,0.817225325029787,0.3022490257659432,2245,1814,1106,708,1139,68,135,66.5,0,135,0.0,66.5,0,0.0,0,0.0,68,33.5,9.51,40.97,38.433,42.803,359.31,26.006,243.38,2.91,27.08,9.517,88.85,57.9,59.7,58.1,59.4,59.7,80.2,17.5,39.5,4453.0,4455,78
b20e291a-6012d836,FixedSkip-5,0.2871281800215543,0.17932676349229928,0.6866780445010237,0.2443864718531603,2245,1856,820,1036,1425,41,162,79.8,0,162,0.0,79.8,0,0.0,0,0.0,41,20.2,6.4,25.37,34.594,40.409,220.14,22.77,145.01,2.795,17.71,9.029,57.42,57.1,59.3,57.6,58.2,59.3,73.3,17.0,33.1,4456.0,4457,50
b20eae11-149766ce,FixedSkip-2,0.18642393693495185,0.10421713545577453,0.8798349777655088,0.11575953172858296,1752,486,365,121,1387,102,101,49.75,0,101,0.0,49.75,0,0.0,0,0.0,102,50.25,12.5,56.288,42.039,44.4,519.06,29.502,364.5,2.334,28.68,10.204,125.88,58.7,60.1,58.0,59.2,60.1,89.5,14.4,47.0,4453.0,4454,100
b20eae11-149766ce,FixedSkip-3,0.12639427934708,0.06561819605717156,0.7425139517315,0.09420012436425734,1752,492,284,208,1468,68,135,66.5,0,135,0.0,66.5,0,0.0,0,0.0,68,33.5,8.69,37.878,39.78,43.301,344.15,27.804,240.71,2.092,17.96,9.883,85.49,58.1,59.8,58.0,58.9,59.8,76.4,12.2,43.2,4458.0,4459,71
b20eae11-149766ce,FixedSkip-5,0.07687508936681435,0.037937879263907084,0.6121274730573041,0.06957786240739687,1752,482,185,297,1567,41,162,79.8,0,162,0.0,79.8,0,0.0,0,0.0,41,20.2,5.58,22.975,38.106,41.906,206.12,26.161,141.55,2.315,12.5,9.629,52.08,58.2,59.4,57.7,58.4,59.4,84.7,12.2,37.4,4458.0,4459,43
b20eae11-18cd8ca2,FixedSkip-2,0.3865528132169773,0.21101909824072607,0.9824704389845421,0.20981929335610897,1135,490,445,45,690,101,101,50.0,0,101,0.0,50.0,0,0.0,0,0.0,101,50.0,12.19,55.751,42.493,45.594,515.79,29.509,358.49,2.76,33.34,10.224,123.96,58.8,60.5,58.4,59.5,60.4,71.7,17.1,47.4,4456.0,4458,100
b20eae11-18cd8ca2,FixedSkip-3,0.3568635552190593,0.17906427845415718,0.9573309289330564,0.2018232491234379,1135,490,420,70,715,68,134,66.34,0,134,0.0,66.34,0,0.0,0,0.0,68,33.66,8.51,37.745,41.055,44.198,346.99,28.38,240.11,2.668,22.42,10.007,84.46,58.8,60.4,58.4,59.4,60.4,81.1,16.0,43.7,4453.0,4455,70
b20eae11-18cd8ca2,FixedSkip-5,0.26170518855789515,0.11490872576158362,0.8463165670859356,0.16930591864241196,1135,487,342,145,793,41,161,79.7,0,161,0.0,79.7,0,0.0,0,0.0,41,20.3,5.59,23.244,37.781,42.304,206.07,25.624,139.87,2.634,14.28,9.522,51.92,57.8,59.9,58.1,59.3,59.9,80.8,15.8,37.3,4452.0,4453,44
b20eae11-6817ba7a,FixedSkip-2,0.35728444893138717,0.22501459715226294,0.953119248628229,0.19691017823639775,1560,656,583,73,977,101,101,50.0,0,101,0.0,50.0,0,0.0,0,0.0,101,50.0,12.54,55.976,41.754,44.298,520.94,29.031,362.48,2.646,32.79,10.077,125.67,59.0,60.5,58.6,59.7,60.5,78.5,17.1,46.3,4452.0,4453,104
b20eae11-6817ba7a,FixedSkip-3,0.32085559371329286,0.1888922360947352,0.912544073248063,0.18531262327416176,1560,650,546,104,1014,68,134,66.34,0,134,0.0,66.34,0,0.0,0,0.0,68,33.66,8.82,38.266,39.709,43.301,348.29,27.336,240.08,2.566,22.34,9.806,85.87,58.4,60.4,58.4,59.1,60.4,81.2,15.8,42.5,4451.0,4453,72
b20eae11-6817ba7a,FixedSkip-5,0.27369866839232365,0.14761596459340942,0.8600107203790237,0.17621756941283567,1560,676,486,190,1074,41,161,79.7,0,161,0.0,79.7,0,0.0,0,0.0,41,20.3,5.77,23.32,37.333,41.395,210.21,25.259,142.25,2.658,14.92,9.416,53.04,58.1,59.8,58.1,59.5,59.8,77.6,15.5,36.1,4452.0,4454,46
b20ff95c-b9444127,FixedSkip-2,0.4567949195428903,0.23878864100795028,0.924832941374063,0.2738167746542472,787,484,383,101,404,51,51,50.0,0,51,0.0,50.0,0,0.0,0,0.0,51,50.0,6.38,56.927,40.392,44.697,256.94,27.733,176.64,2.803,17.73,9.856,62.58,58.0,59.7,58.2,58.8,59.7,84.2,18.3,41.5,4455.0,4455,53
b20ff95c-b9444127,FixedSkip-3,0.3315981834521119,0.16201290741162594,0.8083972377790134,0.23595984348843307,787,504,305,199,482,34,68,66.67,0,68,0.0,66.67,0,0.0,0,0.0,34,33.33,4.52,38.853,37.949,42.392,167.24,25.674,113.37,2.721,11.89,9.554,41.97,58.1,59.4,57.9,58.6,59.4,79.9,17.0,35.6,4454.0,4455,36
b20ff95c-b9444127,FixedSkip-5,0.23444455762894123,0.11263561073815516,0.6925616267426956,0.19360101651842443,787,500,243,257,544,21,81,79.41,0,81,0.0,79.41,0,0.0,0,0.0,21,20.59,3.11,25.2,33.614,40.41,99.68,21.933,65.17,2.654,7.81,9.026,26.7,57.0,58.4,57.4,58.0,58.4,80.6,16.0,27.8,4456.0,4457,24
b2102d00-5eb86b71,FixedSkip-2,0.5495767103429428,0.3546045698726123,0.9464927672412252,0.3093362598681013,2413,1620,1393,227,1020,101,101,50.0,0,101,0.0,50.0,0,0.0,0,0.0,101,50.0,12.52,57.203,41.909,44.696,520.83,28.98,360.39,2.854,35.37,10.076,125.08,58.4,60.2,58.4,59.5,60.2,72.8,18.5,46.5,4460.0,4462,103
b2102d00-5eb86b71,FixedSkip-3,0.4757076759788314,0.2757593747637394,0.9005538859274778,0.2917841051635348,2413,1639,1253,386,1160,68,134,66.34,0,134,0.0,66.34,0,0.0,0,0.0,68,33.66,9.07,40.022,39.491,42.803,355.67,26.984,243.35,2.831,25.31,9.676,87.01,58.1,59.8,58.3,59.1,59.8,81.1,18.0,41.4,4458.0,4459,73
b2102d00-5eb86b71,FixedSkip-5,0.3806900602998416,0.19948363530107832,0.8163252217528707,0.2582841129002537,2413,1653,1088,565,1325,41,161,79.7,0,161,0.0,79.7,0,0.0,0,0.0,41,20.3,5.92,24.784,36.558,41.307,214.23,24.422,143.41,2.848,16.51,9.287,54.31,57.4,59.6,57.8,58.8,59.6,82.6,17.2,35.3,4462.0,4463,46
b2102d00-a8c09be1,FixedSkip-2,0.5514827795241787,0.3686817889129658,0.9746853405375885,0.3042034843694648,1943,1232,1094,138,849,101,101,50.0,0,101,0.0,50.0,0,0.0,0,0.0,101,50.0,12.25,56.37,42.759,45.197,520.61,29.557,359.98,2.991,36.35,10.212,124.27,58.9,60.3,58.6,59.6,60.3,69.9,18.3,47.2,4456.0,4458,104
b2102d00-a8c09be1,FixedSkip-3,0.4673600648978092,0.2753706326241097,0.9253862395041518,0.28036351904903495,1943,1222,967,255,976,68,134,66.34,0,134,0.0,66.34,0,0.0,0,0.0,68,33.66,8.73,38.912,40.458,43.802,346.55,27.749,237.87,2.855,24.39,9.854,84.28,58.4,59.9,58.4,59.0,59.9,66.4,17.4,42.8,4458.0,4460,71
b2102d00-a8c09be1,FixedSkip-5,0.3367729806671863,0.17854552333613033,0.8094028466033939,0.23834022023845736,1943,1252,767,485,1176,41,161,79.7,0,161,0.0,79.7,0,0.0,0,0.0,41,20.3,5.71,24.029,37.631,41.907,214.55,25.376,144.85,2.787,15.8,9.468,53.9,58.1,59.7,58.0,59.2,59.7,78.9,16.2,36.4,4460.0,4461,47
b2131b7b-e58faab7,FixedSkip-2,0.4559929167365924,0.2595051000683403,0.9420271916944464,0.26052405498281783,970,552,466,86,504,101,101,50.0,0,101,0.0,50.0,0,0.0,0,0.0,101,50.0,12.21,55.73,42.454,45.197,516.31,29.474,358.66,2.764,33.53,10.215,124.11,58.9,60.5,58.6,59.4,60.5,70.5,16.4,47.3,4461.0,4462,101
b2131b7b-e58faab7,FixedSkip-3,0.3906492330431438,0.20861088263800504,0.8978039572068182,0.24241075620152855,970,549,414,135,556,68,134,66.34,0,134,0.0,66.34,0,0.0,0,0.0,68,33.66,8.59,37.926,40.782,44.2,347.6,28.157,240.14,2.681,22.78,9.944,84.68,58.6,60.3,58.5,59.3,60.3,76.1,15.9,43.4,4466.0,4468,71
b2131b7b-e58faab7,FixedSkip-5,0.2987611975060919,0.15030653469354635,0.7872437109932083,0.2144045503021685,970,580,350,230,620,41,161,79.7,0,161,0.0,79.7,0,0.0,0,0.0,41,20.3,5.57,23.101,37.964,41.894,207.01,25.746,140.51,2.697,14.68,9.52,51.82,57.9,59.6,58.3,59.1,59.6,72.8,14.9,37.2,4466.0,4467,44
b213e4eb-09c01a17,FixedSkip-2,0.6026146387189613,0.43493271747499396,0.9790257545005914,0.3222088256571015,1885,1254,1158,96,727,101,101,50.0,0,101,0.0,50.0,0,0.0,0,0.0,101,50.0,12.51,56.399,42.117,44.696,521.31,29.143,360.64,2.89,35.78,10.085,124.89,58.7,60.7,58.7,59.8,60.7,73.0,18.5,46.8,4469.0,4470,102
b213e4eb-09c01a17,FixedSkip-3,0.5434747376269228,0.3695942481221801,0.9355895978456918,0.30818289914603825,1885,1276,1089,187,796,68,134,66.34,0,134,0.0,66.34,0,0.0,0,0.0,68,33.66,9.05,39.156,39.61,43.289,355.5,27.058,243.06,2.837,25.36,9.714,87.08,58.3,60.4,58.5,59.2,60.4,80.6,17.9,41.9,4468.0,4469,72
b213e4eb-09c01a17,FixedSkip-5,0.4628338535292654,0.27863221261580967,0.8833479672380798,0.2790690918277125,1885,1260,974,286,911,41,161,79.7,0,161,0.0,79.7,0,0.0,0,0.0,41,20.3,5.98,24.129,36.315,40.909,216.64,24.192,144.49,2.856,16.95,9.267,55.2,57.9,59.4,58.1,59.2,59.4,68.3,16.7,35.0,4469.0,4470,52
b214d1e1-f248c616,FixedSkip-2,0.5088903923416621,0.32079902810698935,0.9592244318526195,0.28733649654734983,2069,1268,1090,178,979,100,100,50.0,0,100,0.0,50.0,0,0.0,0,0.0,100,50.0,12.42,56.701,42.513,44.698,523.06,29.366,361.33,2.999,36.86,10.148,124.88,59.1,60.5,58.6,59.6,60.5,93.9,19.3,46.5,4470.0,4472,100
b214d1e1-f248c616,FixedSkip-3,0.4238180070952199,0.238145852656256,0.9130506739456302,0.2586718948524475,2069,1223,944,279,1125,67,133,66.5,0,133,0.0,66.5,0,0.0,0,0.0,67,33.5,8.8,38.881,40.075,43.301,346.63,27.409,237.24,2.877,24.8,9.789,84.58,58.5,60.1,58.5,59.4,60.1,78.8,18.3,42.0,4471.0,4473,71
b214d1e1-f248c616,FixedSkip-5,0.28897689469089266,0.15258896385229131,0.8019971861160323,0.20939559970919253,2069,1190,699,491,1370,40,160,80.0,0,160,0.0,80.0,0,0.0,0,0.0,40,20.0,5.74,23.793,36.799,41.395,208.45,24.576,139.51,2.857,16.03,9.366,52.91,58.0,59.6,58.0,58.8,59.6,82.3,17.7,35.2,4473.0,4474,46
b21547c1-73e457f8,FixedSkip-2,0.5577103373238838,0.373818857623318,0.9662970094800317,0.3050627865258123,2076,1334,1194,140,882,102,101,49.75,0,101,0.0,49.75,0,0.0,0,0.0,102,50.25,12.41,56.9,42.697,44.698,521.72,29.485,360.24,3.032,37.04,10.18,124.45,58.8,60.4,58.7,59.6,60.4,60.6,18.7,47.5,4472.0,4475,103
b21547c1-73e457f8,FixedSkip-3,0.4663566186472939,0.28608333177262824,0.9162960354150771,0.27974689087405846,2076,1320,1042,278,1034,68,135,66.5,0,135,0.0,66.5,0,0.0,0,0.0,68,33.5,8.8,39.091,40.329,43.315,349.64,27.542,238.92,2.926,25.3,9.861,85.42,58.6,60.2,58.6,59.6,60.2,67.9,17.8,42.5,4470.0,4471,72
b21547c1-73e457f8,FixedSkip-5,0.3193896876407166,0.18512514304874628,0.7971237537462192,0.2278263812945894,2076,1295,793,502,1283,41,162,79.8,0,162,0.0,79.8,0,0.0,0,0.0,41,20.2,5.74,24.021,37.445,41.395,210.33,25.202,141.75,2.796,15.6,9.447,52.97,57.9,59.5,58.1,58.6,59.5,84.3,17.4,36.2,4474.0,4475,44
b21547c1-796757ac,FixedSkip-2,0.2255083950089814,0.13925472947575307,0.9561035728849688,0.12361766140835907,2365,624,556,68,1809,101,101,50.0,0,101,0.0,50.0,0,0.0,0,0.0,101,50.0,12.22,55.809,42.962,45.594,524.01,29.883,364.73,2.834,34.44,10.245,124.84,59.2,60.8,58.6,59.6,60.8,93.9,17.7,47.4,4478.0,4479,103
b21547c1-796757ac,FixedSkip-3,0.17800495347425105,0.10382289782363112,0.8993592074376426,0.10686977964586841,2365,589,462,127,1903,68,134,66.34,0,134,0.0,66.34,0,0.0,0,0.0,68,33.66,8.64,38.104,40.458,43.801,345.19,27.831,237.7,2.705,22.99,9.922,84.5,58.7,60.4,58.6,59.4,60.4,72.6,17.0,43.2,4472.0,4479,72
b21547c1-796757ac,FixedSkip-5,0.15331474804020873,0.08544205715119203,0.8221209151998965,0.09745776038299582,2365,605,433,172,1932,41,161,79.7,0,161,0.0,79.7,0,0.0,0,0.0,41,20.3,5.6,23.155,38.52,42.191,212.95,26.12,144.51,2.813,15.46,9.587,52.98,58.5,60.0,58.2,58.9,60.0,81.7,17.5,37.3,4472.0,4473,46
b2156f8e-72e1547c,FixedSkip-2,0.4207614676714007,0.2846149129000667,0.922292826031939,0.25675418011146967,840,487,376,111,464,96,95,49.74,0,95,0.0,49.74,0,0.0,0,0.0,96,50.26,11.71,55.919,42.144,44.696,491.14,29.373,342.51,2.596,30.15,10.174,118.49,59.2,60.6,58.6,59.7,60.4,73.1,15.4,46.4,4480.0,4481,98
b2156f8e-72e1547c,FixedSkip-3,0.35762485153337,0.2301250453336739,0.8786337421393356,0.2326691729323309,840,475,330,145,510,64,127,66.49,0,127,0.0,66.49,0,0.0,0,0.0,64,33.51,8.24,37.784,40.054,43.301,327.17,27.741,226.85,2.448,19.84,9.865,80.47,58.9,60.7,58.5,59.3,60.7,79.9,13.9,42.3,4473.0,4480,67
b2156f8e-72e1547c,FixedSkip-5,0.26945157924021174,0.16129056748729248,0.7644364912647116,0.20387721755368812,840,510,268,242,572,39,152,79.58,0,152,0.0,79.58,0,0.0,0,0.0,39,20.42,5.47,23.478,36.968,40.897,197.5,24.967,133.45,2.636,14.07,9.366,49.98,57.9,59.8,58.2,59.3,59.8,85.2,15.1,35.9,4474.0,4475,42
b215943a-10e44587,FixedSkip-2,0.5235000197957557,0.3393008129846723,0.8911121518011255,0.3230012269113766,792,601,458,143,334,96,95,49.74,0,95,0.0,49.74,0,0.0,0,0.0,96,50.26,11.71,56.093,42.197,45.197,493.57,29.408,344.26,2.601,30.23,10.188,119.08,59.1,60.7,58.6,59.5,60.9,87.6,15.6,46.6,4481.0,4482,96
b215943a-10e44587,FixedSkip-3,0.42916728880841526,0.27049263105991367,0.8328629456502091,0.28446752002786485,792,580,397,183,395,64,127,66.49,0,127,0.0,66.49,0,0.0,0,0.0,64,33.51,8.26,38.166,39.618,43.301,323.52,27.248,222.82,2.528,20.5,9.842,80.2,58.6,60.1,58.4,59.2,60.1,82.6,14.3,42.0,4473.0,4481,66
b215943a-10e44587,FixedSkip-5,0.30331255533730184,0.1792748167461538,0.7173820542393847,0.24153749667729932,792,608,305,303,487,39,152,79.58,0,152,0.0,79.58,0,0.0,0,0.0,39,20.42,5.47,23.634,36.93,42.304,201.43,24.864,135.86,2.661,14.4,9.406,51.17,58.2,60.0,58.2,59.7,59.8,82.3,14.8,35.4,4474.0,4475,44
b216243d-55963da2,FixedSkip-2,0.6536856914481696,0.4635204632616139,0.9799457053311587,0.3510788476799448,1713,1241,1140,101,573,52,51,49.51,0,51,0.0,49.51,0,0.0,0,0.0,52,50.49,6.68,59.538,40.1,43.701,262.99,27.314,179.23,2.969,19.41,9.817,64.35,58.4,59.8,58.4,59.3,59.8,80.0,18.2,40.9,4482.0,4483,55
b216243d-55963da2,FixedSkip-3,0.6074847237242529,0.39925999291418857,0.9574067548251151,0.33765456560655144,1713,1233,1082,151,631,35,68,66.02,0,68,0.0,66.02,0,0.0,0,0.0,35,33.98,5.0,43.189,36.803,41.408,181.67,24.563,121.52,2.933,14.32,9.308,45.83,57.9,59.4,58.0,58.8,59.4,79.5,17.8,34.2,4479.0,4486,41
b216243d-55963da2,FixedSkip-5,0.3999300098256485,0.2351420845757625,0.8275951369736338,0.27690055175790446,1713,1240,792,448,921,21,82,79.61,0,82,0.0,79.61,0,0.0,0,0.0,21,20.39,3.33,27.059,31.997,37.819,103.44,20.369,65.98,2.831,9.07,8.797,28.38,56.9,58.9,57.4,58.2,58.9,76.0,16.0,26.6,4478.0,4479,27
b216243d-ad4306b9,FixedSkip-2,0.6098033920351041,0.4223959471129092,0.9654314626147218,0.34233847151609204,1093,790,686,104,407,52,51,49.51,0,51,0.0,49.51,0,0.0,0,0.0,52,50.49,6.49,57.955,41.219,44.698,262.5,28.182,179.45,3.066,19.5,9.972,63.55,58.3,59.8,58.0,58.9,59.8,79.6,18.4,41.8,4480.0,4482,53
b216243d-ad4306b9,FixedSkip-3,0.5590357111168086,0.36321326439502954,0.9422393140016068,0.32600931869001404,1093,777,642,135,451,35,68,66.02,0,68,0.0,66.02,0,0.0,0,0.0,35,33.98,4.7,40.592,37.885,43.201,174.12,25.511,117.44,2.882,13.15,9.492,43.53,57.7,59.4,57.8,58.8,59.4,74.5,17.6,35.6,4475.0,4481,38
b216243d-ad4306b9,FixedSkip-5,0.4651597840331409,0.2835204175686905,0.8571587838738478,0.3061648866915335,1093,832,576,256,517,21,82,79.61,0,82,0.0,79.61,0,0.0,0,0.0,21,20.39,3.14,25.473,33.623,40.909,105.18,21.889,68.69,2.772,8.58,8.962,27.9,56.9,58.5,57.4,57.9,58.5,79.3,16.6,28.0,4482.0,4482,26
b2169b74-fa197951,FixedSkip-2,0.6736777154836189,0.46102127225588807,0.958272807003152,0.384835198241491,2040,1677,1422,255,618,102,101,49.75,0,101,0.0,49.75,0,0.0,0,0.0,102,50.25,12.92,57.891,41.396,44.3,529.83,28.549,365.46,2.822,36.03,10.025,128.35,58.3,60.1,58.0,59.3,60.1,75.5,17.1,46.0,4482.0,4486,107
b2169b74-fa197951,FixedSkip-3,0.5731569649641137,0.3673884195868953,0.9103747640812792,0.3495035231908505,2040,1639,1262,377,778,68,135,66.5,0,135,0.0,66.5,0,0.0,0,0.0,68,33.5,9.34,40.217,38.775,42.404,358.81,26.385,244.45,2.788,25.71,9.602,88.65,58.0,59.7,58.1,59.0,59.7,74.5,16.8,40.7,4481.0,4482,75
b2169b74-fa197951,FixedSkip-5,0.3659608455264093,0.22089121928574076,0.7569240415079765,0.27337395468515474,2040,1646,923,723,1117,41,162,79.8,0,162,0.0,79.8,0,0.0,0,0.0,41,20.2,6.23,24.785,35.627,39.81,219.06,23.741,146.43,2.755,16.72,9.131,55.91,57.5,59.1,57.7,58.4,59.1,78.9,16.0,33.9,4484.0,4486,49
b21742c2-0e7a2b57,FixedSkip-2,0.45371324367527727,0.29652114623699377,0.9389655744438306,0.2634211750875561,2128,1228,1019,209,1109,101,101,50.0,0,101,0.0,50.0,0,0.0,0,0.0,101,50.0,12.8,57.053,41.544,43.801,524.69,28.596,361.1,2.957,37.31,9.992,126.27,58.4,60.0,58.2,59.1,60.0,77.7,18.6,45.9,4480.0,4486,104
b21742c2-0e7a2b57,FixedSkip-3,0.39476489589322683,0.24233243066525784,0.8964476395584225,0.24020509115513766,2128,1189,925,264,1203,68,134,66.34,0,134,0.0,66.34,0,0.0,0,0.0,68,33.66,9.21,39.506,38.901,42.392,354.52,26.418,241.13,2.857,25.87,9.627,87.52,58.0,59.9,58.2,59.1,59.9,79.0,17.8,40.8,4488.0,4490,75
b21742c2-0e7a2b57,FixedSkip-5,0.3082464402818107,0.1743012523385125,0.8208662556497063,0.21242448198254832,2128,1196,766,430,1362,41,161,79.7,0,161,0.0,79.7,0,0.0,0,0.0,41,20.3,6.1,24.32,35.907,40.398,219.07,23.85,145.77,2.844,17.22,9.213,56.08,57.8,59.6,57.8,58.4,59.6,74.6,17.2,34.5,4492.0,4494,49
b21742c2-18d3463a,FixedSkip-2,0.5455714986442054,0.31477713839913446,0.8811145789215219,0.34097791783423476,3260,2636,1988,648,1272,101,101,50.0,0,101,0.0,50.0,0,0.0,0,0.0,101,50.0,13.51,59.88,40.097,43.301,540.56,27.395,369.47,2.96,39.82,9.743,131.27,58.3,60.0,58.4,59.3,60.0,73.5,18.3,43.4,4484.0,4489,109
b21742c2-18d3463a,FixedSkip-3,0.45050950889573504,0.24697205017128762,0.8066696630200277,0.31403163167670406,3260,2725,1762,963,1498,68,134,66.34,0,134,0.0,66.34,0,0.0,0,0.0,68,33.66,10.36,44.537,35.882,40.511,373.67,23.809,248.52,2.893,29.84,9.18,95.31,57.7,59.5,58.0,58.6,59.5,75.7,17.2,36.8,4491.0,4498,83
b21742c2-18d3463a,FixedSkip-5,0.3451478604627578,0.17439323823275854,0.7305474255820916,0.26964643203099775,3260,2660,1450,1210,1810,41,161,79.7,0,161,0.0,79.7,0,0.0,0,0.0,41,20.3,6.83,27.253,32.749,36.912,223.45,21.082,144.31,2.856,19.25,8.811,59.88,56.8,58.6,57.4,58.0,58.6,72.0,16.8,30.9,4498.0,4505,52
b2194b15-1825056a,FixedSkip-2,0.36889770726768156,0.23874077460907972,0.9720655288037096,0.19753317151010494,1798,741,681,60,1117,102,101,49.75,0,101,0.0,49.75,0,0.0,0,0.0,102,50.25,12.59,56.461,41.995,44.312,523.39,29.048,362.29,2.835,35.2,10.112,125.9,58.4,60.1,58.1,59.1,60.1,59.3,17.6,46.4,4498.0,4499,103
b2194b15-1825056a,FixedSkip-3,0.32769935862168814,0.19924672740180477,0.9238696696423037,0.1929729119186986,1798,778,631,147,1167,68,135,66.5,0,135,0.0,66.5,0,0.0,0,0.0,68,33.5,8.89,38.409,39.686,43.302,348.9,27.309,240.45,2.617,22.85,9.76,85.61,58.0,59.9,58.1,58.9,59.9,82.2,15.1,42.3,4501.0,4504,72
b2194b15-1825056a,FixedSkip-5,0.22465839023860065,0.12929799453022284,0.8187607142096925,0.15163695811385164,1798,726,475,251,1323,41,162,79.8,0,162,0.0,79.8,0,0.0,0,0.0,41,20.2,5.85,23.691,36.869,41.01,215.92,24.88,146.16,2.601,15.03,9.387,54.72,57.7,59.4,57.7,58.5,59.2,82.3,14.7,35.8,4504.0,4506,47
b21bfb83-ea32f716,FixedSkip-2,0.5207939769296901,0.3600997875127331,0.9909305045160116,0.270614616443821,2380,1306,1250,56,1130,101,101,50.0,0,101,0.0,50.0,0,0.0,0,0.0,101,50.0,12.74,57.003,41.591,44.598,525.04,28.669,362.09,2.909,36.58,10.013,126.37,58.5,60.4,58.5,59.6,60.4,84.0,18.5,45.8,4494.0,4506,106
b21bfb83-ea32f716,FixedSkip-3,0.5170995048105727,0.35182863948444687,0.9821758800738508,0.2707778349435012,2380,1323,1252,71,1128,68,134,66.34,0,134,0.0,66.34,0,0.0,0,0.0,68,33.66,9.21,39.761,39.211,42.305,358.62,26.699,244.3,2.869,26.13,9.643,88.19,58.2,60.0,58.4,59.2,60.0,83.5,17.8,41.2,4493.0,4496,74
b21bfb83-ea32f716,FixedSkip-5,0.46082193461689114,0.28819420178096655,0.9475923164473594,0.25560383970939976,2380,1314,1153,161,1227,41,161,79.7,0,161,0.0,79.7,0,0.0,0,0.0,41,20.3,6.06,24.369,36.182,40.51,218.18,24.065,145.32,2.867,17.18,9.25,55.68,57.8,59.3,57.9,58.7,59.3,72.4,17.2,34.7,4500.0,4502,50
b21c68e6-65674a17,FixedSkip-2,0.3682435561739735,0.20674259177503257,0.9054454390047233,0.22323462849491243,1742,902,697,205,1045,102,101,49.75,0,101,0.0,49.75,0,0.0,0,0.0,102,50.25,12.68,56.895,41.793,44.697,526.97,28.972,365.68,2.751,34.49,10.07,126.8,58.8,60.5,58.5,59.3,60.5,71.4,16.7,46.1,4500.0,4503,105
b21c68e6-65674a17,FixedSkip-3,0.27232580365352865,0.1449607062476928,0.8141619432695663,0.19278500894809594,1742,902,552,350,1190,68,135,66.5,0,135,0.0,66.5,0,0.0,0,0.0,68,33.5,8.97,38.919,39.376,43.302,349.06,27.02,239.55,2.586,22.89,9.77,86.62,58.4,60.4,58.4,59.3,60.4,72.0,15.0,42.0,4502.0,4504,73
b21c68e6-65674a17,FixedSkip-5,0.19019665752756762,0.09789501675989078,0.6893815881190455,0.1576618804294802,1742,932,422,510,1320,41,162,79.8,0,162,0.0,79.8,0,0.0,0,0.0,41,20.2,5.85,23.775,37.106,41.408,214.41,24.991,144.6,2.712,15.57,9.404,54.25,58.2,59.8,58.2,59.1,59.8,80.3,15.5,35.7,4501.0,4503,47
b21c86ac-0dc77d82,FixedSkip-2,0.7037238783889381,0.5313707127447881,0.9899134412807478,0.36138457839467664,1832,1344,1302,42,530,101,101,50.0,0,101,0.0,50.0,0,0.0,0,0.0,101,50.0,12.89,57.013,41.183,43.8,524.98,28.364,361.67,2.876,36.6,9.943,126.71,58.6,60.4,58.7,59.7,60.4,72.7,18.6,45.3,4492.0,4501,105
b21c86ac-0dc77d82,FixedSkip-3,0.6953849937097025,0.5192119944586463,0.9841105484081729,0.36065825650978495,1832,1350,1294,56,538,68,134,66.34,0,134,0.0,66.34,0,0.0,0,0.0,68,33.66,9.35,39.855,38.634,42.305,360.97,26.21,245.32,2.862,26.54,9.561,89.1,58.3,60.3,58.4,59.3,60.3,80.9,18.1,40.3,4494.0,4497,75
b21c86ac-0dc77d82,FixedSkip-5,0.6291791544464925,0.4425201352900257,0.9557468878570187,0.34423911062807905,1832,1342,1203,139,629,41,161,79.7,0,161,0.0,79.7,0,0.0,0,0.0,41,20.3,6.24,24.668,35.126,40.011,214.7,23.213,142.11,2.82,17.14,9.093,55.45,57.7,59.5,58.0,59.1,59.5,70.8,17.0,33.5,4500.0,4501,50
b21c86ac-2eb7ba16,FixedSkip-2,0.6129777622332808,0.4014753794418784,0.9387477228482429,0.36020313349225014,2889,2294,1863,431,1026,102,101,49.75,0,101,0.0,49.75,0,0.0,0,0.0,102,50.25,13.18,59.211,41.147,43.801,535.32,28.237,367.38,2.997,38.95,9.912,128.99,58.6,60.4,58.6,59.9,60.4,70.2,18.5,45.1,4496.0,4500,107
b21c86ac-2eb7ba16,FixedSkip-3,0.4430860389773236,0.27288563722556003,0.8277750804747925,0.3087093214670092,2889,2342,1472,870,1417,68,135,66.5,0,135,0.0,66.5,0,0.0,0,0.0,68,33.5,9.72,42.351,38.071,41.906,370.57,25.713,250.66,2.89,27.89,9.468,92.02,58.2,59.9,58.4,59.2,59.9,77.9,17.5,39.3,4503.0,4508,78
b21c86ac-2eb7ba16,FixedSkip-5,0.27713005723001183,0.16154787236052234,0.691182252857539,0.2299010929743379,2889,2236,1023,1213,1866,41,162,79.8,0,162,0.0,79.8,0,0.0,0,0.0,41,20.2,6.27,25.829,35.387,40.011,220.89,23.371,146.11,2.867,17.76,9.149,57.02,57.6,59.5,58.0,58.8,59.5,71.0,17.1,33.9,4509.0,4512,50
b21c86ac-71205084,FixedSkip-2,0.6458382896926361,0.4614834379261864,0.9672078353099084,0.3527286875859416,1914,1418,1274,144,640,101,101,50.0,0,101,0.0,50.0,0,0.0,0,0.0,101,50.0,12.92,57.688,41.272,43.802,526.38,28.364,361.78,2.921,37.22,9.986,127.39,58.5,60.3,58.5,59.6,60.3,84.0,18.9,45.3,4505.0,4509,105
b21c86ac-71205084,FixedSkip-3,0.5906423611373135,0.4022229117312797,0.9484348971867465,0.33203098185479263,1914,1370,1186,184,728,68,134,66.34,0,134,0.0,66.34,0,0.0,0,0.0,68,33.66,9.17,39.803,39.194,42.802,355.21,26.7,242.16,2.864,25.86,9.629,87.19,58.1,60.1,58.5,59.6,60.1,77.0,18.1,41.2,4506.0,4509,73
b21c86ac-71205084,FixedSkip-5,0.47422815798318785,0.2915950970378081,0.8636271126177705,0.3016322737471676,1914,1419,1029,390,885,41,161,79.7,0,161,0.0,79.7,0,0.0,0,0.0,41,20.3,6.04,24.617,36.279,40.896,217.09,24.148,144.7,2.862,17.02,9.269,55.37,57.9,59.8,58.0,58.9,59.8,74.7,17.2,34.8,4507.0,4509,48
b21d5efb-5e2cd743,FixedSkip-2,0.23232949945871392,0.13287417624542225,0.8861287121990677,0.14074239417989418,1350,448,350,98,1000,101,101,50.0,0,101,0.0,50.0,0,0.0,0,0.0,101,50.0,12.44,56.14,41.768,44.299,517.2,29.212,362.07,2.425,29.84,10.131,125.29,58.9,60.7,58.5,59.4,60.7,77.8,15.3,46.5,4501.0,4507,102
b21d5efb-5e2cd743,FixedSkip-3,0.1975819276689031,0.10147968883202482,0.842297508075522,0.1296113191843529,1350,445,308,137,1042,68,134,66.34,0,134,0.0,66.34,0,0.0,0,0.0,68,33.66,8.66,38.136,40.059,43.403,343.27,27.888,239.2,2.25,19.16,9.922,84.91,58.7,60.4,58.4,59.4,60.4,78.5,13.0,43.1,4505.0,4508,71
b21d5efb-5e2cd743,FixedSkip-5,0.16742198354622106,0.07635833874349277,0.7597393607643934,0.12119169378583601,1350,478,283,195,1067,41,161,79.7,0,161,0.0,79.7,0,0.0,0,0.0,41,20.3,5.61,23.467,37.586,41.907,208.48,25.66,142.5,2.344,12.93,9.582,53.05,58.5,59.9,58.1,58.8,59.9,90.9,12.3,36.9,4505.0,4511,44
b2208b0f-2796a692,FixedSkip-2,0.5983636144522659,0.3679819495585691,0.9265996643856994,0.3515241451117787,4174,3289,2665,624,1509,102,101,49.75,0,101,0.0,49.75,0,0.0,0,0.0,102,50.25,13.93,61.61,39.66,42.803,548.72,27.047,374.5,2.945,40.61,9.668,133.61,58.7,60.5,58.6,59.7,60.5,75.7,18.3,42.5,4499.0,4507,112
b2208b0f-2796a692,FixedSkip-3,0.4879052818606334,0.27807056723189677,0.8663331432522953,0.3170873005841008,4174,3260,2282,978,1892,68,135,66.5,0,135,0.0,66.5,0,0.0,0,0.0,68,33.5,10.72,46.1,35.265,39.513,377.23,23.259,249.1,2.931,31.16,9.074,96.97,57.7,59.6,58.2,59.3,59.6,72.6,17.0,36.0,4509.0,4514,86
b2208b0f-2796a692,FixedSkip-5,0.2770003094421895,0.14933497196831333,0.6874125407360715,0.2287822175597462,4174,3221,1501,1720,2673,41,162,79.8,0,162,0.0,79.8,0,0.0,0,0.0,41,20.2,7.08,28.562,31.729,36.015,225.58,20.186,143.83,2.83,19.94,8.713,61.81,56.7,58.5,57.5,59.0,58.8,61.6,16.1,30.6,4518.0,4521,57
b229488e-e4714bb7,FixedSkip-2,0.5831739831044507,0.3908355012756011,0.9886122557918606,0.3049500597875782,1354,840,798,42,556,101,101,50.0,0,101,0.0,50.0,0,0.0,0,0.0,101,50.0,12.37,56.338,42.576,45.096,522.97,29.444,361.81,2.949,36.08,10.183,125.07,58.6,60.2,58.2,59.4,60.2,86.9,18.7,46.9,4513.0,4522,102
b229488e-e4714bb7,FixedSkip-3,0.534289654729264,0.3331298909026426,0.9623580948813567,0.29697089479268524,1354,852,748,104,606,68,134,66.34,0,134,0.0,66.34,0,0.0,0,0.0,68,33.66,8.86,39.009,39.921,43.303,349.91,27.255,239.11,2.854,24.89,9.812,85.91,58.3,60.1,58.3,59.1,60.1,75.5,18.6,42.3,4519.0,4522,72
b229488e-e4714bb7,FixedSkip-5,0.3718971320101391,0.20485775830388295,0.8538534350633744,0.2451453254861767,1354,833,571,262,783,41,161,79.7,0,161,0.0,79.7,0,0.0,0,0.0,41,20.3,5.77,23.806,36.989,41.308,209.45,24.846,141.02,2.778,15.6,9.365,52.83,57.7,59.2,58.0,58.8,58.9,83.8,17.7,35.7,4519.0,4522,44
b22a4d9f-48b2e986,FixedSkip-2,0.6241891461367043,0.4452070367151582,0.967033994591326,0.34639691128581296,1414,1032,908,124,506,102,101,49.75,0,101,0.0,49.75,0,0.0,0,0.0,102,50.25,12.99,56.895,41.414,44.198,532.35,28.563,367.24,2.888,37.06,9.963,128.04,58.7,60.6,58.5,59.4,60.6,73.8,18.6,45.4,4516.0,4521,107
b22a4d9f-48b2e986,FixedSkip-3,0.5293368509458266,0.33849157279715236,0.9170100308654977,0.32372803362047203,1414,1042,801,241,613,68,135,66.5,0,135,0.0,66.5,0,0.0,0,0.0,68,33.5,9.25,38.918,39.017,42.304,358.38,26.581,244.4,2.82,25.77,9.615,88.21,58.1,60.2,58.4,59.4,60.2,84.3,17.7,41.1,4517.0,4519,73
b22a4d9f-48b2e986,FixedSkip-5,0.3062636418735868,0.1861682478878755,0.7540450710606718,0.23409196337857416,1414,994,525,469,889,41,162,79.8,0,162,0.0,79.8,0,0.0,0,0.0,41,20.2,6.16,23.899,35.914,40.298,221.54,23.908,147.86,2.844,17.36,9.162,56.32,57.9,59.5,58.0,58.8,59.7,79.0,17.2,34.2,4519.0,4523,49
b22a4d9f-73cc8810,FixedSkip-2,0.6772386630885184,0.43478403672426563,0.9672253104884991,0.3780310421286031,2255,1800,1569,231,686,102,101,49.75,0,101,0.0,49.75,0,0.0,0,0.0,102,50.25,13.25,58.024,40.728,43.687,535.24,27.974,367.87,2.906,38.09,9.848,129.28,58.5,60.5,58.6,59.7,60.5,71.8,18.1,44.5,4521.0,4526,108
b22a4d9f-73cc8810,FixedSkip-3,0.5536353971978889,0.32873538221181847,0.9074011363993812,0.34631015467252396,2255,1813,1341,472,914,68,135,66.5,0,135,0.0,66.5,0,0.0,0,0.0,68,33.5,9.69,40.662,38.139,41.395,369.51,25.801,250.34,2.888,27.8,9.45,91.36,58.6,60.2,58.4,59.3,60.2,77.5,17.1,38.9,4521.0,4527,79
b22a4d9f-73cc8810,FixedSkip-5,0.29140404538043163,0.16974684380223037,0.7054733547210111,0.2369786360640019,2255,1776,812,964,1443,41,162,79.8,0,162,0.0,79.8,0,0.0,0,0.0,41,20.2,6.5,25.27,33.888,37.31,220.83,22.08,144.25,2.825,18.26,8.983,58.33,57.4,58.8,57.9,58.5,58.8,66.9,16.1,32.7,4524.0,4526,52
b22e02cd-6af68e18,FixedSkip-2,0.39902174381646716,0.24240317508785333,0.9575290902405231,0.22903260988112115,865,424,357,67,508,101,101,50.0,0,101,0.0,50.0,0,0.0,0,0.0,101,50.0,12.33,55.933,42.153,44.798,519.86,29.532,364.51,2.433,29.82,10.189,125.53,59.2,60.7,58.4,59.7,60.7,80.7,14.4,46.9,4523.0,4528,101
b22e02cd-6af68e18,FixedSkip-3,0.30419999045887597,0.17460508867475083,0.8816968693318077,0.1988771988189795,865,417,287,130,578,68,134,66.34,0,134,0.0,66.34,0,0.0,0,0.0,68,33.66,8.7,38.153,40.151,43.402,345.64,27.863,240.19,2.395,20.49,9.893,84.97,58.9,60.2,58.5,59.3,60.2,65.8,13.7,42.6,4523.0,4526,72
b22e02cd-6af68e18,FixedSkip-5,0.19171587562040704,0.1002585898237452,0.7006367996701743,0.15539158013197607,865,452,206,246,659,41,161,79.7,0,161,0.0,79.7,0,0.0,0,0.0,41,20.3,5.64,23.484,37.415,41.995,206.21,25.477,140.47,2.407,13.24,9.532,52.5,58.1,59.9,58.1,59.2,59.9,84.9,13.2,36.8,4524.0,4527,45
b22f385b-5d7e5202,FixedSkip-2,0.7686591999678303,0.6581392594136174,0.9913590702441005,0.4043016988216051,1281,1050,992,58,289,101,101,50.0,0,101,0.0,50.0,0,0.0,0,0.0,101,50.0,12.86,56.563,41.444,43.8,528.5,28.521,363.92,2.953,37.57,9.969,127.01,59.0,60.4,58.8,59.8,60.4,76.8,19.1,45.3,4520.0,4531,104
b22f385b-5d7e5202,FixedSkip-3,0.751548114347934,0.6386188814172815,0.9844662832120966,0.4007169719474151,1281,1052,976,76,305,68,134,66.34,0,134,0.0,66.34,0,0.0,0,0.0,68,33.66,9.27,39.304,39.262,42.304,357.84,26.711,243.55,2.885,26.22,9.666,88.07,58.8,60.4,58.6,59.4,60.4,82.1,18.3,40.7,4524.0,4527,74
b22f385b-5d7e5202,FixedSkip-5,0.7091419197822957,0.58245874142632,0.9606992199220938,0.3947150736297146,1281,1073,941,132,340,41,161,79.7,0,161,0.0,79.7,0,0.0,0,0.0,41,20.3,6.2,24.188,35.781,40.0,218.46,23.802,145.48,2.828,17.17,9.152,55.81,58.1,59.7,58.3,59.2,59.7,72.0,17.4,34.0,4524.0,4526,49
b230132b-ff8f2719,FixedSkip-2,0.4713157739062645,0.3361297147537906,0.9699363494336898,0.2587402768212967,1616,877,782,95,834,102,101,49.75,0,101,0.0,49.75,0,0.0,0,0.0,102,50.25,12.73,56.844,41.995,44.696,533.71,28.962,368.28,2.938,37.23,10.096,128.19,59.2,60.6,58.9,60.0,60.6,76.5,18.9,46.0,4524.0,4525,104
b230132b-ff8f2719,FixedSkip-3,0.43034266300434054,0.2905456940896508,0.9428956484365101,0.25323633088755304,1616,896,728,168,888,68,135,66.5,0,135,0.0,66.5,0,0.0,0,0.0,68,33.5,8.98,38.906,39.804,43.301,355.79,27.189,243.26,2.841,25.27,9.773,87.26,58.9,60.6,58.7,59.4,60.6,74.5,17.8,41.8,4530.0,4531,74
b230132b-ff8f2719,FixedSkip-5,0.362015675619312,0.24148425402014878,0.9005282310679177,0.2287355037587092,1616,864,633,231,983,41,162,79.8,0,162,0.0,79.8,0,0.0,0,0.0,41,20.2,5.8,23.746,37.196,41.894,212.63,24.981,143.18,2.778,15.73,9.436,53.72,58.3,60.0,58.2,59.1,60.0,84.4,16.7,35.6,4532.0,4534,46
b230a7b2-c881c382,FixedSkip-2,0.31772659897382693,0.22196735330422251,0.9731398806594393,0.17350200803212854,830,300,270,30,560,102,101,49.75,0,101,0.0,49.75,0,0.0,0,0.0,102,50.25,12.45,56.068,42.631,44.785,527.01,29.743,367.83,2.64,32.57,10.248,126.61,59.5,60.9,58.8,59.8,60.9,86.9,16.7,47.1,4530.0,4532,103
b230a7b2-c881c382,FixedSkip-3,0.28420573192044185,0.17689061491136332,0.9291919820100343,0.16614770771397278,830,308,251,57,579,68,135,66.5,0,135,0.0,66.5,0,0.0,0,0.0,68,33.5,8.74,38.077,40.39,43.788,350.2,27.921,242.22,2.527,21.87,9.941,86.12,59.1,60.8,58.8,59.5,60.8,80.3,15.9,43.1,4533.0,4536,72
b230a7b2-c881c382,FixedSkip-5,0.19353470952373558,0.12311609542924218,0.845539991752465,0.12891566265060242,830,273,183,90,647,41,162,79.8,0,162,0.0,79.8,0,0.0,0,0.0,41,20.2,5.61,23.182,37.544,41.907,211.59,25.436,143.61,2.589,14.46,9.519,53.52,58.5,59.9,58.5,59.2,59.9,81.2,14.7,36.9,4533.0,4535,46
b231a630-c4522992,FixedSkip-2,0.628010236903876,0.4025404047165545,0.9623374132683323,0.35198727055511425,3209,2394,2082,312,1127,101,101,50.0,0,101,0.0,50.0,0,0.0,0,0.0,101,50.0,13.35,58.984,40.501,43.201,540.95,27.734,370.52,2.96,39.43,9.807,131.0,58.9,60.5,58.9,59.8,60.5,74.7,18.6,44.2,4531.0,4534,111
b231a630-c4522992,FixedSkip-3,0.555151061758251,0.3337027714887337,0.9218246151844722,0.33308084497827045,3209,2410,1905,505,1304,68,134,66.34,0,134,0.0,66.34,0,0.0,0,0.0,68,33.66,10.11,43.143,37.03,40.897,375.35,24.817,251.8,2.912,29.3,9.3,94.25,58.3,59.9,58.4,59.3,59.9,76.3,17.6,37.9,4533.0,4537,80
b231a630-c4522992,FixedSkip-5,0.45104494762317277,0.255035118089167,0.8389542906880523,0.2984884990638626,3209,2460,1672,788,1537,41,161,79.7,0,161,0.0,79.7,0,0.0,0,0.0,41,20.3,6.76,26.706,33.429,36.911,224.87,21.715,146.51,2.833,18.84,8.88,59.52,57.5,58.9,57.9,58.8,58.9,71.9,16.7,31.8,4533.0,4535,52
b232c7c9-d251d9ee,FixedSkip-2,0.6538263817240288,0.42330966027429157,0.9290691973747954,0.37935295196779867,3174,2686,2213,473,961,101,101,50.0,0,101,0.0,50.0,0,0.0,0,0.0,101,50.0,13.37,59.937,40.372,43.301,535.05,27.554,365.25,3.018,39.95,9.801,129.85,58.5,60.3,58.4,59.3,60.3,74.3,18.6,43.6,4528.0,4536,109
b232c7c9-d251d9ee,FixedSkip-3,0.5637231079105967,0.33321005828138917,0.8770876288056603,0.35628998714592713,3174,2729,1996,733,1178,68,134,66.34,0,134,0.0,66.34,0,0.0,0,0.0,68,33.66,10.06,43.979,37.028,41.295,369.52,24.763,247.25,2.95,29.32,9.316,92.95,58.1,60.0,58.2,59.0,60.0,71.8,17.6,37.8,4533.0,4537,81
b232c7c9-d251d9ee,FixedSkip-5,0.3742790551531239,0.2116415314052546,0.7458826601619135,0.28176228017947386,3174,2686,1492,1194,1682,41,161,79.7,0,161,0.0,79.7,0,0.0,0,0.0,41,20.3,6.62,27.2,33.416,38.515,219.59,21.628,142.33,2.876,18.79,8.913,58.47,57.0,58.9,57.5,58.1,58.9,66.5,16.7,32.1,4535.0,4538,54
b2331b83-648e56ca,FixedSkip-2,0.3802780904287898,0.267626716504898,0.984620414586829,0.20407171713412642,1521,636,586,50,935,101,101,50.0,0,101,0.0,50.0,0,0.0,0,0.0,101,50.0,12.45,56.386,42.14,44.698,519.42,29.026,357.86,2.997,36.87,10.117,124.69,58.5,60.0,58.2,59.2,60.0,59.7,18.5,46.4,4536.0,4540,103
b2331b83-648e56ca,FixedSkip-3,0.3195071985090974,0.21801682297699868,0.9371925528988332,0.1878591426317868,1521,631,512,119,1009,68,134,66.34,0,134,0.0,66.34,0,0.0,0,0.0,68,33.66,8.76,38.423,40.361,43.788,350.76,27.709,241.05,2.821,24.39,9.831,85.32,58.2,60.2,58.3,59.0,60.2,78.5,17.8,42.9,4540.0,4542,72
b2331b83-648e56ca,FixedSkip-5,0.2552764237568098,0.16204049589780595,0.852536055663585,0.17096914723755968,1521,658,437,221,1084,41,161,79.7,0,161,0.0,79.7,0,0.0,0,0.0,41,20.3,5.77,23.678,37.333,41.395,212.39,25.13,143.22,2.76,15.59,9.442,53.59,57.8,59.8,58.0,58.6,59.8,88.7,17.4,36.2,4538.0,4540,44
b2331b83-a28e6b57,FixedSkip-2,0.5536900509951965,0.36095321000850167,0.9110853379479894,0.33825375183961964,3230,2516,1926,590,1304,102,101,49.75,0,101,0.0,49.75,0,0.0,0,0.0,102,50.25,13.57,60.072,40.193,42.803,539.11,27.544,369.69,2.875,38.43,9.774,130.99,58.3,60.3,58.6,59.5,60.3,79.0,18.6,43.9,4531.0,4535,109
b2331b83-a28e6b57,FixedSkip-3,0.4512222252142408,0.2745782939911442,0.8368633836855688,0.30772387861458733,3230,2564,1672,892,1558,68,135,66.5,0,135,0.0,66.5,0,0.0,0,0.0,68,33.5,10.05,43.118,36.932,40.897,368.34,24.711,246.7,2.9,28.77,9.321,92.87,58.0,59.9,58.2,59.0,59.9,69.9,17.5,37.8,4536.0,4538,81
b2331b83-a28e6b57,FixedSkip-5,0.2871035087478369,0.1686234128057613,0.6907459874389615,0.23877057508636454,3230,2590,1190,1400,2040,41,162,79.8,0,162,0.0,79.8,0,0.0,0,0.0,41,20.2,6.7,26.822,33.296,37.311,222.54,21.54,144.24,2.856,18.94,8.9,59.36,57.1,58.8,57.6,58.3,58.7,68.9,16.7,31.8,4539.0,4541,52
b23493b1-3200de1c,FixedSkip-2,0.6061049205338884,0.3997163782214264,0.9211023418489399,0.3694085718307172,3179,2664,2052,612,1127,101,101,50.0,0,101,0.0,50.0,0,0.0,0,0.0,101,50.0,13.63,60.363,39.772,43.201,538.03,27.166,367.79,2.909,39.17,9.697,131.07,58.0,60.0,58.1,59.7,60.0,78.9,18.5,43.1,4541.0,4544,109
b23493b1-3200de1c,FixedSkip-3,0.4715604688951851,0.2915232498729428,0.8449432485381608,0.3249045768100422,3179,2649,1686,963,1493,68,134,66.34,0,134,0.0,66.34,0,0.0,0,0.0,68,33.66,10.08,43.553,37.391,41.307,368.95,25.094,247.42,2.953,29.12,9.344,92.4,57.9,59.5,58.0,58.8,59.5,68.4,17.6,38.4,4547.0,4550,82
b23493b1-3200de1c,FixedSkip-5,0.29751578596235373,0.18058197745212762,0.6912574640644581,0.24850310970990575,3179,2670,1193,1477,1986,41,161,79.7,0,161,0.0,79.7,0,0.0,0,0.0,41,20.3,6.71,26.859,33.52,38.505,221.54,21.798,144.34,2.861,18.78,8.86,58.41,56.8,58.5,57.4,58.2,58.6,66.5,16.7,31.9,4544.0,4547,54
b237db93-fab44bf2,FixedSkip-2,0.5787062142704338,0.4068401147419028,0.9573575836451935,0.3309128360411361,1017,717,610,107,407,102,101,49.75,0,101,0.0,49.75,0,0.0,0,0.0,102,50.25,12.75,56.515,41.854,44.298,530.0,28.893,366.09,2.919,36.86,10.042,127.05,58.2,60.0,58.1,59.4,60.0,79.6,18.7,45.8,4548.0,4553,106
b237db93-fab44bf2,FixedSkip-3,0.4997187322803709,0.3180886226993901,0.9143604912736699,0.3022556369793736,1017,698,548,150,469,68,135,66.5,0,135,0.0,66.5,0,0.0,0,0.0,68,33.5,8.88,38.306,40.184,42.791,351.18,27.57,241.09,2.793,24.32,9.822,85.77,58.3,60.0,58.1,59.1,60.0,83.8,17.4,42.4,4541.0,4545,72
b237db93-fab44bf2,FixedSkip-5,0.42612200155525515,0.24019021679911878,0.8621311742810819,0.2790263264614547,1017,708,485,223,532,41,162,79.8,0,162,0.0,79.8,0,0.0,0,0.0,41,20.2,5.88,23.678,36.528,41.395,214.69,24.418,143.85,2.803,16.31,9.307,54.53,57.6,59.4,57.9,58.9,59.4,80.9,17.0,35.4,4543.0,4546,48
b23a79d1-43dfeecd,FixedSkip-2,0.40695572982062456,0.2688163216930963,0.9537773546607783,0.23438889544038793,1690,853,714,139,976,102,101,49.75,0,101,0.0,49.75,0,0.0,0,0.0,102,50.25,12.48,56.651,42.475,44.797,524.01,29.214,360.6,3.082,37.96,10.179,125.45,58.7,59.6,58.7,59.7,59.7,48.0,18.5,46.9,4546.0,4550,103
b23a79d1-43dfeecd,FixedSkip-3,0.3267227885569528,0.1913433097188307,0.8992653508037117,0.20521732778143031,1690,810,600,210,1090,68,135,66.5,0,135,0.0,66.5,0,0.0,0,0.0,68,33.5,8.75,38.515,40.437,43.788,348.87,27.803,240.01,2.749,23.64,9.886,85.23,58.6,60.4,58.4,59.2,60.4,73.2,16.5,42.9,4545.0,4547,72
b23a79d1-43dfeecd,FixedSkip-5,0.2297657012840359,0.12543942994837023,0.7749545590394425,0.17027358833984055,1690,829,466,363,1224,41,162,79.8,0,162,0.0,79.8,0,0.0,0,0.0,41,20.2,5.68,23.601,37.644,41.496,213.75,25.396,144.42,2.771,15.62,9.477,53.71,58.1,59.7,58.0,58.8,59.7,74.5,16.0,36.8,4544.0,4546,50
b23a79d1-e434acaa,FixedSkip-2,0.5587779709244051,0.3970724738756767,0.9747088491513667,0.31252477681049107,1078,702,614,88,464,102,101,49.75,0,101,0.0,49.75,0,0.0,0,0.0,102,50.25,12.64,56.477,42.01,44.584,526.48,29.053,364.4,2.853,35.56,10.104,126.53,59.0,60.0,58.7,59.7,60.2,63.7,16.9,46.3,4546.0,4548,104
b23a79d1-e434acaa,FixedSkip-3,0.45541126072116833,0.30296073622288255,0.912395686666956,0.2828756957328386,1078,700,526,174,552,68,135,66.5,0,135,0.0,66.5,0,0.0,0,0.0,68,33.5,8.95,38.547,39.485,42.903,347.56,27.126,238.82,2.6,22.75,9.759,85.99,58.4,60.1,58.5,59.5,60.1,79.4,15.2,42.2,4549.0,4551,72
b23a79d1-e434acaa,FixedSkip-5,0.3243129834839339,0.20243527257761654,0.7887475373202755,0.23218737872851666,1078,698,421,277,657,41,162,79.8,0,162,0.0,79.8,0,0.0,0,0.0,41,20.2,5.86,23.579,36.769,40.897,212.33,24.797,143.49,2.626,15.05,9.346,53.79,58.1,59.8,58.1,58.9,59.8,75.6,15.1,35.5,4547.0,4550,47
b23adb0d-72704b27,FixedSkip-2,0.5161342576038616,0.35222518864525665,0.9934474249524802,0.269608385837074,1208,658,627,31,581,101,101,50.0,0,101,0.0,50.0,0,0.0,0,0.0,101,50.0,12.31,56.16,42.046,44.797,516.57,29.08,357.45,2.842,34.83,10.124,124.29,58.7,60.5,58.6,59.5,60.5,78.4,18.5,47.2,4544.0,4548,103
b23adb0d-72704b27,FixedSkip-3,0.4668179701558298,0.292191936982832,0.9710469215740335,0.2610784382482893,1208,661,577,84,631,68,134,66.34,0,134,0.0,66.34,0,0.0,0,0.0,68,33.66,8.74,38.54,40.246,43.788,347.19,27.617,238.4,2.782,23.93,9.847,84.86,58.5,60.3,58.8,59.5,60.3,81.2,18.0,42.9,4545.0,4548,71
b23adb0d-72704b27,FixedSkip-5,0.3505934689870329,0.1996469287498989,0.8998282189229485,0.22183321381870333,1208,628,458,170,750,41,161,79.7,0,161,0.0,79.7,0,0.0,0,0.0,41,20.3,5.74,23.776,37.071,42.291,210.71,24.891,141.87,2.743,15.44,9.436,53.41,58.0,59.6,58.3,59.1,59.6,85.9,17.3,36.0,4548.0,4550,46
b23adb0d-8a7aaced,FixedSkip-2,0.35902327337324125,0.2144389351157059,0.9116670578877165,0.2152054475802724,2147,1063,833,230,1314,102,101,49.75,0,101,0.0,49.75,0,0.0,0,0.0,102,50.25,12.82,57.253,41.383,43.888,526.29,28.607,364.02,2.78,35.24,9.996,127.02,58.8,60.6,58.9,59.8,60.6,78.6,18.6,46.0,4546.0,4551,105
b23adb0d-8a7aaced,FixedSkip-3,0.28215229986821133,0.1591283417255474,0.8292753408312161,0.19215596217408776,2147,1079,702,377,1445,68,135,66.5,0,135,0.0,66.5,0,0.0,0,0.0,68,33.5,9.04,39.153,39.452,42.891,351.55,27.085,241.61,2.599,23.01,9.768,86.93,58.8,60.3,58.7,59.7,60.3,85.6,15.7,41.5,4551.0,4554,74
b23adb0d-8a7aaced,FixedSkip-5,0.17777463874180527,0.09452695902662894,0.6917649742789174,0.14855978815488557,2147,1068,488,580,1659,41,162,79.8,0,162,0.0,79.8,0,0.0,0,0.0,41,20.2,5.84,23.957,36.747,41.295,210.36,24.649,141.3,2.709,15.42,9.39,53.64,58.1,59.8,58.3,58.8,59.8,83.3,15.9,35.5,4548.0,4551,46
b23b2649-1a78948d,FixedSkip-2,0.5839310042377095,0.37790369251272005,0.9145719046816401,0.36515697271511227,1332,1118,828,290,504,95,95,50.0,0,95,0.0,50.0,0,0.0,0,0.0,95,50.0,12.13,57.28,41.307,44.186,496.57,28.415,341.41,2.899,34.88,9.993,120.28,59.0,60.6,58.8,59.8,60.6,68.6,18.4,45.2,4541.0,4551,100
b23b2649-1a78948d,FixedSkip-3,0.44297425140874136,0.2712412044540834,0.8272885915838093,0.31396314940618736,1332,1106,670,436,662,64,126,66.32,0,126,0.0,66.32,0,0.0,0,0.0,64,33.68,8.67,39.368,39.228,42.292,335.95,26.734,229.32,2.856,24.28,9.639,82.36,58.7,60.2,58.6,59.3,60.2,84.2,17.6,40.4,4547.0,4555,70
b23b2649-1a78948d,FixedSkip-5,0.2631247597363447,0.1551395998970426,0.6626375189920258,0.22873300843597874,1332,1111,432,679,900,38,152,80.0,0,152,0.0,80.0,0,0.0,0,0.0,38,20.0,5.63,23.807,36.251,40.398,201.45,24.202,134.84,2.805,15.41,9.244,51.2,58.2,59.8,58.1,58.7,59.8,85.4,17.2,33.9,4554.0,4557,43
b23b2649-6af03cd5,FixedSkip-2,0.670063600141796,0.4809209568623243,0.9532364867282609,0.3867287200789097,1469,1225,1022,203,447,102,101,49.75,0,101,0.0,49.75,0,0.0,0,0.0,102,50.25,12.9,57.207,41.466,44.198,532.8,28.558,367.15,2.925,37.48,9.983,128.16,58.9,60.8,58.7,59.7,60.8,66.6,18.2,45.5,4552.0,4558,107
b23b2649-6af03cd5,FixedSkip-3,0.5761279155930599,0.38984541628126373,0.9019366498513648,0.35685732080008115,1469,1222,919,303,550,68,135,66.5,0,135,0.0,66.5,0,0.0,0,0.0,68,33.5,9.3,39.3,39.278,42.292,363.07,26.809,247.92,2.842,26.14,9.628,89.0,58.6,60.2,58.6,59.6,60.2,89.1,17.8,41.0,4552.0,4557,73
b23b2649-6af03cd5,FixedSkip-5,0.42321473460948245,0.26273516259124113,0.8049362929469234,0.30457194669670884,1469,1223,726,497,743,41,162,79.8,0,162,0.0,79.8,0,0.0,0,0.0,41,20.2,6.1,24.118,35.875,39.999,216.58,23.824,144.09,2.844,17.05,9.207,55.43,58.1,59.8,58.2,58.8,59.8,70.5,16.4,34.2,4550.0,4552,49
b23b2649-8349d2a1,FixedSkip-2,0.46147101738667545,0.2443512462408576,0.8896046008275784,0.2711701215843427,1493,944,770,174,723,46,46,50.0,0,46,0.0,50.0,0,0.0,0,0.0,46,50.0,5.96,58.54,39.757,43.687,231.81,26.968,157.45,3.014,17.5,9.775,56.86,58.5,59.7,58.3,59.2,59.7,79.9,18.0,39.2,4551.0,4553,49
b23b2649-8349d2a1,FixedSkip-3,0.40993261799198066,0.2082139292317466,0.8419677788477515,0.25588949901920754,1493,953,720,233,773,31,61,66.3,0,61,0.0,66.3,0,0.0,0,0.0,31,33.7,4.45,42.341,35.686,40.409,155.86,23.691,103.88,2.81,12.1,9.185,39.89,57.3,59.0,57.9,58.4,59.0,83.2,17.2,32.4,4549.0,4553,34
b23b2649-8349d2a1,FixedSkip-5,0.3478575578952685,0.17748086667290147,0.7873523053249565,0.2390568768241431,1493,965,647,318,846,19,73,79.35,0,73,0.0,79.35,0,0.0,0,0.0,19,20.65,3.03,26.974,32.165,38.604,94.5,20.605,60.63,2.802,8.17,8.757,25.71,57.0,59.2,57.4,58.0,59.2,67.8,16.7,25.8,4551.0,4554,25
b23bb45f-ddeea1d8,FixedSkip-2,0.7400407536266191,0.5097124158509646,0.9838340679403764,0.40103876074482325,1035,852,776,76,259,102,101,49.75,0,101,0.0,49.75,0,0.0,0,0.0,102,50.25,12.84,56.663,41.542,44.198,528.23,28.626,364.14,2.905,36.87,10.01,127.22,58.5,60.2,58.4,59.2,60.2,71.0,18.2,45.9,4549.0,4555,105
b23bb45f-ddeea1d8,FixedSkip-3,0.6657989278729077,0.4306560114116281,0.9456603528424399,0.38522072297184745,1035,870,721,149,314,68,135,66.5,0,135,0.0,66.5,0,0.0,0,0.0,68,33.5,9.18,38.808,38.986,42.393,356.03,26.611,243.27,2.724,24.78,9.651,87.98,58.1,60.4,58.3,59.1,60.4,81.3,16.8,41.1,4550.0,4553,75
b23bb45f-ddeea1d8,FixedSkip-5,0.5242959472461096,0.31816144428535414,0.8570229540550716,0.3412790953008344,1035,880,616,264,419,41,162,79.8,0,162,0.0,79.8,0,0.0,0,0.0,41,20.2,6.09,23.841,35.985,40.398,219.04,24.071,146.82,2.712,16.36,9.202,55.86,58.0,59.5,57.9,58.6,59.5,78.8,16.0,34.6,4544.0,4546,48
b23c9e00-b425de1b,FixedSkip-2,0.4383562233188226,0.3140338373445402,0.9734619669400921,0.23915682206320307,2717,1356,1219,137,1498,101,101,50.0,0,101,0.0,50.0,0,0.0,0,0.0,101,50.0,12.56,57.05,42.089,44.696,523.89,28.955,360.53,3.053,37.94,10.081,125.42,59.0,60.7,58.7,59.7,60.7,76.7,18.7,46.1,4544.0,4548,105
b23c9e00-b425de1b,FixedSkip-3,0.39444245822535484,0.2679428752964315,0.9451779759154105,0.22219701311265838,2717,1314,1127,187,1590,68,134,66.34,0,134,0.0,66.34,0,0.0,0,0.0,68,33.66,8.99,39.644,39.659,42.803,352.1,27.034,240.25,2.902,25.65,9.723,86.2,58.4,60.2,58.5,59.2,60.2,76.3,18.1,41.7,4551.0,4555,73
b23c9e00-b425de1b,FixedSkip-5,0.3106133213585568,0.19438009805423276,0.8583461677995762,0.19808963751033687,2717,1341,960,381,1757,41,161,79.7,0,161,0.0,79.7,0,0.0,0,0.0,41,20.3,5.85,24.293,37.162,41.395,215.55,24.865,144.29,2.923,16.89,9.374,54.37,58.2,59.8,58.1,58.8,59.8,73.1,17.5,35.6,4560.0,4562,50
b23f7012-32d284ce,FixedSkip-2,0.32296553117355487,0.20160789806832188,0.9411971230525739,0.18532555183587246,1660,673,565,108,1095,102,101,49.75,0,101,0.0,49.75,0,0.0,0,0.0,102,50.25,12.37,56.015,42.696,44.698,522.06,29.678,362.86,2.792,34.1,10.226,125.1,59.2,60.1,58.8,59.8,60.1,84.1,16.8,47.5,4562.0,4564,102
b23f7012-32d284ce,FixedSkip-3,0.2737969117085162,0.157711155182994,0.8947386290610855,0.17088142991126182,1660,668,497,171,1163,68,135,66.5,0,135,0.0,66.5,0,0.0,0,0.0,68,33.5,8.82,38.171,40.092,43.301,352.36,27.644,243.39,2.577,22.45,9.87,86.52,59.0,60.4,58.7,59.7,60.4,77.6,15.4,42.3,4555.0,4560,72
b23f7012-32d284ce,FixedSkip-5,0.18659662451394393,0.10286894409770822,0.7715750176962191,0.13750710604976987,1660,657,377,280,1283,41,162,79.8,0,162,0.0,79.8,0,0.0,0,0.0,41,20.2,5.66,23.178,37.667,41.994,207.2,25.549,140.58,2.602,14.29,9.516,52.32,58.2,59.8,58.3,59.2,59.8,82.2,14.2,37.0,4560.0,4561,45
b23f7012-fab06dac,FixedSkip-2,0.30741721111724407,0.21380830408125856,0.9753492706217131,0.16528449185975438,1714,588,539,49,1175,101,101,50.0,0,101,0.0,50.0,0,0.0,0,0.0,101,50.0,12.42,55.985,41.982,45.196,515.71,29.006,356.59,2.831,34.65,10.145,124.47,59.0,60.3,59.0,60.0,60.3,46.2,18.4,46.8,4561.0,4563,102
b23f7012-fab06dac,FixedSkip-3,0.2679174730295457,0.17606944056940896,0.9385025135220023,0.15277851186579877,1714,574,486,88,1228,68,134,66.34,0,134,0.0,66.34,0,0.0,0,0.0,68,33.66,8.69,37.976,40.486,43.788,347.78,27.868,239.67,2.725,23.21,9.894,84.9,58.9,60.4,58.9,59.7,60.4,78.8,16.9,42.8,4560.0,4562,70
b23f7012-fab06dac,FixedSkip-5,0.25019467920584576,0.1493290673094843,0.8984085887928543,0.1472948501070451,1714,587,473,114,1241,41,161,79.7,0,161,0.0,79.7,0,0.0,0,0.0,41,20.3,5.68,23.368,37.207,41.693,210.77,25.095,142.52,2.672,14.96,9.44,53.29,58.1,60.1,58.5,59.5,60.1,81.8,16.0,36.5,4557.0,4558,45
b23fe89b-c704fe97,FixedSkip-2,0.5471495710483023,0.3626011466228669,0.9760820613620562,0.2991317205891051,1166,725,651,74,515,102,101,49.75,0,101,0.0,49.75,0,0.0,0,0.0,102,50.25,12.55,56.545,42.274,45.082,529.8,29.17,365.85,2.942,36.73,10.162,127.22,59.3,60.8,59.1,59.9,60.8,86.0,19.1,46.7,4559.0,4560,103
b23fe89b-c704fe97,FixedSkip-3,0.4230034216135003,0.25119682167839874,0.9013267011856103,0.26551864847488427,1166,723,534,189,632,68,135,66.5,0,135,0.0,66.5,0,0.0,0,0.0,68,33.5,8.84,38.218,40.175,43.699,349.59,27.595,240.27,2.749,23.85,9.831,85.47,58.8,60.7,58.9,59.7,60.7,79.2,18.0,42.6,4559.0,4560,72
b23fe89b-c704fe97,FixedSkip-5,0.28286545787798534,0.1529679467315717,0.7704346346554636,0.2134120049657421,1166,724,394,330,772,41,162,79.8,0,162,0.0,79.8,0,0.0,0,0.0,41,20.2,5.75,23.337,37.791,41.894,212.22,25.573,143.84,2.769,15.44,9.449,52.94,58.3,60.4,58.5,59.3,60.4,84.3,17.5,36.3,4561.0,4561,44
b24071b8-b3ee1196,FixedSkip-2,0.5575106753344905,0.33604239859109797,0.9047714595176242,0.3434070415866754,4862,3868,2940,928,1922,101,101,50.0,0,101,0.0,50.0,0,0.0,0,0.0,101,50.0,14.21,63.428,38.947,42.292,551.37,26.405,374.05,3.001,42.33,9.541,135.0,58.7,60.2,58.9,59.8,60.2,80.4,18.3,41.7,4558.0,4560,112
b24071b8-b3ee1196,FixedSkip-3,0.42696723951905147,0.24548278167269713,0.8119252498921332,0.29741956715011747,4862,3875,2448,1427,2414,68,134,66.34,0,134,0.0,66.34,0,0.0,0,0.0,68,33.66,11.28,49.26,33.965,40.398,379.94,22.107,247.51,2.929,32.64,8.929,99.79,57.5,59.7,58.1,58.7,59.7,62.9,16.9,34.5,4562.0,4564,90
b24071b8-b3ee1196,FixedSkip-5,0.2715338989325134,0.1512030007786307,0.6723148208032731,0.2304451889736883,4862,3868,1742,2126,3120,41,161,79.7,0,161,0.0,79.7,0,0.0,0,0.0,41,20.3,7.46,30.497,30.657,37.31,227.92,19.237,143.37,2.891,21.29,8.529,63.26,56.3,58.3,57.3,57.8,58.3,60.2,16.1,29.6,4564.0,4565,61
b2408e45-984ba5aa,FixedSkip-2,0.5974014945551174,0.39017254108948496,0.9403580754193334,0.3550631203233272,1945,1524,1216,308,729,102,101,49.75,0,101,0.0,49.75,0,0.0,0,0.0,102,50.25,12.65,57.369,42.192,44.684,529.98,29.052,365.13,3.051,38.21,10.089,126.64,58.3,60.2,58.1,59.2,60.2,62.8,18.7,46.2,4567.0,4570,106
b2408e45-984ba5aa,FixedSkip-3,0.48757992946841133,0.2995765078106683,0.8738904306247685,0.320612522158979,1945,1527,1045,482,900,68,135,66.5,0,135,0.0,66.5,0,0.0,0,0.0,68,33.5,8.99,39.348,39.771,42.803,354.44,27.161,242.33,2.891,25.63,9.719,86.47,58.0,60.1,58.1,58.9,60.2,76.8,18.1,41.8,4567.0,4569,73
b2408e45-984ba5aa,FixedSkip-5,0.28191585707662353,0.16182154532923404,0.695770037268977,0.2354568215502876,1945,1535,686,849,1259,41,162,79.8,0,162,0.0,79.8,0,0.0,0,0.0,41,20.2,5.95,24.387,36.764,40.897,218.23,24.616,146.47,2.821,16.57,9.327,55.19,57.8,59.4,57.7,58.4,59.4,82.5,17.5,35.1,4566.0,4567,47
b242929f-3051abca,FixedSkip-2,0.5537915415826495,0.37658975276937473,0.9492512278783938,0.3179965486277283,1863,1284,1077,207,786,101,101,50.0,0,101,0.0,50.0,0,0.0,0,0.0,101,50.0,12.52,56.564,42.019,44.2,520.84,28.888,358.17,3.063,37.92,10.069,124.76,58.5,60.2,58.4,59.3,60.2,52.5,18.6,46.4,4565.0,4569,103
b242929f-3051abca,FixedSkip-3,0.4875655578040514,0.314093063117875,0.8990362752509341,0.30211905152897367,1863,1314,991,323,872,68,134,66.34,0,134,0.0,66.34,0,0.0,0,0.0,68,33.66,9.01,39.236,39.604,43.201,352.9,27.04,241.16,2.854,25.3,9.71,86.44,58.1,60.2,58.2,59.0,60.2,78.7,18.1,41.8,4565.0,4567,72
b242929f-3051abca,FixedSkip-5,0.405625261072182,0.2396713496475075,0.8564038318333981,0.2733457410933779,1863,1271,849,422,1014,41,161,79.7,0,161,0.0,79.7,0,0.0,0,0.0,41,20.3,5.93,24.044,36.676,40.909,214.94,24.511,143.81,2.846,16.58,9.319,54.54,57.9,59.5,57.8,58.6,59.5,76.8,17.0,35.2,4563.0,4564,47
b242f6b2-0033bdfb,FixedSkip-2,0.39155372332928784,0.28595152936706747,0.986315050779388,0.20524919598114477,2809,1178,1114,64,1695,101,101,50.0,0,101,0.0,50.0,0,0.0,0,0.0,101,50.0,12.38,56.419,42.02,44.212,515.6,28.962,355.48,2.976,36.46,10.082,123.66,58.4,59.4,58.4,59.2,59.4,46.1,18.6,46.8,4567.0,4569,102
b242f6b2-0033bdfb,FixedSkip-3,0.36608041573549976,0.2513248476636517,0.965308899526809,0.1977084420429442,2809,1168,1063,105,1746,68,134,66.34,0,134,0.0,66.34,0,0.0,0,0.0,68,33.66,8.84,38.923,40.227,43.8,352.1,27.488,240.83,2.932,25.54,9.808,85.73,58.3,60.2,58.3,59.1,60.2,77.7,18.2,42.3,4567.0,4568,72
b242f6b2-0033bdfb,FixedSkip-5,0.323078453287928,0.20171525528371462,0.9204201568178113,0.1888117724840025,2809,1190,978,212,1831,41,161,79.7,0,161,0.0,79.7,0,0.0,0,0.0,41,20.3,5.81,23.912,37.453,41.793,213.36,25.137,143.33,2.882,16.31,9.434,53.72,58.0,59.6,57.9,59.0,59.6,85.0,17.7,35.8,4568.0,4569,46
b242f6b2-99d2f2c1,FixedSkip-2,0.233592831253693,0.1376242582847716,0.9166969064483053,0.13843650005516936,1520,477,383,94,1137,102,101,49.75,0,101,0.0,49.75,0,0.0,0,0.0,102,50.25,12.21,55.877,42.835,45.197,518.12,29.892,361.83,2.638,31.73,10.305,124.56,59.1,60.4,58.5,59.4,60.4,77.0,15.6,47.7,4570.0,4572,101
b242f6b2-99d2f2c1,FixedSkip-3,0.1924298387511394,0.10539653289247752,0.853421497196775,0.12715039147455415,1520,484,332,152,1188,68,135,66.5,0,135,0.0,66.5,0,0.0,0,0.0,68,33.5,8.51,37.613,40.728,43.888,341.93,28.429,238.88,2.298,19.19,10.0,83.86,58.7,59.9,58.3,59.3,60.0,83.2,12.6,43.9,4573.0,4576,70
b242f6b2-99d2f2c1,FixedSkip-5,0.1532505236217544,0.0736022417013896,0.7776950182536236,0.10956391775617388,1520,471,286,185,1234,41,162,79.8,0,162,0.0,79.8,0,0.0,0,0.0,41,20.2,5.5,22.932,37.869,41.994,203.82,25.955,139.86,2.353,12.59,9.561,51.38,58.0,59.8,58.0,58.9,59.8,80.0,12.2,37.5,4576.0,4576,44
b242f6b2-eaa39345,FixedSkip-2,0.4372118105205873,0.29785159778290143,0.9670536142573081,0.24731774396788467,1683,878,755,123,928,101,101,50.0,0,101,0.0,50.0,0,0.0,0,0.0,101,50.0,12.23,55.875,42.897,45.594,520.63,29.631,359.82,3.026,36.64,10.24,124.17,59.1,60.3,58.7,59.6,60.3,79.9,18.6,47.4,4576.0,4577,102
b242f6b2-eaa39345,FixedSkip-3,0.368695886527894,0.23359713038715343,0.9313605766919016,0.22534935929774996,1683,848,652,196,1031,68,134,66.34,0,134,0.0,66.34,0,0.0,0,0.0,68,33.66,8.69,38.304,40.536,43.8,347.08,27.914,239.1,2.72,23.23,9.902,84.75,58.7,60.4,58.6,59.7,60.4,65.3,16.3,43.2,4576.0,4577,71
b242f6b2-eaa39345,FixedSkip-5,0.3061909852628434,0.18499234839785492,0.8497590572090052,0.20559605536570216,1683,881,581,300,1102,41,161,79.7,0,161,0.0,79.7,0,0.0,0,0.0,41,20.3,5.7,23.628,37.289,41.805,208.52,25.17,140.94,2.67,14.84,9.449,52.73,58.0,59.6,58.2,59.0,59.6,80.8,15.7,36.4,4574.0,4576,44
b242f6b2-f5da110f,FixedSkip-2,0.3774610138032181,0.23869588520383106,0.9536910695090189,0.21176150234741783,1875,852,738,114,1137,101,100,49.75,0,100,0.0,49.75,0,0.0,0,0.0,101,50.25,12.2,56.199,42.804,45.197,517.52,29.724,359.64,2.832,34.06,10.248,123.81,59.2,60.7,58.9,60.1,60.7,80.5,17.4,47.3,4572.0,4573,100
b242f6b2-f5da110f,FixedSkip-3,0.3300083865123823,0.18861499791969732,0.9129632369035332,0.20021742160278747,1875,861,666,195,1209,67,134,66.67,0,134,0.0,66.67,0,0.0,0,0.0,67,33.33,8.62,38.084,40.37,43.699,343.8,27.818,237.12,2.704,22.92,9.848,83.75,58.7,60.5,58.6,59.4,60.5,82.7,17.2,42.7,4578.0,4579,71
b242f6b2-f5da110f,FixedSkip-5,0.25949790006092766,0.1387463506922326,0.8267822743497738,0.1750175764614789,1875,861,567,294,1308,41,160,79.6,0,160,0.0,79.6,0,0.0,0,0.0,41,20.4,5.71,23.885,37.095,41.995,211.04,24.96,142.33,2.703,15.23,9.432,53.48,58.2,60.0,58.2,59.1,60.0,80.9,16.5,36.0,4580.0,4582,47
b24380ab-63272e5a,FixedSkip-2,0.07427458535745304,0.04112226782354776,0.9313298386117657,0.04369407821935566,811,78,64,14,747,100,100,50.0,0,100,0.0,50.0,0,0.0,0,0.0,100,50.0,11.95,55.026,42.054,44.5,498.04,29.969,355.06,1.775,20.93,10.31,122.05,59.3,60.7,58.5,59.3,60.7,87.3,8.9,47.9,4586.0,4588,96
b24380ab-63272e5a,FixedSkip-3,0.053845130562188634,0.02776474002096126,0.8374936942401061,0.03510754897931223,811,72,51,21,760,67,133,66.5,0,133,0.0,66.5,0,0.0,0,0.0,67,33.5,8.28,36.936,40.503,43.489,331.26,28.621,234.32,1.816,14.75,10.066,82.19,59.1,60.7,58.5,59.1,60.7,81.4,9.2,44.0,4582.0,4583,66
b24380ab-63272e5a,FixedSkip-5,0.05222664674710547,0.022576328530132417,0.8112533685093881,0.03614364981504316,811,80,49,31,762,40,160,80.0,0,160,0.0,80.0,0,0.0,0,0.0,40,20.0,5.33,22.362,37.821,41.608,194.97,26.291,135.58,1.87,9.62,9.66,49.76,58.5,59.9,58.2,58.8,59.9,63.2,8.3,37.9,4581.0,4584,43
b24380ab-6dbeb908,FixedSkip-2,0.3729271862715212,0.23559866162186838,0.9497773619558357,0.21285673350446824,1481,681,577,104,904,101,101,50.0,0,101,0.0,50.0,0,0.0,0,0.0,101,50.0,12.37,56.16,42.017,44.785,515.68,29.307,359.87,2.561,31.34,10.15,124.47,59.0,60.8,58.8,59.8,60.8,72.4,16.8,47.0,4590.0,4592,100
b24380ab-6dbeb908,FixedSkip-3,0.27236918689995626,0.16113016120251672,0.875965185762183,0.17397613358957043,1481,624,449,175,1032,68,134,66.34,0,134,0.0,66.34,0,0.0,0,0.0,68,33.66,8.58,38.043,40.559,43.8,345.03,28.189,240.03,2.434,20.57,9.936,84.43,58.9,60.4,58.7,59.6,60.4,83.7,14.6,43.4,4594.0,4595,71
b24380ab-6dbeb908,FixedSkip-5,0.19467454358994654,0.10174973050117013,0.757251956302033,0.1469859242715421,1481,650,350,300,1131,41,161,79.7,0,161,0.0,79.7,0,0.0,0,0.0,41,20.3,5.56,23.344,37.997,42.304,207.15,25.855,141.16,2.555,13.82,9.587,52.18,58.6,60.1,58.3,58.9,60.1,81.2,14.3,37.1,4590.0,4592,48
b24c9ee6-e43a6e8b,FixedSkip-2,0.3600047668607108,0.2533467853822128,0.9838606369405989,0.19475663756157416,1061,424,387,37,674,101,101,50.0,0,101,0.0,50.0,0,0.0,0,0.0,101,50.0,12.08,55.557,42.868,45.696,515.34,30.054,361.51,2.462,29.39,10.352,124.44,59.6,61.0,58.7,59.7,61.0,88.7,15.0,48.2,4585.0,4588,100
b24c9ee6-e43a6e8b,FixedSkip-3,0.33252074439437757,0.2128740460452795,0.9728021179439059,0.18719553047250262,1061,415,360,55,701,68,134,66.34,0,134,0.0,66.34,0,0.0,0,0.0,68,33.66,8.49,37.861,40.721,44.697,340.66,28.344,237.46,2.361,19.57,10.016,83.64,59.0,60.5,58.7,59.5,60.5,89.9,14.1,43.9,4584.0,4586,68
b24c9ee6-e43a6e8b,FixedSkip-5,0.2305237000499763,0.13222059671173705,0.8527080576929837,0.1547537272389107,1061,413,276,137,785,41,161,79.7,0,161,0.0,79.7,0,0.0,0,0.0,41,20.3,5.47,23.036,38.244,42.804,203.89,26.26,140.14,2.362,12.48,9.622,51.27,58.3,59.9,58.4,59.2,59.9,84.9,13.5,38.0,4590.0,4591,43
b24ca67a-594d7d3c,FixedSkip-2,0.5298432093604835,0.38565394649722873,0.9954616386832257,0.27497581414124544,1019,564,542,22,477,101,101,50.0,0,101,0.0,50.0,0,0.0,0,0.0,101,50.0,12.14,55.54,43.293,45.696,520.88,29.932,360.34,3.053,36.67,10.308,123.87,59.7,61.1,59.2,60.0,61.1,89.9,18.7,47.6,4591.0,4593,101
b24ca67a-594d7d3c,FixedSkip-3,0.5077983393760979,0.3614593430630565,0.9890096974842368,0.2715370657333052,1019,563,522,41,497,68,134,66.34,0,134,0.0,66.34,0,0.0,0,0.0,68,33.66,8.57,37.887,40.897,44.199,349.26,28.116,240.33,2.833,24.08,9.948,84.85,59.0,61.0,59.1,59.9,61.0,81.5,17.9,43.5,4583.0,4586,72
b24ca67a-594d7d3c,FixedSkip-5,0.48240091075405134,0.3206863979065567,0.9644791605035449,0.2749130163261665,1019,594,505,89,514,41,161,79.7,0,161,0.0,79.7,0,0.0,0,0.0,41,20.3,5.62,23.199,38.227,41.906,211.91,25.845,143.56,2.84,15.6,9.543,52.74,58.7,60.3,58.6,59.5,60.3,83.7,17.6,36.9,4582.0,4583,46
b24d283f-33783d1b,FixedSkip-2,0.6689678364302258,0.471604935291153,0.9783108481232689,0.36410161335069036,2991,2256,2038,218,953,101,101,50.0,0,101,0.0,50.0,0,0.0,0,0.0,101,50.0,13.15,58.532,40.801,43.802,536.81,28.063,369.49,2.862,37.5,9.877,129.82,59.1,60.7,59.0,59.9,60.7,80.9,18.9,44.7,4581.0,4582,108
b24d283f-33783d1b,FixedSkip-3,0.5893938225122686,0.382341479323891,0.9389829142455133,0.34297697711250985,2991,2252,1859,393,1132,68,134,66.34,0,134,0.0,66.34,0,0.0,0,0.0,68,33.66,9.64,41.776,38.171,41.906,365.05,25.743,246.51,2.933,27.9,9.494,90.64,58.5,60.0,58.6,59.4,60.0,79.2,17.9,39.4,4587.0,4590,79
b24d283f-33783d1b,FixedSkip-5,0.35053024595729365,0.20558549032805917,0.7803263846994027,0.2558367303109143,2991,2167,1267,900,1724,41,161,79.7,0,161,0.0,79.7,0,0.0,0,0.0,41,20.3,6.35,25.491,35.143,39.913,222.86,23.225,147.53,2.872,18.06,9.047,57.27,57.8,59.7,58.1,58.9,59.7,71.5,17.0,33.4,4593.0,4594,52
b24f03f7-ff66eaca,FixedSkip-2,0.7321049898209933,0.5792236543406017,0.9960102594860591,0.3762936361955369,1165,882,856,26,309,101,101,50.0,0,101,0.0,50.0,0,0.0,0,0.0,101,50.0,12.49,56.157,41.998,45.197,520.95,29.112,361.2,2.8,34.68,10.086,125.07,58.9,60.6,58.7,59.8,60.6,77.1,19.1,46.4,4589.0,4594,104
b24f03f7-ff66eaca,FixedSkip-3,0.7192560974456667,0.5593015219691561,0.9908220656860857,0.3748437787616621,1165,886,845,41,320,68,134,66.34,0,134,0.0,66.34,0,0.0,0,0.0,68,33.66,8.91,38.856,39.608,43.801,351.2,27.061,240.26,2.794,24.63,9.753,86.31,58.5,60.2,58.7,59.5,60.6,78.7,18.1,41.9,4586.0,4587,72
b24f03f7-ff66eaca,FixedSkip-5,0.6856190798816225,0.5192465988688179,0.9782081518235359,0.36449765899336717,1165,880,815,65,350,41,161,79.7,0,161,0.0,79.7,0,0.0,0,0.0,41,20.3,5.79,23.782,37.181,41.906,208.8,24.874,139.81,2.873,16.07,9.434,52.93,58.3,59.9,58.4,59.3,59.9,78.4,18.0,35.9,4587.0,4588,47
b24f7455-e8c55d6a,FixedSkip-2,0.5035872839224266,0.3266653641365666,0.915033785328854,0.307424447969437,2734,1924,1476,448,1258,101,101,50.0,0,101,0.0,50.0,0,0.0,0,0.0,101,50.0,13.07,58.259,41.074,44.299,528.73,28.26,363.67,2.903,37.35,9.912,127.71,59.0,60.8,58.9,59.8,60.8,79.2,18.6,45.1,4585.0,4589,105
b24f7455-e8c55d6a,FixedSkip-3,0.4064768019662711,0.25241720209489005,0.841420570236113,0.2746854863221596,2734,1923,1271,652,1463,68,134,66.34,0,134,0.0,66.34,0,0.0,0,0.0,68,33.66,9.59,41.207,38.208,42.019,363.54,25.815,245.86,2.865,27.14,9.527,90.54,58.6,60.2,58.6,59.3,60.4,78.8,18.0,39.5,4589.0,4590,78
b24f7455-e8c55d6a,FixedSkip-5,0.24991863038928352,0.14710626386501008,0.6834834682371728,0.20737493025355358,2734,1922,894,1028,1840,41,161,79.7,0,161,0.0,79.7,0,0.0,0,0.0,41,20.3,6.32,25.198,35.332,39.513,219.57,23.382,145.41,2.858,17.7,9.092,56.47,57.8,59.8,58.2,58.9,59.8,70.7,16.9,33.8,4588.0,4591,51
b2505382-1423f56a,FixedSkip-2,0.6622127972954097,0.4728687115354203,0.9910889554528883,0.3444397464455628,2040,1426,1362,64,678,101,101,50.0,0,101,0.0,50.0,0,0.0,0,0.0,101,50.0,12.46,56.949,42.083,44.711,521.51,29.036,360.2,2.919,36.03,10.128,125.28,59.0,60.8,58.6,59.6,60.8,68.9,19.1,46.3,4593.0,4595,101
b2505382-1423f56a,FixedSkip-3,0.6070089029201031,0.4108483080432861,0.9658846356801496,0.3356642241671755,2040,1445,1276,169,764,68,134,66.34,0,134,0.0,66.34,0,0.0,0,0.0,68,33.66,8.9,39.559,39.974,43.302,351.27,27.293,239.98,2.887,25.3,9.794,85.99,58.7,60.2,58.7,59.5,60.2,71.8,18.1,42.2,4592.0,4593,73
b2505382-1423f56a,FixedSkip-5,0.5503968084160874,0.35376571780098,0.9391090641191115,0.31955322518979734,2040,1436,1183,253,857,41,161,79.7,0,161,0.0,79.7,0,0.0,0,0.0,41,20.3,5.72,24.089,37.543,41.408,211.89,25.197,142.5,2.898,16.23,9.447,53.16,58.4,60.2,58.4,59.2,60.2,72.2,17.5,36.2,4587.0,4588,47
b2505382-272e7823,FixedSkip-2,0.2582676952102226,0.17685091568713293,0.9914554703005505,0.13686759491481448,1119,310,291,19,828,101,101,50.0,0,101,0.0,50.0,0,0.0,0,0.0,101,50.0,12.22,55.655,42.641,45.31,519.59,29.619,361.28,2.784,33.76,10.237,124.55,59.3,60.9,58.8,59.8,60.9,85.3,17.7,47.2,4584.0,4586,97
b2505382-272e7823,FixedSkip-3,0.21615546413657452,0.1422353251801869,0.9367720418225499,0.12265709515074548,1119,304,256,48,863,68,134,66.34,0,134,0.0,66.34,0,0.0,0,0.0,68,33.66,8.54,37.659,41.11,44.299,344.55,28.592,239.69,2.496,20.88,10.022,83.98,59.0,60.6,58.7,59.5,60.6,79.3,15.3,44.2,4586.0,4588,68
b2505382-272e7823,FixedSkip-5,0.17397310123096818,0.11209562677851606,0.8417302470672846,0.10922927980568731,1119,312,227,85,892,41,161,79.7,0,161,0.0,79.7,0,0.0,0,0.0,41,20.3,5.54,23.082,38.028,42.306,205.81,25.837,139.94,2.62,14.15,9.572,51.72,58.5,60.1,58.5,59.3,60.1,79.4,14.9,37.3,4585.0,4587,45
b2505382-2905b23c,FixedSkip-2,0.3821665807001625,0.24501743994858316,0.9799619688545537,0.20645521407932754,846,360,329,31,517,90,89,49.72,0,89,0.0,49.72,0,0.0,0,0.0,90,50.28,10.86,56.114,42.331,45.297,458.85,29.577,320.9,2.476,26.69,10.278,111.27,59.6,61.0,58.8,59.7,61.0,83.9,14.8,46.8,4586.0,4587,88
b2505382-2905b23c,FixedSkip-3,0.3310916594097113,0.18754021486274058,0.9328463567051523,0.19337800962559185,846,363,297,66,549,60,119,66.48,0,119,0.0,66.48,0,0.0,0,0.0,60,33.52,7.53,37.651,40.487,44.2,299.59,28.199,208.7,2.294,16.93,9.994,73.95,59.3,60.5,58.8,59.4,60.5,69.3,13.0,42.8,4583.0,4591,62
b2505382-2905b23c,FixedSkip-5,0.20792568203740203,0.10536336584020903,0.7727355004839453,0.15127109038505132,846,365,216,149,630,36,143,79.89,0,143,0.0,79.89,0,0.0,0,0.0,36,20.11,4.83,22.885,38.169,42.108,179.76,26.123,123.11,2.39,11.23,9.656,45.42,58.6,60.2,58.4,58.9,60.2,86.6,12.4,36.6,4583.0,4584,39
b2505382-549785d3,FixedSkip-2,0.1980515569059101,0.12279754742987681,0.9374308633733908,0.11917262393062227,805,212,167,45,638,100,100,50.0,0,100,0.0,50.0,0,0.0,0,0.0,100,50.0,12.01,55.503,42.335,45.709,504.95,29.739,354.96,2.318,27.48,10.278,122.51,59.5,60.7,58.8,59.8,60.8,81.3,13.4,47.7,4589.0,4593,100
b2505382-549785d3,FixedSkip-3,0.15602878370135384,0.0917868906578129,0.8760043369167574,0.10557214524605828,805,208,136,72,669,67,133,66.5,0,133,0.0,66.5,0,0.0,0,0.0,67,33.5,8.32,37.166,40.601,43.813,336.64,28.409,235.7,2.185,18.07,10.007,82.87,59.1,61.0,58.8,59.6,61.0,69.6,12.0,44.1,4590.0,4594,70
b2505382-549785d3,FixedSkip-5,0.09012742690063448,0.04587603088655724,0.6717447843338405,0.07540769732550553,805,219,89,130,716,40,160,80.0,0,160,0.0,80.0,0,0.0,0,0.0,40,20.0,5.33,22.587,38.07,42.406,200.98,26.143,138.3,2.279,11.9,9.648,50.77,58.9,60.3,58.4,59.2,60.4,84.3,11.9,37.5,4594.0,4595,43
b2505382-de5238f0,FixedSkip-2,0.35709037606251537,0.23356548938213098,0.95413579599304,0.20044852156152812,2004,860,746,114,1258,101,101,50.0,0,101,0.0,50.0,0,0.0,0,0.0,101,50.0,12.45,56.226,42.324,44.811,520.59,29.366,361.3,2.808,34.51,10.15,124.78,59.4,60.5,59.1,60.0,60.5,83.8,19.2,46.9,4592.0,4593,102
b2505382-de5238f0,FixedSkip-3,0.30850788094333886,0.18291244844989704,0.9106278152719957,0.1860775524973445,2004,855,669,186,1335,68,134,66.34,0,134,0.0,66.34,0,0.0,0,0.0,68,33.66,8.84,38.706,40.292,43.701,351.42,27.609,240.98,2.833,24.6,9.85,85.84,59.1,60.8,59.0,60.0,60.5,81.7,18.1,42.4,4595.0,4596,71
b2505382-de5238f0,FixedSkip-5,0.25408198165759116,0.13991504977475797,0.8546332051907891,0.1623757435623802,2004,808,584,224,1420,41,161,79.7,0,161,0.0,79.7,0,0.0,0,0.0,41,20.3,5.68,23.588,37.404,41.908,208.39,25.122,140.22,2.832,15.67,9.449,52.5,58.3,60.1,58.6,59.3,60.1,74.6,17.3,36.3,4591.0,4592,45
b250fb0c-01a1b8d3,FixedSkip-2,0.6256256266489086,0.406962315596734,0.9417605502260727,0.3624063653236433,2389,1894,1572,322,817,101,101,50.0,0,101,0.0,50.0,0,0.0,0,0.0,101,50.0,12.82,57.641,41.318,44.2,524.37,28.355,360.01,3.014,38.17,9.948,126.18,58.9,60.5,59.1,60.0,60.5,65.3,18.5,45.4,4593.0,4595,104
b250fb0c-01a1b8d3,FixedSkip-3,0.5465060731917486,0.32823959044229856,0.8979434407453364,0.33948645477287287,2389,1901,1424,477,965,68,134,66.34,0,134,0.0,66.34,0,0.0,0,0.0,68,33.66,9.36,40.551,38.713,42.704,358.29,26.26,243.44,2.9,26.65,9.552,88.19,58.5,60.2,58.8,59.7,60.2,82.8,17.8,40.0,4597.0,4599,74
b250fb0c-01a1b8d3,FixedSkip-5,0.3903500778358288,0.2233328588612765,0.7891748995320178,0.2800168869734766,2389,1866,1121,745,1268,41,161,79.7,0,161,0.0,79.7,0,0.0,0,0.0,41,20.3,6.23,25.036,35.675,39.9,220.54,23.652,146.5,2.892,17.73,9.131,56.32,58.1,59.7,58.3,59.3,59.7,76.9,17.3,33.5,4600.0,4601,49
b251064f-30002542,FixedSkip-2,0.6768879443095028,0.5113128391902152,0.9696927882431708,0.38411952991060716,1828,1478,1265,213,563,101,101,50.0,0,101,0.0,50.0,0,0.0,0,0.0,101,50.0,12.82,57.363,41.306,44.186,523.51,28.509,361.46,2.856,36.12,9.941,125.93,58.8,60.5,58.8,59.7,60.4,72.6,19.2,45.4,4598.0,4599,105
b251064f-30002542,FixedSkip-3,0.5833550297469816,0.41604031131601343,0.9152827687255353,0.35653931446717646,1828,1487,1144,343,684,68,134,66.34,0,134,0.0,66.34,0,0.0,0,0.0,68,33.66,9.25,39.965,38.885,42.803,358.68,26.443,244.33,2.84,26.01,9.602,88.34,58.5,60.3,58.7,59.4,60.3,80.1,18.4,40.7,4600.0,4602,76
b251064f-30002542,FixedSkip-5,0.4669101563171011,0.3039372943800537,0.8496019627669827,0.315073704874337,1828,1458,965,493,863,41,161,79.7,0,161,0.0,79.7,0,0.0,0,0.0,41,20.3,6.01,24.353,36.557,40.897,213.91,24.395,142.84,2.885,16.82,9.277,54.24,58.1,59.8,58.4,59.3,59.8,74.0,17.4,35.0,4598.0,4600,49
b251064f-4696b75e,FixedSkip-2,0.41938835144424513,0.2461737076021334,0.8256479901078596,0.287892682468021,886,672,431,241,455,90,89,49.72,0,89,0.0,49.72,0,0.0,0,0.0,90,50.28,11.23,56.941,41.493,44.697,461.03,28.73,319.38,2.706,29.94,10.057,111.72,59.0,60.5,58.7,59.9,60.5,67.2,17.5,45.6,4601.0,4603,92
b251064f-4696b75e,FixedSkip-3,0.26472634813451273,0.15611957101718435,0.7071989860543486,0.2205936900560625,886,639,290,349,596,60,119,66.48,0,119,0.0,66.48,0,0.0,0,0.0,60,33.52,7.84,38.273,40.015,43.687,310.46,27.534,213.85,2.668,20.58,9.812,76.03,59.1,60.4,58.6,59.6,60.4,83.6,17.1,41.6,4597.0,4600,67
b251064f-4696b75e,FixedSkip-5,0.18206820802888551,0.10844376455055249,0.5782676038336864,0.17429496542496142,886,663,221,442,665,36,143,79.89,0,143,0.0,79.89,0,0.0,0,0.0,36,20.11,5.08,23.294,37.077,41.793,187.89,25.067,127.18,2.602,13.11,9.407,47.59,58.3,59.8,58.3,58.9,59.8,76.3,15.7,35.3,4599.0,4600,43
b251064f-5f6b663e,FixedSkip-2,0.6791348778936701,0.4417287046709915,0.941139488850005,0.3918471341803039,1184,1019,846,173,338,102,101,49.75,0,101,0.0,49.75,0,0.0,0,0.0,102,50.25,12.64,56.61,42.071,44.698,528.77,29.021,364.86,2.954,37.06,10.096,126.85,59.1,60.8,59.0,60.2,60.8,66.2,18.7,46.5,4603.0,4605,106
b251064f-5f6b663e,FixedSkip-3,0.5378559448736919,0.3183612429761539,0.8704381800510996,0.35131250991696195,1184,1022,707,315,477,68,135,66.5,0,135,0.0,66.5,0,0.0,0,0.0,68,33.5,9.0,38.577,39.775,43.301,353.73,27.206,242.15,2.827,25.04,9.742,86.54,58.8,60.4,58.7,59.5,60.4,72.6,18.1,41.8,4602.0,4604,72
b251064f-5f6b663e,FixedSkip-5,0.3438572422677013,0.19892925418159574,0.7352052549139074,0.26648892661736,1184,983,502,481,682,41,162,79.8,0,162,0.0,79.8,0,0.0,0,0.0,41,20.2,5.96,23.706,36.332,40.91,212.66,24.217,142.14,2.838,16.46,9.276,54.06,58.1,60.0,58.3,59.2,60.0,77.6,17.6,34.6,4601.0,4602,47
b251064f-8d92db81,FixedSkip-2,0.6002859232163857,0.3807942658368685,0.9023617245010549,0.36982018309135595,3464,2994,2257,737,1207,101,101,50.0,0,101,0.0,50.0,0,0.0,0,0.0,101,50.0,13.46,60.699,40.186,43.301,535.24,27.487,366.25,2.95,39.22,9.748,129.77,58.6,60.4,58.8,60.1,60.4,76.0,18.6,43.5,4599.0,4601,108
b251064f-8d92db81,FixedSkip-3,0.44043878819234616,0.2590347319236277,0.8102978935506033,0.31319614438270477,3464,2936,1780,1156,1684,68,134,66.34,0,134,0.0,66.34,0,0.0,0,0.0,68,33.66,10.23,44.543,36.609,40.807,371.75,24.448,248.44,2.915,29.5,9.245,93.81,58.2,59.9,58.5,59.4,59.9,72.3,17.1,37.0,4606.0,4608,81
b251064f-8d92db81,FixedSkip-5,0.3001225267111101,0.1652083838780433,0.6885635977512257,0.25131300693153474,3464,2953,1320,1633,2144,41,161,79.7,0,161,0.0,79.7,0,0.0,0,0.0,41,20.3,6.71,27.596,33.008,38.605,221.45,21.29,143.05,2.854,19.01,8.864,59.4,57.2,59.4,57.7,58.4,59.4,65.9,16.0,31.7,4609.0,4610,54
b251064f-e7a165fd,FixedSkip-2,0.6169082996225486,0.4055759321677157,0.9290508091580854,0.3631934117095391,3840,3110,2521,589,1319,101,101,50.0,0,101,0.0,50.0,0,0.0,0,0.0,101,50.0,13.51,60.27,40.001,43.699,535.54,27.346,366.23,2.944,39.31,9.711,129.99,58.2,59.9,58.3,59.3,60.2,78.1,18.1,43.5,4610.0,4611,110
b251064f-e7a165fd,FixedSkip-3,0.5072379916662734,0.31486435849045036,0.8593319737055078,0.3307963816486544,3840,3146,2206,940,1634,68,134,66.34,0,134,0.0,66.34,0,0.0,0,0.0,68,33.66,10.51,45.501,35.753,40.51,374.05,23.649,247.66,2.942,30.65,9.162,95.74,57.6,59.2,58.0,58.6,59.2,64.9,17.2,36.8,4611.0,4613,85
b251064f-e7a165fd,FixedSkip-5,0.3108548740885531,0.17838766016093327,0.714530399782743,0.2511945749621949,3840,3086,1506,1580,2334,41,161,79.7,0,161,0.0,79.7,0,0.0,0,0.0,41,20.3,6.95,27.904,32.453,37.311,222.32,20.851,143.02,2.856,19.46,8.746,59.84,56.7,58.3,57.3,58.0,58.3,63.1,16.3,31.3,4612.0,4613,58
b251b746-00138418,FixedSkip-2,0.4629304767877983,0.34733904164866886,0.9968011913596465,0.23813807945134893,1887,903,876,27,1011,102,101,49.75,0,101,0.0,49.75,0,0.0,0,0.0,102,50.25,12.39,56.257,42.844,45.096,527.55,29.518,363.57,3.106,38.18,10.219,125.79,58.6,60.2,58.0,59.1,60.2,74.8,18.6,47.0,4616.0,4617,104
b251b746-00138418,FixedSkip-3,0.44740765167240026,0.33450781680836716,0.9885102310599583,0.23560329910671152,1887,905,853,52,1034,68,135,66.5,0,135,0.0,66.5,0,0.0,0,0.0,68,33.5,8.74,38.235,40.497,43.701,349.26,27.782,239.76,2.849,24.47,9.866,85.02,58.1,59.9,58.1,58.8,59.9,82.4,18.1,43.1,4619.0,4621,72
b251b746-00138418,FixedSkip-5,0.3950967124675839,0.2661324451143825,0.9666394733707246,0.21598626490267356,1887,855,769,86,1118,41,162,79.8,0,162,0.0,79.8,0,0.0,0,0.0,41,20.2,5.73,23.524,37.547,41.906,209.74,25.176,140.7,2.874,16.01,9.497,53.03,57.9,59.3,57.8,58.5,59.3,78.8,17.7,36.2,4619.0,4620,46
b255cd6c-0bdf0ac7,FixedSkip-2,0.6349873296445483,0.4743820729221103,0.9866133508059536,0.34306954293546277,692,485,444,41,248,93,93,50.0,0,93,0.0,50.0,0,0.0,0,0.0,93,50.0,11.29,55.762,42.679,45.197,476.09,29.668,331.19,2.784,30.9,10.227,114.01,58.9,60.4,58.2,59.3,60.4,78.7,17.4,47.0,4618.0,4619,94
b255cd6c-0bdf0ac7,FixedSkip-3,0.5843658784893272,0.4084500376692488,0.9705187808787258,0.3265956927879808,692,474,414,60,278,62,124,66.67,0,124,0.0,66.67,0,0.0,0,0.0,62,33.33,7.85,37.413,40.736,43.8,315.37,28.092,217.64,2.702,20.79,9.942,76.94,58.8,60.3,58.3,59.3,60.3,84.5,16.1,43.0,4616.0,4617,65
b255cd6c-0bdf0ac7,FixedSkip-5,0.47638590491341815,0.30841666855977684,0.9079046825186234,0.29421291760556484,692,472,355,117,337,38,148,79.57,0,148,0.0,79.57,0,0.0,0,0.0,38,20.43,5.3,23.643,37.23,41.906,191.11,25.109,129.0,2.626,13.44,9.495,48.67,58.0,59.8,57.9,58.7,59.8,82.5,16.0,36.0,4616.0,4617,42
b255cd6c-2f889586,FixedSkip-2,0.5285203621199068,0.3382620566555929,0.9355540991870962,0.3110525213617998,2910,2002,1624,378,1286,102,101,49.75,0,101,0.0,49.75,0,0.0,0,0.0,102,50.25,13.2,58.52,41.001,43.701,536.45,28.197,368.98,2.9,37.88,9.904,129.59,58.8,60.4,58.7,59.9,60.4,76.6,18.7,44.9,4619.0,4623,107
b255cd6c-2f889586,FixedSkip-3,0.43097409169323875,0.2541937767039666,0.8819673423988879,0.27224418070040585,2910,1891,1393,498,1517,68,135,66.5,0,135,0.0,66.5,0,0.0,0,0.0,68,33.5,9.49,40.548,38.309,41.906,360.31,25.912,244.22,2.888,26.91,9.51,89.18,58.3,60.5,58.5,59.5,60.5,80.2,18.1,39.5,4618.0,4621,76
b255cd6c-2f889586,FixedSkip-5,0.26918215342871316,0.15058286342018345,0.7296532040424158,0.21181284971483058,2910,1910,985,925,1925,41,162,79.8,0,162,0.0,79.8,0,0.0,0,0.0,41,20.2,6.29,24.813,35.537,39.911,221.22,23.568,146.87,2.88,17.84,9.089,56.51,58.0,59.7,58.3,59.1,59.7,72.1,17.0,33.6,4620.0,4621,52
b255cd6c-5ccba454,FixedSkip-2,0.3464086111627282,0.22764642615649827,0.9805715271129357,0.19091460456089276,458,180,161,19,297,78,78,50.0,0,78,0.0,50.0,0,0.0,0,0.0,78,50.0,9.36,55.372,42.164,45.297,390.06,29.396,272.13,2.543,23.42,10.225,94.51,59.0,60.4,58.8,59.7,60.4,66.3,14.7,46.0,4624.0,4626,78
b255cd6c-5ccba454,FixedSkip-3,0.3396333261294242,0.22975899460107335,0.9692969995990852,0.1936070808095037,458,186,159,27,299,52,104,66.67,0,104,0.0,66.67,0,0.0,0,0.0,52,33.33,6.51,37.247,40.316,43.713,256.39,27.944,177.8,2.427,15.38,9.945,63.21,59.0,60.0,58.7,59.6,60.0,54.8,14.2,41.9,4624.0,4626,53
b255cd6c-5ccba454,FixedSkip-5,0.2818763347850639,0.1711175335249477,0.9675925943210122,0.16775836972343522,458,162,131,31,327,32,124,79.49,0,124,0.0,79.49,0,0.0,0,0.0,32,20.51,4.34,23.333,37.2,42.293,161.87,25.415,110.88,2.321,9.93,9.465,41.05,58.5,60.0,58.3,59.1,60.0,86.7,12.4,34.9,4625.0,4626,35
