sequence,system,ap_50,ap_50_95,avg_precision,avg_recall,total_gt,total_preds,total_tp,total_fp,total_fn,infer_count,skip_count,skip_rate_pct,erd_empty_count,predict_count,erd_empty_rate_pct,predict_rate_pct,erd_infer_count,erd_infer_rate_pct,augmented_infer_count,augmented_infer_rate_pct,pure_infer_count,pure_infer_rate_pct,wall_duration_s,avg_frame_time_ms,avg_power_w,max_power_w,energy_j,avg_power_gpu_w,energy_gpu_j,avg_power_cpu_w,energy_cpu_j,avg_power_io_w,energy_io_j,avg_gpu_temp_c,max_gpu_temp_c,avg_cpu_temp_c,max_cpu_temp_c,max_tj_temp_c,avg_gpu_util_pct,avg_cpu_util_pct,avg_emc_util_pct,avg_ram_used_mb,max_ram_used_mb,n_tegrastats_samples
b1c66a42-6f7d68ca,Vanilla,0.7163693923337391,0.5619804000621349,0.9901501589973639,0.3779037915534526,2612,2007,1887,120,725,202,0,0.0,0,0,0.0,0.0,0,0.0,0,0.0,202,100.0,14.5,60.558,63.003,94.926,898.27,29.309,418.42,11.999,170.97,11.487,163.71,39.1,41.7,37.2,39.1,41.7,66.8,5.0,33.4,5787.0,5831,113
b1c66a42-6f7d68ca,Adaptive,0.7364443292667894,0.5209290061841003,0.9682458268709248,0.42128795071098535,2612,2326,1966,360,646,187,15,7.43,0,15,0.0,7.43,1,0.5,140,69.31,46,22.77,13.8,56.882,62.115,95.618,840.57,28.651,389.75,11.761,159.74,11.329,153.95,41.6,43.0,39.5,40.8,43.0,64.0,4.8,33.3,5706.0,5734,108
b1c81faa-3df17267,Vanilla,0.3660027018920658,0.29607736730521783,0.9921851965204671,0.19013952617286262,472,181,174,7,298,182,0,0.0,0,0,0.0,0.0,0,0.0,0,0.0,182,100.0,11.56,54.829,61.242,92.754,690.92,32.336,366.83,12.572,142.32,12.143,137.56,43.3,44.6,41.0,42.1,44.6,68.3,4.4,37.7,5653.0,5655,91
b1c81faa-3df17267,Adaptive,0.24548148492108862,0.1761207951982747,0.975077642194193,0.13802573760200879,472,135,118,17,354,37,145,79.67,126,19,69.23,10.44,4,2.2,8,4.4,25,13.74,8.63,42.664,39.739,91.598,328.56,12.101,100.2,11.486,95.79,8.299,69.05,41.6,44.2,41.7,42.9,44.2,20.9,23.4,17.1,5716.0,5724,65
b1c81faa-c80764c5,Vanilla,0.4872662137864092,0.3739796356333006,0.9973663657680463,0.24878378667350953,866,432,423,9,443,202,0,0.0,0,0,0.0,0.0,0,0.0,0,0.0,202,100.0,12.45,53.709,69.552,92.248,843.12,33.195,403.3,12.869,156.1,12.364,150.06,44.0,45.4,41.8,42.8,45.4,75.8,4.5,38.5,5676.0,5684,92
b1c81faa-c80764c5,Adaptive,0.49313670031730283,0.34350238066506944,0.9811409524581519,0.2662452898991127,866,475,434,41,432,128,74,36.63,1,73,0.5,36.14,1,0.5,35,17.33,92,45.54,8.76,35.348,68.89,96.356,589.77,30.515,261.04,12.384,105.63,11.791,100.66,45.0,46.0,42.7,43.2,46.0,71.9,4.8,35.9,5668.0,5669,66
b1c9c847-3bda4659,Vanilla,0.8175581551040629,0.6416053536911345,0.9868960712456751,0.4357221581863372,2937,2616,2428,188,509,203,0,0.0,0,0,0.0,0.0,0,0.0,0,0.0,203,100.0,13.5,56.512,58.891,93.434,779.42,31.672,421.58,12.503,166.28,11.991,159.51,45.7,46.9,43.5,44.3,46.9,61.7,4.5,37.0,5663.0,5669,103
b1c9c847-3bda4659,Adaptive,0.8200540428193968,0.5577048313772691,0.9577302875620662,0.48471640169497465,2937,3065,2473,592,464,199,4,1.97,0,4,0.0,1.97,1,0.49,175,86.21,23,11.33,14.6,61.976,62.661,96.496,896.98,29.054,417.04,12.091,173.22,11.455,164.24,45.9,47.0,44.0,44.8,47.0,63.2,5.0,33.2,5678.0,5709,111
b1ca2e5d-84cf9134,Vanilla,0.6246715086807099,0.4042443820467282,0.960254787859114,0.34602797189599954,3944,2902,2554,348,1390,203,0,0.0,0,0,0.0,0.0,0,0.0,0,0.0,203,100.0,13.89,58.051,71.138,94.09,962.68,30.935,421.41,12.378,168.31,11.867,161.47,46.7,47.7,44.6,45.2,47.7,77.3,4.5,35.3,5665.0,5666,105
b1ca2e5d-84cf9134,Adaptive,0.6536340011860569,0.40321438746983185,0.9259044862993943,0.40025397702668825,3944,3560,2725,835,1219,197,6,2.96,0,6,0.0,2.96,1,0.49,175,86.21,21,10.34,15.28,64.538,60.679,96.488,904.95,27.965,419.43,11.787,176.41,11.204,167.79,46.6,47.7,44.6,45.2,47.7,60.6,4.8,31.6,5669.0,5670,114
b1cac6a7-04e33135,Vanilla,0.7432606842451018,0.5788916731208538,0.9927531423970958,0.3904327756118691,1368,1080,1023,57,345,106,0,0.0,0,0,0.0,0.0,0,0.0,0,0.0,106,100.0,7.2,56.192,63.397,95.9,437.67,30.434,213.04,12.333,85.98,11.739,81.93,46.9,48.0,44.8,45.3,48.0,68.3,4.6,33.2,5670.0,5670,55
b1cac6a7-04e33135,Adaptive,0.7721675208046905,0.5873247854785161,0.9831143681396359,0.4138834834291231,1368,1163,1072,91,296,86,20,18.87,0,20,0.0,18.87,1,0.94,51,48.11,34,32.08,6.59,50.05,60.215,95.448,384.92,27.712,176.3,11.772,74.64,11.177,70.96,47.1,47.7,45.0,45.5,47.7,63.9,4.7,31.2,5673.0,5679,49
b1cd1e94-549d0bfe,Vanilla,0.7038490770492518,0.5403329011239961,0.9856511667864408,0.3725559955973314,1763,1344,1257,87,506,203,0,0.0,0,0,0.0,0.0,0,0.0,0,0.0,203,100.0,13.27,54.945,61.543,91.928,799.06,32.064,418.97,12.665,165.35,12.099,158.02,48.1,49.7,45.9,46.7,49.7,64.3,4.5,37.4,5679.0,5680,101
b1cd1e94-549d0bfe,Adaptive,0.7057066437582594,0.49836709475718016,0.9657644208797597,0.4031338156230979,1763,1505,1276,229,487,172,31,15.27,0,31,0.0,15.27,1,0.49,98,48.28,73,35.96,12.03,48.553,66.596,92.272,788.6,30.145,356.97,12.268,144.92,11.713,138.49,48.4,49.3,46.3,46.8,49.3,70.3,4.8,35.0,5673.0,5680,94
b1ceb32e-3f481b43,Vanilla,0.36958234839675386,0.265388894995996,0.9726385833485266,0.1995526359162723,715,297,271,26,444,138,0,0.0,0,0,0.0,0.0,0,0.0,0,0.0,138,100.0,8.41,52.938,72.358,94.232,588.98,33.626,275.2,13.036,106.47,12.443,101.7,49.2,50.2,46.9,47.7,50.2,79.1,4.4,38.5,5679.0,5683,66
b1ceb32e-3f481b43,Adaptive,0.37705329947881083,0.22393102075673746,0.9275727287960123,0.2268315706332235,715,363,286,77,429,88,50,36.23,29,21,21.01,15.22,6,4.35,40,28.99,42,30.43,7.5,47.286,53.711,89.762,389.23,25.171,182.84,12.241,89.01,10.804,78.52,48.5,50.2,47.1,48.6,50.2,51.2,10.2,30.8,5672.0,5683,57
b1ceb32e-51852abe,Vanilla,0.6413696294193754,0.49072586526245676,0.9908251085039611,0.33223416474597417,2164,1458,1400,58,764,203,0,0.0,0,0,0.0,0.0,0,0.0,0,0.0,203,100.0,13.05,53.316,39.649,88.342,506.66,32.319,414.93,12.618,161.8,12.145,155.79,49.2,49.6,47.2,47.7,49.6,44.0,4.6,38.4,5655.0,5667,101
b1ceb32e-51852abe,Adaptive,0.6672506532241487,0.4827827541764096,0.9836593006097366,0.3614704320357547,2164,1608,1463,145,701,167,36,17.73,0,36,0.0,17.73,1,0.49,100,49.26,66,32.51,11.6,46.773,51.023,95.558,574.88,30.461,345.15,12.34,139.47,11.767,133.12,49.6,50.3,47.5,48.0,50.3,51.6,4.7,35.0,5668.0,5680,88
b1cebfb7-284f5117,Vanilla,0.5820503569737228,0.4583033653210081,0.9771597149501824,0.31131355264589833,1956,1259,1163,96,793,202,0,0.0,0,0,0.0,0.0,0,0.0,0,0.0,202,100.0,12.82,53.389,40.446,89.098,505.74,32.517,409.75,12.748,160.42,12.191,153.48,49.8,50.5,47.9,48.6,50.5,47.4,4.6,38.3,5679.0,5679,100
b1cebfb7-284f5117,Adaptive,0.5751602996083802,0.3864516457634256,0.9427589247311453,0.3366266603133004,1956,1442,1179,263,777,175,27,13.37,0,27,0.0,13.37,1,0.5,94,46.53,80,39.6,11.64,48.902,37.916,91.276,434.33,31.562,361.02,12.565,143.43,11.991,136.98,50.3,50.9,48.3,48.8,50.9,36.8,4.5,36.6,5680.0,5682,88
b1d0091f-75824d0d,Vanilla,0.7623480712125452,0.6550688020230668,0.9949930073550657,0.390104823585543,1641,1290,1257,33,384,202,0,0.0,0,0,0.0,0.0,0,0.0,0,0.0,202,100.0,12.69,53.381,72.358,96.988,901.73,32.873,410.62,12.936,161.33,12.333,153.89,50.8,51.8,48.7,49.3,52.1,73.9,4.5,38.7,5679.0,5679,99
b1d0091f-75824d0d,Adaptive,0.7828745518871019,0.6252025172517646,0.9943937614073767,0.4068824711243574,1641,1347,1291,56,350,149,53,26.24,0,53,0.0,26.24,1,0.5,55,27.23,93,46.04,10.24,41.743,56.215,95.658,557.32,30.73,306.72,12.474,124.2,11.847,118.04,50.9,51.7,48.9,49.2,51.7,58.4,4.7,35.5,5684.0,5685,78
b1d0091f-f2c2d2ae,Vanilla,0.600497580038492,0.4714761786304589,0.9801209936262036,0.3164527875266359,2451,1598,1500,98,951,202,0,0.0,0,0,0.0,0.0,0,0.0,0,0.0,202,100.0,13.14,53.718,69.134,93.652,892.11,32.381,419.12,12.808,165.6,12.197,157.75,51.3,52.8,49.2,49.8,52.8,74.1,4.5,37.7,5682.0,5684,104
b1d0091f-f2c2d2ae,Adaptive,0.644178241625921,0.48414511598708987,0.9709893909669329,0.3538672165498435,2451,1811,1620,191,831,176,26,12.87,0,26,0.0,12.87,1,0.5,122,60.4,53,26.24,12.67,51.1,63.559,92.85,787.9,29.592,369.38,12.234,152.33,11.623,144.85,51.0,51.8,49.1,49.6,51.8,65.2,4.7,33.8,5685.0,5695,97
b1d0a191-03dcecc2,Vanilla,0.7196382612400586,0.536860233154367,0.9870882740316764,0.37719850991760984,3220,2481,2345,136,875,202,0,0.0,0,0,0.0,0.0,0,0.0,0,0.0,202,100.0,13.73,57.27,61.524,94.852,831.24,31.225,423.41,12.563,170.05,11.941,161.73,51.3,52.6,49.3,50.0,52.6,64.5,4.4,36.0,5693.0,5702,106
b1d0a191-03dcecc2,Adaptive,0.7492438674707097,0.5165166034330568,0.9728732006856493,0.4207167824510071,3220,2836,2462,374,758,191,11,5.45,0,11,0.0,5.45,1,0.5,154,76.24,36,17.82,14.05,58.536,63.543,95.466,876.52,29.22,404.86,12.174,168.43,11.532,159.65,51.2,52.2,49.2,49.8,52.2,64.3,4.7,33.2,5709.0,5715,109
b1d0a191-06deb55d,Vanilla,0.6392606937062565,0.4629787487917373,0.9455900395221398,0.36855418341200247,2441,1943,1638,305,803,202,0,0.0,0,0,0.0,0.0,0,0.0,0,0.0,202,100.0,13.59,55.684,69.107,96.108,924.0,31.426,421.48,12.713,170.16,12.002,160.74,51.7,52.8,49.6,50.5,52.8,74.8,4.5,35.9,5714.0,5720,104
b1d0a191-06deb55d,Adaptive,0.665140024744,0.45277370903097597,0.9264632406140216,0.40481820232857757,2441,2208,1723,485,718,185,17,8.42,0,17,0.0,8.42,1,0.5,140,69.31,44,21.78,13.65,55.718,64.309,94.628,855.08,29.07,388.81,12.183,162.73,11.51,153.83,51.5,52.4,49.9,50.5,52.4,63.4,4.6,33.2,5723.0,5727,105
b1d0a191-28f0e779,Vanilla,0.747427503621607,0.5873434587462283,0.9836874341221635,0.4079138153610638,1615,1355,1222,133,393,190,0,0.0,0,0,0.0,0.0,0,0.0,0,0.0,190,100.0,12.53,55.58,54.239,93.436,660.93,31.813,391.0,12.812,157.18,12.096,148.49,51.9,53.3,50.3,51.0,53.3,54.2,4.4,36.5,5734.0,5735,95
b1d0a191-28f0e779,Adaptive,0.7377117196946256,0.5236763928326098,0.9536911808481702,0.43554651799472,1615,1521,1230,291,385,153,37,19.47,2,35,1.05,18.42,1,0.53,90,47.37,62,32.63,11.19,48.267,65.839,95.316,722.6,29.242,321.83,12.321,135.17,11.581,127.2,52.0,52.9,50.0,50.5,52.9,69.2,4.8,33.6,5733.0,5736,85
b1d0a191-2ed2269e,Vanilla,0.7148187456980966,0.5186396454189024,0.9794939731077604,0.38513799279009836,3126,2490,2275,215,851,203,0,0.0,0,0,0.0,0.0,0,0.0,0,0.0,203,100.0,13.42,54.981,65.851,95.242,869.02,31.906,422.35,12.794,169.14,12.103,160.06,52.5,53.5,50.4,51.1,53.5,70.1,4.6,37.1,5738.0,5740,106
b1d0a191-2ed2269e,Adaptive,0.7495809192327441,0.5036488315955381,0.9632889721531807,0.42968667947152955,3126,2857,2408,449,718,189,14,6.9,0,14,0.0,6.9,1,0.49,151,74.38,37,18.23,13.92,57.116,62.792,96.028,857.95,29.21,400.65,12.239,167.5,11.524,157.83,52.2,53.4,50.3,50.7,53.4,63.5,4.7,33.2,5753.0,5760,109
b1d0a191-5490450b,Vanilla,0.6924512834763464,0.5399958654147571,0.9665577358523814,0.3853326563993166,1778,1449,1266,183,512,204,0,0.0,0,0,0.0,0.0,0,0.0,0,0.0,204,100.0,14.48,58.655,67.177,97.97,958.5,30.176,429.9,12.435,176.86,11.791,167.82,52.3,53.5,50.3,51.0,53.5,69.9,4.5,34.4,5766.0,5778,107
b1d0a191-5490450b,Adaptive,0.6915054423027689,0.4908576746109142,0.9386551730691557,0.4078802688702014,1778,1601,1292,309,486,164,40,19.61,0,40,0.0,19.61,1,0.49,96,47.06,67,32.84,12.23,48.36,63.054,98.0,754.74,28.917,348.11,12.178,146.26,11.514,138.4,52.3,53.3,50.6,51.4,53.3,64.2,4.6,32.9,5766.0,5775,92
b1d0a191-65deaeef,Vanilla,0.7189352323314815,0.5066956369718376,0.9601402993158671,0.39344181459566074,3276,2730,2446,284,830,202,0,0.0,0,0,0.0,0.0,0,0.0,0,0.0,202,100.0,14.16,58.244,63.31,97.236,878.94,30.491,425.55,12.493,174.12,11.839,165.08,52.6,53.3,50.9,51.6,53.3,66.3,4.5,35.2,5766.0,5776,109
b1d0a191-65deaeef,Adaptive,0.7688248008839724,0.5272633340793508,0.944780213779525,0.4477891635662436,3276,3185,2640,545,636,194,8,3.96,0,8,0.0,3.96,1,0.5,169,83.66,24,11.88,14.75,60.981,59.742,96.454,869.67,28.509,414.31,12.075,175.16,11.384,165.27,52.4,53.2,50.6,51.3,53.2,59.0,4.7,32.3,5769.0,5774,113
b1d0a191-de8948f6,Vanilla,0.704782877221026,0.5730390411976258,0.9865987031915555,0.3738737299848162,2478,1895,1767,128,711,202,0,0.0,0,0,0.0,0.0,0,0.0,0,0.0,202,100.0,13.93,57.255,59.742,96.112,818.26,30.859,423.02,12.589,172.22,11.922,163.23,52.6,53.5,50.7,51.5,53.5,61.7,4.6,35.1,5776.0,5779,105
b1d0a191-de8948f6,Adaptive,0.740287194321336,0.573032974428452,0.9748324898077545,0.4112422731804587,2478,2125,1871,254,607,180,22,10.89,0,22,0.0,10.89,1,0.5,127,62.87,52,25.74,13.49,54.633,61.63,94.59,812.59,28.847,381.07,12.177,160.54,11.479,151.45,52.6,53.5,50.7,51.3,53.5,63.0,4.7,32.9,5781.0,5784,103
b1d10d08-5b108225,Vanilla,0.6002199050487087,0.48122581356841165,0.9977476563258555,0.30469572740264195,2123,1298,1277,21,846,202,0,0.0,0,0,0.0,0.0,0,0.0,0,0.0,202,100.0,13.38,56.09,66.71,96.204,877.73,31.841,420.86,12.839,169.42,12.119,160.01,53.1,54.1,51.2,52.0,54.1,69.9,4.5,36.6,5782.0,5786,106
b1d10d08-5b108225,Adaptive,0.6285605148078777,0.4634569524273327,0.9890961538176959,0.3358999636595748,2123,1453,1346,107,777,171,31,15.35,0,31,0.0,15.35,1,0.5,99,49.01,71,35.15,11.93,49.12,62.433,94.462,734.53,30.508,357.1,12.544,146.57,11.837,138.38,53.2,54.1,51.4,52.1,54.1,66.0,4.7,35.3,5791.0,5804,94
b1d10d08-743fd86c,Vanilla,0.3440237980833019,0.280652319339567,0.9944245730829245,0.1811766453721587,1016,371,351,20,665,202,0,0.0,0,0,0.0,0.0,0,0.0,0,0.0,202,100.0,13.08,55.281,63.346,93.588,807.16,32.454,416.25,12.946,165.76,12.275,157.26,53.6,54.4,51.7,52.4,54.8,67.4,4.5,37.9,5805.0,5807,101
b1d10d08-743fd86c,Adaptive,0.3316842613194503,0.24278714559786488,0.9800110056984732,0.18341343695674406,1016,385,342,43,674,133,69,34.16,10,59,4.95,29.21,4,1.98,26,12.87,103,50.99,9.84,40.217,61.006,96.076,582.46,29.034,277.45,12.523,119.39,11.58,110.48,53.5,54.4,51.8,53.3,54.6,61.7,6.0,33.2,5814.0,5822,73
b1d10d08-c35503b8,Vanilla,0.7308964511528899,0.5687032313366378,0.9879436986807795,0.38598218342535356,3127,2462,2310,152,817,202,0,0.0,0,0,0.0,0.0,0,0.0,0,0.0,202,100.0,14.11,58.209,66.81,97.534,921.67,30.718,425.21,12.583,174.04,11.873,164.28,53.6,54.3,51.7,52.6,54.3,68.4,4.6,35.4,5821.0,5829,109
b1d10d08-c35503b8,Adaptive,0.7466253390989275,0.5355367964734603,0.9644932264795408,0.4321216322006404,3127,2873,2391,482,736,198,4,1.98,0,4,0.0,1.98,1,0.5,172,85.15,25,12.38,15.12,62.993,62.129,92.724,921.21,28.488,422.87,12.12,179.52,11.39,168.83,53.2,53.8,51.4,52.0,53.8,61.6,4.8,32.1,5827.0,5835,115
b1d10d08-da110fcb,Vanilla,0.8221687643420184,0.6876514036442802,0.9935040922028288,0.4300802816101743,2250,1957,1860,97,390,194,0,0.0,0,0,0.0,0.0,0,0.0,0,0.0,194,100.0,12.6,55.089,65.067,94.396,798.78,32.561,401.75,12.972,159.79,12.269,151.21,53.7,54.8,51.6,52.3,54.5,67.9,4.5,37.1,5825.0,5827,98
b1d10d08-da110fcb,Adaptive,0.8215672054790144,0.6038884764329135,0.9686113475909498,0.4683407740324594,2250,2225,1890,335,360,184,10,5.15,0,10,0.0,5.15,1,0.52,139,71.65,44,22.68,12.92,56.47,62.301,93.478,787.39,30.351,383.69,12.493,157.61,11.816,149.13,53.5,54.2,51.8,52.4,54.4,63.2,4.6,34.6,5824.0,5827,101
b1d10d08-ec660956,Vanilla,0.7262778011361842,0.5895928736311076,0.9921408067441073,0.3751416438297375,2117,1607,1549,58,568,202,0,0.0,0,0,0.0,0.0,0,0.0,0,0.0,202,100.0,13.86,56.422,68.334,93.738,926.2,31.076,422.91,12.76,173.4,11.977,162.83,53.8,54.4,51.9,52.6,54.4,73.1,4.5,35.8,5826.0,5826,103
b1d10d08-ec660956,Adaptive,0.7259781164680325,0.5324883842451865,0.9780193433911987,0.4034966847753835,2117,1773,1562,211,555,169,33,16.34,0,33,0.0,16.34,1,0.5,110,54.46,58,28.71,12.63,50.076,62.2,93.066,773.84,28.826,359.93,12.263,152.8,11.478,143.12,53.5,54.1,51.8,52.3,54.1,61.9,4.8,32.6,5826.0,5827,94
b1d22449-117aa773,Vanilla,0.41125666375305103,0.32308074738016634,0.9733478991124266,0.22077232762893034,1193,548,503,45,690,202,0,0.0,0,0,0.0,0.0,0,0.0,0,0.0,202,100.0,12.51,53.649,66.054,96.86,807.8,33.697,412.87,13.294,162.69,12.555,153.74,54.1,55.2,52.2,53.1,55.2,70.5,4.3,39.0,5828.0,5829,95
b1d22449-117aa773,Adaptive,0.4320465468783721,0.307084035654823,0.9504283172783273,0.2472718214743235,1193,636,538,98,655,153,49,24.26,0,49,0.0,24.26,3,1.49,64,31.68,86,42.57,10.24,42.348,66.221,96.192,666.59,31.637,318.67,12.931,129.94,12.067,121.35,54.4,55.5,52.5,53.2,55.5,70.5,4.9,37.1,5830.0,5831,79
b1d22449-15fb948f,Vanilla,0.17546067415730335,0.13128095791603395,0.9968438328493879,0.08943820224719103,500,89,88,1,412,183,0,0.0,0,0,0.0,0.0,0,0.0,0,0.0,183,100.0,10.38,49.72,74.479,101.326,755.85,36.051,365.97,13.85,140.37,12.851,130.33,55.1,56.1,53.0,53.8,56.1,76.7,4.4,42.6,5819.0,5820,81
b1d22449-15fb948f,Adaptive,0.11428938620458251,0.0771957330175816,0.9811826576727753,0.062875,500,64,58,6,442,38,145,79.23,131,14,71.58,7.65,6,3.28,8,4.37,24,13.11,9.06,45.439,36.289,81.356,322.99,12.447,111.52,11.901,105.71,8.366,74.46,51.9,53.5,52.3,54.5,54.5,18.1,24.2,18.9,5835.0,5843,69
b1d22ed6-f1cac061,Vanilla,0.7948207011539542,0.5522177268394983,0.9818592043178633,0.42917072781230453,4610,4075,3721,354,889,203,0,0.0,0,0,0.0,0.0,0,0.0,0,0.0,203,100.0,14.54,60.717,65.101,96.67,926.62,30.001,428.63,12.487,178.04,11.747,167.61,53.5,54.3,51.6,52.0,54.3,67.6,4.3,33.9,5841.0,5842,110
b1d22ed6-f1cac061,Adaptive,0.8054709802577033,0.5188114796427082,0.9444786051891603,0.4886121515338073,4610,4954,3845,1109,765,203,0,0.0,0,0,0.0,0.0,1,0.49,195,96.06,7,3.45,17.47,74.804,60.207,94.976,1038.5,25.929,446.97,11.62,199.85,10.834,186.49,52.8,53.5,51.0,51.4,53.5,57.4,4.8,28.7,5847.0,5849,131
b1d3907b-2278601b,Vanilla,0.2923991197586699,0.2207447638281395,0.9815043485723925,0.15394556276782934,867,274,258,16,609,202,0,0.0,0,0,0.0,0.0,0,0.0,0,0.0,202,100.0,12.58,53.953,70.398,96.128,863.64,33.449,412.05,13.276,163.16,12.524,154.06,53.5,54.9,51.5,52.3,54.9,76.3,4.3,38.0,5821.0,5822,94
b1d3907b-2278601b,Adaptive,0.3577500850865898,0.23531027391805806,0.968923465203428,0.19529866627678413,867,355,319,36,548,158,44,21.78,0,44,0.0,21.78,9,4.46,58,28.71,91,45.05,10.96,45.927,59.219,96.824,629.29,30.814,330.46,12.779,136.63,11.946,127.81,53.9,55.0,52.0,52.5,55.0,59.0,5.4,36.0,5849.0,5854,83
b1d4b62c-60aab822,Vanilla,0.8148956187415766,0.6815155076430746,0.994940824449695,0.42315113539142446,2214,1890,1812,78,402,203,0,0.0,0,0,0.0,0.0,0,0.0,0,0.0,203,100.0,13.06,55.699,63.105,101.596,800.8,32.546,415.4,13.06,166.45,12.262,156.38,54.3,55.3,52.4,53.2,55.3,64.1,4.4,38.3,5835.0,5836,98
b1d4b62c-60aab822,Adaptive,0.8366232726750877,0.6376924682924463,0.9775499036416034,0.4692508113352739,2214,2160,1881,279,333,177,26,12.81,0,26,0.0,12.81,1,0.49,137,67.49,39,19.21,11.79,49.552,61.905,96.35,716.73,31.656,366.48,12.858,148.49,11.985,138.5,54.4,55.4,52.5,53.4,55.4,61.7,4.6,36.6,5864.0,5867,91
b1d59b1f-a38aec79,Vanilla,0.7114865870122481,0.5584782096912546,0.9932823046700904,0.3794154009184034,298,228,213,15,85,168,0,0.0,0,0,0.0,0.0,0,0.0,0,0.0,168,100.0,9.87,49.716,73.082,101.986,706.89,34.832,336.03,13.56,130.6,12.551,120.96,54.9,56.0,52.8,53.5,56.0,75.2,4.5,40.4,5839.0,5839,76
b1d59b1f-a38aec79,Adaptive,0.6029912266233584,0.40572114271591114,0.9553120496438923,0.348075360399675,298,223,186,37,112,102,66,39.29,16,50,9.52,29.76,3,1.79,9,5.36,90,53.57,7.4,35.762,57.972,101.164,416.32,28.972,206.02,12.908,91.67,11.38,80.85,54.4,55.5,52.8,54.1,55.5,53.2,8.3,34.2,5858.0,5860,55
b1d7b3ac-0bdb47dc,Vanilla,0.761181395802064,0.6169215424540474,0.9935831650986087,0.39573404765712455,1480,1183,1133,50,347,202,0,0.0,0,0,0.0,0.0,0,0.0,0,0.0,202,100.0,11.85,50.365,72.438,103.67,839.47,35.077,406.41,13.687,158.42,12.545,145.27,55.3,56.4,53.3,53.8,56.4,75.4,4.5,42.0,5839.0,5840,91
b1d7b3ac-0bdb47dc,Adaptive,0.7336755733407205,0.5105258245315131,0.9659034844414152,0.4195745707713792,1480,1316,1113,203,367,165,37,18.32,0,37,0.0,18.32,1,0.5,87,43.07,77,38.12,10.35,42.814,72.843,101.79,737.35,32.951,333.36,13.285,134.09,12.122,122.46,55.3,56.1,53.3,54.1,56.1,72.5,4.8,39.1,5852.0,5858,81
b1d7b3ac-36f2d3b7,Vanilla,0.8622568193008835,0.6969073293662883,0.9948275682339502,0.4487368731812239,724,655,627,28,97,176,0,0.0,0,0,0.0,0.0,0,0.0,0,0.0,176,100.0,10.41,49.872,72.047,104.536,730.93,34.739,351.86,13.633,137.9,12.499,126.47,55.6,57.0,53.8,54.4,57.0,73.2,4.5,41.0,5819.0,5820,78
b1d7b3ac-36f2d3b7,Adaptive,0.7892123433491769,0.5405163408034082,0.9596591598744291,0.454773041185334,724,704,589,115,135,123,53,30.11,12,41,6.82,23.3,2,1.14,43,24.43,78,44.32,8.72,40.396,71.548,100.0,608.11,29.721,251.72,12.903,109.27,11.558,97.87,55.1,56.1,53.3,54.1,56.1,69.7,6.5,34.5,5851.0,5857,68
b1d7b3ac-5744370e,Vanilla,0.594054969211463,0.4842943924057791,0.9796721841197139,0.32208341434960136,556,370,336,34,220,198,0,0.0,0,0,0.0,0.0,0,0.0,0,0.0,198,100.0,11.24,48.678,71.088,106.52,785.42,36.077,398.47,13.941,153.71,12.758,140.74,55.9,57.0,53.8,54.8,57.0,73.8,4.5,43.1,5815.0,5815,86
b1d7b3ac-5744370e,Adaptive,0.5491820141946695,0.39974912458801226,0.9295784411816101,0.32637001509903185,556,405,324,81,232,147,51,25.76,10,41,5.05,20.71,5,2.53,32,16.16,110,55.56,9.75,41.294,68.442,102.536,649.56,32.283,307.86,13.237,125.5,12.032,114.28,55.7,56.7,53.8,54.4,56.7,65.9,6.1,38.8,5839.0,5847,73
b1d7b3ac-995f9d8a,Vanilla,0.8063845800901714,0.6220454560227748,0.9857581785651652,0.42412502662190804,755,653,617,36,138,189,0,0.0,0,0,0.0,0.0,0,0.0,0,0.0,189,100.0,11.28,49.497,73.18,99.108,809.45,34.616,382.63,13.619,150.3,12.447,137.44,55.9,57.1,53.8,54.3,57.1,73.7,4.6,40.6,5845.0,5845,88
b1d7b3ac-995f9d8a,Adaptive,0.7663560243408767,0.5073514125341376,0.9549450808434625,0.45427778772149635,755,740,596,144,159,147,42,22.22,0,42,0.0,22.22,1,0.53,69,36.51,77,40.74,9.7,40.891,55.727,96.986,527.44,31.562,298.67,12.987,122.6,11.907,112.49,55.5,56.4,54.0,54.4,56.4,51.3,4.9,37.1,5842.0,5845,72
b1d7b3ac-9e14f05f,Vanilla,0.7941823660173171,0.6757655660987714,0.9953811905941726,0.4126395844045516,1312,1091,1046,45,266,202,0,0.0,0,0,0.0,0.0,0,0.0,0,0.0,202,100.0,11.87,50.41,75.233,105.332,869.73,35.009,407.5,13.786,160.2,12.57,146.14,56.1,57.2,54.0,54.6,57.2,73.3,4.6,41.7,5816.0,5816,89
b1d7b3ac-9e14f05f,Adaptive,0.8064419411207031,0.5838664585031662,0.9739608922814603,0.4538636252326379,1312,1245,1078,167,234,162,40,19.8,0,40,0.0,19.8,1,0.5,92,45.54,69,34.16,10.25,42.116,67.179,104.268,663.13,32.975,328.53,13.266,131.97,12.144,120.86,56.0,57.0,54.0,54.4,57.0,65.4,4.8,38.5,5841.0,5843,79
b1d7b3ac-afa57f22,Vanilla,0.7335087314525144,0.5995700811212378,0.9976998839327218,0.3758803986710963,400,301,294,7,106,170,0,0.0,0,0,0.0,0.0,0,0.0,0,0.0,170,100.0,9.68,48.793,72.586,102.96,690.24,35.834,339.49,13.95,131.91,12.763,120.76,56.4,57.3,54.3,54.8,57.3,73.3,4.6,42.3,5819.0,5821,76
b1d7b3ac-afa57f22,Adaptive,0.7313939437149397,0.4995478321339927,0.988758948821794,0.39444704049844237,400,321,295,26,105,106,64,37.65,8,56,4.71,32.94,11,6.47,18,10.59,77,45.29,7.41,36.199,71.378,101.78,510.82,30.164,217.2,13.145,94.54,11.688,84.08,56.0,57.1,54.3,54.9,57.1,67.3,7.5,36.1,5843.0,5847,58
b1d968b9-563405f4,Vanilla,0.7801461355144452,0.621310540070238,0.9366038508188226,0.4192979344542717,2656,2437,2211,226,445,203,0,0.0,0,0,0.0,0.0,0,0.0,0,0.0,203,100.0,12.24,49.969,76.711,102.838,922.77,34.244,412.38,13.556,163.02,12.426,149.48,56.3,57.5,54.3,54.8,57.5,74.9,4.7,40.7,5823.0,5823,95
b1d968b9-563405f4,Adaptive,0.806442773892065,0.6167517971293508,0.9337747210400791,0.4611400613631875,2656,2684,2283,401,373,174,29,14.29,0,29,0.0,14.29,1,0.49,120,59.11,53,26.11,11.57,47.333,43.499,96.614,489.76,31.434,356.24,12.876,145.63,11.818,133.75,55.6,56.4,53.8,54.2,56.4,38.0,4.8,36.6,5850.0,5851,89
b1d968b9-ce42734f,Vanilla,0.8350763677425188,0.6782905447808806,0.979235428642027,0.46092524337636154,3559,3400,3019,381,540,203,0,0.0,0,0,0.0,0.0,0,0.0,0,0.0,203,100.0,12.59,51.281,70.7,101.974,868.99,33.164,408.75,13.305,163.64,12.229,150.49,55.9,57.4,54.0,54.4,57.4,70.6,4.7,39.0,5825.0,5825,97
b1d968b9-ce42734f,Adaptive,0.8408617345033834,0.6227598781290636,0.9498358107318803,0.4988949972667995,3559,3871,3097,774,462,196,7,3.45,0,7,0.0,3.45,1,0.49,167,82.27,28,13.79,13.46,56.46,45.616,104.51,599.39,30.726,406.75,12.741,168.28,11.648,153.95,55.4,56.1,53.5,54.0,56.1,39.7,4.8,35.5,5857.0,5859,103
b1d971b4-ac67ca0d,Vanilla,0.7942543291953984,0.6446271356175346,0.9903448021302533,0.42323986158605037,2503,2155,2003,152,500,199,0,0.0,0,0,0.0,0.0,0,0.0,0,0.0,199,100.0,12.15,50.455,72.556,98.582,862.9,33.615,402.45,13.385,159.94,12.285,146.88,55.7,56.8,53.7,54.3,56.8,72.6,4.6,39.2,5830.0,5830,95
b1d971b4-ac67ca0d,Adaptive,0.801675074065263,0.5853575682586808,0.9683571540375564,0.46533619664522746,2503,2463,2045,418,458,189,10,5.03,0,10,0.0,5.03,1,0.5,156,78.39,32,16.08,12.68,53.252,47.913,98.23,598.61,31.406,391.18,12.851,159.78,11.8,146.78,55.5,56.4,53.7,54.4,56.5,40.4,4.8,36.6,5856.0,5857,96
b1d9e136-6c94ea3f,Vanilla,0.7328047550201144,0.5886273443937865,0.9956056626896851,0.3776983709377675,2342,1782,1723,59,619,202,0,0.0,0,0,0.0,0.0,0,0.0,0,0.0,202,100.0,12.85,52.657,66.967,102.162,847.3,32.647,413.21,13.219,166.93,12.088,152.73,55.8,56.9,54.0,54.8,56.9,64.4,4.6,38.0,5832.0,5832,97
b1d9e136-6c94ea3f,Adaptive,0.7664178806748707,0.5763120108841162,0.9823634997896851,0.423878938873284,2342,2047,1817,230,525,180,22,10.89,0,22,0.0,10.89,1,0.5,141,69.8,38,18.81,12.06,48.461,61.992,99.332,728.02,31.451,369.35,12.93,151.67,11.849,139.07,55.7,57.0,53.8,54.3,57.0,56.7,4.8,36.7,5864.0,5867,93
b1d9e136-9ab25cb3,Vanilla,0.7330147084093805,0.5213820469348246,0.9652395997306196,0.4073440140596141,2942,2529,2223,306,719,202,0,0.0,0,0,0.0,0.0,0,0.0,0,0.0,202,100.0,13.22,54.206,56.237,97.736,729.99,32.014,418.21,13.004,169.57,11.947,155.85,55.7,56.6,53.8,54.2,56.6,53.5,4.6,37.1,5842.0,5846,100
b1d9e136-9ab25cb3,Adaptive,0.7600995622977503,0.5199253716379705,0.9408326154798543,0.45769801864384857,2942,2964,2334,630,608,189,13,6.44,0,13,0.0,6.44,1,0.5,153,75.74,35,17.33,13.08,53.162,66.79,98.89,856.92,30.492,393.92,12.703,163.75,11.622,149.93,55.5,56.6,53.7,54.1,56.6,62.2,5.0,35.2,5867.0,5868,103
b1dac7f7-6b2e0382,Vanilla,0.6907242198451916,0.515719560073896,0.971185057826287,0.3766701647456023,3637,2865,2578,287,1059,202,0,0.0,0,0,0.0,0.0,0,0.0,0,0.0,202,100.0,13.41,55.409,53.476,102.406,701.18,31.475,412.84,12.972,169.83,11.85,155.22,55.4,56.8,53.6,54.1,56.8,47.4,4.5,36.8,5837.0,5838,99
b1dac7f7-6b2e0382,Adaptive,0.7206645568620434,0.4947570817192746,0.9550509372692357,0.4244216922495294,3637,3328,2704,624,933,198,4,1.98,0,4,0.0,1.98,1,0.5,177,87.62,20,9.9,14.48,60.388,64.293,105.582,911.99,29.266,415.49,12.486,176.98,11.382,161.42,55.2,56.1,53.4,53.8,56.1,60.4,4.8,33.6,5866.0,5869,107
b1db7e22-cfa74dc3,Vanilla,0.3736626410199573,0.2825360110081907,0.9839958818527053,0.1996781375538454,1420,582,538,44,882,203,0,0.0,0,0,0.0,0.0,0,0.0,0,0.0,203,100.0,11.8,49.739,75.19,103.264,869.54,35.142,408.15,13.795,159.8,12.644,146.59,56.0,57.7,53.9,54.8,57.7,76.6,4.5,40.7,5839.0,5840,91
b1db7e22-cfa74dc3,Adaptive,0.4075028021892223,0.28335098457200314,0.9629737903586882,0.2287863611275782,1420,689,597,92,823,165,38,18.72,1,37,0.49,18.23,2,0.99,76,37.44,87,42.86,10.24,41.938,71.821,103.022,713.65,33.322,332.59,13.416,133.65,12.258,122.17,56.3,57.3,54.3,54.8,57.3,69.9,5.0,39.3,5856.0,5867,80
b1dce572-c6a8cb5e,Vanilla,0.7138194759988764,0.57112035549436,0.9882145352526116,0.37454431867995636,2542,1942,1834,108,708,202,0,0.0,0,0,0.0,0.0,0,0.0,0,0.0,202,100.0,12.52,50.703,72.701,106.506,894.32,33.381,411.35,13.365,164.46,12.321,151.65,56.4,57.8,54.6,55.2,57.8,70.5,4.6,39.9,5829.0,5830,96
b1dce572-c6a8cb5e,Adaptive,0.7356224970650916,0.5397017516268593,0.9727555786821669,0.41087983541642226,2542,2186,1910,276,632,182,20,9.9,0,20,0.0,9.9,1,0.5,131,64.85,50,24.75,12.28,49.478,55.436,99.494,666.85,30.955,373.0,12.845,154.49,11.781,141.79,55.8,56.8,54.2,54.9,56.8,50.8,4.8,36.3,5864.0,5865,93
b1dd58c1-8b546ba7,Vanilla,0.7672596886905554,0.6277895583408795,0.9950893453444611,0.39427781411865226,2456,1952,1893,59,563,197,0,0.0,0,0,0.0,0.0,0,0.0,0,0.0,197,100.0,12.03,50.325,79.562,104.958,942.39,33.963,402.89,13.527,160.21,12.39,146.83,56.4,57.7,54.4,55.3,57.7,80.7,4.8,39.3,5833.0,5839,95
b1dd58c1-8b546ba7,Adaptive,0.7798548689344824,0.5786585031357994,0.9782799095874102,0.43633282702792875,2456,2226,1944,282,512,187,10,5.08,0,10,0.0,5.08,1,0.51,150,76.14,36,18.27,12.12,50.824,57.035,101.072,675.39,32.242,382.04,13.074,154.66,12.034,142.46,56.1,57.3,54.3,55.1,57.3,55.5,4.8,37.5,5870.0,5871,95
b1df722f-57d21f3f,Vanilla,0.6794562984248382,0.5002531322671144,0.94966907175414,0.40033338700649446,1935,1685,1364,321,571,202,0,0.0,0,0,0.0,0.0,0,0.0,0,0.0,202,100.0,11.84,49.837,72.451,106.372,834.3,35.107,405.44,13.748,158.51,12.661,146.06,56.7,57.7,54.9,55.6,57.7,72.1,4.6,41.0,5849.0,5849,92
b1df722f-57d21f3f,Adaptive,0.664879308472703,0.4378927200296226,0.9054345423024186,0.4209884668931034,1935,1908,1376,532,559,182,20,9.9,0,20,0.0,9.9,1,0.5,113,55.94,68,33.66,11.67,48.756,59.935,101.61,684.04,32.567,372.4,13.234,150.98,12.147,138.68,56.5,57.5,54.9,55.3,57.5,54.8,4.7,38.2,5883.0,5885,92
b1df722f-5bcc3db7,Vanilla,0.6324337691435766,0.43648828746170903,0.9018025153674998,0.3897542071455115,1365,1242,938,304,427,202,0,0.0,0,0,0.0,0.0,0,0.0,0,0.0,202,100.0,11.85,49.747,73.942,105.398,852.17,35.154,406.46,13.766,158.94,12.673,146.38,57.0,58.0,55.1,55.8,58.0,73.7,4.5,41.3,5861.0,5862,93
b1df722f-5bcc3db7,Adaptive,0.577679702443256,0.3203713791241137,0.800731999014592,0.4086905060194963,1365,1535,934,601,431,185,17,8.42,0,17,0.0,8.42,1,0.5,134,66.34,50,24.75,11.77,49.116,61.589,102.636,712.48,32.772,379.77,13.321,154.08,12.185,141.03,56.8,57.8,54.9,55.6,57.8,57.5,4.8,38.8,5885.0,5887,93
b1e0c01d-dd9e6e2f,Vanilla,0.7274981938147743,0.514607224422335,0.9838244903854805,0.38699894514767935,2054,1632,1516,116,538,202,0,0.0,0,0,0.0,0.0,0,0.0,0,0.0,202,100.0,12.4,50.609,69.096,103.58,837.28,33.861,412.24,13.479,163.82,12.418,151.0,57.0,58.1,55.1,55.7,58.1,69.3,4.7,39.8,5864.0,5866,98
b1e0c01d-dd9e6e2f,Adaptive,0.7349364945510606,0.4837744212441999,0.9623068577148975,0.42504761346961784,2054,1862,1550,312,504,178,24,11.88,0,24,0.0,11.88,1,0.5,113,55.94,64,31.68,11.89,47.946,68.245,102.634,799.92,31.446,367.18,13.024,151.8,11.921,139.04,56.6,57.8,54.9,55.6,57.7,64.5,4.9,36.6,5862.0,5864,94
b1e1a7b8-0aec80e8,Vanilla,0.6273662913706197,0.4514769981618632,0.9765660438907675,0.3318808897158372,1982,1358,1272,86,710,203,0,0.0,0,0,0.0,0.0,0,0.0,0,0.0,203,100.0,12.39,50.082,71.311,101.346,863.04,33.885,411.62,13.476,163.41,12.419,150.68,56.9,58.1,55.0,55.7,58.1,69.7,4.7,39.9,5860.0,5861,98
b1e1a7b8-0aec80e8,Adaptive,0.650183075091571,0.4326304990939248,0.9599678168620561,0.3667427181420348,1982,1544,1334,210,648,168,35,17.24,0,35,0.0,17.24,1,0.49,109,53.69,58,28.57,11.09,43.722,67.437,103.592,733.93,31.673,343.25,13.068,141.27,11.987,129.68,56.7,57.9,54.9,55.6,57.9,64.7,4.9,36.5,5898.0,5909,86
b1e1a7b8-65ec7612,Vanilla,0.6690891619274466,0.49691811840359074,0.9784268735084082,0.35924560011203954,1860,1382,1269,113,591,202,0,0.0,0,0,0.0,0.0,0,0.0,0,0.0,202,100.0,12.05,49.667,75.122,106.138,886.24,34.582,408.97,13.67,161.41,12.557,148.34,57.1,58.3,55.2,56.0,58.3,74.8,4.6,40.6,5876.0,5884,91
b1e1a7b8-65ec7612,Adaptive,0.6713545376279539,0.4605464939394522,0.9458544316381743,0.3930353745901971,1860,1594,1304,290,556,179,23,11.39,0,23,0.0,11.39,1,0.5,127,62.87,51,25.25,11.49,46.712,61.84,100.706,700.91,32.253,364.21,13.169,148.37,12.11,136.53,56.7,57.7,55.1,55.8,57.5,59.6,4.7,38.3,5897.0,5903,89
b1e1a7b8-a7426a97,Vanilla,0.6402815093340846,0.5074981415123055,0.9942094044741022,0.33117328684467057,1838,1229,1183,46,655,203,0,0.0,0,0,0.0,0.0,0,0.0,0,0.0,203,100.0,11.89,49.713,74.483,100.658,865.55,35.197,410.59,13.8,160.7,12.696,147.91,57.3,58.5,55.3,56.2,58.5,74.3,4.6,41.5,5876.0,5877,93
b1e1a7b8-a7426a97,Adaptive,0.6356417750331229,0.4660239343428877,0.9692862033804589,0.35971121376706955,1838,1394,1195,199,643,175,28,13.79,0,28,0.0,13.79,1,0.49,107,52.71,67,33.0,10.99,45.033,66.708,99.528,718.32,33.168,355.33,13.385,143.17,12.279,131.42,57.2,58.5,55.2,55.5,58.5,64.0,4.8,39.2,5909.0,5910,86
b1e1a7b8-b397c445,Vanilla,0.5581981829908638,0.43610105228388596,0.9825025001341663,0.29810754165168885,1561,957,885,72,676,202,0,0.0,0,0,0.0,0.0,0,0.0,0,0.0,202,100.0,11.71,49.028,74.294,99.816,853.38,35.549,410.05,13.86,159.62,12.778,147.23,57.6,58.9,55.5,56.1,58.9,75.1,4.5,42.0,5872.0,5873,92
b1e1a7b8-b397c445,Adaptive,0.5733104477663157,0.40342980782300664,0.9582449332861359,0.3311365529353025,1561,1106,924,182,637,171,31,15.35,0,31,0.0,15.35,1,0.5,100,49.5,70,34.65,10.79,44.331,66.661,100.028,705.9,33.029,350.32,13.373,141.5,12.282,130.05,57.4,58.4,55.5,56.1,58.4,65.7,4.8,38.9,5889.0,5897,81
b1e2346e-c5f98707,Vanilla,0.39156619287281313,0.32049662567904036,0.9963672543847472,0.1991777740906661,369,147,145,2,224,140,0,0.0,0,0,0.0,0.0,0,0.0,0,0.0,140,100.0,7.9,48.646,73.715,97.144,558.07,35.969,273.86,14.057,106.76,12.88,97.88,57.8,58.9,55.8,56.4,58.9,75.6,4.6,41.9,5861.0,5862,58
b1e2346e-c5f98707,Adaptive,0.19868326870136485,0.13409473978454567,0.9087016109741158,0.12101313320825516,369,104,79,25,290,39,101,72.14,88,13,62.86,9.29,4,2.86,11,7.86,24,17.14,6.8,43.736,43.979,93.75,285.62,13.631,88.07,12.328,80.44,8.85,57.58,54.8,56.5,55.4,57.2,57.2,26.7,22.0,19.6,5881.0,5886,51
b1e3e9f5-92377424,Vanilla,0.8449280088091231,0.6813778154886481,0.9890997137981986,0.446893251717396,3358,3056,2864,192,494,203,0,0.0,0,0,0.0,0.0,0,0.0,0,0.0,203,100.0,13.42,54.609,53.358,103.52,700.42,32.048,420.57,13.103,171.78,12.036,157.83,56.5,57.3,54.7,55.5,57.3,51.3,4.6,37.7,5862.0,5862,101
b1e3e9f5-92377424,Adaptive,0.8661874540873444,0.6558205550881799,0.9752519640106779,0.47729597386525335,3358,3340,2968,372,390,184,19,9.36,0,19,0.0,9.36,1,0.49,142,69.95,41,20.2,13.85,56.352,62.353,101.83,846.21,28.717,391.6,12.43,169.13,11.368,154.77,56.0,56.8,54.4,55.5,56.8,57.6,4.9,32.7,5884.0,5893,103
b1e62c91-eca210a9,Vanilla,0.5872728734978376,0.4581338504751411,0.987570537743023,0.3091541248704926,1571,991,933,58,638,181,0,0.0,0,0,0.0,0.0,0,0.0,0,0.0,181,100.0,10.68,50.604,72.058,101.98,755.09,34.835,364.66,13.678,142.97,12.611,131.89,56.6,57.9,54.6,55.6,57.9,73.2,4.6,40.0,5860.0,5863,83
b1e62c91-eca210a9,Adaptive,0.6248236956031941,0.4466053602336255,0.9692650821221354,0.3546597727458958,1571,1173,1004,169,567,156,25,13.81,9,16,4.97,8.84,5,2.76,90,49.72,61,33.7,10.45,49.503,67.813,102.618,697.49,31.611,325.26,13.28,136.38,12.04,123.71,56.7,57.7,55.0,56.4,57.7,65.9,6.5,37.7,5896.0,5904,81
b1e6efc0-2552cc5d,Vanilla,0.593379881216237,0.4549444598345619,0.975531192564517,0.32269437140760665,884,592,536,56,348,203,0,0.0,0,0,0.0,0.0,0,0.0,0,0.0,203,100.0,11.83,49.228,70.524,100.382,820.06,35.482,412.7,13.851,160.84,12.761,148.25,57.3,58.6,55.2,55.7,58.6,70.5,4.5,41.7,5874.0,5876,93
b1e6efc0-2552cc5d,Adaptive,0.6105882112976231,0.4097763265426515,0.9524891716445979,0.35880701522607916,884,685,559,126,325,149,54,26.6,0,54,0.0,26.6,1,0.49,63,31.03,85,41.87,9.53,37.7,77.901,102.838,726.97,32.442,303.0,13.308,124.03,12.194,113.71,57.1,58.2,55.2,55.5,58.2,75.5,4.8,38.1,5898.0,5898,74
b1e88fd2-c1e4fd2b,Vanilla,0.5395753606167284,0.3810630845098776,0.9947282794222019,0.2758317859603639,1241,690,673,17,568,193,0,0.0,0,0,0.0,0.0,0,0.0,0,0.0,193,100.0,11.08,49.053,73.829,104.332,795.85,35.795,388.18,13.974,151.28,12.823,138.9,57.7,58.9,55.6,56.0,58.9,73.4,4.5,42.6,5866.0,5867,85
b1e88fd2-c1e4fd2b,Adaptive,0.5739991627923262,0.3826533621036191,0.9937684382962482,0.300890015538936,1241,754,716,38,525,102,91,47.15,59,32,30.57,16.58,9,4.66,37,19.17,56,29.02,9.76,43.641,53.423,98.694,507.18,22.896,217.13,12.718,120.76,10.446,99.14,55.7,57.5,54.8,56.6,57.5,44.4,13.6,27.6,5914.0,5926,74
b1e8ad72-c3c79240,Vanilla,0.6876885870430454,0.5845951492003405,0.9987564846537869,0.34953587378749357,979,685,674,11,305,203,0,0.0,0,0,0.0,0.0,0,0.0,0,0.0,203,100.0,11.53,48.476,76.03,101.696,858.97,36.16,410.74,14.032,159.1,12.909,146.46,57.4,58.6,55.4,56.2,58.5,76.5,4.5,42.9,5885.0,5886,90
b1e8ad72-c3c79240,Adaptive,0.7125580489009173,0.534970460011802,0.9922165357621556,0.37634835568383784,979,746,702,44,277,152,51,25.12,0,51,0.0,25.12,1,0.49,58,28.57,93,45.81,9.51,38.216,71.34,106.534,657.39,32.858,304.11,13.341,123.17,12.255,113.21,57.1,58.1,55.4,56.1,58.2,68.3,4.7,38.5,5907.0,5908,75
b1e9ee0e-67e26f2e,Vanilla,0.5950505985978534,0.38607437529298033,0.9200742268504349,0.36022129648784224,4556,3739,2891,848,1665,203,0,0.0,0,0,0.0,0.0,0,0.0,0,0.0,203,100.0,12.66,52.258,79.662,107.832,985.05,33.466,415.38,13.391,165.93,12.351,153.12,57.4,58.4,55.5,56.1,58.4,78.0,4.6,39.6,5891.0,5892,98
b1e9ee0e-67e26f2e,Adaptive,0.6077860536518679,0.38786635592750723,0.8963711617324371,0.37297583152902003,4556,4016,3026,990,1530,184,19,9.36,0,19,0.0,9.36,1,0.49,142,69.95,41,20.2,13.21,54.373,63.902,105.536,824.06,29.677,384.02,12.653,163.36,11.582,149.66,56.4,57.7,54.5,55.0,57.7,58.8,4.9,33.7,5893.0,5900,104
b1ea0ae4-4f770228,Vanilla,0.8660044885998528,0.7393722972132918,0.9967764913012088,0.44303490747833946,1598,1423,1388,35,210,200,0,0.0,0,0,0.0,0.0,0,0.0,0,0.0,200,100.0,11.83,49.885,72.544,103.808,840.08,34.88,405.71,13.771,159.85,12.627,146.66,56.8,58.1,54.7,55.5,58.1,73.4,4.6,40.1,5894.0,5897,93
b1ea0ae4-4f770228,Adaptive,0.8525732622486762,0.6560191272299276,0.9792434328537879,0.47839175941535744,1598,1585,1381,204,217,157,43,21.5,0,43,0.0,21.5,2,1.0,91,45.5,64,32.0,10.25,41.965,60.494,97.468,605.09,31.932,319.68,13.1,130.89,12.032,120.3,56.7,57.8,54.9,55.6,57.8,56.9,4.9,37.4,5915.0,5926,80
b1eb9133-5cc75c18,Vanilla,0.4069920044766427,0.27168574264842404,0.9617825742154575,0.22278817552449393,567,268,239,29,328,121,0,0.0,0,0,0.0,0.0,0,0.0,0,0.0,121,100.0,6.94,48.665,72.537,99.764,487.17,35.29,236.96,13.943,93.35,12.722,85.25,57.3,58.2,55.2,55.7,58.2,73.4,4.6,40.4,5881.0,5881,54
b1eb9133-5cc75c18,Adaptive,0.25943869296364674,0.14206563227274377,0.9128950449610488,0.15843050632694647,567,206,158,48,409,43,78,64.46,70,8,57.85,6.61,2,1.65,18,14.88,23,19.01,6.08,44.539,45.626,94.878,267.93,16.384,94.51,12.43,72.55,9.3,54.09,54.9,56.8,54.9,56.4,56.8,31.8,18.5,24.4,5915.0,5925,46
b1ebfc3c-740ec84a,Vanilla,0.5715885613181506,0.4179211428024471,0.9972072861709117,0.29188310229243325,2272,1332,1302,30,970,203,0,0.0,0,0,0.0,0.0,0,0.0,0,0.0,203,100.0,11.96,49.913,73.293,97.736,862.04,35.12,410.64,13.725,160.31,12.695,148.32,56.9,58.1,55.0,55.9,58.1,72.9,4.5,41.4,5865.0,5867,90
b1ebfc3c-740ec84a,Adaptive,0.6089436948172995,0.4153341889405551,0.9892694601358751,0.3262938974909057,2272,1510,1395,115,877,170,33,16.26,0,33,0.0,16.26,1,0.49,106,52.22,63,31.03,10.84,44.039,71.509,107.632,753.26,32.61,345.53,13.262,140.17,12.2,129.04,56.9,57.8,55.2,55.8,57.8,68.5,4.7,38.2,5888.0,5893,82
b1ebfc3c-cc9c2bb8,Vanilla,0.6013516104442017,0.4471801087549513,0.9864341776501812,0.3151915915244993,1849,1191,1126,65,723,202,0,0.0,0,0,0.0,0.0,0,0.0,0,0.0,202,100.0,11.79,49.533,74.68,104.596,859.74,35.19,406.99,13.816,159.47,12.724,146.97,57.4,58.4,55.4,56.3,58.4,75.5,4.5,41.4,5860.0,5866,89
b1ebfc3c-cc9c2bb8,Adaptive,0.6343341702413385,0.4284801557675328,0.9641192159968214,0.35974483742578905,1849,1409,1207,202,642,163,39,19.31,0,39,0.0,19.31,1,0.5,102,50.5,60,29.7,10.7,43.674,66.776,106.658,704.27,31.842,334.18,13.161,137.84,12.064,126.41,57.0,57.8,55.4,55.9,58.0,63.5,4.8,37.0,5893.0,5893,82
b1ee702d-0ae1fc10,Vanilla,0.4843147385430291,0.3484391295120635,0.9711869671074773,0.26309647495361776,1400,770,696,74,704,203,0,0.0,0,0,0.0,0.0,0,0.0,0,0.0,203,100.0,11.92,49.582,71.42,103.11,834.51,35.137,409.56,13.822,160.83,12.691,147.75,57.5,58.8,55.7,56.3,58.6,70.9,4.6,41.4,5861.0,5861,92
b1ee702d-0ae1fc10,Adaptive,0.5110614124204196,0.33500978249126395,0.9378022837450601,0.2985597699362661,1400,919,755,164,645,167,36,17.73,0,36,0.0,17.73,2,0.99,95,46.8,70,34.48,10.53,42.613,56.84,98.128,582.45,33.104,340.24,13.307,136.49,12.249,125.72,57.2,58.2,55.4,55.7,58.2,53.9,4.9,38.7,5880.0,5891,83
b1ee702d-4a193906,Vanilla,0.2364115213965331,0.17717661937165247,0.9816830304267778,0.12533259783243558,1622,418,390,28,1232,203,0,0.0,0,0,0.0,0.0,0,0.0,0,0.0,203,100.0,11.29,48.335,70.57,104.216,778.27,36.748,405.95,14.101,155.48,13.023,143.66,57.9,59.5,55.8,56.4,59.5,74.3,4.5,43.6,5859.0,5859,87
b1ee702d-4a193906,Adaptive,0.2305420355567947,0.15684628873903025,0.9558451490774861,0.13324732131468175,1622,464,387,77,1235,121,82,40.39,59,23,29.06,11.33,7,3.45,49,24.14,65,32.02,10.3,44.866,56.805,103.642,565.35,26.648,266.83,13.195,131.75,11.202,111.95,56.9,58.8,55.8,56.9,58.8,49.0,12.5,34.9,5882.0,5886,78
b1f022d3-45162c67,Vanilla,0.645822407748724,0.5135187802612994,0.9943907828285624,0.33603022226255475,1373,931,891,40,482,202,0,0.0,0,0,0.0,0.0,0,0.0,0,0.0,202,100.0,12.19,49.973,69.906,104.152,832.34,34.391,411.14,13.618,162.52,12.505,149.33,57.2,58.5,55.2,55.8,58.5,70.0,4.6,39.4,5852.0,5853,95
b1f022d3-45162c67,Adaptive,0.6838199873359136,0.5084325139272556,0.9833348781884145,0.37290742850344694,1373,1053,951,102,422,154,48,23.76,0,48,0.0,23.76,1,0.5,77,38.12,76,37.62,10.23,39.989,66.658,102.836,670.79,31.624,318.24,13.095,131.57,11.975,120.36,57.1,58.3,55.2,55.6,58.3,64.8,4.9,36.9,5877.0,5878,81
b1f0efd9-37a14dda,Vanilla,0.7466739454227834,0.5955315374418155,0.9893321478016085,0.4002573564815756,1667,1358,1255,103,412,203,0,0.0,0,0,0.0,0.0,0,0.0,0,0.0,203,100.0,11.97,49.248,74.089,102.118,871.76,35.008,412.93,13.742,161.8,12.661,149.15,57.5,58.9,55.8,56.4,58.9,72.3,4.6,41.3,5853.0,5853,94
b1f0efd9-37a14dda,Adaptive,0.7396733285634107,0.5385432395638005,0.9669479209152593,0.4238736199248444,1667,1495,1262,233,405,167,36,17.73,0,36,0.0,17.73,4,1.97,88,43.35,75,36.95,10.78,43.822,45.704,94.952,477.68,32.285,340.38,13.203,138.91,12.091,127.28,57.1,58.2,55.4,56.3,58.2,42.2,5.1,37.8,5888.0,5890,85
b1f0efd9-e900c6e5,Vanilla,0.7447584264341264,0.5973419709926094,0.9915406559964415,0.3905737162333014,2006,1589,1505,84,501,202,0,0.0,0,0,0.0,0.0,0,0.0,0,0.0,202,100.0,11.96,49.403,75.019,104.112,878.75,34.881,408.08,13.742,160.55,12.628,147.6,57.7,58.6,55.7,56.3,58.6,74.4,4.5,40.8,5877.0,5881,94
b1f0efd9-e900c6e5,Adaptive,0.7418387761524516,0.523433536721733,0.9647796710786715,0.42246039658801376,2006,1800,1528,272,478,186,16,7.92,0,16,0.0,7.92,1,0.5,122,60.4,63,31.19,12.38,50.934,62.733,100.248,759.52,31.713,386.5,13.1,159.4,12.007,146.18,57.2,58.2,55.6,56.1,58.2,59.0,4.8,37.0,5896.0,5898,93
b1f20aa0-3401c3bf,Vanilla,0.3775686945439262,0.28556601332012665,0.9960609545976815,0.19161963569002777,2050,790,777,13,1273,202,0,0.0,0,0,0.0,0.0,0,0.0,0,0.0,202,100.0,11.61,49.342,71.99,99.824,819.49,35.82,408.41,13.98,159.19,12.846,146.35,57.8,58.8,56.0,56.6,58.8,74.2,4.5,42.1,5866.0,5866,92
b1f20aa0-3401c3bf,Adaptive,0.40880064026863344,0.2888880058725175,0.989209973251828,0.21547084836810546,2050,899,846,53,1204,170,32,15.84,4,28,1.98,13.86,6,2.97,82,40.59,82,40.59,10.87,45.677,71.168,102.764,757.37,32.624,349.13,13.463,143.85,12.267,131.13,57.6,58.7,55.8,56.6,58.7,69.6,5.7,38.3,5889.0,5897,86
b1f20aa0-50213047,Vanilla,0.1560259994843729,0.0979021039482883,0.9430801205864665,0.08172187483850964,1046,185,173,12,873,203,0,0.0,0,0,0.0,0.0,0,0.0,0,0.0,203,100.0,11.73,48.437,72.569,104.814,839.71,35.675,411.14,14.014,161.2,12.827,147.62,58.0,59.1,56.0,56.4,59.1,73.1,4.6,42.4,5868.0,5874,88
b1f20aa0-50213047,Adaptive,0.17935742919339326,0.10514772925116611,0.9280650159852956,0.09877204164011047,1046,225,202,23,844,154,49,24.14,0,49,0.0,24.14,28,13.79,43,21.18,83,40.89,11.07,46.3,66.688,104.966,724.97,29.657,322.48,13.004,141.06,11.744,127.47,57.3,58.3,55.5,56.1,58.7,61.6,7.9,35.3,5882.0,5893,84
b1f20aa0-6ef1db42,Vanilla,0.3813116743930519,0.28308515206141216,0.9816707695696589,0.2011571800674666,2129,880,826,54,1303,202,0,0.0,0,0,0.0,0.0,0,0.0,0,0.0,202,100.0,11.49,49.419,74.277,102.342,837.5,36.099,409.17,14.028,158.71,12.924,146.27,58.0,59.2,56.0,56.7,59.2,73.5,4.5,42.7,5868.0,5875,89
b1f20aa0-6ef1db42,Adaptive,0.4072482108144055,0.2577569486871966,0.955827085995676,0.23316551886865267,2129,1065,899,166,1230,179,23,11.39,0,23,0.0,11.39,3,1.49,107,52.97,69,34.16,10.88,46.3,72.561,104.284,774.43,34.095,362.13,13.691,145.1,12.529,132.88,58.0,59.0,56.1,56.6,59.0,70.3,4.9,40.3,5889.0,5898,85
b1f25ff6-1ddb7e43,Vanilla,0.7798287403076618,0.6433897972864273,0.992919788381949,0.40984340947033476,1294,1073,1015,58,279,203,0,0.0,0,0,0.0,0.0,0,0.0,0,0.0,203,100.0,11.91,48.822,71.956,105.446,836.2,35.298,412.18,13.8,160.88,12.732,148.5,58.2,59.7,56.1,56.5,59.2,70.6,4.6,41.8,5865.0,5866,94
b1f25ff6-1ddb7e43,Adaptive,0.763158860992438,0.5533866402652834,0.9616897317319549,0.44718904278147087,1294,1236,1012,224,282,165,38,18.72,0,38,0.0,18.72,1,0.49,94,46.31,70,34.48,10.66,42.478,79.94,105.786,832.14,32.284,336.93,13.243,137.91,12.166,126.77,57.9,58.6,55.9,56.2,58.6,77.3,4.8,37.8,5911.0,5912,84
b1f4491b-07b32e8c,Vanilla,0.6785125838234837,0.5140696328317305,0.9909730390888285,0.3576682668266827,1818,1320,1243,77,575,203,0,0.0,0,0,0.0,0.0,0,0.0,0,0.0,203,100.0,12.44,51.328,69.061,103.704,840.33,33.948,413.4,13.579,165.04,12.467,151.6,57.9,58.8,56.0,56.6,58.8,67.2,4.6,40.1,5888.0,5890,91
b1f4491b-07b32e8c,Adaptive,0.6829519056400621,0.45724654032843165,0.9603880315609065,0.395993527924221,1818,1540,1277,263,541,173,30,14.78,0,30,0.0,14.78,1,0.49,114,56.16,58,28.57,11.58,46.843,60.099,101.052,679.19,31.573,359.62,13.077,148.68,11.976,136.25,57.5,58.7,55.7,56.6,58.7,57.0,4.8,36.6,5911.0,5912,87
b1f4491b-09593e90,Vanilla,0.6140708966181123,0.5007155813919443,0.9931292315991036,0.31372007567224514,1142,723,706,17,436,202,0,0.0,0,0,0.0,0.0,0,0.0,0,0.0,202,100.0,11.86,49.647,71.463,100.784,833.67,35.18,411.01,13.821,161.22,12.721,148.45,57.9,59.3,56.0,56.8,59.3,71.7,4.6,41.2,5886.0,5886,91
b1f4491b-09593e90,Adaptive,0.6387810282439558,0.4696093039311092,0.9849547050724974,0.3416628491393577,1142,799,739,60,403,144,58,28.71,0,58,0.0,28.71,1,0.5,57,28.22,86,42.57,9.33,36.96,72.004,99.34,649.67,32.175,291.68,13.206,119.38,12.102,109.49,57.7,58.7,55.9,56.6,58.7,68.1,4.9,37.7,5912.0,5913,72
b1f4491b-16256d7c,Vanilla,0.6830152471510955,0.4852537286070864,0.968851891042998,0.3722694367818731,2797,2180,1966,214,831,202,0,0.0,0,0,0.0,0.0,0,0.0,0,0.0,202,100.0,12.36,51.119,69.666,100.322,845.79,34.091,415.47,13.608,165.61,12.47,151.82,57.9,58.8,56.0,56.7,58.8,68.7,4.7,40.1,5888.0,5888,98
b1f4491b-16256d7c,Adaptive,0.6979061835566358,0.4504686529021068,0.9449066372951599,0.41486493285150244,2797,2537,2034,503,763,191,11,5.45,0,11,0.0,5.45,2,0.99,147,72.77,42,20.79,13.09,54.322,71.748,99.546,922.08,30.859,396.9,12.971,166.6,11.846,152.22,57.4,58.2,55.6,56.2,58.2,68.9,5.0,35.4,5901.0,5907,103
b1f4491b-33824f31,Vanilla,0.7246316933426186,0.5172960057318725,0.9807653016701583,0.38783336909812205,2610,2089,1924,165,686,202,0,0.0,0,0,0.0,0.0,0,0.0,0,0.0,202,100.0,12.46,50.64,67.811,103.988,825.14,33.558,409.66,13.451,163.87,12.341,150.43,57.4,58.2,55.7,56.2,58.2,67.7,4.7,39.0,5885.0,5888,97
b1f4491b-33824f31,Adaptive,0.7406884850344442,0.4777771159203362,0.9530535502224382,0.4349198991814344,2610,2455,2000,455,610,184,18,8.91,0,18,0.0,8.91,1,0.5,139,68.81,44,21.78,13.0,52.948,58.4,98.884,739.3,30.218,385.16,12.776,162.56,11.67,148.58,57.0,58.1,55.3,55.8,58.1,55.2,4.8,34.4,5917.0,5917,97
b1f4491b-846d8cb2,Vanilla,0.6259373416662515,0.5353199414944395,0.9898136808477729,0.33235662424293505,1567,1060,989,71,578,202,0,0.0,0,0,0.0,0.0,0,0.0,0,0.0,202,100.0,12.21,50.261,73.099,103.804,865.8,34.227,407.87,13.645,162.34,12.504,148.82,57.4,59.1,55.7,56.5,59.1,72.4,4.6,39.7,5886.0,5887,92
b1f4491b-846d8cb2,Adaptive,0.653954911284331,0.5136889805351037,0.9762269751938988,0.36945563609309334,1567,1206,1041,165,526,167,35,17.33,0,35,0.0,17.33,1,0.5,89,44.06,77,38.12,10.81,43.177,50.485,105.25,533.51,32.234,339.29,13.184,138.58,12.077,127.01,57.2,58.3,55.4,55.8,58.3,43.7,4.8,37.7,5912.0,5918,83
b1f4491b-97465266,Vanilla,0.5369297211046731,0.36463958205238595,0.9745965817508199,0.28838944165614944,1845,1108,1014,94,831,203,0,0.0,0,0,0.0,0.0,0,0.0,0,0.0,203,100.0,12.06,49.431,71.816,103.72,852.42,34.798,413.66,13.753,163.25,12.61,149.75,57.8,59.1,55.8,56.8,59.1,70.4,4.7,41.2,5893.0,5893,92
b1f4491b-97465266,Adaptive,0.5590283924971836,0.3612710109208618,0.9601731252083131,0.31950290977013357,1845,1255,1065,190,780,165,38,18.72,0,38,0.0,18.72,1,0.49,96,47.29,68,33.5,10.96,43.407,63.721,100.142,684.71,31.624,337.57,13.103,139.6,12.006,127.98,57.4,58.5,55.8,56.2,58.5,60.7,4.8,36.9,5921.0,5922,82
b1f4491b-9958bd99,Vanilla,0.6913942126765608,0.4681511238747874,0.9705400272252291,0.37635659490838225,2775,2182,1971,211,804,202,0,0.0,0,0,0.0,0.0,0,0.0,0,0.0,202,100.0,12.84,52.886,61.311,103.058,767.76,32.74,411.14,13.288,166.59,12.206,153.07,57.3,58.8,55.7,56.3,58.8,56.9,4.6,38.4,5898.0,5898,97
b1f4491b-9958bd99,Adaptive,0.714314285308406,0.4583702848212699,0.9517057749483868,0.4201234766276384,2775,2523,2054,469,721,194,8,3.96,0,8,0.0,3.96,1,0.5,163,80.69,30,14.85,13.42,55.531,69.692,105.946,921.78,30.77,407.93,12.941,171.19,11.815,156.38,57.1,58.0,55.5,56.1,58.0,65.8,4.7,35.4,5919.0,5919,100
b1f4491b-bf7d513f,Vanilla,0.6455140811698752,0.5321353715060322,0.984448184833416,0.3496423358544735,1359,976,888,88,471,203,0,0.0,0,0,0.0,0.0,0,0.0,0,0.0,203,100.0,11.98,49.902,71.77,103.948,845.17,35.009,412.58,13.799,162.52,12.663,149.17,57.5,58.7,55.8,56.5,58.7,70.8,4.6,40.7,5895.0,5896,92
b1f4491b-bf7d513f,Adaptive,0.6466769637373465,0.4743002534624107,0.9599144094630383,0.37963634426431464,1359,1105,902,203,457,169,34,16.75,0,34,0.0,16.75,1,0.49,85,41.87,83,40.89,10.61,42.958,58.021,101.756,604.26,33.268,347.32,13.431,139.92,12.297,128.18,57.5,58.9,55.9,56.5,58.9,55.2,4.7,39.0,5920.0,5922,84
b1f4491b-cf446195,Vanilla,0.6096583694348106,0.4697335598995786,0.9881732952000302,0.3208459672528805,2910,1904,1793,111,1117,202,0,0.0,0,0,0.0,0.0,0,0.0,0,0.0,202,100.0,12.1,50.554,69.962,105.704,828.16,34.591,409.24,13.687,161.73,12.578,148.67,57.8,58.9,56.2,56.8,58.9,69.6,4.6,40.9,5896.0,5897,94
b1f4491b-cf446195,Adaptive,0.6184158976647494,0.4219758447644194,0.9458239197428263,0.3619791434224424,2910,2310,1876,434,1034,199,3,1.49,0,3,0.0,1.49,1,0.5,163,80.69,35,17.33,12.97,54.667,63.418,104.812,808.68,32.285,412.72,13.255,169.14,12.108,154.58,57.5,58.8,55.9,56.3,58.8,61.4,4.8,37.3,5917.0,5917,101
b1f4491b-d8d1459c,Vanilla,0.6872809783791333,0.5310799805486244,0.9828274678518667,0.3634499955241671,1508,1126,1053,73,455,203,0,0.0,0,0,0.0,0.0,0,0.0,0,0.0,203,100.0,12.15,49.832,76.294,106.534,904.04,34.552,411.4,13.718,163.0,12.556,149.29,57.8,59.3,55.9,56.6,59.3,77.1,4.6,40.1,5893.0,5893,95
b1f4491b-d8d1459c,Adaptive,0.6917020045615778,0.5001273977152059,0.9656962024021094,0.39312608142009225,1508,1254,1071,183,437,167,36,17.73,0,36,0.0,17.73,1,0.49,85,41.87,81,39.9,10.87,43.146,79.565,105.734,843.45,32.043,339.21,13.205,139.43,12.089,127.74,57.6,58.2,55.7,56.1,58.2,77.5,4.8,37.4,5918.0,5923,84
b1f4491b-dd8dfed5,Vanilla,0.5761767835001872,0.4652181402973629,0.9892156308219647,0.3003622751603414,2330,1424,1356,68,974,203,0,0.0,0,0,0.0,0.0,0,0.0,0,0.0,203,100.0,12.13,50.502,73.001,104.076,864.04,34.691,412.41,13.741,163.06,12.605,149.66,57.8,58.8,55.8,56.3,58.8,72.7,4.6,40.6,5891.0,5891,93
b1f4491b-dd8dfed5,Adaptive,0.5916454645503286,0.4338380127673965,0.9751525409076822,0.32683038162042155,2330,1589,1406,183,924,188,15,7.39,0,15,0.0,7.39,1,0.49,114,56.16,73,35.96,11.93,49.252,56.798,103.22,666.39,32.876,386.24,13.346,156.55,12.213,143.32,57.4,58.3,55.7,56.1,58.3,49.7,4.8,38.7,5918.0,5919,93
b1f6c103-5ce1f3c6,Vanilla,0.42991507264267614,0.336008177331503,0.9884146994031243,0.2263798221803472,762,351,331,20,431,179,0,0.0,0,0,0.0,0.0,0,0.0,0,0.0,179,100.0,10.16,49.073,73.698,106.878,727.52,36.191,357.25,14.077,138.64,12.914,127.27,58.1,59.0,56.0,56.5,59.0,73.9,4.6,42.2,5894.0,5894,75
b1f6c103-5ce1f3c6,Adaptive,0.4350758672903524,0.3044023516426929,0.9679813131311511,0.2449627002731529,762,393,340,53,422,88,91,50.84,67,24,37.43,13.41,7,3.91,39,21.79,42,23.46,9.01,44.246,53.907,100.88,470.26,21.279,185.74,12.719,111.13,10.28,89.75,55.9,57.8,55.5,57.4,57.8,42.6,15.0,26.1,5908.0,5911,68
b1f6c103-8b75ea3e,Vanilla,0.42712572877596944,0.32106413348588947,0.9936646857423476,0.21833363024468078,2420,1067,1040,27,1380,202,0,0.0,0,0,0.0,0.0,0,0.0,0,0.0,202,100.0,11.77,49.925,73.502,108.036,842.82,35.417,408.64,13.843,159.42,12.778,147.25,57.7,58.9,55.6,56.2,58.9,73.2,4.5,42.3,5878.0,5878,90
b1f6c103-8b75ea3e,Adaptive,0.45562040144814975,0.3080856304078895,0.9756111018015999,0.25057006457020864,2420,1262,1125,137,1295,174,28,13.86,0,28,0.0,13.86,1,0.5,108,53.47,65,32.18,10.93,45.501,60.672,106.892,647.39,33.018,352.73,13.388,142.73,12.287,131.07,57.5,58.4,55.7,56.1,58.6,56.2,4.8,38.9,5915.0,5917,83
b1f6c103-b00e8aad,Vanilla,0.4948480567241641,0.3950121571298601,0.9968424573362682,0.25369436211935575,2271,1158,1127,31,1144,202,0,0.0,0,0,0.0,0.0,0,0.0,0,0.0,202,100.0,11.72,49.301,73.044,106.312,837.88,35.567,407.8,13.899,159.1,12.779,146.36,58.0,59.3,56.0,56.5,59.3,72.5,4.6,41.9,5887.0,5888,91
b1f6c103-b00e8aad,Adaptive,0.5283365086038926,0.3881716040541019,0.988988538700953,0.28033496667953384,2271,1297,1211,86,1060,167,35,17.33,0,35,0.0,17.33,2,0.99,95,47.03,70,34.65,10.59,43.412,69.137,101.76,716.27,32.976,340.2,13.407,138.03,12.266,126.37,57.9,59.2,55.9,56.2,59.2,67.0,4.9,38.5,5914.0,5922,83
b1f85377-44885085,Vanilla,0.6401280031815886,0.4715599094861969,0.9628109198860086,0.36854176352084306,1434,1125,943,182,491,203,0,0.0,0,0,0.0,0.0,0,0.0,0,0.0,203,100.0,11.73,49.271,72.638,104.656,828.54,35.721,409.32,13.976,159.87,12.827,146.81,58.2,59.2,56.1,56.5,59.2,73.4,4.5,41.8,5892.0,5892,92
b1f85377-44885085,Adaptive,0.6181563468648064,0.40567897263143154,0.9116042615644645,0.38970506669251437,1434,1295,943,352,491,177,26,12.81,0,26,0.0,12.81,1,0.49,117,57.64,59,29.06,11.05,45.543,68.222,103.812,734.27,33.393,360.64,13.486,145.35,12.34,133.08,58.0,59.0,56.1,56.7,59.0,66.2,4.8,39.3,5912.0,5929,87
b1fbaab8-68db7df7,Vanilla,0.6807295623028606,0.5718524843910969,0.9987334020857129,0.3484256565213127,1108,773,755,18,353,202,0,0.0,0,0,0.0,0.0,0,0.0,0,0.0,202,100.0,11.54,48.844,73.779,102.886,837.85,36.074,409.93,14.073,159.65,12.894,146.34,58.4,59.7,56.6,57.2,59.7,74.5,4.6,42.4,5901.0,5902,91
b1fbaab8-68db7df7,Adaptive,0.7011320479801612,0.5295034567438868,0.9904694520411232,0.37155722626224236,1108,836,783,53,325,141,61,30.2,0,61,0.0,30.2,1,0.5,52,25.74,88,43.56,8.94,35.687,59.659,101.7,522.77,32.99,289.52,13.431,117.59,12.281,107.61,58.1,59.2,56.4,56.8,59.2,59.1,4.9,38.5,5928.0,5939,71
b1fbf878-b31a8293,Vanilla,0.5237324483055141,0.4062181971467127,0.9908253184754643,0.27172233654631234,2215,1222,1170,52,1045,201,0,0.0,0,0,0.0,0.0,0,0.0,0,0.0,201,100.0,11.64,49.081,73.752,104.92,845.26,35.661,409.18,13.996,160.33,12.835,147.08,58.5,59.6,56.7,57.2,59.6,72.0,4.6,42.3,5900.0,5900,92
b1fbf878-b31a8293,Adaptive,0.5706070427787301,0.3969815763599943,0.9848061555609394,0.3116395398665989,2215,1417,1278,139,937,175,26,12.94,0,26,0.0,12.94,2,1.0,103,51.24,70,34.83,11.13,46.279,67.086,102.87,733.23,32.781,357.98,13.427,146.26,12.266,133.72,58.0,59.0,56.1,56.4,59.0,65.5,4.9,38.4,5922.0,5930,86
b1fc95c9-644e3c3f,Vanilla,0.7961554290838828,0.655090126285679,0.962901959189276,0.4562689504047226,1516,1475,1240,235,276,202,0,0.0,0,0,0.0,0.0,0,0.0,0,0.0,202,100.0,12.22,49.491,73.59,102.37,879.25,34.403,412.66,13.687,163.9,12.536,150.19,58.2,59.4,56.2,56.7,59.4,72.8,4.6,40.3,5906.0,5906,97
b1fc95c9-644e3c3f,Adaptive,0.7789063104229292,0.583694830205282,0.9177816659408284,0.479242620531062,1516,1666,1256,410,260,167,35,17.33,0,35,0.0,17.33,1,0.5,105,51.98,61,30.2,11.14,43.885,64.544,105.896,703.04,31.446,342.98,13.05,142.01,11.943,130.06,57.7,58.7,55.8,56.2,58.7,58.6,4.9,36.8,5936.0,5939,88
b1fc95c9-cb2882c7,Vanilla,0.8227094507085345,0.6426326205464434,0.9667916160101726,0.45430068005669655,3158,3024,2675,349,483,202,0,0.0,0,0,0.0,0.0,0,0.0,0,0.0,202,100.0,12.61,51.349,67.7,105.296,835.95,33.524,416.37,13.494,167.33,12.331,152.97,57.8,58.7,55.9,56.3,58.7,65.7,4.7,39.1,5911.0,5912,100
b1fc95c9-cb2882c7,Adaptive,0.8262197026993623,0.6033598368822705,0.9463809895446406,0.4796052142514267,3158,3297,2728,569,430,181,21,10.4,0,21,0.0,10.4,1,0.5,133,65.84,47,23.27,13.04,53.069,59.093,102.808,763.29,29.714,382.62,12.622,162.2,11.57,148.79,57.1,58.2,55.2,55.7,58.2,53.9,4.9,33.9,5944.0,5952,102
b1ff4656-0435391e,Vanilla,0.7167570998563675,0.5779340236514743,0.9861176176610615,0.3834890142482648,2561,2011,1857,154,704,202,0,0.0,0,0,0.0,0.0,0,0.0,0,0.0,202,100.0,12.48,52.193,73.841,105.556,904.13,33.555,413.21,13.472,165.57,12.374,152.17,57.3,58.9,55.3,56.2,58.9,74.3,4.6,38.4,5917.0,5918,97
b1ff4656-0435391e,Adaptive,0.7425748575588507,0.5418716730239439,0.9570234472629109,0.4335688693779724,2561,2390,1960,430,601,190,12,5.94,0,12,0.0,5.94,1,0.5,154,76.24,35,17.33,12.38,51.477,65.08,107.364,787.99,32.25,390.05,13.151,158.87,12.079,145.97,57.3,58.2,55.3,55.8,58.2,61.3,4.8,37.5,5950.0,5956,96
b1ff4656-94ee8536,Vanilla,0.627198575177268,0.5334345421178424,0.9916071893138184,0.32060986915431694,1439,934,910,24,529,203,0,0.0,0,0,0.0,0.0,0,0.0,0,0.0,203,100.0,12.28,50.21,72.548,100.532,867.41,34.206,410.26,13.624,163.11,12.478,149.45,57.6,58.8,55.6,56.3,58.8,72.6,4.6,39.9,5926.0,5927,92
b1ff4656-94ee8536,Adaptive,0.6706893812731387,0.5380628154446272,0.986564962212452,0.35917856465980164,1439,1056,976,80,463,156,47,23.15,0,47,0.0,23.15,1,0.49,87,42.86,68,33.5,10.24,39.911,58.656,100.332,582.18,31.834,316.88,13.148,130.6,12.006,119.35,57.3,58.2,55.6,56.2,58.2,57.3,4.9,37.2,5949.0,5953,78
b1ff4656-ebcfeb35,Vanilla,0.436654528882217,0.297297755269546,0.9819881742681179,0.23032228374269342,1326,626,589,37,737,203,0,0.0,0,0,0.0,0.0,0,0.0,0,0.0,203,100.0,11.97,49.037,72.845,103.25,854.34,35.007,412.43,13.826,162.63,12.643,148.79,57.9,59.3,55.9,56.3,59.3,72.5,4.6,41.2,5916.0,5916,94
b1ff4656-ebcfeb35,Adaptive,0.4475765594191953,0.2841089335434159,0.9554250249385932,0.25696686482337716,1326,733,615,118,711,172,31,15.27,0,31,0.0,15.27,1,0.49,79,38.92,92,45.32,10.86,43.329,65.988,103.596,704.24,33.061,352.36,13.379,142.24,12.273,130.58,57.8,58.8,55.8,56.2,58.8,63.5,4.8,38.8,5946.0,5947,83
b200b84e-4a792877,Vanilla,0.4568165148286796,0.3207942253395287,0.9963333146745863,0.23412114828034075,1765,831,809,22,956,200,0,0.0,0,0,0.0,0.0,0,0.0,0,0.0,200,100.0,11.43,49.122,74.03,102.22,830.3,35.998,403.91,14.006,156.9,12.894,144.49,58.2,59.8,56.2,56.8,59.8,73.0,4.6,42.5,5922.0,5926,87
b200b84e-4a792877,Adaptive,0.46489232966164945,0.2853034883009074,0.9685645973099438,0.26493997032240657,1765,987,839,148,926,160,40,20.0,4,36,2.0,18.0,2,1.0,96,48.0,62,31.0,10.23,43.027,64.716,107.436,648.15,32.703,328.65,13.446,134.9,12.228,122.75,57.9,59.2,56.1,56.8,59.2,60.4,5.4,38.3,5959.0,5966,78
b200e97a-bf074435,Vanilla,0.7230313253687948,0.5354846684122594,0.9631821958293092,0.410690915845555,2442,2134,1817,317,625,202,0,0.0,0,0,0.0,0.0,0,0.0,0,0.0,202,100.0,12.41,50.692,71.305,104.086,867.41,33.86,414.33,13.528,165.23,12.428,151.89,58.0,58.8,56.2,56.7,58.9,70.5,4.7,40.1,5927.0,5927,97
b200e97a-bf074435,Adaptive,0.7229564895013644,0.4839499587526535,0.9270238041052737,0.44225103618048656,2442,2438,1862,576,580,189,13,6.44,0,13,0.0,6.44,1,0.5,145,71.78,43,21.29,12.59,51.847,56.153,102.558,693.74,31.471,386.95,13.007,159.69,11.951,146.8,57.4,58.2,55.7,56.5,58.2,51.7,4.8,36.7,5961.0,5963,94
b20234fd-822029be,Vanilla,0.49621631275202727,0.3577395791883644,0.987949803490583,0.25933588571223426,1921,1015,964,51,957,202,0,0.0,0,0,0.0,0.0,0,0.0,0,0.0,202,100.0,11.76,49.481,75.828,103.706,870.96,35.406,408.2,13.838,159.28,12.763,146.98,58.0,59.2,56.0,56.8,59.2,76.7,4.5,41.1,5939.0,5939,91
b20234fd-822029be,Adaptive,0.5239314761147261,0.35242602418854135,0.9740446796794573,0.2903263235137322,1921,1162,1028,134,893,175,27,13.37,0,27,0.0,13.37,1,0.5,102,50.5,72,35.64,10.86,44.662,70.169,103.908,749.37,33.502,358.37,13.486,143.95,12.37,132.11,58.0,59.2,56.0,56.4,59.2,69.7,4.8,39.3,5960.0,5964,86
b202cae2-672e61c5,Vanilla,0.7858365291524025,0.6644731278968832,0.9964280125759116,0.4076344047872466,2487,2040,1960,80,527,203,0,0.0,0,0,0.0,0.0,0,0.0,0,0.0,203,100.0,12.26,49.635,70.414,101.186,842.0,34.385,413.07,13.639,163.59,12.535,150.41,58.1,59.1,56.3,56.9,59.1,69.1,4.7,40.4,5937.0,5938,97
b202cae2-672e61c5,Adaptive,0.7971639262331254,0.6118792572709147,0.9763141398444369,0.4504052652741625,2487,2337,2013,324,474,195,8,3.94,0,8,0.0,3.94,1,0.49,161,79.31,33,16.26,12.75,51.687,67.942,101.98,845.14,32.118,401.14,13.152,163.87,12.071,150.52,57.6,59.1,56.1,56.5,59.1,64.6,4.9,37.2,5971.0,5973,99
b202cae2-f46c74a6,Vanilla,0.707626689543081,0.5930975433125357,0.9969614757304144,0.3614125519985531,2328,1691,1652,39,676,202,0,0.0,0,0,0.0,0.0,0,0.0,0,0.0,202,100.0,12.54,51.562,68.417,106.404,842.48,33.498,413.23,13.485,166.1,12.365,152.36,57.7,59.0,56.0,56.7,59.0,64.7,4.7,38.9,5949.0,5950,96
b202cae2-f46c74a6,Adaptive,0.7196372923154313,0.5607616953240039,0.9862439043650557,0.39389691453193093,2328,1879,1691,188,637,178,24,11.88,0,24,0.0,11.88,1,0.5,112,55.45,65,32.18,12.31,50.209,75.796,103.83,919.62,30.559,371.4,12.994,156.74,11.877,143.23,57.4,58.5,55.8,56.3,58.5,73.5,4.9,35.2,5963.0,5968,94
b2036451-aa924fd1,Vanilla,0.7975381722849751,0.627559723428224,0.9892591876739818,0.422940562379674,1941,1672,1562,110,379,202,0,0.0,0,0,0.0,0.0,0,0.0,0,0.0,202,100.0,12.3,51.295,71.255,104.218,862.48,34.08,412.34,13.567,163.85,12.493,150.96,57.7,58.8,55.9,56.6,58.8,71.0,4.5,39.9,5934.0,5935,93
b2036451-aa924fd1,Adaptive,0.7964598170508632,0.5693510140111356,0.9651591565276161,0.4569697138924522,1941,1882,1585,297,356,172,30,14.85,0,30,0.0,14.85,1,0.5,115,56.93,56,27.72,11.59,47.356,60.298,100.166,687.14,31.416,356.84,13.036,147.73,11.929,135.29,57.4,58.1,55.5,56.0,58.1,57.8,4.8,36.5,5962.0,5966,87
b204a5c1-05981158,Vanilla,0.7102508275762047,0.5617743620346995,0.9897966644919847,0.37103263159537453,922,695,661,34,261,102,0,0.0,0,0,0.0,0.0,0,0.0,0,0.0,102,100.0,6.46,51.35,69.201,101.936,434.67,32.386,201.53,13.217,82.02,12.085,75.06,57.4,58.4,55.4,55.8,58.4,66.6,4.7,36.4,5934.0,5934,48
b204a5c1-05981158,Adaptive,0.727160973278995,0.5363507232851957,0.982686050695898,0.3948243762107486,922,748,680,68,242,79,23,22.55,0,23,0.0,22.55,1,0.98,37,36.27,41,40.2,5.57,42.28,65.547,99.38,353.27,29.426,158.54,12.669,68.0,11.561,62.13,57.0,57.9,55.3,55.6,57.9,59.3,4.9,34.1,5954.0,5954,42
b204a5c1-064b0040,Vanilla,0.6734742636180194,0.46847538872143446,0.9817146399416372,0.3575791449835245,2247,1653,1539,114,708,202,0,0.0,0,0,0.0,0.0,0,0.0,0,0.0,202,100.0,12.7,50.898,64.377,101.814,804.67,33.323,416.27,13.419,167.41,12.291,153.39,57.5,58.5,55.6,56.0,58.5,62.6,4.7,39.2,5929.0,5929,97
b204a5c1-064b0040,Adaptive,0.6853910888670303,0.43779728613980246,0.9656893115982416,0.3875067938258483,2247,1844,1582,262,665,176,26,12.87,0,26,0.0,12.87,1,0.5,117,57.92,58,28.71,12.24,48.245,63.46,103.902,760.72,30.583,369.07,12.871,155.03,11.753,141.67,57.1,57.9,55.2,55.6,57.9,59.0,4.9,35.3,5955.0,5957,93
b204a5c1-fa3d5b88,Vanilla,0.7039134986309221,0.538160806112501,0.9930614921008482,0.36521581912665124,2527,1867,1790,77,737,202,0,0.0,0,0,0.0,0.0,0,0.0,0,0.0,202,100.0,12.74,51.341,62.327,98.972,779.39,33.023,414.32,13.371,167.56,12.226,153.28,57.2,58.5,55.3,56.4,58.5,59.1,4.7,38.6,5923.0,5924,98
b204a5c1-fa3d5b88,Adaptive,0.7265931389194668,0.5078386399591047,0.9811519147220762,0.40185368845826375,2527,2098,1861,237,666,176,26,12.87,0,26,0.0,12.87,1,0.5,127,62.87,48,23.76,11.89,47.267,54.844,105.74,636.9,31.082,361.69,12.902,149.91,11.857,137.84,56.9,58.1,55.1,55.7,58.1,51.4,4.8,35.9,5947.0,5956,91
b205eb4d-f84aaa1a,Vanilla,0.7670380493451481,0.6539990609212043,0.9969783052908447,0.3941393367965477,2005,1588,1542,46,463,202,0,0.0,0,0,0.0,0.0,0,0.0,0,0.0,202,100.0,12.41,50.373,67.965,100.628,825.96,33.703,409.94,13.484,163.71,12.376,150.34,57.3,58.3,55.3,55.8,58.4,67.1,4.6,39.1,5920.0,5921,96
b205eb4d-f84aaa1a,Adaptive,0.7755391604654116,0.5746351316416928,0.9800804791382001,0.42798630884802624,2005,1777,1578,199,427,182,20,9.9,0,20,0.0,9.9,1,0.5,119,58.91,62,30.69,12.22,49.081,61.652,104.452,736.2,31.318,373.92,12.985,154.71,11.904,141.92,57.0,58.0,55.2,55.6,58.0,57.7,4.9,36.5,5944.0,5948,93
b2064e61-2beadd45,Vanilla,0.6467076651025341,0.5101025485960415,0.9938275281698576,0.3378411306042885,2109,1440,1371,69,738,203,0,0.0,0,0,0.0,0.0,0,0.0,0,0.0,203,100.0,12.1,51.361,74.829,102.866,886.95,34.66,412.54,13.697,162.79,12.59,149.7,57.5,58.8,55.5,56.1,58.8,75.3,4.6,40.6,5916.0,5917,92
b2064e61-2beadd45,Adaptive,0.690884769818602,0.504520524173302,0.9850385714562435,0.3749715709609278,2109,1622,1474,148,635,171,32,15.76,0,32,0.0,15.76,1,0.49,116,57.14,54,26.6,10.92,45.232,70.058,102.772,746.44,32.635,347.34,13.337,141.67,12.196,129.62,57.4,58.2,55.5,56.2,58.6,65.6,4.8,38.2,5944.0,5947,84
b206a78b-99f405ab,Vanilla,0.5990287227012359,0.48216263056782915,0.9919329472140866,0.3067474202049308,2188,1359,1321,38,867,202,0,0.0,0,0,0.0,0.0,0,0.0,0,0.0,202,100.0,11.95,50.348,73.826,104.654,861.73,34.95,409.71,13.724,160.61,12.654,148.17,57.8,59.2,55.8,56.4,59.2,72.4,4.6,41.0,5920.0,5921,93
b206a78b-99f405ab,Adaptive,0.6527466766145229,0.4907327525450689,0.9825113510861179,0.355744085871897,2188,1603,1448,155,740,188,14,6.93,0,14,0.0,6.93,1,0.5,135,66.83,52,25.74,11.57,48.553,70.854,102.332,804.51,33.592,382.62,13.488,153.3,12.383,140.82,57.6,58.8,55.8,56.5,58.8,67.5,4.7,39.9,5942.0,5943,90
b2080dc7-f9b98a5f,Vanilla,0.18439714524527429,0.1287229450114956,0.9923141414993293,0.0944802056070359,1055,201,196,5,859,202,0,0.0,0,0,0.0,0.0,0,0.0,0,0.0,202,100.0,11.24,48.367,75.69,102.142,827.87,36.847,404.42,14.148,155.02,13.036,142.91,58.3,59.4,56.2,56.8,59.4,76.7,4.5,43.3,5915.0,5915,87
b2080dc7-f9b98a5f,Adaptive,0.025811053281377404,0.015519109575633594,0.9249773988099582,0.015376513954713004,1055,36,29,7,1026,19,183,90.59,176,7,87.13,3.47,3,1.49,3,1.49,13,6.44,9.69,44.337,36.512,89.946,345.99,7.673,72.34,12.085,114.14,7.932,74.9,54.2,56.1,54.9,57.0,57.0,13.0,27.6,13.2,5941.0,5949,73
b20841f9-cef732d5,Vanilla,0.7276683418501186,0.5764803114982674,0.971893408722787,0.38581876094187045,2083,1670,1558,112,525,203,0,0.0,0,0,0.0,0.0,0,0.0,0,0.0,203,100.0,12.13,49.776,74.606,105.486,882.05,34.264,406.93,13.624,161.43,12.49,148.08,56.5,58.0,54.5,55.4,58.0,74.9,4.6,39.4,5946.0,5947,94
b20841f9-cef732d5,Adaptive,0.7345958286638723,0.5412285883956487,0.9588493731862853,0.4182970573993138,2083,1848,1585,263,498,177,26,12.81,0,26,0.0,12.81,1,0.49,121,59.61,55,27.09,11.37,46.186,42.31,100.19,462.72,32.215,357.99,13.086,145.07,12.053,133.72,56.5,57.5,54.8,55.4,57.5,36.3,4.7,37.8,5947.0,5950,88
b20b69d2-64b9cdb8,Vanilla,0.6718034864516869,0.5541533004190692,0.9874402290148421,0.36126574155771246,1300,959,882,77,418,203,0,0.0,0,0,0.0,0.0,0,0.0,0,0.0,203,100.0,12.24,49.32,74.479,104.718,893.46,34.44,414.42,13.618,163.65,12.491,150.18,57.4,58.9,55.4,55.8,58.9,71.5,4.7,40.1,5922.0,5922,95
b20b69d2-64b9cdb8,Adaptive,0.6604894974532285,0.49176243703866557,0.9549888934195049,0.3876124151583711,1300,1088,886,202,414,172,31,15.27,0,31,0.0,15.27,1,0.49,85,41.87,86,42.36,10.87,43.283,61.375,103.674,655.98,32.73,349.51,13.278,141.44,12.179,129.84,57.1,57.9,55.2,55.7,57.9,58.7,4.7,38.5,5940.0,5946,85
b20b69d2-650e674d,Vanilla,0.7499378150195641,0.568392832821785,0.9907603955343215,0.39092433308313124,3258,2586,2464,122,794,202,0,0.0,0,0,0.0,0.0,0,0.0,0,0.0,202,100.0,12.54,50.115,57.828,101.518,710.06,33.245,407.5,13.362,163.51,12.252,149.99,57.1,58.0,55.3,55.7,58.0,59.1,4.8,39.4,5913.0,5914,98
b20b69d2-650e674d,Adaptive,0.7790844192177633,0.5493334765047349,0.9762052151151573,0.43580851543635746,3258,2959,2582,377,676,195,7,3.47,0,7,0.0,3.47,1,0.5,173,85.64,21,10.4,12.87,53.364,36.467,93.334,458.42,31.917,402.53,13.024,163.85,11.966,150.67,56.8,57.4,55.0,55.5,57.4,30.4,4.7,36.7,5945.0,5946,98
b20b69d2-6e2b9e73,Vanilla,0.5597341485221436,0.42435485305768567,0.9800108500964293,0.29796097491298107,1317,808,751,57,566,203,0,0.0,0,0,0.0,0.0,0,0.0,0,0.0,203,100.0,12.3,49.575,71.388,103.31,860.04,34.108,410.22,13.633,163.68,12.466,149.76,57.2,58.7,55.3,55.7,58.7,71.3,4.6,39.5,5924.0,5924,94
b20b69d2-6e2b9e73,Adaptive,0.5679417423226278,0.38381329091795396,0.95162844338067,0.3303276304948384,1317,940,777,163,540,160,43,21.18,0,43,0.0,21.18,3,1.48,82,40.39,75,36.95,10.61,41.206,68.64,105.42,715.4,31.752,331.19,13.107,136.4,11.977,124.73,57.1,58.3,55.2,55.9,58.3,66.2,5.2,36.8,5956.0,5959,84
b20b69d2-7767e6b6,Vanilla,0.7219939937250178,0.5856739073815038,0.978375279015677,0.3860105272070445,1032,824,760,64,272,203,0,0.0,0,0,0.0,0.0,0,0.0,0,0.0,203,100.0,12.26,49.149,68.138,101.122,822.34,34.455,415.16,13.654,164.28,12.49,150.32,57.5,58.6,55.5,56.2,58.6,65.7,4.7,40.4,5933.0,5934,97
b20b69d2-7767e6b6,Adaptive,0.6920839015541176,0.5003662195765706,0.9439813045663755,0.4072522419820642,1032,918,747,171,285,156,47,23.15,6,41,2.96,20.2,6,2.96,69,33.99,81,39.9,10.9,42.581,65.104,102.85,695.0,30.241,322.07,12.934,137.62,11.725,124.78,57.0,57.7,55.3,55.9,57.7,60.2,6.2,35.1,5953.0,5957,85
b20b69d2-bd242bf0,Vanilla,0.7064687076348107,0.5079231250854203,0.990232496478613,0.37154811198537174,2122,1602,1512,90,610,160,0,0.0,0,0,0.0,0.0,0,0.0,0,0.0,160,100.0,9.93,51.478,74.373,103.442,722.27,33.375,326.17,13.441,131.13,12.295,119.99,57.2,58.6,55.2,55.8,58.6,72.6,4.7,38.6,5929.0,5932,77
b20b69d2-bd242bf0,Adaptive,0.6874592068464114,0.422555740491765,0.9355599345081905,0.4184861893765311,2122,1986,1523,463,599,152,8,5.0,0,8,0.0,5.0,1,0.62,119,74.38,32,20.0,10.7,56.094,65.034,98.894,677.54,30.082,313.24,12.734,132.36,11.625,120.94,56.8,58.1,54.9,55.4,58.1,60.7,5.0,34.6,5983.0,5985,81
b20b69d2-ca16c907,Vanilla,0.6956553857299543,0.565343943186561,0.9829112193141628,0.379434511139492,891,696,628,68,263,198,0,0.0,0,0,0.0,0.0,0,0.0,0,0.0,198,100.0,12.03,49.463,68.041,101.104,803.83,34.139,401.11,13.578,159.32,12.44,146.02,57.2,58.2,55.2,55.7,58.2,67.3,4.8,39.5,5961.0,5961,91
b20b69d2-ca16c907,Adaptive,0.6719711379083677,0.5033825646475505,0.9470878684708279,0.39797400528583327,891,775,622,153,269,152,46,23.23,0,46,0.0,23.23,1,0.51,55,27.78,96,48.48,10.2,39.941,73.885,105.768,741.39,31.529,314.52,13.114,130.54,11.95,119.04,57.2,58.2,55.2,55.6,58.2,72.3,5.0,36.6,5960.0,5961,76
b20b69d2-e31380a7,Vanilla,0.738990542077119,0.6165771833309744,0.9965194236529413,0.38407187071425924,529,408,392,16,137,174,0,0.0,0,0,0.0,0.0,0,0.0,0,0.0,174,100.0,10.44,49.301,67.8,105.59,695.11,34.338,351.39,13.653,139.49,12.495,127.72,57.4,58.3,55.4,56.2,58.3,68.9,4.7,40.1,5959.0,5960,78
b20b69d2-e31380a7,Adaptive,0.6712744821390002,0.4696579011809268,0.9536448541520797,0.3887583235409322,529,444,368,76,161,108,66,37.93,19,47,10.92,27.01,7,4.02,28,16.09,73,41.95,8.41,38.466,68.071,105.994,554.06,27.386,223.33,12.765,103.89,11.27,91.78,56.7,57.7,55.1,55.8,57.7,61.8,8.7,31.5,5954.0,5959,64
b20b69d2-ffc1d6af,Vanilla,0.6876025867377835,0.5509035854066193,0.9915992512989534,0.3568989060267864,1622,1173,1124,49,498,199,0,0.0,0,0,0.0,0.0,0,0.0,0,0.0,199,100.0,12.03,49.2,71.618,104.272,837.99,34.315,403.71,13.632,160.18,12.488,146.78,57.3,58.6,55.3,55.9,58.6,71.1,4.7,40.3,5961.0,5962,94
b20b69d2-ffc1d6af,Adaptive,0.6711376447103388,0.46089828318209286,0.9651215797345847,0.3816365485248564,1622,1312,1118,194,504,159,40,20.1,1,39,0.5,19.6,2,1.01,87,43.72,70,35.18,10.77,42.657,59.92,101.4,629.86,31.048,326.76,12.989,136.49,11.845,124.53,57.0,58.2,55.3,56.0,58.2,56.5,5.1,35.7,5962.0,5967,84
b20b9c19-91e01a50,Vanilla,0.7961619508354004,0.6042711888168864,0.960930512346928,0.45416132837556294,1745,1693,1432,261,313,202,0,0.0,0,0,0.0,0.0,0,0.0,0,0.0,202,100.0,12.48,51.721,68.834,103.652,839.0,33.524,411.37,13.481,165.11,12.36,151.47,57.3,58.6,55.6,56.2,58.6,66.6,4.6,39.3,5960.0,5960,94
b20b9c19-91e01a50,Adaptive,0.7929457010489844,0.5386458095305444,0.9185944405323754,0.48974030480546654,1745,1957,1469,488,276,182,20,9.9,0,20,0.0,9.9,1,0.5,143,70.79,38,18.81,12.17,49.898,57.591,103.38,692.13,31.66,379.8,13.108,156.98,11.975,143.48,57.1,58.2,55.5,56.0,58.2,52.2,4.7,36.7,5972.0,5975,93
b20d494a-cdebe83e,Vanilla,0.6191482122488082,0.472583961391342,0.9660755464085368,0.3473873894251521,1203,882,766,116,437,198,0,0.0,0,0,0.0,0.0,0,0.0,0,0.0,198,100.0,11.59,49.902,73.812,107.476,840.81,35.159,400.93,13.848,157.57,12.707,144.67,57.6,58.8,55.8,56.4,58.8,73.6,4.5,41.3,5974.0,5974,88
b20d494a-cdebe83e,Adaptive,0.5645954348843724,0.3514238964347388,0.901252357144651,0.3615219941015042,1203,1022,729,293,474,154,44,22.22,0,44,0.0,22.22,1,0.51,75,37.88,78,39.39,9.84,40.759,65.484,103.33,625.68,32.711,313.61,13.32,127.44,12.231,117.1,57.5,58.1,55.9,56.3,58.3,62.5,4.8,38.2,5974.0,5975,75
b20e291a-32ac11c1,Vanilla,0.7158210521983082,0.5487355381686873,0.9755872967084381,0.3949410808614384,2599,2140,1897,243,702,202,0,0.0,0,0,0.0,0.0,0,0.0,0,0.0,202,100.0,12.53,50.381,59.046,103.182,726.65,33.727,416.21,13.487,166.16,12.37,152.48,57.6,58.7,55.9,56.3,58.7,56.8,4.7,39.6,5975.0,5975,99
b20e291a-32ac11c1,Adaptive,0.7256962159709891,0.5160003158227537,0.9474502610441928,0.43396395327129195,2599,2467,1954,513,645,195,7,3.47,0,7,0.0,3.47,1,0.5,159,78.71,35,17.33,13.28,53.852,59.278,106.088,769.92,31.113,405.15,12.982,168.7,11.854,154.15,57.1,57.9,55.6,56.1,57.9,56.8,4.9,35.8,5976.0,5976,103
b20e291a-6012d836,Vanilla,0.7059317270302736,0.555850549293665,0.979174235172799,0.3807384937870985,2245,1768,1614,154,631,203,0,0.0,0,0,0.0,0.0,0,0.0,0,0.0,203,100.0,12.86,52.43,56.057,97.54,707.95,32.873,417.63,13.313,168.81,12.21,154.92,57.1,58.1,55.4,56.2,58.3,52.6,4.6,38.0,5979.0,5979,97
b20e291a-6012d836,Adaptive,0.7039751894090068,0.4961939756434557,0.9538360769416075,0.4147402684333569,2245,2013,1632,381,613,177,26,12.81,0,26,0.0,12.81,1,0.49,117,57.64,59,29.06,12.1,48.498,63.832,100.328,755.25,30.925,366.23,12.928,152.9,11.817,139.82,56.9,58.2,55.4,55.8,57.8,59.1,4.9,35.8,5980.0,5981,95
b20eae11-149766ce,Vanilla,0.2539670467162026,0.18456175266017422,0.9726799353374305,0.13403885021333933,1752,488,457,31,1295,203,0,0.0,0,0,0.0,0.0,0,0.0,0,0.0,203,100.0,11.51,48.74,73.691,104.41,830.9,36.135,409.15,14.034,158.6,12.895,145.82,57.7,59.2,55.9,56.8,59.2,75.1,4.5,42.2,5983.0,5983,91
b20eae11-149766ce,Adaptive,0.247102306764932,0.1567743171517141,0.9274572720173241,0.14619243427606046,1752,573,461,112,1291,173,30,14.78,6,24,2.96,11.82,28,13.79,71,34.98,74,36.45,12.12,52.349,60.603,102.682,714.45,30.279,358.54,13.217,156.5,11.852,140.34,57.3,58.6,55.7,56.4,58.4,55.7,8.3,35.9,5973.0,5983,94
b20eae11-18cd8ca2,Vanilla,0.40762871855799876,0.2421538602981898,0.9896781374444824,0.2133018158375416,1135,492,467,25,668,202,0,0.0,0,0,0.0,0.0,0,0.0,0,0.0,202,100.0,11.41,48.487,73.329,106.14,815.29,36.423,406.44,14.078,156.97,12.955,144.47,58.0,59.4,56.1,56.8,59.4,74.1,4.5,43.0,5975.0,5983,89
b20eae11-18cd8ca2,Adaptive,0.48115774431327907,0.26719398695949353,0.9866293524356291,0.2586123348017621,1135,600,552,48,583,156,46,22.77,0,46,0.0,22.77,1,0.5,72,35.64,83,41.09,9.65,39.428,69.293,100.376,649.3,33.568,314.75,13.557,126.82,12.405,116.12,57.9,59.0,56.2,56.7,59.0,66.8,4.8,39.6,5989.0,5989,72
b20eae11-6817ba7a,Vanilla,0.37067207093188786,0.2606221711010333,0.9626994102423971,0.19791987673343603,1560,649,600,49,960,202,0,0.0,0,0,0.0,0.0,0,0.0,0,0.0,202,100.0,11.9,49.25,70.22,103.12,815.5,35.136,409.16,13.821,160.68,12.689,147.6,58.2,59.2,56.4,57.0,59.2,68.8,4.8,41.6,5989.0,5989,89
b20eae11-6817ba7a,Adaptive,0.4247932835609647,0.2768913904191942,0.9466617052600933,0.2396110738576492,1560,803,697,106,863,167,35,17.33,5,30,2.48,14.85,9,4.46,92,45.54,66,32.67,11.19,45.887,69.235,103.494,759.37,31.206,343.29,13.197,144.91,11.976,131.55,57.6,58.9,55.8,56.6,58.9,66.5,6.2,36.7,5976.0,5990,86
b20ff95c-b9444127,Vanilla,0.5483928689616575,0.3224007263135907,0.9739958795329513,0.3012847663419455,787,495,441,54,346,102,0,0.0,0,0,0.0,0.0,0,0.0,0,0.0,102,100.0,6.09,49.705,73.363,104.068,432.05,33.974,200.41,13.607,80.05,12.459,73.35,57.9,59.0,55.9,56.7,59.0,75.3,4.5,38.3,5969.0,5969,47
b20ff95c-b9444127,Adaptive,0.5720912952842826,0.31941503684176425,0.9438419221485207,0.3348873263319232,787,577,471,106,316,87,15,14.71,0,15,0.0,14.71,1,0.98,51,50.0,35,34.31,5.59,44.582,53.193,104.156,285.12,32.47,174.12,13.321,71.19,12.155,65.03,57.7,58.6,55.8,56.3,58.6,49.9,4.8,37.9,5978.0,5978,43
b2102d00-5eb86b71,Vanilla,0.6198496628212722,0.4730539209735862,0.9863810394269101,0.32767725633748956,2413,1617,1514,103,899,202,0,0.0,0,0,0.0,0.0,0,0.0,0,0.0,202,100.0,11.74,49.929,74.37,107.218,853.76,35.515,409.53,13.903,160.1,12.782,147.26,58.2,59.5,56.2,56.9,59.5,74.2,4.5,42.2,5978.0,5979,92
b2102d00-5eb86b71,Adaptive,0.6739365354039359,0.47405800398055514,0.9706759373578094,0.37889399623288134,2413,1921,1663,258,750,185,17,8.42,2,15,0.99,7.43,1,0.5,145,71.78,39,19.31,11.66,49.298,75.192,100.924,860.56,32.891,377.2,13.382,153.04,12.282,140.55,57.8,58.9,56.0,56.7,59.0,75.6,4.9,38.2,5984.0,5985,89
b2102d00-a8c09be1,Vanilla,0.6251946543860031,0.49555768429913344,0.9963106099859697,0.3190665316780861,1943,1247,1219,28,724,202,0,0.0,0,0,0.0,0.0,0,0.0,0,0.0,202,100.0,11.52,49.457,76.828,106.852,870.36,35.93,407.0,14.004,158.33,12.858,145.47,58.2,59.3,56.2,57.0,59.3,75.1,4.5,42.0,5985.0,5985,88
b2102d00-a8c09be1,Adaptive,0.6604572605164092,0.4719301402285166,0.9846780779394029,0.36036898510829335,1943,1437,1298,139,645,173,29,14.36,0,29,0.0,14.36,1,0.5,118,58.42,54,26.73,10.7,44.926,63.799,103.268,668.97,33.407,350.13,13.526,141.52,12.396,129.77,57.9,59.0,56.3,56.9,59.0,61.7,4.7,39.5,5988.0,5989,83
b2131b7b-e58faab7,Vanilla,0.501879258487886,0.3269990157232031,0.9783328255380813,0.27095810082285066,970,545,496,49,474,202,0,0.0,0,0,0.0,0.0,0,0.0,0,0.0,202,100.0,11.52,48.54,72.448,102.822,814.78,36.174,408.58,14.047,158.42,12.935,145.94,58.5,60.0,56.6,57.2,60.0,73.8,4.5,42.7,5990.0,5990,91
b2131b7b-e58faab7,Adaptive,0.4828363632033227,0.2847991357075436,0.9480181932600726,0.2793078055964654,970,588,489,99,481,129,73,36.14,33,40,16.34,19.8,1,0.5,51,25.25,77,38.12,9.6,39.8,63.149,101.844,589.89,29.75,280.81,13.3,124.2,11.764,110.25,57.7,59.2,56.4,57.0,59.2,55.5,9.1,37.4,5990.0,5992,72
b213e4eb-09c01a17,Vanilla,0.6349309077564678,0.5004495045481188,0.9860123593031389,0.33025165573961934,1885,1272,1213,59,672,202,0,0.0,0,0,0.0,0.0,0,0.0,0,0.0,202,100.0,12.28,50.414,70.981,102.218,850.96,34.119,410.21,13.618,163.49,12.489,149.99,57.8,59.0,55.9,56.4,59.0,70.8,4.6,39.3,5982.0,5982,95
b213e4eb-09c01a17,Adaptive,0.6914588541788542,0.5134182041046877,0.9769915826005582,0.3746277871828066,1885,1465,1330,135,555,174,28,13.86,0,28,0.0,13.86,1,0.5,114,56.44,59,29.21,11.23,45.08,68.035,99.948,747.95,32.656,361.13,13.292,146.74,12.175,134.47,57.8,58.8,55.8,56.3,58.8,65.1,4.8,37.8,5982.0,5983,88
b214d1e1-f248c616,Vanilla,0.5643205264495896,0.4114362787006116,0.9883489675290088,0.2963662375042615,2069,1249,1180,69,889,200,0,0.0,0,0,0.0,0.0,0,0.0,0,0.0,200,100.0,11.95,50.568,70.034,105.158,819.56,34.651,407.34,13.713,160.88,12.597,147.87,58.0,59.3,56.0,56.5,59.3,69.9,4.6,40.8,5953.0,5953,91
b214d1e1-f248c616,Adaptive,0.5879809161416732,0.3939595566658267,0.9696647683990374,0.3352071159791842,2069,1459,1243,216,826,176,24,12.0,0,24,0.0,12.0,1,0.5,121,60.5,54,27.0,10.99,45.706,66.421,107.408,720.42,33.344,361.38,13.476,145.83,12.324,133.42,57.9,58.8,56.0,56.4,59.0,61.9,4.8,39.4,5974.0,5974,87
b21547c1-73e457f8,Vanilla,0.5937234220698151,0.4670123379145047,0.9911586450524411,0.3117662757380867,2076,1314,1242,72,834,203,0,0.0,0,0,0.0,0.0,0,0.0,0,0.0,203,100.0,11.65,49.556,75.156,103.63,855.75,35.966,411.22,14.049,160.4,12.878,147.1,58.4,59.2,56.3,56.7,59.8,75.8,4.5,42.3,5952.0,5952,92
b21547c1-73e457f8,Adaptive,0.6476705691260619,0.4686296666188836,0.974082697340555,0.3560869711806817,2076,1543,1374,169,702,183,20,9.85,0,20,0.0,9.85,1,0.49,128,63.05,54,26.6,11.09,46.696,68.451,103.066,746.13,34.212,373.14,13.646,148.54,12.548,136.66,58.3,59.5,56.2,56.6,59.5,67.2,4.6,40.4,5980.0,5980,88
b21547c1-796757ac,Vanilla,0.2631278313125878,0.1795892517546714,0.9908034348961964,0.1340670341757062,2365,642,628,14,1737,202,0,0.0,0,0,0.0,0.0,0,0.0,0,0.0,202,100.0,11.62,48.97,73.767,104.832,839.65,35.94,408.04,14.007,158.76,12.89,146.16,58.6,59.7,56.4,56.9,59.7,74.4,4.6,42.5,5955.0,5955,91
b21547c1-796757ac,Adaptive,0.2969231513087648,0.18907449767312173,0.9818393251126416,0.15755848408587864,2365,767,714,53,1651,176,26,12.87,0,26,0.0,12.87,3,1.49,102,50.5,71,35.15,10.67,44.323,68.961,102.238,713.57,34.256,357.07,13.685,142.37,12.575,130.88,58.5,59.4,56.4,56.8,59.4,68.2,4.8,40.5,5956.0,5971,84
b2156f8e-72e1547c,Vanilla,0.5208050538573186,0.3916420486390542,0.990052385892985,0.2774086378737542,840,473,441,32,399,191,0,0.0,0,0,0.0,0.0,0,0.0,0,0.0,191,100.0,11.13,48.72,72.53,102.198,790.97,35.482,386.89,13.932,151.67,12.797,139.37,58.7,60.1,56.5,56.9,59.9,72.6,4.6,41.8,5947.0,5949,88
b2156f8e-72e1547c,Adaptive,0.5024856992610739,0.3458366066762755,0.9474070391055391,0.29542918643472144,840,542,439,103,401,144,47,24.61,18,29,9.42,15.18,9,4.71,53,27.75,82,42.93,10.19,44.483,55.866,100.612,558.99,30.022,298.5,13.202,131.36,11.801,117.39,57.7,58.8,56.3,57.2,59.2,49.4,7.9,35.0,5974.0,5985,79
b215943a-10e44587,Vanilla,0.644767076603275,0.4864764341972469,0.9590947431163162,0.34968530808938275,792,589,531,58,261,191,0,0.0,0,0,0.0,0.0,0,0.0,0,0.0,191,100.0,11.13,48.995,67.472,98.72,731.65,35.363,383.91,13.894,150.64,12.778,138.59,58.3,59.6,56.6,57.3,59.6,67.6,4.5,41.9,5956.0,5957,87
b215943a-10e44587,Adaptive,0.6411551298437781,0.4166555471122416,0.9241534505240601,0.37797176820208017,792,673,543,130,249,140,51,26.7,4,47,2.09,24.61,10,5.24,54,28.27,76,39.79,9.53,40.988,76.565,99.264,707.18,30.875,286.45,13.213,122.42,11.941,110.67,58.0,59.3,56.4,57.0,59.3,73.4,6.5,35.9,5972.0,5982,74
b216243d-55963da2,Vanilla,0.6759082755165137,0.5311083835015555,0.9928652759555052,0.3530351331036404,1713,1224,1165,59,548,103,0,0.0,0,0,0.0,0.0,0,0.0,0,0.0,103,100.0,6.42,52.582,67.001,100.122,406.79,32.931,201.64,13.431,82.09,12.26,74.98,58.0,59.1,56.3,57.0,59.1,66.4,4.5,37.9,5959.0,5959,48
b216243d-55963da2,Adaptive,0.7168743575447527,0.5420283670789754,0.9872629904772446,0.38993306717470994,1713,1366,1239,127,474,100,3,2.91,0,3,0.0,2.91,1,0.97,81,78.64,18,17.48,6.46,52.85,62.486,99.344,388.37,32.186,202.34,13.183,82.59,12.086,75.8,57.9,58.9,55.9,56.2,58.9,60.4,4.7,36.6,5989.0,5989,51
b216243d-ad4306b9,Vanilla,0.677235924037614,0.5202565185562678,0.9911653214505988,0.35517576910244353,1093,787,746,41,347,103,0,0.0,0,0,0.0,0.0,0,0.0,0,0.0,103,100.0,6.15,50.497,69.349,103.212,412.64,34.049,202.84,13.641,81.06,12.468,74.14,58.0,59.1,56.0,56.4,59.2,70.9,4.5,38.8,5964.0,5964,47
b216243d-ad4306b9,Adaptive,0.7300556781193837,0.5238309154101135,0.9788549564843385,0.40367207831575824,1093,913,811,102,282,90,13,12.62,0,13,0.0,12.62,1,0.97,61,59.22,28,27.18,5.7,45.867,67.872,98.654,370.57,32.799,181.04,13.352,73.44,12.241,67.4,58.0,58.8,56.2,56.4,58.8,65.0,4.7,38.0,5982.0,5982,45
b2169b74-fa197951,Vanilla,0.7596203925069899,0.5809117306669381,0.98898394876132,0.40682274092369064,2040,1691,1563,128,477,203,0,0.0,0,0,0.0,0.0,0,0.0,0,0.0,203,100.0,12.3,50.142,73.139,103.296,881.9,34.467,416.61,13.706,165.42,12.568,151.78,58.3,59.4,56.2,56.8,59.4,72.0,4.7,41.0,5950.0,5951,96
b2169b74-fa197951,Adaptive,0.7549168283041875,0.5254021355257079,0.9657797271820286,0.4273119497256603,2040,1844,1582,262,458,166,37,18.23,0,37,0.0,18.23,7,3.45,83,40.89,76,37.44,11.04,44.993,43.362,99.216,465.61,31.44,341.39,13.477,146.07,11.976,129.86,57.4,58.4,55.8,56.2,58.3,37.8,5.9,37.2,5970.0,5980,86
b21742c2-0e7a2b57,Vanilla,0.5051051019593319,0.3671595324574561,0.9687612581292634,0.2720802727576767,2128,1214,1107,107,1021,202,0,0.0,0,0,0.0,0.0,0,0.0,0,0.0,202,100.0,12.22,50.073,70.584,104.77,849.22,34.234,411.29,13.64,163.59,12.52,150.24,58.0,59.1,56.0,56.4,59.1,68.9,4.7,40.0,5953.0,5955,94
b21742c2-0e7a2b57,Adaptive,0.5182612842179821,0.3540200496977123,0.9546708576022134,0.2989103661422957,2128,1366,1144,222,984,176,26,12.87,0,26,0.0,12.87,1,0.5,107,52.97,68,33.66,11.24,44.996,72.138,101.732,794.55,32.816,363.2,13.268,146.63,12.221,135.13,57.9,58.8,56.0,56.7,58.8,65.7,4.7,38.3,5983.0,5983,87
b21742c2-18d3463a,Vanilla,0.6476794946596324,0.40966673818314314,0.9381378165033759,0.37471636746940606,3260,2654,2236,418,1024,202,0,0.0,0,0,0.0,0.0,0,0.0,0,0.0,202,100.0,12.8,52.009,65.252,104.222,818.45,32.733,412.58,13.261,166.93,12.21,153.76,57.7,58.6,56.0,56.8,58.5,58.7,4.6,38.7,5958.0,5959,98
b21742c2-18d3463a,Adaptive,0.6697008695122909,0.4053162694158254,0.9059558042623407,0.42331975599509825,3260,3169,2356,813,904,195,7,3.47,0,7,0.0,3.47,1,0.5,171,84.65,23,11.39,13.71,55.853,64.627,107.258,864.74,30.206,406.36,12.78,171.61,11.684,156.98,57.2,58.6,55.6,56.3,58.6,58.4,4.8,34.7,5995.0,5995,108
b2194b15-1825056a,Vanilla,0.39999557123667756,0.3013379800808109,0.9958402075076139,0.20483623279127056,1798,741,722,19,1076,203,0,0.0,0,0,0.0,0.0,0,0.0,0,0.0,203,100.0,11.84,49.2,75.167,103.292,872.08,35.354,411.21,13.902,161.4,12.77,148.34,57.8,58.9,56.0,56.8,58.9,75.1,4.5,41.0,5973.0,5973,93
b2194b15-1825056a,Adaptive,0.43006282602576096,0.30471845444372303,0.9762589739321693,0.23741344236338674,1798,888,788,100,1010,169,34,16.75,0,34,0.0,16.75,1,0.49,99,48.77,69,33.99,10.43,42.181,68.978,103.36,706.05,33.627,344.64,13.488,137.94,12.426,127.14,57.9,58.9,56.2,56.8,58.9,66.9,4.7,39.8,5996.0,5996,82
b21bfb83-ea32f716,Vanilla,0.5296538446681273,0.37949469095178695,0.9961173049090709,0.27224345259576227,2380,1304,1265,39,1115,202,0,0.0,0,0,0.0,0.0,0,0.0,0,0.0,202,100.0,12.26,50.624,72.147,104.45,861.44,34.291,410.81,13.7,163.87,12.549,150.18,58.1,59.4,56.3,57.0,59.0,69.5,4.7,40.5,5971.0,5972,92
b21bfb83-ea32f716,Adaptive,0.5962538258669251,0.4179368523441047,0.9916762922713463,0.3097442993261561,2380,1494,1430,64,950,174,28,13.86,0,28,0.0,13.86,1,0.5,110,54.46,63,31.19,11.35,45.946,66.975,103.91,736.45,32.167,355.66,13.203,145.68,12.13,133.93,57.8,58.5,56.1,56.5,58.5,63.3,4.8,37.6,5993.0,5993,85
b21c68e6-65674a17,Vanilla,0.47717678220534804,0.305274104298153,0.9863725069322268,0.24939973620752365,1742,887,842,45,900,203,0,0.0,0,0,0.0,0.0,0,0.0,0,0.0,203,100.0,11.92,49.779,69.852,106.236,822.21,35.18,413.0,13.934,163.3,12.757,149.61,58.2,59.9,56.4,57.1,59.4,70.8,4.5,41.4,5969.0,5970,91
b21c68e6-65674a17,Adaptive,0.4814226328490461,0.2835791168428968,0.9531410975406747,0.27825785926503716,1742,1048,870,178,872,183,20,9.85,0,20,0.0,9.85,7,3.45,94,46.31,82,40.39,11.65,48.509,69.623,102.37,795.67,32.821,373.58,13.475,153.12,12.289,139.72,58.1,59.4,56.4,56.9,59.2,66.6,5.5,38.6,5993.0,5998,89
b21c86ac-0dc77d82,Vanilla,0.7086242242554328,0.5479723360907973,0.9944030157788782,0.3649272575900898,1832,1348,1305,43,527,202,0,0.0,0,0,0.0,0.0,0,0.0,0,0.0,202,100.0,12.14,49.418,72.772,103.566,865.04,34.634,412.92,13.684,162.91,12.591,149.97,58.3,59.5,56.5,57.2,59.5,71.6,4.6,40.9,5970.0,5970,95
b21c86ac-0dc77d82,Adaptive,0.7233210596947847,0.5435194634087712,0.9883697066230318,0.37493635636686223,1832,1398,1340,58,492,131,71,35.15,0,71,0.0,35.15,1,0.5,39,19.31,91,45.05,9.06,34.094,65.803,103.424,584.32,30.406,270.2,12.85,113.92,11.766,104.38,57.7,59.1,56.0,56.6,59.1,61.4,4.9,35.1,6005.0,6005,72
b21c86ac-2eb7ba16,Vanilla,0.757786165761767,0.6221410427293086,0.9908087399651719,0.39744072714448303,2889,2332,2207,125,682,203,0,0.0,0,0,0.0,0.0,0,0.0,0,0.0,203,100.0,12.61,53.25,67.752,105.124,835.06,33.638,414.66,13.488,165.98,12.425,152.97,57.9,58.9,56.2,56.9,58.9,65.8,4.5,39.5,5973.0,5973,95
b21c86ac-2eb7ba16,Adaptive,0.782757587902396,0.5682720806929394,0.9743182600986255,0.4403166535237366,2889,2660,2303,357,586,197,6,2.96,0,6,0.0,2.96,1,0.49,163,80.3,33,16.26,12.65,53.385,63.03,102.396,784.93,32.685,408.03,13.319,166.06,12.185,151.98,57.7,58.7,55.9,56.2,58.7,58.3,4.8,38.1,5992.0,5993,99
b21c86ac-71205084,Vanilla,0.6736263553752782,0.5233689579667676,0.9837922838758358,0.3546290791385916,1914,1392,1309,83,605,202,0,0.0,0,0,0.0,0.0,0,0.0,0,0.0,202,100.0,11.93,50.07,74.362,106.438,871.65,34.989,410.56,13.781,161.34,12.687,148.65,58.1,59.4,56.1,56.9,59.4,73.1,4.5,40.9,5965.0,5965,91
b21c86ac-71205084,Adaptive,0.7087246784560476,0.5176925700559494,0.9676344344022841,0.39721875760773856,1914,1601,1393,208,521,167,35,17.33,0,35,0.0,17.33,1,0.5,104,51.49,62,30.69,10.91,44.783,74.275,103.168,797.69,32.175,345.7,13.188,141.48,12.15,130.41,57.9,58.8,56.2,56.7,59.5,71.2,4.7,37.5,5991.0,5992,83
b21d5efb-5e2cd743,Vanilla,0.29132397122411935,0.2047822972913939,0.9679878001097548,0.1589366255144033,1350,450,405,45,945,202,0,0.0,0,0,0.0,0.0,0,0.0,0,0.0,202,100.0,11.39,49.07,75.576,107.082,843.07,36.389,406.51,14.099,157.26,13.016,145.26,58.5,60.0,56.6,57.4,60.0,74.5,4.4,42.9,5968.0,5969,86
b21d5efb-5e2cd743,Adaptive,0.10313170391505133,0.06374733222396275,0.9490954603722951,0.059830687830687825,1350,175,145,30,1205,38,164,81.19,161,3,79.7,1.49,3,1.49,22,10.89,13,6.44,9.95,45.405,34.905,96.726,340.92,11.184,110.61,12.338,120.18,8.57,83.71,54.9,57.2,55.5,57.5,57.5,12.8,24.9,17.2,5994.0,5998,76
b2208b0f-2796a692,Vanilla,0.7165663284507955,0.5052199866443148,0.9846019849960128,0.3829579062533381,4174,3279,3031,248,1143,203,0,0.0,0,0,0.0,0.0,0,0.0,0,0.0,203,100.0,12.59,51.103,74.19,98.56,916.44,33.292,411.82,13.367,165.1,12.307,152.08,56.8,57.6,54.9,55.5,57.6,73.1,4.7,38.6,5964.0,5965,99
b2208b0f-2796a692,Adaptive,0.7423027652496801,0.4910850731661485,0.9634082254568103,0.4304649222491259,4174,3826,3176,650,998,199,4,1.97,0,4,0.0,1.97,1,0.49,187,92.12,11,5.42,13.57,56.861,44.316,107.246,592.27,30.917,414.57,12.822,171.6,11.786,157.86,56.6,57.5,54.8,55.2,57.5,35.9,4.8,35.5,5990.0,5991,105
b229488e-e4714bb7,Vanilla,0.6042605289807446,0.47292630189163887,0.9950128246466284,0.31004099577121985,1354,846,822,24,532,202,0,0.0,0,0,0.0,0.0,0,0.0,0,0.0,202,100.0,11.76,50.356,69.253,101.552,794.39,35.28,406.6,13.842,159.14,12.73,146.48,57.3,58.6,55.3,56.3,58.7,71.2,4.5,40.7,5964.0,5969,88
b229488e-e4714bb7,Adaptive,0.6525847462790495,0.4563414503694142,0.992512382246559,0.3440972978222493,1354,943,889,54,465,151,51,25.25,0,51,0.0,25.25,1,0.5,73,36.14,77,38.12,9.43,38.8,64.523,99.288,586.85,33.264,305.07,13.465,123.16,12.34,112.96,57.5,58.9,55.6,56.3,58.9,61.4,4.8,39.3,5995.0,5995,69
b22a4d9f-48b2e986,Vanilla,0.7050770080407647,0.572618136193749,0.9960789121267468,0.36753876152433607,1414,1046,1000,46,414,203,0,0.0,0,0,0.0,0.0,0,0.0,0,0.0,203,100.0,12.73,50.953,67.622,100.786,845.28,33.385,415.63,13.41,166.71,12.322,153.25,57.6,58.9,55.7,56.2,58.9,65.3,4.7,39.4,5971.0,5972,94
b22a4d9f-48b2e986,Adaptive,0.693358659596953,0.5056820303990794,0.9797642036509663,0.38696380040223155,1414,1133,994,139,420,154,49,24.14,0,49,0.0,24.14,1,0.49,71,34.98,82,40.39,10.5,39.973,62.916,99.922,651.74,31.067,321.73,12.981,134.12,11.854,122.56,57.3,58.1,55.3,55.7,58.1,60.3,4.8,35.5,5998.0,5998,79
b22a4d9f-73cc8810,Vanilla,0.7789670088272956,0.6205981830919797,0.9970724520096316,0.40072501636109675,2255,1816,1761,55,494,203,0,0.0,0,0,0.0,0.0,0,0.0,0,0.0,203,100.0,12.85,51.043,65.685,103.112,826.76,32.958,416.06,13.29,167.61,12.234,154.32,57.4,58.5,55.6,56.3,58.5,61.3,4.8,38.8,5975.0,5975,98
b22a4d9f-73cc8810,Adaptive,0.7746387923631732,0.5410765596023678,0.9834924110468912,0.4282634311328716,2255,1989,1766,223,489,173,30,14.78,0,30,0.0,14.78,1,0.49,105,51.72,67,33.0,11.58,45.531,47.918,94.85,535.3,31.406,355.14,12.982,146.49,11.914,134.54,57.0,57.8,55.2,55.8,57.8,41.4,4.9,36.2,6009.0,6009,88
b22e02cd-6af68e18,Vanilla,0.47084336712991515,0.36547190297757665,0.9929247761593212,0.2426027920165776,865,424,410,14,455,202,0,0.0,0,0,0.0,0.0,0,0.0,0,0.0,202,100.0,11.27,48.53,72.132,100.148,793.2,36.55,404.27,14.091,155.57,13.002,143.62,57.9,59.3,55.7,56.3,59.3,74.9,4.4,42.8,5980.0,5980,86
b22e02cd-6af68e18,Adaptive,0.47372198190882353,0.31063312959698947,0.9711805820683393,0.2659343295037536,865,482,419,63,446,128,74,36.63,39,35,19.31,17.33,9,4.46,58,28.71,61,30.2,10.04,43.093,61.539,101.254,599.28,27.485,268.52,13.146,128.45,11.366,111.02,57.1,58.8,55.9,56.9,58.8,55.0,10.8,34.3,6004.0,6011,76
b22f385b-5d7e5202,Vanilla,0.7956909313499091,0.7008873566835103,0.9966536987367042,0.4127757668155244,1281,1063,1022,41,259,202,0,0.0,0,0,0.0,0.0,0,0.0,0,0.0,202,100.0,12.32,49.819,71.789,105.458,863.89,34.153,412.53,13.589,164.04,12.5,150.92,57.6,58.9,55.7,56.5,58.9,71.1,4.7,40.2,5982.0,5982,95
b22f385b-5d7e5202,Adaptive,0.8101300208942813,0.6920024983244422,0.987822791845442,0.4343412876091434,1281,1135,1048,87,233,138,64,31.68,0,64,0.0,31.68,1,0.5,51,25.25,86,42.57,9.4,35.323,66.946,101.184,616.15,30.948,286.22,12.926,119.26,11.848,109.39,57.3,58.2,55.6,56.0,58.2,62.8,4.8,36.0,6007.0,6007,75
b230132b-ff8f2719,Vanilla,0.5241881570182072,0.4138298018734191,0.9963990508033667,0.2671713167860565,1616,868,850,18,766,203,0,0.0,0,0,0.0,0.0,0,0.0,0,0.0,203,100.0,11.74,49.234,73.568,104.586,850.29,35.613,411.7,13.931,160.81,12.808,147.91,57.9,59.3,56.0,56.8,59.3,72.7,4.5,41.9,5982.0,5983,93
b230132b-ff8f2719,Adaptive,0.5556348488796514,0.39967420551665,0.982792452878684,0.3030385627848499,1616,1008,910,98,706,156,47,23.15,0,47,0.0,23.15,1,0.49,81,39.9,74,36.45,9.81,39.687,67.822,103.162,648.23,32.984,315.45,13.385,127.69,12.297,117.37,57.6,58.8,55.8,56.4,58.5,66.3,4.8,38.4,6006.0,6006,77
b230a7b2-c881c382,Vanilla,0.36054899192931744,0.2879013729638904,0.9973898895431804,0.18344459806438868,830,305,300,5,530,203,0,0.0,0,0,0.0,0.0,0,0.0,0,0.0,203,100.0,11.37,48.312,74.063,101.73,821.06,36.627,406.39,14.09,156.06,13.026,144.34,58.3,59.2,56.2,56.9,59.2,77.6,4.4,43.6,5977.0,5977,89
b230a7b2-c881c382,Adaptive,0.3604754766593081,0.24703861104481312,0.982370385335345,0.19182417744371982,830,327,304,23,526,133,70,34.48,7,63,3.45,31.03,7,3.45,30,14.78,96,47.29,8.63,35.701,69.854,103.392,589.92,32.011,270.09,13.419,113.15,12.153,102.49,57.8,59.2,56.1,57.0,59.2,65.8,6.8,37.8,5998.0,6004,67
b231a630-c4522992,Vanilla,0.6830160917097573,0.47666991329291386,0.9850712610619465,0.36323766302957894,3209,2387,2221,166,988,202,0,0.0,0,0,0.0,0.0,0,0.0,0,0.0,202,100.0,12.99,53.019,60.356,107.726,765.42,32.714,415.84,13.301,168.83,12.196,154.88,57.8,58.8,55.9,56.2,58.8,57.3,4.7,38.8,5974.0,5974,97
b231a630-c4522992,Adaptive,0.7220082952625979,0.47815901948095973,0.9748378662532525,0.4045587881868223,3209,2710,2360,350,849,190,12,5.94,0,12,0.0,5.94,1,0.5,152,75.25,37,18.32,13.5,55.226,66.664,103.388,884.84,30.098,401.6,12.751,169.75,11.658,155.33,57.2,58.1,55.3,55.8,58.1,63.1,4.8,34.5,6012.0,6012,101
b232c7c9-d251d9ee,Vanilla,0.7925110601851945,0.6017903663926999,0.985707547496536,0.4164046216858126,3174,2704,2549,155,625,202,0,0.0,0,0,0.0,0.0,0,0.0,0,0.0,202,100.0,12.94,54.269,53.11,100.502,674.69,32.6,414.79,13.238,168.13,12.15,154.41,57.0,58.1,55.2,55.9,58.1,47.6,4.5,37.9,5990.0,5990,98
b232c7c9-d251d9ee,Adaptive,0.8208198264388105,0.576457492384918,0.9704948083657653,0.46714320860520764,3174,3117,2660,457,514,198,4,1.98,0,4,0.0,1.98,1,0.5,171,84.65,26,12.87,14.16,59.16,64.609,101.516,897.74,29.86,416.52,12.674,176.46,11.597,161.57,56.8,57.6,55.0,55.4,57.6,59.5,4.9,34.2,6019.0,6022,109
b2331b83-648e56ca,Vanilla,0.42577106051061253,0.34489051206023463,0.9976949564942496,0.21672181988718706,1521,661,649,12,872,202,0,0.0,0,0,0.0,0.0,0,0.0,0,0.0,202,100.0,12.43,52.133,70.626,103.398,857.48,33.675,411.21,13.548,165.06,12.395,151.12,57.2,58.4,55.2,55.8,58.6,69.2,4.7,39.0,5991.0,5992,94
b2331b83-648e56ca,Adaptive,0.44134385207832005,0.32649190337824974,0.9865584425260648,0.23941949176848504,1521,745,678,67,843,155,47,23.27,0,47,0.0,23.27,1,0.5,67,33.17,87,43.07,9.74,39.574,60.128,100.126,565.78,33.108,313.44,13.42,126.82,12.275,116.04,57.4,58.5,55.5,55.9,58.5,57.7,4.8,38.8,6019.0,6022,73
b2331b83-a28e6b57,Vanilla,0.7123220199253184,0.5432756321424324,0.981947771413238,0.38264041590847486,3230,2547,2337,210,893,203,0,0.0,0,0,0.0,0.0,0,0.0,0,0.0,203,100.0,12.92,53.121,57.299,98.366,720.81,32.813,416.54,13.314,168.7,12.219,154.91,57.4,58.5,55.6,56.1,58.4,52.3,4.7,38.9,5983.0,5984,98
b2331b83-a28e6b57,Adaptive,0.7243980192091272,0.5015940114424005,0.9542337457145644,0.42645540984765473,3230,2978,2415,563,815,198,5,2.46,0,5,0.0,2.46,1,0.49,168,82.76,29,14.29,13.93,57.825,65.152,104.814,896.61,30.339,416.32,12.824,175.61,11.708,160.43,57.0,57.8,55.1,55.5,58.0,61.4,4.8,34.9,6014.0,6017,106
b23493b1-3200de1c,Vanilla,0.7760560092879542,0.6064647319527158,0.988421251591968,0.41501282796135675,3179,2692,2490,202,689,202,0,0.0,0,0,0.0,0.0,0,0.0,0,0.0,202,100.0,12.8,52.351,66.227,101.99,835.15,32.861,413.35,13.302,167.1,12.208,153.44,57.0,58.4,55.1,55.8,58.4,63.2,4.6,38.1,5989.0,5990,98
b23493b1-3200de1c,Adaptive,0.7819187627249187,0.5564893504910762,0.9670444384388348,0.45089052156671466,3179,3037,2540,497,639,195,7,3.47,0,7,0.0,3.47,1,0.5,158,78.22,36,17.82,14.02,58.113,66.774,102.914,923.08,29.767,411.68,12.652,174.7,11.578,159.95,56.7,57.4,54.8,55.5,57.5,62.1,4.8,34.1,6023.0,6028,107
b237db93-fab44bf2,Vanilla,0.6319044245340242,0.4997813439876234,0.9833202887134257,0.3383220749382144,1017,707,652,55,365,203,0,0.0,0,0,0.0,0.0,0,0.0,0,0.0,203,100.0,12.02,49.772,69.65,104.05,815.55,34.742,408.38,13.738,161.15,12.608,148.0,57.2,58.2,55.3,56.2,58.2,71.2,4.6,40.2,6005.0,6005,91
b237db93-fab44bf2,Adaptive,0.6455955659273221,0.4629237208157493,0.960854751778711,0.3700205127071986,1017,801,677,124,340,153,50,24.63,0,50,0.0,24.63,1,0.49,73,35.96,79,38.92,9.8,38.839,69.089,98.668,662.91,32.605,312.77,13.32,127.53,12.188,116.76,57.4,58.3,55.4,55.8,58.7,65.5,4.8,38.1,6039.0,6043,75
b23a79d1-43dfeecd,Vanilla,0.47744197609059735,0.37282252947499517,0.9958488527861934,0.24461552685480203,1690,832,810,22,880,203,0,0.0,0,0,0.0,0.0,0,0.0,0,0.0,203,100.0,11.6,49.388,74.434,102.76,848.66,36.046,411.09,14.051,159.95,12.915,147.1,58.0,59.0,55.9,56.3,59.0,74.0,4.4,42.9,6018.0,6019,89
b23a79d1-43dfeecd,Adaptive,0.4791201799531345,0.3353099797128252,0.9774760114419151,0.2615668226527955,1690,918,825,93,865,159,44,21.67,0,44,0.0,21.67,1,0.49,74,36.45,84,41.38,9.73,40.289,70.034,102.562,661.37,33.817,322.56,13.591,129.31,12.478,118.78,57.8,58.8,56.1,56.6,59.3,66.2,4.6,40.0,6032.0,6032,76
b23a79d1-e434acaa,Vanilla,0.6468558220956939,0.5343323210853125,0.9973821367134986,0.33002291825821234,1078,714,699,15,379,203,0,0.0,0,0,0.0,0.0,0,0.0,0,0.0,203,100.0,11.85,49.192,73.763,102.674,853.74,35.485,412.11,13.984,162.22,12.774,148.24,58.2,59.6,56.2,56.6,59.6,72.8,4.7,42.0,6003.0,6004,92
b23a79d1-e434acaa,Adaptive,0.6118241139766409,0.44991496283259896,0.9783040897587911,0.3401673415752635,1078,761,670,91,408,123,80,39.41,43,37,21.18,18.23,1,0.49,66,32.51,56,27.59,9.89,40.603,68.68,97.854,661.51,26.736,257.73,13.088,126.58,11.23,108.47,56.9,58.4,55.6,57.4,58.4,64.3,9.5,31.8,6030.0,6035,77
b23adb0d-72704b27,Vanilla,0.5344589309418588,0.41441458794605823,0.9993897796299736,0.2695509201330607,1208,651,646,5,562,202,0,0.0,0,0,0.0,0.0,0,0.0,0,0.0,202,100.0,11.39,48.797,73.762,104.39,820.38,36.473,405.66,14.094,156.51,12.992,144.33,58.1,59.4,56.3,57.1,59.4,73.9,4.5,43.1,6008.0,6010,89
b23adb0d-72704b27,Adaptive,0.5562782507227197,0.3885128416019856,0.996319147873195,0.2885789931129607,1208,701,674,27,534,141,61,30.2,0,61,0.0,30.2,1,0.5,48,23.76,92,45.54,8.71,35.466,67.384,102.896,568.13,33.532,282.96,13.523,113.85,12.394,104.41,58.0,59.3,56.4,56.8,59.3,66.9,4.8,39.7,6029.0,6030,68
b23adb0d-8a7aaced,Vanilla,0.47988586545935263,0.3698590923759467,0.9951264092654168,0.24633525902454753,2147,1066,1035,31,1112,203,0,0.0,0,0,0.0,0.0,0,0.0,0,0.0,203,100.0,11.66,49.175,73.788,98.766,849.23,35.957,412.0,14.03,160.52,12.907,147.72,58.4,59.6,56.6,57.1,59.6,74.2,4.5,42.8,5994.0,6000,92
b23adb0d-8a7aaced,Adaptive,0.4978987465276877,0.3330168111995355,0.9688682808395473,0.28012860730033395,2147,1268,1095,173,1052,185,18,8.87,0,18,0.0,8.87,1,0.49,121,59.61,63,31.03,11.2,46.985,75.187,101.428,826.75,34.151,373.91,13.639,148.98,12.544,137.11,58.2,59.2,56.4,56.8,59.2,74.2,4.7,40.4,6024.0,6032,87
b23b2649-1a78948d,Vanilla,0.745226345162792,0.5965760362391713,0.9857406644834847,0.40162014203985014,1332,1096,1004,92,328,190,0,0.0,0,0,0.0,0.0,0,0.0,0,0.0,190,100.0,11.27,49.089,76.249,102.012,842.9,34.854,385.91,13.753,151.96,12.636,139.7,58.3,59.2,56.3,56.7,59.2,74.0,4.7,41.3,6003.0,6003,87
b23b2649-1a78948d,Adaptive,0.7111635345404264,0.49065974329801143,0.9515753672362702,0.4174024894820255,1332,1207,981,226,351,162,28,14.74,0,28,0.0,14.74,2,1.05,85,44.74,75,39.47,10.54,45.136,57.327,102.586,587.41,32.119,330.91,13.214,135.79,12.115,124.58,57.8,58.5,55.9,56.5,58.5,54.4,4.8,37.6,6016.0,6024,80
b23b2649-6af03cd5,Vanilla,0.7928667137030317,0.6603264383865073,0.9904040112281708,0.42022858371251476,1469,1254,1174,80,295,203,0,0.0,0,0,0.0,0.0,0,0.0,0,0.0,203,100.0,12.43,50.54,72.106,102.622,873.3,33.952,412.2,13.607,165.01,12.472,151.29,58.0,59.0,56.1,56.6,59.0,70.4,4.7,39.8,5986.0,5986,94
b23b2649-6af03cd5,Adaptive,0.8129198269262843,0.6132573260717004,0.9718353828961588,0.46152697233687495,1469,1422,1218,204,251,169,34,16.75,0,34,0.0,16.75,1,0.49,99,48.77,69,33.99,11.05,43.62,74.65,103.786,812.4,31.99,348.13,13.172,143.01,12.075,131.19,57.8,58.6,55.9,56.3,58.6,71.0,4.9,37.1,6021.0,6025,87
b23b2649-8349d2a1,Vanilla,0.4900307440492203,0.28512817030603443,0.9113399839478002,0.2778854887966817,1493,949,798,151,695,92,0,0.0,0,0,0.0,0.0,0,0.0,0,0.0,92,100.0,5.67,51.389,67.032,103.112,363.94,32.817,180.12,13.375,73.15,12.204,66.79,57.7,58.7,55.7,56.1,58.7,63.9,4.7,36.5,5997.0,5997,43
b23b2649-8349d2a1,Adaptive,0.5256466340911041,0.29106079635755955,0.8971923141597877,0.3047263768288595,1493,1057,869,188,624,83,9,9.78,0,9,0.0,9.78,1,1.09,58,63.04,24,26.09,5.58,50.107,59.865,101.676,312.94,30.712,162.47,13.017,68.69,11.815,62.41,57.4,58.6,55.6,55.9,58.5,53.6,4.8,35.1,6017.0,6019,42
b23bb45f-ddeea1d8,Vanilla,0.7961864015729752,0.617273540965858,0.9960999575074516,0.4087876155929086,1035,851,827,24,208,203,0,0.0,0,0,0.0,0.0,0,0.0,0,0.0,203,100.0,12.27,49.316,70.574,105.648,853.24,34.381,415.86,13.683,165.24,12.52,151.29,57.9,59.3,56.0,56.4,59.3,68.1,4.7,40.7,5997.0,5997,97
b23bb45f-ddeea1d8,Adaptive,0.7993772801622507,0.5662054068688304,0.9831880549656032,0.4314030711586836,1035,918,839,79,196,141,62,30.54,0,62,0.0,30.54,1,0.49,52,25.62,88,43.35,9.76,36.846,63.751,103.91,606.25,30.599,292.14,12.852,122.39,11.791,112.37,57.5,58.3,55.7,56.3,58.3,59.4,4.9,35.5,6027.0,6032,73
b23c9e00-b425de1b,Vanilla,0.4795307500828175,0.38203489418925557,0.9950141031062232,0.24593836983943654,2717,1347,1309,38,1408,202,0,0.0,0,0,0.0,0.0,0,0.0,0,0.0,202,100.0,11.9,50.645,72.073,102.994,834.56,35.094,407.25,13.807,160.07,12.705,147.33,58.0,59.3,56.1,56.8,59.2,72.1,4.6,41.0,6007.0,6007,92
b23c9e00-b425de1b,Adaptive,0.5217032217279667,0.3818226788081938,0.9841582042206715,0.28133197677280813,2717,1570,1436,134,1281,172,30,14.85,0,30,0.0,14.85,1,0.5,114,56.44,57,28.22,10.99,46.024,75.249,106.912,806.91,32.56,349.71,13.302,142.56,12.204,130.88,57.8,58.9,56.1,56.7,58.9,72.0,4.8,38.2,6022.0,6027,83
b23f7012-32d284ce,Vanilla,0.3935382625912033,0.29892738467654983,0.990750517021493,0.20376725561136674,1660,686,659,27,1001,203,0,0.0,0,0,0.0,0.0,0,0.0,0,0.0,203,100.0,11.83,49.322,73.351,102.488,851.71,35.545,413.66,13.942,162.02,12.787,148.69,58.3,59.3,56.3,57.0,59.3,74.0,4.6,41.9,5994.0,5994,91
b23f7012-32d284ce,Adaptive,0.41133556525069204,0.27229761494332533,0.9722338055970575,0.2266216071401234,1660,787,699,88,961,166,37,18.23,0,37,0.0,18.23,6,2.96,74,36.45,86,42.36,10.6,43.323,67.72,103.148,695.2,32.504,335.7,13.35,137.63,12.205,125.88,57.9,59.2,56.2,56.8,59.2,63.2,5.3,38.4,6023.0,6033,83
b23f7012-fab06dac,Vanilla,0.31560348761803925,0.23355954134230675,0.9846699729495741,0.1643055960715675,1714,576,549,27,1165,202,0,0.0,0,0,0.0,0.0,0,0.0,0,0.0,202,100.0,11.69,48.907,74.44,105.35,844.72,35.773,407.78,14.009,159.44,12.837,146.18,58.4,59.4,56.4,56.8,59.4,72.7,4.6,42.2,6004.0,6004,90
b23f7012-fab06dac,Adaptive,0.35257965101794597,0.24765692649306578,0.9766238402329076,0.19071811870316635,1714,678,617,61,1097,162,40,19.8,0,40,0.0,19.8,7,3.47,74,36.63,81,40.1,10.34,42.457,72.647,102.84,733.78,32.761,332.66,13.451,136.32,12.276,124.49,58.1,59.6,56.3,56.9,59.6,69.1,5.5,38.5,6026.0,6042,79
b23fe89b-c704fe97,Vanilla,0.6035667771872917,0.48723549181480835,0.9966177664209878,0.30818362372483527,1166,722,706,16,460,203,0,0.0,0,0,0.0,0.0,0,0.0,0,0.0,203,100.0,11.79,49.498,73.414,106.198,852.2,35.619,413.61,14.005,162.39,12.817,148.68,58.5,59.8,56.4,56.9,59.8,74.1,4.6,42.2,6010.0,6010,90
b23fe89b-c704fe97,Adaptive,0.6179081957548596,0.4348101747441273,0.9827295615645862,0.33776144056952745,1166,811,730,81,436,153,50,24.63,0,50,0.0,24.63,1,0.49,71,34.98,81,39.9,9.62,38.828,71.009,107.394,665.44,33.285,314.06,13.457,126.75,12.335,116.24,58.3,59.3,56.3,56.6,59.2,65.4,4.8,38.9,6039.0,6040,74
b24071b8-b3ee1196,Vanilla,0.6900842907204028,0.47070891979298723,0.9696831636604729,0.3785520745239415,4862,3864,3446,418,1416,202,0,0.0,0,0,0.0,0.0,0,0.0,0,0.0,202,100.0,13.02,52.704,61.331,100.294,783.65,32.773,419.76,13.264,169.62,12.195,156.01,58.1,59.2,56.1,56.5,59.2,59.0,4.8,38.7,6014.0,6014,102
b24071b8-b3ee1196,Adaptive,0.7166288742294686,0.4591077387823696,0.9424516824549559,0.42679812901851744,4862,4562,3637,925,1225,201,1,0.5,0,1,0.0,0.5,1,0.5,188,93.07,12,5.94,15.4,64.142,62.55,104.942,945.79,28.236,429.45,12.343,187.41,11.255,170.98,56.8,58.1,55.0,55.4,58.1,56.4,5.0,32.0,6038.0,6041,122
b2408e45-984ba5aa,Vanilla,0.7353247802384736,0.5791046406721806,0.992633828676564,0.3861135195523173,1945,1521,1439,82,506,203,0,0.0,0,0,0.0,0.0,0,0.0,0,0.0,203,100.0,12.28,51.316,68.594,102.01,825.95,34.118,411.15,13.613,163.58,12.487,150.17,57.0,58.4,55.1,56.2,58.4,68.5,4.6,38.9,6013.0,6014,93
b2408e45-984ba5aa,Adaptive,0.7324296163214103,0.5053486888625789,0.9655896434957396,0.42396515248723093,1945,1751,1457,294,488,182,21,10.34,0,21,0.0,10.34,1,0.49,122,60.1,59,29.06,11.64,48.046,56.706,101.228,648.15,32.684,371.7,13.308,151.09,12.194,138.52,57.2,58.5,55.7,56.4,58.5,53.1,4.8,38.5,6044.0,6047,90
b242929f-3051abca,Vanilla,0.6422349680734836,0.5079424920769589,0.9884485466026095,0.3373986959161585,1863,1281,1209,72,654,202,0,0.0,0,0,0.0,0.0,0,0.0,0,0.0,202,100.0,12.1,49.828,74.063,103.538,871.57,34.651,409.48,13.667,161.26,12.573,148.42,57.8,59.1,55.8,56.2,59.1,75.1,4.7,40.7,6023.0,6024,95
b242929f-3051abca,Adaptive,0.6588643616891726,0.47883321619907165,0.9682356365780198,0.3736195026918875,1863,1468,1257,211,606,177,25,12.38,0,25,0.0,12.38,1,0.5,113,55.94,63,31.19,11.34,45.998,63.364,107.25,701.23,32.5,360.57,13.298,147.23,12.183,134.96,57.5,58.5,56.0,56.5,58.5,60.6,4.8,38.2,6046.0,6054,89
b242f6b2-0033bdfb,Vanilla,0.38993708200849486,0.30471789557880824,0.9897611559296962,0.2018669392798578,2809,1153,1106,47,1703,202,0,0.0,0,0,0.0,0.0,0,0.0,0,0.0,202,100.0,11.83,49.471,75.301,103.91,874.24,35.26,410.92,13.876,161.47,12.741,148.35,58.0,59.3,56.2,56.8,59.3,73.5,4.5,41.4,6016.0,6016,93
b242f6b2-0033bdfb,Adaptive,0.44513499130113576,0.33193795020737865,0.9874083472991578,0.2364224348412341,2809,1356,1264,92,1545,179,23,11.39,0,23,0.0,11.39,1,0.5,115,56.93,63,31.19,11.16,46.028,65.369,100.842,712.16,33.574,366.72,13.435,146.47,12.373,134.97,57.9,59.2,55.9,56.3,59.2,64.1,4.7,39.1,6049.0,6050,87
b242f6b2-99d2f2c1,Vanilla,0.27108982355521116,0.19467159291589414,0.9763310847617245,0.14600400457665905,1520,460,421,39,1099,203,0,0.0,0,0,0.0,0.0,0,0.0,0,0.0,203,100.0,11.52,49.073,75.453,103.198,849.13,36.171,407.49,14.086,158.38,12.951,145.7,58.4,59.5,56.3,56.8,59.5,75.0,4.7,42.6,6030.0,6031,87
b242f6b2-99d2f2c1,Adaptive,0.28219816569314704,0.17591829236928153,0.9476496952559932,0.16382553606237818,1520,540,448,92,1072,153,50,24.63,18,32,8.87,15.76,7,3.45,67,33.0,79,38.92,10.32,43.768,69.303,102.452,697.88,31.3,316.94,13.466,136.31,12.053,122.01,57.9,59.4,56.2,56.7,59.4,66.0,7.5,37.0,6054.0,6066,80
b242f6b2-eaa39345,Vanilla,0.4987089241301753,0.3847046651702447,0.9927811270753045,0.25769533825070745,1683,877,845,32,838,202,0,0.0,0,0,0.0,0.0,0,0.0,0,0.0,202,100.0,11.59,48.781,76.123,103.388,862.37,36.092,408.86,14.028,158.77,12.897,145.99,58.5,60.2,56.4,56.9,59.7,75.1,4.5,42.9,6021.0,6021,91
b242f6b2-eaa39345,Adaptive,0.5156972543401434,0.3682264608969804,0.9804723525159336,0.283564676715852,1683,986,881,105,802,163,39,19.31,0,39,0.0,19.31,1,0.5,75,37.13,87,43.07,10.15,41.501,62.582,103.17,624.2,33.549,333.4,13.519,134.03,12.379,122.81,58.3,59.3,56.3,56.7,59.3,62.3,4.8,39.5,6052.0,6058,80
b242f6b2-f5da110f,Vanilla,0.43673730893085466,0.32578317075671814,0.9918326405827586,0.2272574739281576,1875,863,825,38,1050,201,0,0.0,0,0,0.0,0.0,0,0.0,0,0.0,201,100.0,11.47,49.077,73.0,107.014,821.2,36.157,408.01,14.05,158.33,12.914,145.58,58.6,59.8,56.5,57.1,59.8,73.6,4.5,42.7,6025.0,6025,91
b242f6b2-f5da110f,Adaptive,0.46402158169578167,0.3138907374833989,0.9732309105460254,0.25754978526593986,1875,1009,889,120,986,170,31,15.42,5,26,2.49,12.94,7,3.48,99,49.25,64,31.84,10.94,46.504,67.925,105.23,721.78,32.477,347.32,13.453,143.65,12.223,130.59,58.2,59.6,56.4,57.7,59.6,63.6,5.9,38.2,6040.0,6050,86
b24380ab-63272e5a,Vanilla,0.08134420376539006,0.05710936151059184,0.999331699710403,0.04186834017336254,811,67,66,1,745,200,0,0.0,0,0,0.0,0.0,0,0.0,0,0.0,200,100.0,11.02,48.023,76.515,107.476,821.96,37.288,402.56,14.327,154.42,13.169,142.02,58.9,60.2,56.8,57.2,60.2,77.7,4.4,44.2,6024.0,6024,87
b24380ab-63272e5a,Adaptive,0.05618540318543754,0.03165995844286372,0.9403796317194026,0.03234040712137928,811,57,48,9,763,54,146,73.0,133,13,66.5,6.5,20,10.0,13,6.5,21,10.5,10.69,49.46,43.584,100.512,455.74,13.895,145.19,12.207,127.35,8.997,93.89,55.8,58.8,56.1,58.1,58.8,25.2,22.9,20.6,6054.0,6071,82
b24380ab-6dbeb908,Vanilla,0.42992393868682643,0.3357399886633203,0.9926633317738744,0.22299526537741535,1481,668,641,27,840,202,0,0.0,0,0,0.0,0.0,0,0.0,0,0.0,202,100.0,11.53,49.582,71.34,101.844,809.52,36.002,407.52,13.972,157.84,12.921,146.07,57.6,59.1,55.4,56.2,59.1,70.9,4.4,41.5,6019.0,6020,88
b24380ab-6dbeb908,Adaptive,0.4601201922412017,0.3170209038805867,0.9799005540529032,0.25342134389552895,1481,776,692,84,789,161,41,20.3,7,34,3.47,16.83,9,4.46,71,35.15,81,40.1,10.55,44.995,67.906,105.452,698.37,31.907,329.35,13.407,138.18,12.142,125.2,57.6,58.8,55.8,56.4,58.8,63.0,6.5,37.4,6043.0,6052,81
b24c9ee6-e43a6e8b,Vanilla,0.39095842858358565,0.30418521280939925,0.9969707527355844,0.1991735279995732,1061,424,416,8,645,202,0,0.0,0,0,0.0,0.0,0,0.0,0,0.0,202,100.0,11.26,48.727,74.962,101.744,820.95,36.897,406.47,14.196,156.14,13.101,144.15,58.6,59.8,56.4,56.9,59.8,76.2,4.5,44.0,6019.0,6020,87
b24c9ee6-e43a6e8b,Adaptive,0.4016747897024857,0.2858358997592742,0.9873951742819235,0.21835876242644758,1061,473,430,43,631,140,62,30.69,18,44,8.91,21.78,22,10.89,37,18.32,81,40.1,10.33,44.746,60.281,103.51,601.77,28.905,291.1,13.237,133.38,11.648,117.34,57.5,59.1,55.9,56.3,59.2,52.4,9.2,34.3,6038.0,6052,81
b24ca67a-594d7d3c,Vanilla,0.5481872091363775,0.4237428130142402,0.9992083442948242,0.2777891440718227,1019,566,559,7,460,202,0,0.0,0,0,0.0,0.0,0,0.0,0,0.0,202,100.0,11.51,48.453,74.64,103.632,837.83,36.177,407.76,14.1,158.72,12.946,145.79,58.6,59.6,56.4,56.9,59.6,73.7,4.5,43.2,6016.0,6016,90
b24ca67a-594d7d3c,Adaptive,0.5594341186039898,0.4092069966537723,0.995741658896516,0.29165258089608476,1019,598,572,26,447,132,70,34.65,0,70,0.0,34.65,1,0.5,38,18.81,93,46.04,8.44,33.176,71.185,99.876,580.82,32.728,266.55,13.388,108.79,12.249,99.61,58.3,59.1,56.3,56.6,59.1,68.8,4.8,38.2,6049.0,6052,65
b24d283f-33783d1b,Vanilla,0.7241022449144107,0.5702409674354069,0.9932223851853472,0.37606284053626077,2991,2275,2179,96,812,202,0,0.0,0,0,0.0,0.0,0,0.0,0,0.0,202,100.0,12.57,51.567,70.277,103.538,867.9,33.559,416.18,13.431,166.28,12.418,153.77,58.1,59.1,56.1,56.5,59.1,67.5,4.6,39.3,6024.0,6025,99
b24d283f-33783d1b,Adaptive,0.7504472346761681,0.5603493207857297,0.9846901643853031,0.4158669278571238,2991,2556,2266,290,725,190,12,5.94,0,12,0.0,5.94,1,0.5,147,72.77,42,20.79,12.78,52.351,63.464,106.164,793.79,31.461,394.05,13.04,163.03,11.962,149.64,57.7,58.9,55.8,56.2,58.9,59.4,4.8,36.3,6049.0,6053,99
b24f03f7-ff66eaca,Vanilla,0.747420995133359,0.6141938459773246,0.9996821488537159,0.37659109038323196,1165,877,871,6,294,202,0,0.0,0,0,0.0,0.0,0,0.0,0,0.0,202,100.0,11.86,49.789,74.963,98.828,867.86,35.069,408.01,13.846,160.76,12.714,147.71,58.1,59.2,56.0,56.7,59.2,74.0,4.5,40.6,6023.0,6023,93
b24f03f7-ff66eaca,Adaptive,0.7735564440401713,0.6194279197496282,0.9962258905822607,0.40108026664231583,1165,940,904,36,261,127,75,37.13,12,63,5.94,31.19,1,0.5,50,24.75,76,37.62,8.92,35.356,61.714,102.996,534.5,31.136,271.69,13.105,113.65,11.933,103.7,57.7,58.6,56.0,57.3,58.6,57.0,6.3,36.7,6056.0,6057,69
b24f7455-e8c55d6a,Vanilla,0.6305049630557313,0.467173890376437,0.9792370865212142,0.3348766587951312,2734,1885,1758,127,976,202,0,0.0,0,0,0.0,0.0,0,0.0,0,0.0,202,100.0,12.38,50.14,65.277,102.312,792.97,33.966,414.85,13.547,165.18,12.46,151.98,58.0,59.0,55.9,56.5,59.0,66.3,4.7,39.9,6056.0,6056,98
b24f7455-e8c55d6a,Adaptive,0.6417769708761742,0.4265956529912366,0.9568081835540018,0.3712279703958563,2734,2184,1812,372,922,186,16,7.92,0,16,0.0,7.92,1,0.5,146,72.28,39,19.31,12.52,50.547,68.218,104.118,831.13,31.383,384.71,13.04,159.56,11.958,146.41,57.6,58.7,55.7,56.6,58.7,66.0,4.9,36.4,6058.0,6064,98
b2505382-1423f56a,Vanilla,0.6992030608057425,0.543788743843474,0.9979434004114197,0.3569620592932587,2040,1461,1429,32,611,202,0,0.0,0,0,0.0,0.0,0,0.0,0,0.0,202,100.0,11.73,50.347,74.068,104.16,851.81,35.432,408.6,13.921,160.2,12.805,147.46,58.1,59.3,56.3,57.0,59.3,73.8,4.4,41.2,6034.0,6035,91
b2505382-1423f56a,Adaptive,0.7446944946793111,0.5509436122600506,0.9936711434379041,0.39098793363499246,2040,1612,1527,85,513,158,44,21.78,0,44,0.0,21.78,1,0.5,89,44.06,68,33.66,9.95,41.362,63.944,102.27,618.59,33.22,322.03,13.456,130.11,12.344,119.43,58.0,59.1,56.3,56.9,59.1,61.8,4.7,39.0,6064.0,6070,78
b2505382-272e7823,Vanilla,0.26243776383450756,0.1981979961352027,0.9952551997694308,0.13425539596020572,1119,302,295,7,824,202,0,0.0,0,0,0.0,0.0,0,0.0,0,0.0,202,100.0,11.38,48.41,74.81,107.724,835.89,36.537,407.63,14.082,156.84,13.011,144.98,58.6,59.7,56.6,57.3,59.7,74.2,4.5,42.9,6040.0,6041,90
b2505382-272e7823,Adaptive,0.2673955443192451,0.18552613014210256,0.9849845805875523,0.14377524439700015,1119,329,303,26,816,129,73,36.14,0,73,0.0,36.14,4,1.98,28,13.86,97,48.02,8.18,32.812,74.141,101.922,588.36,32.832,262.07,13.461,107.21,12.278,97.84,58.3,59.2,56.3,56.8,59.2,70.2,5.4,38.4,6052.0,6066,64
b2505382-2905b23c,Vanilla,0.4052684886118336,0.31644135463359585,0.9932275520860564,0.20959956152515283,846,358,345,13,501,179,0,0.0,0,0,0.0,0.0,0,0.0,0,0.0,179,100.0,9.97,48.362,73.979,100.708,716.85,36.885,357.23,14.189,137.24,13.075,126.52,58.9,60.3,56.7,57.1,59.7,74.8,4.5,43.8,6029.0,6030,78
b2505382-2905b23c,Adaptive,0.44596301968818797,0.3161757525323479,0.9842509899276056,0.24218732410221772,846,420,382,38,464,122,57,31.84,32,25,17.88,13.97,12,6.7,48,26.82,62,34.64,9.37,46.004,64.789,104.888,587.76,29.301,267.82,13.291,120.88,11.702,106.63,58.1,60.0,56.6,57.7,60.0,59.0,10.3,36.7,6053.0,6063,73
b2505382-549785d3,Vanilla,0.263700263238316,0.2032443685677369,0.9962362864688055,0.13567599761762955,805,219,213,6,592,200,0,0.0,0,0,0.0,0.0,0,0.0,0,0.0,200,100.0,11.2,48.688,76.22,106.796,833.04,36.566,401.48,14.2,155.53,13.038,142.9,58.6,59.8,56.4,57.2,59.8,77.8,4.6,42.3,6064.0,6064,87
b2505382-549785d3,Adaptive,0.17274626546345434,0.1104467871548096,0.9564285543626404,0.10250903603888127,805,177,143,34,662,61,139,69.5,108,31,54.0,15.5,4,2.0,16,8.0,41,20.5,9.14,40.688,42.781,103.4,381.32,17.106,152.83,12.512,110.85,9.55,84.79,56.0,58.2,55.8,57.7,58.2,27.1,20.3,24.7,6067.0,6074,69
b2505382-de5238f0,Vanilla,0.3926091637333504,0.2836437576972947,0.9828547165786451,0.20864085781924527,2004,860,799,61,1205,202,0,0.0,0,0,0.0,0.0,0,0.0,0,0.0,202,100.0,12.01,50.819,73.898,100.386,862.08,34.724,406.93,13.7,160.29,12.645,148.0,57.6,58.8,55.6,56.3,58.8,74.1,4.6,40.2,6066.0,6066,89
b2505382-de5238f0,Adaptive,0.43318329086459856,0.2954403250791887,0.9697426239537328,0.23650837158680627,2004,994,892,102,1112,171,31,15.35,0,31,0.0,15.35,1,0.5,94,46.53,76,37.62,10.68,44.199,74.802,106.532,784.69,33.317,350.53,13.505,141.78,12.359,129.85,57.9,58.7,56.0,56.3,58.7,72.5,4.8,39.2,6067.0,6072,80
b250fb0c-01a1b8d3,Vanilla,0.7261456220468893,0.5553313943961798,0.985647260961037,0.38200272147665015,2389,1866,1758,108,631,202,0,0.0,0,0,0.0,0.0,0,0.0,0,0.0,202,100.0,12.67,51.921,71.402,105.824,888.25,33.208,415.19,13.39,167.13,12.346,154.18,57.9,58.8,55.9,56.4,58.8,69.4,4.6,39.2,6031.0,6031,97
b250fb0c-01a1b8d3,Adaptive,0.7420595062834674,0.5101432319498175,0.9697043621499358,0.42268226701947226,2389,2122,1812,310,577,174,28,13.86,0,28,0.0,13.86,1,0.5,124,61.39,49,24.26,11.79,47.344,66.849,101.844,768.05,31.167,360.5,12.929,149.27,11.902,137.51,57.5,58.4,55.5,56.0,58.4,62.2,4.8,35.6,6056.0,6056,92
b251064f-30002542,Vanilla,0.7905259212804129,0.6765270569347013,0.9992435542462117,0.40149039299423683,1828,1469,1446,23,382,202,0,0.0,0,0,0.0,0.0,0,0.0,0,0.0,202,100.0,12.04,49.905,72.662,100.506,852.63,34.705,409.51,13.709,161.44,12.62,148.69,57.9,58.8,55.8,56.3,58.8,72.2,4.5,40.7,6030.0,6030,95
b251064f-30002542,Adaptive,0.7838856631031882,0.6084072683417705,0.9840033436549757,0.43077707539779014,1828,1620,1449,171,379,171,31,15.35,0,31,0.0,15.35,1,0.5,101,50.0,69,34.16,11.06,44.881,57.006,105.91,611.58,32.371,349.89,13.24,142.76,12.136,130.94,57.7,58.8,55.7,56.1,58.8,52.2,4.8,37.9,6062.0,6065,87
b251064f-4696b75e,Vanilla,0.6360703392203997,0.47243900037604014,0.9544975800518484,0.3513813070891191,886,667,588,79,298,179,0,0.0,0,0,0.0,0.0,0,0.0,0,0.0,179,100.0,10.38,48.919,74.472,102.546,758.7,35.51,361.84,13.94,141.75,12.791,130.14,58.2,59.5,56.0,56.5,59.5,72.8,4.5,41.5,6038.0,6041,82
b251064f-4696b75e,Adaptive,0.5461100980837865,0.3415714511176065,0.8928840983213562,0.3431885970123122,886,722,528,194,358,127,52,29.05,23,29,12.85,16.2,3,1.68,52,29.05,72,40.22,9.18,43.099,66.167,99.55,588.75,28.911,257.61,13.098,116.66,11.568,103.03,57.2,58.4,55.8,57.3,58.4,57.6,8.2,35.1,6046.0,6057,71
b251064f-5f6b663e,Vanilla,0.8090537123490217,0.6514699649418665,0.991585015478606,0.42355879109197697,1184,1017,965,52,219,203,0,0.0,0,0,0.0,0.0,0,0.0,0,0.0,203,100.0,11.94,48.702,76.31,98.702,887.8,35.137,410.99,13.79,161.05,12.7,148.39,58.1,59.2,56.1,56.6,59.2,74.9,4.7,41.7,6017.0,6018,92
b251064f-5f6b663e,Adaptive,0.7834453782601275,0.5400665035412481,0.9641190881264345,0.4520755652401084,1184,1138,951,187,233,157,46,22.66,0,46,0.0,22.66,1,0.49,85,41.87,71,34.98,10.27,40.352,54.389,99.098,543.76,31.923,320.22,13.152,131.56,12.048,120.61,57.7,58.8,55.8,56.2,58.8,52.8,4.8,37.4,6045.0,6045,78
b251064f-8d92db81,Vanilla,0.7777380308058695,0.6122525145295286,0.9843172832052381,0.4191488422451568,3464,2982,2729,253,735,202,0,0.0,0,0,0.0,0.0,0,0.0,0,0.0,202,100.0,12.64,52.271,61.982,104.468,767.18,33.296,414.88,13.398,166.66,12.309,153.18,57.8,58.8,55.8,56.4,58.9,61.6,4.7,39.3,6017.0,6017,98
b251064f-8d92db81,Adaptive,0.7898169908188857,0.5542654249529722,0.9580326305658885,0.46661822892900295,3464,3477,2809,668,655,199,3,1.49,0,3,0.0,1.49,1,0.5,176,87.13,22,10.89,13.37,56.51,43.342,99.168,569.56,31.391,413.16,12.925,169.78,11.879,156.15,57.2,57.9,55.4,55.8,57.9,37.0,4.9,36.0,6053.0,6054,103
b251064f-e7a165fd,Vanilla,0.7324940678603699,0.5407290270411286,0.9803007961755162,0.3937803624813154,3840,3122,2862,260,978,202,0,0.0,0,0,0.0,0.0,0,0.0,0,0.0,202,100.0,12.7,50.824,53.813,97.878,672.0,32.889,410.76,13.335,166.32,12.208,152.32,57.2,58.1,55.4,55.7,58.1,55.6,4.8,38.4,6023.0,6024,99
b251064f-e7a165fd,Adaptive,0.7521811027235326,0.5228465422289073,0.9592624993245576,0.44024655844603927,3840,3623,2969,654,871,195,7,3.47,0,7,0.0,3.47,1,0.5,172,85.15,22,10.89,13.4,55.356,47.059,107.208,616.7,30.92,408.21,12.848,169.28,11.773,155.21,56.9,57.9,55.0,55.5,57.9,39.3,4.9,35.4,6059.0,6069,103
b251b746-00138418,Vanilla,0.4707926487815831,0.3699794971980517,0.9992195777797162,0.23864492552878006,1887,901,889,12,998,203,0,0.0,0,0,0.0,0.0,0,0.0,0,0.0,203,100.0,11.62,48.631,75.806,97.744,863.72,35.72,409.17,13.968,159.68,12.815,146.59,57.5,58.7,55.4,56.1,58.7,74.7,4.5,41.1,6024.0,6024,90
b251b746-00138418,Adaptive,0.5161305734752665,0.393203696091628,0.997578393887428,0.26458212351132393,1887,1002,976,26,911,152,51,25.12,0,51,0.0,25.12,1,0.49,67,33.0,84,41.38,9.64,38.499,63.029,103.742,587.48,32.963,309.7,13.294,124.6,12.22,114.62,57.5,58.6,55.6,56.2,58.6,61.8,4.8,38.3,6051.0,6051,75
b255cd6c-0bdf0ac7,Vanilla,0.6967368911036401,0.5764173374179874,0.9980969743091178,0.3542346043817619,692,491,483,8,209,186,0,0.0,0,0,0.0,0.0,0,0.0,0,0.0,186,100.0,10.77,48.983,73.405,105.774,767.92,35.626,374.07,13.971,146.49,12.808,134.33,58.1,59.2,55.9,56.4,59.2,74.0,4.6,42.0,6022.0,6022,81
b255cd6c-0bdf0ac7,Adaptive,0.6867608907775085,0.523588910416489,0.9931497044000451,0.3597605120720762,692,503,478,25,214,113,73,39.25,7,66,3.76,35.48,4,2.15,19,10.22,90,48.39,7.74,33.332,62.689,108.946,469.07,30.834,231.53,13.121,98.28,11.884,89.07,57.6,58.6,55.8,56.7,58.8,58.4,6.5,35.9,6054.0,6059,60
b255cd6c-2f889586,Vanilla,0.6078685090660707,0.4553913795628478,0.9797798636929761,0.3240249780700593,2910,1947,1802,145,1108,203,0,0.0,0,0,0.0,0.0,0,0.0,0,0.0,203,100.0,12.52,50.393,75.54,102.364,928.0,33.795,415.37,13.505,165.78,12.435,152.71,57.8,58.9,56.0,56.8,58.9,74.1,4.7,39.9,6022.0,6022,95
b255cd6c-2f889586,Adaptive,0.6238103453690353,0.4252091583926715,0.9606566188559577,0.3579153791667827,2910,2222,1871,351,1039,190,13,6.4,0,13,0.0,6.4,1,0.49,140,68.97,49,24.14,12.52,51.141,39.234,104.934,483.65,31.78,391.04,13.007,159.73,11.998,147.43,57.2,58.3,55.5,56.1,58.3,32.6,4.8,37.1,6046.0,6049,95
b255cd6c-5ccba454,Vanilla,0.366159026086635,0.2643628044437542,0.9861053087603026,0.18882741167129813,458,176,170,6,288,156,0,0.0,0,0,0.0,0.0,0,0.0,0,0.0,156,100.0,8.83,48.587,72.871,104.01,625.64,35.885,308.32,14.039,120.31,12.855,110.26,58.0,59.3,55.9,56.4,59.3,73.2,4.5,41.3,6018.0,6018,69
b255cd6c-5ccba454,Adaptive,0.38294079350532734,0.2599873672941614,0.9894204872946267,0.2025225308928737,458,188,177,11,281,79,77,49.36,31,46,19.87,29.49,5,3.21,13,8.33,61,39.1,6.69,35.924,65.591,95.984,428.24,25.496,166.22,12.944,84.34,11.023,71.82,56.9,58.4,55.8,57.3,58.4,56.9,11.4,31.7,6047.0,6057,51
