sequence,system,ap_50,ap_50_95,avg_precision,avg_recall,total_gt,total_preds,total_tp,total_fp,total_fn,infer_count,skip_count,skip_rate_pct,erd_empty_count,predict_count,erd_empty_rate_pct,predict_rate_pct,erd_infer_count,erd_infer_rate_pct,augmented_infer_count,augmented_infer_rate_pct,pure_infer_count,pure_infer_rate_pct,wall_duration_s,avg_frame_time_ms,avg_power_w,max_power_w,energy_j,avg_power_gpu_w,energy_gpu_j,avg_power_cpu_w,energy_cpu_j,avg_power_io_w,energy_io_j,avg_gpu_temp_c,max_gpu_temp_c,avg_cpu_temp_c,max_cpu_temp_c,max_tj_temp_c,avg_gpu_util_pct,avg_cpu_util_pct,avg_emc_util_pct,avg_ram_used_mb,max_ram_used_mb,n_tegrastats_samples
b1c66a42-6f7d68ca,CTD-0.30,0.6327971961351317,0.44071317374795055,0.911258511059966,0.41968545510579996,2612,2564,1715,849,897,154,48,23.76,0,48,0.0,23.76,0,0.0,0,0.0,154,76.24,13.16,53.749,56.829,90.09,734.32,25.954,336.4,11.264,145.62,10.681,138.15,45.1,47.1,42.9,44.7,47.1,59.7,5.0,28.1,4652.0,4681,98
b1c66a42-6f7d68ca,CTD-0.50,0.6742797213022387,0.47281152499292034,0.9203046225504913,0.43962124382544665,2612,2642,1824,818,788,167,35,17.33,0,35,0.0,17.33,0,0.0,0,0.0,167,82.67,12.64,53.015,64.995,94.954,806.71,28.408,353.9,11.843,147.11,11.202,139.25,47.4,48.6,45.2,46.2,48.6,68.8,4.6,32.2,4679.0,4680,95
b1c66a42-6f7d68ca,CTD-0.70,0.6780454656040584,0.4762313653338473,0.9218516461057688,0.44097123842401464,2612,2643,1833,810,779,169,33,16.34,0,33,0.0,16.34,0,0.0,0,0.0,169,83.66,12.78,53.649,62.573,91.396,786.16,28.514,358.38,11.872,148.87,11.24,141.07,48.6,49.7,46.4,47.1,49.7,66.0,4.6,32.2,4668.0,4678,97
b1c66a42-6f7d68ca,CTD-0.90,0.6943387560915002,0.48894669088235065,0.9313285219399916,0.44254940036077006,2612,2608,1873,735,739,184,18,8.91,0,18,0.0,8.91,0,0.0,0,0.0,184,91.09,13.6,57.44,61.51,94.348,826.13,29.099,391.25,11.983,160.46,11.367,152.35,49.4,50.4,47.2,48.0,50.4,65.4,4.7,33.0,4656.0,4660,106
b1c81faa-3df17267,CTD-0.30,0.1782849904207908,0.11427883490091897,0.7726268660421048,0.1412536380756719,472,198,93,105,379,98,84,46.15,0,84,0.0,46.15,0,0.0,0,0.0,98,53.85,6.99,30.526,59.651,92.912,402.62,29.9,200.98,12.285,82.17,11.53,77.23,49.9,50.8,47.7,48.4,50.8,65.2,4.6,33.2,4653.0,4658,51
b1c81faa-3df17267,CTD-0.50,0.201975178285483,0.13101833544191038,0.8772756331198641,0.144193160164477,472,169,98,71,374,101,81,44.51,0,81,0.0,44.51,0,0.0,0,0.0,101,55.49,6.84,30.925,60.502,96.018,395.47,31.339,207.26,12.515,82.45,11.876,78.32,50.5,51.5,48.3,48.9,51.5,65.0,4.5,35.8,4654.0,4654,50
b1c81faa-3df17267,CTD-0.70,0.2033910343401523,0.13780069093005204,0.8782402030715077,0.1459510357815443,472,171,98,73,374,104,78,42.86,0,78,0.0,42.86,0,0.0,0,0.0,104,57.14,6.98,31.686,61.045,92.482,410.61,31.623,213.02,12.604,84.6,11.922,80.09,51.0,52.2,48.9,49.7,52.2,66.5,4.3,36.1,4652.0,4652,52
b1c81faa-3df17267,CTD-0.90,0.27207864613242766,0.19213262838853676,0.9308381730718797,0.1763233028188163,472,187,132,55,340,122,60,32.97,0,60,0.0,32.97,0,0.0,0,0.0,122,67.03,8.01,37.168,71.945,90.344,559.33,31.996,249.67,12.674,98.62,12.029,93.67,51.5,52.2,49.5,50.2,52.2,80.5,4.3,37.1,4649.0,4653,60
b1c81faa-c80764c5,CTD-0.30,0.20282129096059912,0.10889695845217047,0.7142098582485695,0.15831276047888299,866,435,228,207,638,26,176,87.13,0,176,0.0,87.13,0,0.0,0,0.0,26,12.87,3.03,7.86,49.428,91.278,136.09,19.351,53.71,10.006,27.65,9.255,25.62,50.2,51.2,48.9,49.4,51.2,40.5,5.6,27.2,4652.0,4657,22
b1c81faa-c80764c5,CTD-0.50,0.23592157356614915,0.13486509338256675,0.74800710689916,0.17634228441184016,866,459,255,204,611,31,171,84.65,0,171,0.0,84.65,0,0.0,0,0.0,31,15.35,2.95,9.269,56.043,87.064,149.5,21.83,58.78,10.632,28.55,9.807,26.39,50.3,51.1,48.6,49.4,51.1,60.3,4.9,25.4,4650.0,4652,21
b1c81faa-c80764c5,CTD-0.70,0.27898685577316834,0.17133578526572177,0.7956519824837053,0.2057321381299692,866,506,275,231,591,53,149,73.76,0,149,0.0,73.76,0,0.0,0,0.0,53,26.24,4.28,15.384,59.338,93.834,241.01,25.726,104.13,11.433,46.15,10.702,43.25,50.5,51.8,48.8,49.4,51.8,67.0,4.8,29.0,4648.0,4648,31
b1c81faa-c80764c5,CTD-0.90,0.3397851361667747,0.220777339812597,0.856828193369197,0.2381404174573055,866,527,318,209,548,77,125,61.88,0,125,0.0,61.88,0,0.0,0,0.0,77,38.12,5.67,21.959,55.978,91.148,297.97,28.677,154.97,11.974,64.39,11.273,60.7,51.0,51.8,48.9,49.3,51.8,59.5,4.6,32.0,4644.0,4650,42
b1c9c847-3bda4659,CTD-0.30,0.8057735920946762,0.5437300489894766,0.9213690034543631,0.5299825836557075,2937,3577,2438,1139,499,195,8,3.94,0,8,0.0,3.94,0,0.0,0,0.0,195,96.06,15.0,63.425,61.225,92.716,898.88,28.387,417.14,11.952,175.45,11.231,164.92,51.4,52.8,49.4,50.1,52.8,63.8,4.6,32.4,4643.0,4646,114
b1c9c847-3bda4659,CTD-0.50,0.8057735920946762,0.5437300489894766,0.9213690034543631,0.5299825836557075,2937,3577,2438,1139,499,195,8,3.94,0,8,0.0,3.94,0,0.0,0,0.0,195,96.06,14.74,62.855,60.06,96.43,870.33,28.618,416.93,11.993,174.44,11.265,163.93,51.7,52.8,49.7,50.3,52.8,63.6,4.7,32.0,4645.0,4646,114
b1c9c847-3bda4659,CTD-0.70,0.8057735920946762,0.5437300489894766,0.9213690034543631,0.5299825836557075,2937,3577,2438,1139,499,195,8,3.94,0,8,0.0,3.94,0,0.0,0,0.0,195,96.06,14.52,61.911,60.133,95.04,851.12,28.984,413.4,12.065,171.7,11.345,161.58,52.1,53.2,50.0,50.7,53.2,63.9,4.7,32.7,4656.0,4666,113
b1c9c847-3bda4659,CTD-0.90,0.8057735920946762,0.5437300489894766,0.9213690034543631,0.5299825836557075,2937,3577,2438,1139,499,195,8,3.94,0,8,0.0,3.94,0,0.0,0,0.0,195,96.06,14.65,62.744,60.87,93.23,869.64,28.934,416.14,12.081,173.36,11.322,162.58,52.5,53.2,50.4,51.0,53.2,63.1,4.7,32.2,4673.0,4677,110
b1ca2e5d-84cf9134,CTD-0.30,0.6457127028497607,0.3957755758205972,0.8739286472507226,0.44898740903673323,3944,4384,2716,1668,1228,195,8,3.94,0,8,0.0,3.94,0,0.0,0,0.0,195,96.06,15.7,66.455,57.452,91.52,886.84,27.292,422.98,11.735,181.4,10.985,169.94,52.5,53.2,50.5,51.0,53.5,59.7,4.7,30.5,4686.0,4688,118
b1ca2e5d-84cf9134,CTD-0.50,0.6457127028497607,0.3957755758205972,0.8739286472507226,0.44898740903673323,3944,4384,2716,1668,1228,195,8,3.94,0,8,0.0,3.94,0,0.0,0,0.0,195,96.06,15.69,67.172,59.343,91.122,919.48,27.285,423.1,11.743,181.73,11.005,170.44,52.5,53.3,50.5,51.1,53.3,61.1,4.6,30.4,4695.0,4700,119
b1ca2e5d-84cf9134,CTD-0.70,0.6457127028497607,0.3957755758205972,0.8739286472507226,0.44898740903673323,3944,4384,2716,1668,1228,195,8,3.94,0,8,0.0,3.94,0,0.0,0,0.0,195,96.06,15.33,65.341,62.848,97.406,951.78,27.774,421.3,11.884,179.83,11.095,168.01,52.8,53.8,50.8,51.2,53.8,63.2,4.8,31.1,4718.0,4722,121
b1ca2e5d-84cf9134,CTD-0.90,0.6457127028497607,0.3957755758205972,0.8739286472507226,0.44898740903673323,3944,4384,2716,1668,1228,195,8,3.94,0,8,0.0,3.94,0,0.0,0,0.0,195,96.06,15.32,65.26,58.93,91.45,887.91,27.859,422.33,11.888,179.84,11.109,168.15,52.9,53.7,50.9,51.4,53.7,60.7,4.8,31.1,4723.0,4724,119
b1cac6a7-04e33135,CTD-0.30,0.6619581656034463,0.42950734538722923,0.9243223329289872,0.3967901021352945,1368,1219,966,253,402,32,74,69.81,0,74,0.0,69.81,0,0.0,0,0.0,32,30.19,3.41,21.855,53.559,89.84,168.53,20.024,63.32,10.29,32.27,9.394,29.53,51.8,52.9,50.1,50.5,52.9,50.1,5.2,19.8,4729.0,4734,24
b1cac6a7-04e33135,CTD-0.50,0.6636705333038946,0.43097149440749105,0.9252231104695201,0.3967033785504572,1368,1217,968,249,400,34,72,67.92,0,72,0.0,67.92,0,0.0,0,0.0,34,32.08,3.12,21.38,48.906,91.348,139.96,23.112,67.04,11.063,32.01,10.06,29.15,52.0,52.9,50.2,50.7,52.9,43.0,4.9,24.7,4729.0,4730,23
b1cac6a7-04e33135,CTD-0.70,0.692374794752677,0.47669117943427153,0.9399848368421205,0.40549846725098226,1368,1219,996,223,372,45,61,57.55,0,61,0.0,57.55,0,0.0,0,0.0,45,42.45,3.85,27.586,52.831,94.372,192.15,24.72,90.81,11.363,41.52,10.438,38.22,52.2,53.0,50.4,50.9,53.0,51.2,5.1,27.4,4740.0,4745,29
b1cac6a7-04e33135,CTD-0.90,0.7165905933476144,0.5060689816891814,0.9527375628474252,0.41248071905317935,1368,1217,1019,198,349,52,54,50.94,0,54,0.0,50.94,0,0.0,0,0.0,52,49.06,4.25,31.103,57.477,89.788,236.07,26.218,106.63,11.68,47.23,10.754,43.57,52.5,53.6,50.5,51.1,53.6,57.8,4.8,28.3,4738.0,4738,32
b1cd1e94-549d0bfe,CTD-0.30,0.5865835669365931,0.3939913980559552,0.8985067851291956,0.3850646477833393,1763,1618,1096,522,667,125,78,38.42,0,78,0.0,38.42,0,0.0,0,0.0,125,61.58,9.71,37.729,61.413,92.432,579.09,28.057,266.15,12.005,113.46,11.184,105.81,53.0,53.9,51.0,51.6,53.9,63.0,4.7,31.9,4742.0,4749,72
b1cd1e94-549d0bfe,CTD-0.50,0.6240926567621417,0.43363641274664666,0.9139462039427851,0.40496446524764856,1763,1658,1151,507,612,144,59,29.06,0,59,0.0,29.06,0,0.0,0,0.0,144,70.94,10.63,43.305,61.901,90.288,644.8,29.014,302.7,12.227,127.28,11.396,118.71,53.4,54.2,51.4,52.0,54.2,65.0,4.6,32.7,4736.0,4744,80
b1cd1e94-549d0bfe,CTD-0.70,0.6382484023755894,0.4588143934745248,0.9303119432424228,0.4088098339546931,1763,1629,1161,468,602,166,37,18.23,0,37,0.0,18.23,0,0.0,0,0.0,166,81.77,11.93,49.306,64.672,96.394,754.09,29.836,347.75,12.348,143.73,11.564,134.68,53.9,54.8,51.9,52.8,54.8,69.6,4.5,34.0,4744.0,4752,90
b1cd1e94-549d0bfe,CTD-0.90,0.6688967118843222,0.48437774048820365,0.9352693514490745,0.4293854123806618,1763,1697,1209,488,554,184,19,9.36,0,19,0.0,9.36,0,0.0,0,0.0,184,90.64,12.56,52.689,52.971,96.564,650.19,31.179,382.31,12.62,154.53,11.782,144.36,54.3,55.7,52.4,53.4,55.7,55.3,4.5,35.6,4753.0,4761,94
b1ceb32e-3f481b43,CTD-0.30,0.16365063950651454,0.07975744214222029,0.6714662365530559,0.13879435012579489,715,353,147,206,568,64,74,53.62,0,74,0.0,53.62,0,0.0,0,0.0,64,46.38,4.62,25.584,57.419,92.188,255.27,28.903,128.8,12.303,54.53,11.245,49.93,54.4,55.3,52.4,53.0,55.3,56.1,4.6,31.2,4751.0,4758,35
b1ceb32e-3f481b43,CTD-0.50,0.22622024962715614,0.12214889730320733,0.8030504011155563,0.16722554553879854,715,332,184,148,531,70,68,49.28,0,68,0.0,49.28,0,0.0,0,0.0,70,50.72,4.63,26.9,58.057,101.326,249.63,31.056,136.43,12.766,55.79,11.71,51.24,54.6,55.8,52.8,53.6,55.8,58.5,4.5,34.6,4758.0,4758,35
b1ceb32e-3f481b43,CTD-0.70,0.22798090287867032,0.12913664420184112,0.806882208187552,0.16971633707538752,715,337,182,155,533,71,67,48.55,0,67,0.0,48.55,0,0.0,0,0.0,71,51.45,4.69,27.162,70.428,101.266,312.13,31.55,139.91,12.845,56.72,11.83,52.33,55.0,56.2,53.1,53.8,56.2,75.6,4.6,35.7,4763.0,4770,35
b1ceb32e-3f481b43,CTD-0.90,0.24323567107102045,0.13683400665901657,0.8344441051311273,0.176248900799799,715,334,190,144,525,88,50,36.23,0,50,0.0,36.23,0,0.0,0,0.0,88,63.77,5.66,33.855,70.417,98.128,378.93,31.855,172.37,12.917,69.69,11.894,64.23,55.1,56.0,53.4,54.0,56.3,73.3,4.5,36.4,4766.0,4766,43
b1ceb32e-51852abe,CTD-0.30,0.5916448777829264,0.40817776746222423,0.927221282994214,0.3547262837589786,2164,1727,1358,369,806,100,103,50.74,0,103,0.0,50.74,0,0.0,0,0.0,100,49.26,7.78,28.495,61.945,94.14,465.72,28.21,213.6,12.113,91.42,11.084,83.73,54.8,55.8,53.2,53.8,55.8,62.4,4.9,32.8,4766.0,4773,59
b1ceb32e-51852abe,CTD-0.50,0.5853434237222594,0.4099713505920036,0.923951224374698,0.3534789690585379,2164,1734,1345,389,819,103,100,49.26,0,100,0.0,49.26,0,0.0,0,0.0,103,50.74,7.93,30.332,62.227,93.33,480.32,27.829,214.31,12.093,92.78,11.027,84.7,54.4,55.3,52.8,53.6,55.3,62.4,4.8,31.0,4776.0,4779,59
b1ceb32e-51852abe,CTD-0.70,0.6078335278787305,0.4285326806152348,0.9357876574176753,0.3649026813264502,2164,1757,1380,377,784,120,83,40.89,0,83,0.0,40.89,0,0.0,0,0.0,120,59.11,8.84,34.303,64.469,98.236,561.4,29.288,254.14,12.406,107.24,11.269,97.51,54.7,56.0,53.0,53.6,56.0,62.5,4.8,32.9,4786.0,4793,67
b1ceb32e-51852abe,CTD-0.90,0.6339603965490234,0.45158034526711466,0.9494855107320446,0.37569655099034893,2164,1772,1421,351,743,142,61,30.05,0,61,0.0,30.05,0,0.0,0,0.0,142,69.95,10.13,40.272,53.283,94.93,530.23,29.854,295.93,12.491,123.44,11.366,112.42,54.7,55.7,53.1,53.9,55.7,51.7,4.8,34.1,4798.0,4804,76
b1cebfb7-284f5117,CTD-0.30,0.4758867926469945,0.32075953896130155,0.8797880863491111,0.3304804822251141,1956,1584,986,598,970,133,69,34.16,0,69,0.0,34.16,0,0.0,0,0.0,133,65.84,9.64,37.528,59.982,96.004,569.83,28.959,273.29,12.345,116.25,11.146,105.06,54.7,55.8,53.1,54.0,55.8,56.5,4.9,32.9,4809.0,4816,72
b1cebfb7-284f5117,CTD-0.50,0.5036782665888963,0.33864335462739525,0.8917401113605581,0.34311526456023833,1956,1611,1039,572,917,150,52,25.74,0,52,0.0,25.74,0,0.0,0,0.0,150,74.26,10.05,40.565,55.036,102.712,540.06,31.092,304.87,12.825,125.51,11.5,112.61,55.2,56.3,53.5,54.3,56.2,49.4,4.9,35.6,4815.0,4816,75
b1cebfb7-284f5117,CTD-0.70,0.5070125556464365,0.34186736391123207,0.8993059067116217,0.341316360306244,1956,1581,1043,538,913,155,47,23.27,0,47,0.0,23.27,0,0.0,0,0.0,155,76.73,10.29,41.593,55.514,107.44,558.61,31.279,313.03,12.862,128.45,11.539,115.32,55.5,56.8,53.8,54.7,56.8,50.4,4.8,36.0,4823.0,4824,77
b1cebfb7-284f5117,CTD-0.90,0.5120845106454881,0.34587550018387136,0.8998855093319641,0.3443604339381063,1956,1594,1053,541,903,162,40,19.8,0,40,0.0,19.8,0,0.0,0,0.0,162,80.2,10.66,43.285,58.519,101.022,614.88,31.555,329.42,12.893,134.37,11.593,120.88,55.8,57.3,53.9,54.6,57.3,53.5,4.9,36.5,4828.0,4835,80
b1d0091f-75824d0d,CTD-0.30,0.6031243756201365,0.4160234919734015,0.9153259027080285,0.37526620312216163,1641,1419,1052,367,589,67,135,66.83,0,135,0.0,66.83,0,0.0,0,0.0,67,33.17,5.58,18.956,60.146,103.132,323.06,25.8,139.09,11.749,63.1,10.538,56.68,55.2,56.6,53.4,54.0,56.1,55.1,5.2,29.5,4827.0,4833,42
b1d0091f-75824d0d,CTD-0.50,0.6188495022996093,0.44172985910444745,0.9329605122650046,0.38060807869765817,1641,1400,1061,339,580,80,122,60.4,0,122,0.0,60.4,0,0.0,0,0.0,80,39.6,5.94,21.876,67.465,104.688,387.47,28.028,161.89,12.22,70.24,10.987,63.22,55.2,55.9,53.2,53.7,55.9,64.0,5.0,31.3,4824.0,4827,45
b1d0091f-75824d0d,CTD-0.70,0.625688260935841,0.4423471441900821,0.927700044831043,0.3909405394417937,1641,1451,1074,377,567,83,119,58.91,0,119,0.0,58.91,0,0.0,0,0.0,83,41.09,6.07,22.679,62.83,98.792,362.28,28.319,163.88,12.255,70.66,11.002,63.53,55.2,56.1,53.3,53.9,56.1,59.2,4.9,31.7,4823.0,4823,45
b1d0091f-75824d0d,CTD-0.90,0.6856136613726269,0.5177420405215021,0.9525180612875468,0.4148083322929709,1641,1479,1155,324,486,112,90,44.55,0,90,0.0,44.55,0,0.0,0,0.0,112,55.45,7.68,30.034,67.107,100.98,499.88,30.549,227.0,12.732,94.22,11.444,84.78,55.5,56.4,53.5,54.1,57.4,66.1,5.0,35.0,4824.0,4824,57
b1d0091f-f2c2d2ae,CTD-0.30,0.5964902804907473,0.44537002106443363,0.9495960329111995,0.35616698548789305,2451,1901,1512,389,939,150,52,25.74,0,52,0.0,25.74,0,0.0,0,0.0,150,74.26,10.44,40.401,55.422,102.644,564.42,30.329,310.16,12.617,128.86,11.351,116.01,55.6,56.5,53.6,54.7,56.6,51.2,4.9,34.8,4829.0,4834,80
b1d0091f-f2c2d2ae,CTD-0.50,0.6087707237321203,0.4556737845856512,0.9525241016132702,0.36360069367892256,2451,1932,1538,394,913,162,40,19.8,0,40,0.0,19.8,0,0.0,0,0.0,162,80.2,10.96,43.807,59.956,103.168,640.32,30.828,329.47,12.751,136.03,11.465,122.37,55.7,56.7,53.9,54.8,56.7,55.4,4.9,35.5,4833.0,4835,83
b1d0091f-f2c2d2ae,CTD-0.70,0.6108500758728919,0.4559233552164579,0.947021612441101,0.37013011704470594,2451,1985,1547,438,904,167,35,17.33,0,35,0.0,17.33,0,0.0,0,0.0,167,82.67,11.07,44.624,58.155,106.5,634.07,31.437,341.4,12.894,139.74,11.6,125.8,56.0,57.2,54.2,55.1,57.2,55.3,4.9,36.3,4836.0,4837,83
b1d0091f-f2c2d2ae,CTD-0.90,0.6438464696022224,0.4827867895437904,0.9550976173760004,0.3846310922426006,2451,2032,1623,409,828,189,13,6.44,0,13,0.0,6.44,0,0.0,0,0.0,189,93.56,12.16,49.555,63.552,105.218,759.32,32.164,381.78,13.014,154.26,11.779,139.69,56.3,57.7,54.5,55.4,57.7,62.8,4.9,37.7,4839.0,4839,91
b1d0a191-03dcecc2,CTD-0.30,0.6920825977607027,0.4715151571148891,0.9321792803784754,0.43877264655725395,3220,3176,2307,869,913,177,25,12.38,0,25,0.0,12.38,0,0.0,0,0.0,177,87.62,12.35,50.42,57.936,101.892,704.74,30.278,368.11,12.612,153.08,11.419,138.67,56.1,57.4,54.4,55.3,57.4,55.0,4.9,35.5,4841.0,4847,93
b1d0a191-03dcecc2,CTD-0.50,0.7166284470924775,0.4901173663183906,0.9411580215819805,0.447292545025211,3220,3188,2378,810,842,185,17,8.42,0,17,0.0,8.42,0,0.0,0,0.0,185,91.58,12.64,52.581,64.261,100.256,793.84,30.7,379.53,12.741,157.14,11.514,142.12,56.1,57.4,54.4,55.3,57.4,60.2,4.8,35.5,4839.0,4841,95
b1d0a191-03dcecc2,CTD-0.70,0.7298920411921714,0.5024064560320963,0.9449403510307819,0.45407163419489244,3220,3217,2414,803,806,193,9,4.46,0,9,0.0,4.46,0,0.0,0,0.0,193,95.54,13.01,54.586,59.345,103.162,761.25,30.993,396.76,12.8,163.5,11.551,147.65,56.2,57.6,54.4,55.3,57.6,52.6,4.9,35.7,4842.0,4843,97
b1d0a191-03dcecc2,CTD-0.90,0.729821845831386,0.5027297270095716,0.945172842952202,0.4540832329038039,3220,3216,2413,803,807,194,8,3.96,0,8,0.0,3.96,0,0.0,0,0.0,194,96.04,13.02,54.435,51.812,103.386,658.91,31.14,396.42,12.773,162.35,11.579,147.25,56.2,57.5,54.5,55.4,57.5,49.1,4.8,36.0,4845.0,4845,99
b1d0a191-06deb55d,CTD-0.30,0.6181851533551641,0.41087697572450166,0.8833973715381853,0.4120621040799317,2441,2436,1630,806,811,131,71,35.15,0,71,0.0,35.15,0,0.0,0,0.0,131,64.85,9.77,37.337,55.166,100.762,528.12,28.792,276.78,12.3,117.82,11.1,106.4,56.0,57.2,54.2,54.6,57.2,50.1,5.0,32.7,4849.0,4857,75
b1d0a191-06deb55d,CTD-0.50,0.5903058045502461,0.3916436343088249,0.8696694609698558,0.4001357534503013,2441,2416,1574,842,867,129,73,36.14,0,73,0.0,36.14,0,0.0,0,0.0,129,63.86,9.4,36.982,57.724,103.674,523.19,29.398,267.7,12.483,113.34,11.246,102.2,56.0,57.3,54.0,54.7,57.3,52.3,4.8,33.3,4850.0,4853,72
b1d0a191-06deb55d,CTD-0.70,0.5924993193651202,0.39439279375132347,0.8728692815491147,0.40085426611833375,2441,2409,1574,835,867,130,72,35.64,0,72,0.0,35.64,0,0.0,0,0.0,130,64.36,9.41,37.02,42.645,101.206,387.87,29.55,269.62,12.48,113.47,11.257,102.45,55.9,56.8,54.0,54.5,56.8,38.3,4.9,33.5,4850.0,4850,71
b1d0a191-06deb55d,CTD-0.90,0.6218588062770503,0.4161251252860625,0.883209221293981,0.41518981235991975,2441,2446,1643,803,798,137,65,32.18,0,65,0.0,32.18,0,0.0,0,0.0,137,67.82,9.77,38.834,55.136,106.642,519.82,29.692,283.24,12.583,119.56,11.327,107.74,55.9,57.3,54.1,54.8,57.3,51.6,4.9,34.0,4850.0,4850,74
b1d0a191-28f0e779,CTD-0.30,0.6637330108567365,0.46511186915128216,0.9148700601471552,0.4346540038490503,1615,1628,1116,512,499,129,61,32.11,0,61,0.0,32.11,0,0.0,0,0.0,129,67.89,8.77,36.515,60.96,98.492,518.25,30.44,259.1,12.647,107.35,11.462,97.37,56.1,57.1,54.3,55.3,57.1,56.9,4.9,34.2,4857.0,4864,66
b1d0a191-28f0e779,CTD-0.50,0.667369589789643,0.46830447223695304,0.9125879023310768,0.44059894135210226,1615,1657,1121,536,494,129,61,32.11,0,61,0.0,32.11,0,0.0,0,0.0,129,67.89,8.48,35.973,58.151,100.948,481.48,31.249,256.06,12.884,105.37,11.624,95.13,56.3,57.2,54.6,55.3,57.2,52.8,4.9,36.0,4859.0,4861,65
b1d0a191-28f0e779,CTD-0.70,0.7024810268283361,0.5012032766994483,0.9324998968332595,0.4528165479594196,1615,1647,1165,482,450,146,44,23.16,0,44,0.0,23.16,0,0.0,0,0.0,146,76.84,9.39,40.563,60.925,108.442,557.36,31.968,291.97,13.014,118.61,11.786,107.47,56.5,58.0,54.6,55.3,58.0,59.5,4.8,37.1,4853.0,4855,72
b1d0a191-28f0e779,CTD-0.90,0.721526141013469,0.5223519442364437,0.9376118279465002,0.4580850708736426,1615,1651,1197,454,418,158,32,16.84,0,32,0.0,16.84,0,0.0,0,0.0,158,83.16,10.33,44.742,57.018,107.626,579.25,31.936,322.91,13.031,131.52,11.819,119.37,56.8,58.1,54.9,55.4,58.1,54.7,4.8,37.0,4852.0,4854,79
b1d0a191-2ed2269e,CTD-0.30,0.7387302250678833,0.49251993410983125,0.9276636781305377,0.46562096786579193,3126,3291,2410,881,716,178,25,12.32,0,25,0.0,12.32,0,0.0,0,0.0,178,87.68,12.47,50.113,66.515,103.668,812.27,30.259,368.54,12.666,154.02,11.452,139.32,56.8,58.1,54.9,55.3,58.1,61.8,4.9,35.3,4851.0,4859,97
b1d0a191-2ed2269e,CTD-0.50,0.7378916413918152,0.4927507571693739,0.928600273967008,0.4654301186786134,3126,3285,2404,881,722,179,24,11.82,0,24,0.0,11.82,0,0.0,0,0.0,179,88.18,12.52,51.177,63.819,102.18,776.88,30.211,370.17,12.645,154.58,11.465,140.25,56.6,57.6,54.6,55.2,57.6,59.6,4.9,34.6,4859.0,4860,96
b1d0a191-2ed2269e,CTD-0.70,0.7378916413918152,0.4927507571693739,0.928600273967008,0.4654301186786134,3126,3285,2404,881,722,179,24,11.82,0,24,0.0,11.82,0,0.0,0,0.0,179,88.18,12.54,51.441,61.003,100.89,746.08,30.218,371.1,12.641,154.92,11.458,140.53,56.5,57.4,54.6,55.3,57.4,56.1,4.9,34.4,4862.0,4862,96
b1d0a191-2ed2269e,CTD-0.90,0.7459944458369686,0.5021849732126309,0.9303888017339876,0.4709403485456427,3126,3316,2424,892,702,187,16,7.88,0,16,0.0,7.88,0,0.0,0,0.0,187,92.12,13.3,54.232,65.014,103.638,848.89,29.875,390.75,12.541,163.73,11.396,148.87,56.5,57.4,54.8,55.5,57.4,59.8,5.0,34.2,4851.0,4864,103
b1d0a191-5490450b,CTD-0.30,0.6235335419995669,0.4385391193913869,0.8725035481987721,0.4112801372726638,1778,1808,1216,592,562,130,74,36.27,0,74,0.0,36.27,0,0.0,0,0.0,130,63.73,9.37,35.239,68.652,102.006,621.12,29.249,266.36,12.409,112.71,11.272,102.46,56.3,57.6,54.6,55.4,57.4,68.1,4.9,32.5,4848.0,4851,73
b1d0a191-5490450b,CTD-0.50,0.6235335419995669,0.4385391193913869,0.8725035481987721,0.4112801372726638,1778,1808,1216,592,562,130,74,36.27,0,74,0.0,36.27,0,0.0,0,0.0,130,63.73,8.65,33.669,53.418,96.966,449.1,31.061,262.46,12.804,107.91,11.596,97.82,56.5,57.8,54.7,55.3,57.8,47.0,4.9,35.9,4850.0,4851,68
b1d0a191-5490450b,CTD-0.70,0.6386371261551373,0.4490845064383655,0.8754263340729893,0.424447045034333,1778,1858,1237,621,541,139,65,31.86,0,65,0.0,31.86,0,0.0,0,0.0,139,68.14,9.21,36.03,60.906,104.68,541.23,31.288,280.31,12.932,115.6,11.653,104.27,56.8,57.9,54.9,55.5,57.9,57.3,4.9,35.9,4846.0,4849,72
b1d0a191-5490450b,CTD-0.90,0.6549985711853388,0.4613164003647259,0.8911541581346853,0.4273873010659617,1778,1822,1254,568,524,145,59,28.92,0,59,0.0,28.92,0,0.0,0,0.0,145,71.08,9.6,37.586,65.497,101.406,618.2,31.19,294.26,12.917,121.63,11.657,109.86,56.9,58.2,55.0,55.6,58.2,63.6,4.9,36.5,4849.0,4849,76
b1d0a191-65deaeef,CTD-0.30,0.746298868648437,0.5054140880520824,0.9159285606057838,0.46981070138964887,3276,3515,2599,916,677,174,28,13.86,0,28,0.0,13.86,0,0.0,0,0.0,174,86.14,12.58,50.699,70.736,101.736,874.44,29.61,366.57,12.552,155.13,11.332,140.15,57.0,57.7,55.0,55.4,57.7,66.9,5.0,34.4,4850.0,4857,97
b1d0a191-65deaeef,CTD-0.50,0.7548787960656071,0.5144176678899044,0.9198026328471546,0.4739950820399175,3276,3524,2619,905,657,185,17,8.42,0,17,0.0,8.42,0,0.0,0,0.0,185,91.58,13.16,54.477,64.628,108.738,832.38,29.95,385.8,12.602,162.03,11.406,146.73,56.7,57.6,54.8,55.2,57.6,60.1,4.9,34.2,4855.0,4856,101
b1d0a191-65deaeef,CTD-0.70,0.7548787960656071,0.5144176678899044,0.9198026328471546,0.4739950820399175,3276,3524,2619,905,657,185,17,8.42,0,17,0.0,8.42,0,0.0,0,0.0,185,91.58,13.32,55.261,61.85,101.784,812.2,29.653,387.96,12.585,164.28,11.348,148.24,56.6,57.5,54.7,55.1,57.5,57.4,4.9,33.9,4855.0,4863,99
b1d0a191-65deaeef,CTD-0.90,0.7560291533927211,0.5155954918595826,0.9201010432337422,0.4747526503478885,3276,3528,2622,906,654,186,16,7.92,0,16,0.0,7.92,0,0.0,0,0.0,186,92.08,12.85,52.886,62.12,102.818,786.61,30.755,387.87,12.782,161.03,11.538,145.42,56.7,57.8,54.8,55.3,57.8,58.5,5.0,35.0,4866.0,4868,101
b1d0a191-de8948f6,CTD-0.30,0.7292607041603796,0.5628079591652072,0.9592860320594291,0.4342526052562682,2478,2309,1850,459,628,185,17,8.42,0,17,0.0,8.42,0,0.0,0,0.0,185,91.58,12.22,49.277,42.047,98.048,503.65,31.589,379.01,12.837,153.69,11.714,140.33,56.6,57.7,54.7,55.8,57.7,38.2,4.8,36.7,4871.0,4882,95
b1d0a191-de8948f6,CTD-0.50,0.7293500205796095,0.5631706568784,0.9593130692077586,0.434432180679154,2478,2310,1850,460,628,186,16,7.92,0,16,0.0,7.92,0,0.0,0,0.0,186,92.08,12.57,51.707,60.075,103.358,741.32,31.217,385.2,12.916,159.02,11.675,143.84,57.0,58.1,55.2,56.0,58.1,56.3,4.8,36.1,4873.0,4875,92
b1d0a191-de8948f6,CTD-0.70,0.7293500205796095,0.5631706568784,0.9593130692077586,0.434432180679154,2478,2310,1850,460,628,186,16,7.92,0,16,0.0,7.92,0,0.0,0,0.0,186,92.08,12.3,50.516,58.021,105.626,704.9,31.694,382.37,13.011,156.86,11.769,141.95,57.1,58.2,55.5,56.2,58.2,52.4,4.8,36.9,4874.0,4874,94
b1d0a191-de8948f6,CTD-0.90,0.7450380413955873,0.5777938888303471,0.961003146655954,0.4420466659504665,2478,2344,1888,456,590,193,9,4.46,0,9,0.0,4.46,0,0.0,0,0.0,193,95.54,12.53,51.395,77.078,106.58,954.41,32.298,397.98,13.161,161.85,11.874,146.11,57.5,58.8,55.7,56.4,58.8,76.3,4.8,37.4,4875.0,4876,98
b1d10d08-5b108225,CTD-0.30,0.4155112205677379,0.2851686982121844,0.8734959434000068,0.2790023602777038,2123,1472,954,518,1169,101,101,50.0,0,101,0.0,50.0,0,0.0,0,0.0,101,50.0,7.03,26.55,54.07,93.302,371.4,30.537,208.92,12.763,87.03,11.521,78.6,57.2,57.8,55.2,55.6,57.8,49.9,4.9,34.3,4875.0,4883,55
b1d10d08-5b108225,CTD-0.50,0.45742325780932275,0.3014581995860971,0.8889023679317293,0.3002673257030299,2123,1540,1043,497,1080,105,97,48.02,0,97,0.0,48.02,0,0.0,0,0.0,105,51.98,7.01,27.531,57.762,95.414,398.53,31.304,214.79,13.007,88.83,11.7,80.0,57.2,58.7,55.2,55.7,58.7,54.9,4.9,36.1,4880.0,4880,55
b1d10d08-5b108225,CTD-0.70,0.5046138368932654,0.34691134698260456,0.9164987487363426,0.3187133505914147,2123,1561,1130,431,993,125,77,38.12,0,77,0.0,38.12,0,0.0,0,0.0,125,61.88,8.01,32.248,71.324,104.914,556.96,32.497,254.41,13.329,104.0,11.946,93.28,57.5,59.0,55.5,56.0,59.0,67.8,4.8,37.5,4875.0,4879,62
b1d10d08-5b108225,CTD-0.90,0.524133684420927,0.3544933598411099,0.9326595971999428,0.3197979116671823,2123,1521,1166,355,957,126,76,37.62,0,76,0.0,37.62,0,0.0,0,0.0,126,62.38,8.11,32.623,66.74,99.77,527.71,32.665,257.31,13.312,104.45,11.967,93.98,57.7,58.7,55.6,56.1,58.7,62.6,4.7,37.7,4879.0,4879,63
b1d10d08-743fd86c,CTD-0.30,0.18925709806283433,0.12013658285689226,0.7621159834660034,0.14706438062429697,1016,448,224,224,792,54,148,73.27,0,148,0.0,73.27,0,0.0,0,0.0,54,26.73,4.32,14.078,61.92,96.222,254.18,25.19,101.18,11.68,46.85,10.466,42.05,56.7,57.8,54.9,55.4,57.8,56.4,5.2,28.2,4878.0,4883,32
b1d10d08-743fd86c,CTD-0.50,0.24638104633275532,0.14859041188903138,0.8221029112563628,0.17944319460067493,1016,490,280,210,736,70,132,65.35,0,132,0.0,65.35,0,0.0,0,0.0,70,34.65,4.69,17.279,63.145,102.242,283.74,30.247,134.44,12.805,56.92,11.493,51.1,57.1,58.2,55.1,55.8,58.2,61.7,4.9,33.5,4882.0,4882,36
b1d10d08-743fd86c,CTD-0.70,0.23113208854170963,0.14264307343353422,0.8350577522562954,0.16239930694147103,1016,434,263,171,753,73,129,63.86,0,129,0.0,63.86,0,0.0,0,0.0,73,36.14,4.78,17.738,71.912,97.872,323.5,30.741,139.19,12.962,58.53,11.601,52.44,57.3,58.7,55.3,55.8,58.7,69.9,4.8,34.4,4881.0,4883,37
b1d10d08-743fd86c,CTD-0.90,0.25121420283081597,0.17776015966691772,0.887502512251075,0.17152975558906197,1016,423,269,154,747,113,89,44.06,0,89,0.0,44.06,0,0.0,0,0.0,113,55.94,6.99,27.689,66.628,97.518,450.69,33.124,222.07,13.4,89.65,12.067,80.78,57.7,59.0,55.7,56.3,59.0,63.6,4.7,38.3,4881.0,4882,51
b1d10d08-c35503b8,CTD-0.30,0.7153831489579201,0.5088890122586011,0.9287739382769391,0.4613766455523511,3127,3270,2306,964,821,191,11,5.45,0,11,0.0,5.45,0,0.0,0,0.0,191,94.55,13.42,55.782,63.325,100.244,833.59,30.384,400.01,12.744,167.56,11.527,151.62,57.6,58.5,55.6,56.0,58.5,58.1,4.8,35.4,4881.0,4887,100
b1d10d08-c35503b8,CTD-0.50,0.7220749063343407,0.515693912373375,0.9307716886088869,0.46435491041830795,3127,3280,2325,955,802,194,8,3.96,0,8,0.0,3.96,0,0.0,0,0.0,194,96.04,13.49,56.814,64.563,105.042,851.46,30.602,406.53,12.755,169.05,11.552,153.22,57.4,58.3,55.4,56.0,58.3,61.7,4.8,34.6,4882.0,4883,101
b1d10d08-c35503b8,CTD-0.70,0.7220749063343407,0.515693912373375,0.9307716886088869,0.46435491041830795,3127,3280,2325,955,802,194,8,3.96,0,8,0.0,3.96,0,0.0,0,0.0,194,96.04,13.58,57.26,55.094,106.046,734.33,30.495,407.07,12.692,169.07,11.534,153.73,57.2,58.4,55.2,55.8,58.3,49.9,4.8,34.6,4885.0,4886,101
b1d10d08-c35503b8,CTD-0.90,0.7220749063343407,0.515693912373375,0.9307716886088869,0.46435491041830795,3127,3280,2325,955,802,194,8,3.96,0,8,0.0,3.96,0,0.0,0,0.0,194,96.04,13.37,56.202,72.03,103.958,943.44,30.532,398.78,12.751,166.3,11.539,150.57,57.2,58.4,55.4,56.8,58.2,67.5,4.8,35.2,4887.0,4888,101
b1d10d08-da110fcb,CTD-0.30,0.7895796127897379,0.5720835769794806,0.9341155858163879,0.5018812593177234,2250,2534,1832,702,418,178,16,8.25,0,16,0.0,8.25,0,0.0,0,0.0,178,91.75,11.8,51.36,47.016,102.714,544.37,31.361,364.48,12.903,149.59,11.694,135.66,57.2,58.6,55.4,56.5,58.6,41.6,4.7,36.0,4889.0,4895,89
b1d10d08-da110fcb,CTD-0.50,0.7895796127897379,0.5720835769794806,0.9341155858163879,0.5018812593177234,2250,2534,1832,702,418,178,16,8.25,0,16,0.0,8.25,0,0.0,0,0.0,178,91.75,11.46,50.16,46.838,98.172,526.2,32.05,362.01,13.027,146.83,11.801,133.1,57.4,58.8,55.7,56.6,58.8,43.4,4.9,37.5,4886.0,4887,88
b1d10d08-da110fcb,CTD-0.70,0.8131755125208735,0.5924959391169206,0.9412474958433337,0.5098543277843317,2250,2543,1881,662,369,186,8,4.12,0,8,0.0,4.12,0,0.0,0,0.0,186,95.88,12.11,53.049,57.417,102.71,676.87,31.827,377.36,13.001,153.92,11.786,139.61,57.5,58.7,55.9,56.9,58.7,54.0,4.8,37.1,4887.0,4888,90
b1d10d08-da110fcb,CTD-0.90,0.8131755125208735,0.5924959391169206,0.9412474958433337,0.5098543277843317,2250,2543,1881,662,369,186,8,4.12,0,8,0.0,4.12,0,0.0,0,0.0,186,95.88,12.13,53.33,66.584,108.046,791.98,31.949,381.57,13.067,155.82,11.853,141.44,57.8,59.2,56.1,56.8,59.2,63.2,4.8,37.1,4889.0,4889,91
b1d10d08-ec660956,CTD-0.30,0.6513553474303342,0.46283326434359073,0.9301410708783573,0.4109175359590244,2117,1964,1432,532,685,152,50,24.75,0,50,0.0,24.75,0,0.0,0,0.0,152,75.25,10.75,41.229,75.501,102.094,791.8,29.867,313.57,12.681,132.81,11.439,119.88,57.7,58.6,55.8,56.3,58.6,71.2,5.0,33.9,4892.0,4897,80
b1d10d08-ec660956,CTD-0.50,0.6693827990428166,0.4785691746964343,0.9381678264539477,0.41490712539351804,2117,1956,1467,489,650,158,44,21.78,0,44,0.0,21.78,0,0.0,0,0.0,158,78.22,10.85,42.651,62.188,103.338,655.25,30.839,325.37,12.836,135.15,11.598,122.19,57.7,58.6,55.6,56.1,58.6,60.0,4.9,34.8,4890.0,4892,81
b1d10d08-ec660956,CTD-0.70,0.6986306514821147,0.5064176231146514,0.9493057824894768,0.4242865266708944,2117,1962,1522,440,595,169,33,16.34,0,33,0.0,16.34,0,0.0,0,0.0,169,83.66,11.44,45.38,54.193,105.924,604.4,31.248,350.75,12.908,144.57,11.649,130.57,57.7,58.8,56.0,56.4,58.7,49.6,5.0,35.5,4888.0,4889,86
b1d10d08-ec660956,CTD-0.90,0.6982106542813787,0.5092653650542063,0.950198565494882,0.4257279274352707,2117,1966,1518,448,599,169,33,16.34,0,33,0.0,16.34,0,0.0,0,0.0,169,83.66,11.41,45.174,57.524,101.43,641.26,31.286,350.31,12.931,144.47,11.66,130.35,57.8,58.6,56.1,56.5,58.6,51.7,4.9,35.5,4900.0,4902,86
b1d22449-117aa773,CTD-0.30,0.21933785246440646,0.13973774861040736,0.720913737881281,0.1753644165064303,1193,677,318,359,875,56,146,72.28,0,146,0.0,72.28,0,0.0,0,0.0,56,27.72,4.41,14.662,58.727,97.88,245.4,26.77,111.01,12.149,49.99,10.844,44.7,57.1,58.3,55.7,56.3,58.3,49.7,5.0,30.1,4901.0,4906,32
b1d22449-117aa773,CTD-0.50,0.18876135104475983,0.1178055895830239,0.6762142749246061,0.15719625067502635,1193,669,279,390,914,48,154,76.24,0,154,0.0,76.24,0,0.0,0,0.0,48,23.76,3.63,12.306,54.184,101.178,190.94,26.898,93.73,12.092,41.86,10.821,37.53,57.0,58.1,55.5,56.1,58.1,45.2,5.1,29.4,4903.0,4904,28
b1d22449-117aa773,CTD-0.70,0.23863162102317756,0.15165747247676087,0.7599316368094667,0.18346226481786324,1193,664,331,333,862,68,134,66.34,0,134,0.0,66.34,0,0.0,0,0.0,68,33.66,4.66,17.114,63.109,106.034,279.3,29.773,130.43,12.734,55.56,11.423,49.89,57.3,58.2,55.7,56.3,58.2,59.3,4.8,33.4,4904.0,4904,34
b1d22449-117aa773,CTD-0.90,0.296174976549757,0.19487985933445012,0.8229136322108523,0.2147729571928202,1193,696,390,306,803,82,120,59.41,0,120,0.0,59.41,0,0.0,0,0.0,82,40.59,5.44,20.624,66.735,101.28,343.46,31.193,163.03,12.987,67.52,11.677,60.8,57.7,58.9,55.9,56.4,58.9,65.0,4.8,35.5,4903.0,4908,40
b1d22449-15fb948f,CTD-0.30,0.04640039950970115,0.025899128016198075,0.5295093426924576,0.04434545454545456,500,110,31,79,469,95,88,48.09,0,88,0.0,48.09,0,0.0,0,0.0,95,51.91,5.88,25.03,69.118,103.592,384.4,32.567,182.36,13.206,73.77,11.982,66.97,57.9,59.2,56.1,56.5,59.2,66.8,4.8,36.9,4905.0,4908,44
b1d22449-15fb948f,CTD-0.50,0.04640039950970115,0.025899128016198075,0.5295093426924576,0.04434545454545456,500,110,31,79,469,95,88,48.09,0,88,0.0,48.09,0,0.0,0,0.0,95,51.91,5.59,24.659,70.632,103.658,370.45,34.276,182.64,13.647,72.59,12.317,65.57,58.3,59.3,56.2,56.6,59.3,68.3,4.6,40.0,4903.0,4903,42
b1d22449-15fb948f,CTD-0.70,0.11322539810429166,0.07346325036946297,0.7148217074148723,0.0913202614379085,500,153,65,88,435,109,74,40.44,0,74,0.0,40.44,0,0.0,0,0.0,109,59.56,6.34,28.496,73.966,95.654,445.91,34.805,211.46,13.768,83.51,12.435,75.47,58.6,59.6,56.7,57.0,59.6,72.7,4.6,41.1,4903.0,4911,48
b1d22449-15fb948f,CTD-0.90,0.15463747731837812,0.09952179940433545,0.8395236963914443,0.11220134228187917,500,149,82,67,418,125,58,31.69,0,58,0.0,31.69,0,0.0,0,0.0,125,68.31,7.15,32.712,70.947,101.854,487.41,35.547,244.47,13.884,95.32,12.609,86.61,59.0,59.9,56.8,57.2,59.9,74.4,4.6,42.0,4903.0,4904,54
b1d22ed6-f1cac061,CTD-0.30,0.7774822303768285,0.49508649919777803,0.8965251388613577,0.5316201299156603,4610,5878,3727,2151,883,194,9,4.43,0,9,0.0,4.43,0,0.0,0,0.0,194,95.57,16.2,68.605,58.265,100.524,936.75,26.557,425.51,11.941,191.18,10.737,171.95,57.7,58.8,56.0,56.6,58.8,49.0,5.2,30.9,4903.0,4906,123
b1d22ed6-f1cac061,CTD-0.50,0.7810878748245363,0.49750449032855587,0.8976995659114592,0.5335895389110379,4610,5886,3742,2144,868,195,8,3.94,0,8,0.0,3.94,0,0.0,0,0.0,195,96.06,15.86,67.917,59.556,102.914,932.78,26.781,419.52,11.969,187.31,10.755,168.38,56.6,57.7,54.8,55.5,57.7,49.7,5.1,29.9,4907.0,4909,122
b1d22ed6-f1cac061,CTD-0.70,0.7810878748245363,0.49750449032855587,0.8976995659114592,0.5335895389110379,4610,5886,3742,2144,868,195,8,3.94,0,8,0.0,3.94,0,0.0,0,0.0,195,96.06,14.71,63.263,60.183,104.522,866.54,28.509,414.06,12.282,177.96,11.073,160.56,56.5,57.4,54.6,55.1,57.4,52.3,5.0,32.0,4912.0,4916,112
b1d22ed6-f1cac061,CTD-0.90,0.7810878748245363,0.49750449032855587,0.8976995659114592,0.5335895389110379,4610,5886,3742,2144,868,195,8,3.94,0,8,0.0,3.94,0,0.0,0,0.0,195,96.06,14.53,62.709,52.993,103.402,754.5,28.736,410.65,12.332,175.84,11.11,158.53,56.3,57.2,54.4,55.0,57.3,47.0,5.0,32.3,4915.0,4919,111
b1d3907b-2278601b,CTD-0.30,0.1356573563062527,0.07333415948654641,0.6897779914686673,0.11058246828143022,867,328,149,179,718,47,155,76.73,0,155,0.0,76.73,0,0.0,0,0.0,47,23.27,4.1,12.599,58.258,93.938,220.22,24.408,94.94,11.51,44.28,10.366,40.0,55.5,56.6,53.9,54.7,56.6,56.7,5.1,23.6,4921.0,4925,30
b1d3907b-2278601b,CTD-0.50,0.16775336558116336,0.09856369999218564,0.7503078855873639,0.1281722773142871,867,343,172,171,695,69,133,65.84,0,133,0.0,65.84,0,0.0,0,0.0,69,34.16,4.76,17.177,61.892,101.762,278.76,29.703,134.32,12.653,56.96,11.361,51.18,56.0,57.1,54.4,55.1,57.1,57.3,4.8,32.9,4918.0,4919,35
b1d3907b-2278601b,CTD-0.70,0.16173979742147584,0.0963422525919155,0.7731476642917324,0.12089146854187598,867,310,163,147,704,67,135,66.83,0,135,0.0,66.83,0,0.0,0,0.0,67,33.17,4.61,16.573,59.274,100.176,252.17,30.04,130.68,12.773,55.27,11.448,49.6,56.4,58.0,54.8,55.5,58.0,55.0,4.9,33.9,4917.0,4917,33
b1d3907b-2278601b,CTD-0.90,0.20207733922542437,0.12580459799815716,0.8057340818684088,0.14796829919972604,867,357,198,159,669,82,120,59.41,0,120,0.0,59.41,0,0.0,0,0.0,82,40.59,5.37,20.154,63.294,96.504,327.43,31.645,164.64,13.066,67.59,11.775,60.98,56.8,58.2,55.1,55.6,58.2,58.7,4.9,35.6,4917.0,4917,40
b1d4b62c-60aab822,CTD-0.30,0.8405028453594797,0.6473855264987352,0.9626219350544308,0.5068810664485692,2214,2399,1891,508,323,193,10,4.93,0,10,0.0,4.93,0,0.0,0,0.0,193,95.07,12.48,52.342,70.098,99.318,857.84,32.319,396.66,13.096,160.45,11.928,146.21,57.3,58.4,55.4,56.4,58.4,66.3,4.7,38.2,4916.0,4920,93
b1d4b62c-60aab822,CTD-0.50,0.8405473817530578,0.6489775476730038,0.9630884990213343,0.5070513820234116,2214,2398,1890,508,324,194,9,4.43,0,9,0.0,4.43,0,0.0,0,0.0,194,95.57,12.09,51.25,74.55,106.12,887.43,33.168,394.08,13.359,158.44,12.07,143.24,57.7,58.8,55.9,56.6,58.9,72.5,4.8,38.7,4912.0,4912,93
b1d4b62c-60aab822,CTD-0.70,0.8411457008704905,0.650343783327005,0.9632539149219403,0.5073837600957641,2214,2399,1891,508,323,195,8,3.94,0,8,0.0,3.94,0,0.0,0,0.0,195,96.06,12.07,51.225,74.003,102.932,876.36,33.44,397.8,13.367,158.73,12.127,144.09,58.0,59.0,56.1,56.8,59.0,73.7,4.8,39.2,4913.0,4917,93
b1d4b62c-60aab822,CTD-0.90,0.8411457008704905,0.650343783327005,0.9632539149219403,0.5073837600957641,2214,2399,1891,508,323,195,8,3.94,0,8,0.0,3.94,0,0.0,0,0.0,195,96.06,12.39,52.566,61.729,105.806,748.06,32.828,401.04,13.24,161.37,11.994,146.3,58.0,59.5,56.0,56.6,59.5,57.7,4.8,38.4,4920.0,4922,95
b1d59b1f-a38aec79,CTD-0.30,0.26503255604894294,0.18418203134961803,0.6670052287437271,0.22555226476102502,298,247,94,153,204,38,130,77.38,0,130,0.0,77.38,0,0.0,0,0.0,38,22.62,3.35,12.064,48.263,96.012,150.07,22.311,67.72,11.096,33.63,9.908,30.09,56.7,58.0,55.1,55.7,58.0,34.8,5.5,25.2,4926.0,4932,24
b1d59b1f-a38aec79,CTD-0.50,0.28133002298518195,0.18571515188650572,0.6931984463347515,0.23771379086382338,298,248,95,153,203,45,123,73.21,0,123,0.0,73.21,0,0.0,0,0.0,45,26.79,3.23,13.328,73.614,103.332,212.72,27.555,80.2,12.367,35.97,10.997,32.01,57.2,58.1,55.4,56.1,58.1,67.6,4.8,30.0,4926.0,4929,23
b1d59b1f-a38aec79,CTD-0.70,0.3249621457572681,0.2099604390998006,0.7402411068993253,0.2643118799967914,298,251,107,144,191,54,114,67.86,0,114,0.0,67.86,0,0.0,0,0.0,54,32.14,3.64,15.72,59.986,98.268,206.23,29.59,101.61,12.697,43.53,11.363,38.99,57.3,58.6,55.5,56.1,58.6,56.3,4.8,32.7,4929.0,4929,28
b1d59b1f-a38aec79,CTD-0.90,0.3405588930904161,0.22716570959167842,0.7579936338024061,0.2721329447311426,298,251,110,141,188,55,113,67.26,0,113,0.0,67.26,0,0.0,0,0.0,55,32.74,3.73,16.083,65.394,100.54,233.11,29.473,103.5,12.685,44.46,11.372,39.88,57.3,58.2,55.6,56.3,58.2,61.3,4.8,33.0,4928.0,4931,27
b1d7b3ac-0bdb47dc,CTD-0.30,0.648083189983612,0.4480182626129462,0.9314237151929314,0.4151492828568641,1480,1385,989,396,491,164,38,18.81,0,38,0.0,18.81,0,0.0,0,0.0,164,81.19,10.2,41.993,72.145,106.63,718.48,33.59,333.32,13.41,132.9,12.194,120.87,58.0,59.1,56.1,56.7,59.1,72.4,4.7,39.8,4930.0,4935,76
b1d7b3ac-0bdb47dc,CTD-0.50,0.7440970819992172,0.5288597128981809,0.9535980356922722,0.4552329023068243,1480,1461,1126,335,354,187,15,7.43,0,15,0.0,7.43,0,0.0,0,0.0,187,92.57,11.3,48.031,74.061,100.124,819.24,34.416,380.75,13.596,150.17,12.343,136.4,58.5,59.8,56.5,57.4,59.8,74.5,4.7,40.5,4931.0,4935,84
b1d7b3ac-0bdb47dc,CTD-0.70,0.7513511575315915,0.5392329906502678,0.958227102823879,0.4571693087318088,1480,1456,1133,323,347,193,9,4.46,0,9,0.0,4.46,0,0.0,0,0.0,193,95.54,11.54,49.275,74.389,105.542,841.03,34.727,394.08,13.78,156.1,12.441,140.99,58.8,60.0,56.8,58.2,60.0,73.2,5.1,40.9,4933.0,4940,86
b1d7b3ac-0bdb47dc,CTD-0.90,0.7513511575315915,0.5392329906502678,0.958227102823879,0.4571693087318088,1480,1456,1133,323,347,193,9,4.46,0,9,0.0,4.46,0,0.0,0,0.0,193,95.54,11.44,48.831,75.517,108.384,843.64,34.993,392.71,13.714,153.71,12.471,139.83,59.0,60.0,57.1,57.8,60.0,75.1,4.7,41.2,4938.0,4941,88
b1d7b3ac-36f2d3b7,CTD-0.30,0.5662029615504647,0.39237402824882794,0.8444303024184846,0.4124077727154661,724,787,434,353,290,93,83,47.16,0,83,0.0,47.16,0,0.0,0,0.0,93,52.84,6.27,27.214,67.543,106.516,403.98,30.816,185.26,12.899,77.25,11.665,69.91,58.5,59.8,56.8,57.5,59.8,64.3,4.9,35.7,4939.0,4945,46
b1d7b3ac-36f2d3b7,CTD-0.50,0.5846795415023041,0.3894315271691434,0.8656539760667076,0.4151287561437771,724,761,446,315,278,96,80,45.45,0,80,0.0,45.45,0,0.0,0,0.0,96,54.55,6.55,30.086,68.091,103.46,422.39,30.282,192.79,12.921,81.2,11.706,73.53,58.3,59.7,56.6,57.2,59.7,65.6,4.9,34.7,4942.0,4944,48
b1d7b3ac-36f2d3b7,CTD-0.70,0.5904816521168567,0.4000173641063326,0.8316307816099593,0.4379694037404024,724,857,452,405,272,92,84,47.73,0,84,0.0,47.73,0,0.0,0,0.0,92,52.27,5.87,26.318,69.265,104.432,391.87,32.479,182.65,13.284,74.33,12.003,67.24,58.5,59.7,56.6,57.3,59.7,70.9,4.8,37.0,4941.0,4942,43
b1d7b3ac-36f2d3b7,CTD-0.90,0.6172326490580473,0.4312904803836365,0.8553024778406872,0.4442965298002652,724,829,473,356,251,102,74,42.05,0,74,0.0,42.05,0,0.0,0,0.0,102,57.95,6.48,29.428,65.991,103.13,416.74,32.637,205.07,13.302,83.24,12.031,75.34,58.5,60.2,56.7,57.2,60.2,64.1,4.8,37.7,4941.0,4941,49
b1d7b3ac-5744370e,CTD-0.30,0.1688009420481069,0.10332648748214965,0.570930629877147,0.1610647125863666,556,404,118,286,438,48,150,75.76,0,150,0.0,75.76,0,0.0,0,0.0,48,24.24,3.93,12.488,65.519,100.298,241.03,24.657,89.94,11.599,42.3,10.486,38.29,57.7,58.7,56.2,57.1,58.7,63.8,5.2,29.0,4942.0,4947,28
b1d7b3ac-5744370e,CTD-0.50,0.4293767254619726,0.3054073459448993,0.8306974626344026,0.321597721822542,556,480,254,226,302,120,78,39.39,0,78,0.0,39.39,0,0.0,0,0.0,120,60.61,7.3,30.035,74.53,100.568,520.64,33.855,238.15,13.501,94.81,12.263,86.15,58.6,60.0,56.6,57.4,60.0,74.2,4.7,38.9,4945.0,4945,56
b1d7b3ac-5744370e,CTD-0.70,0.43080565842243657,0.3085090833919135,0.8439401997651187,0.3169983493724501,556,462,254,208,302,123,75,37.88,0,75,0.0,37.88,0,0.0,0,0.0,123,62.12,7.4,30.483,72.882,105.23,516.95,34.236,243.54,13.621,96.67,12.356,87.73,58.9,59.9,56.9,57.6,59.9,72.4,4.7,39.7,4947.0,4949,56
b1d7b3ac-5744370e,CTD-0.90,0.5097800382111034,0.3721457455977319,0.8851715521,0.3547624400479616,556,480,297,183,259,152,46,23.23,0,46,0.0,23.23,0,0.0,0,0.0,152,76.77,8.89,37.646,72.94,102.31,633.36,35.316,305.92,13.819,119.43,12.558,108.61,59.3,60.6,57.2,58.0,60.6,71.5,4.6,41.4,4948.0,4948,68
b1d7b3ac-995f9d8a,CTD-0.30,0.5998106294238638,0.38683187417943254,0.8853238063100762,0.4047962268500049,755,747,480,267,275,110,79,41.8,0,79,0.0,41.8,0,0.0,0,0.0,110,58.2,7.21,29.068,71.049,103.768,497.32,32.166,223.53,13.18,91.29,11.941,82.77,58.9,60.3,57.1,57.8,60.3,67.8,4.8,37.5,4942.0,4949,55
b1d7b3ac-995f9d8a,CTD-0.50,0.6553341668317809,0.4301633699439778,0.9088937417696659,0.4319094344856281,755,764,517,247,238,122,67,35.45,0,67,0.0,35.45,0,0.0,0,0.0,122,64.55,7.68,32.313,68.205,103.834,507.07,33.294,247.58,13.411,99.33,12.163,90.16,58.9,59.8,57.0,57.8,59.8,66.8,4.7,38.1,4942.0,4942,58
b1d7b3ac-995f9d8a,CTD-0.70,0.6942779084714114,0.46136900196465386,0.9207530974376177,0.4532247859282069,755,785,543,242,212,144,45,23.81,0,45,0.0,23.81,0,0.0,0,0.0,144,76.19,8.84,37.953,75.537,103.844,645.46,33.741,289.54,13.472,115.4,12.281,105.24,59.1,59.9,57.1,57.8,60.1,73.8,4.7,39.0,4942.0,4944,68
b1d7b3ac-995f9d8a,CTD-0.90,0.67505173225586,0.44719926079123223,0.9188954730157192,0.4395684514768298,755,763,530,233,225,136,53,28.04,0,53,0.0,28.04,0,0.0,0,0.0,136,71.96,8.47,36.153,71.59,107.176,584.52,33.28,273.27,13.444,110.08,12.197,99.95,59.1,60.2,57.2,57.8,60.2,71.4,4.8,38.7,4943.0,4943,62
b1d7b3ac-9e14f05f,CTD-0.30,0.6958383726093049,0.5100420117014824,0.9104031403069887,0.45289020445021133,1312,1391,956,435,356,128,74,36.63,0,74,0.0,36.63,0,0.0,0,0.0,128,63.37,8.38,33.42,67.898,98.628,559.25,31.669,258.43,13.01,105.97,11.902,96.99,58.8,59.9,57.0,57.9,59.9,67.6,4.8,36.9,4945.0,4951,62
b1d7b3ac-9e14f05f,CTD-0.50,0.7416820948403957,0.5554511867691742,0.9303909395119336,0.474120035709952,1312,1407,1004,403,308,147,55,27.23,0,55,0.0,27.23,0,0.0,0,0.0,147,72.77,9.04,37.562,71.823,103.42,629.35,33.748,296.63,13.442,118.09,12.25,107.65,59.1,60.2,57.2,58.1,60.2,69.5,4.8,39.4,4943.0,4946,70
b1d7b3ac-9e14f05f,CTD-0.70,0.7852098391858878,0.587951918830421,0.9453351633972051,0.49009200130815705,1312,1417,1055,362,257,159,43,21.29,0,43,0.0,21.29,0,0.0,0,0.0,159,78.71,9.67,40.613,71.696,105.358,677.82,34.04,321.72,13.59,128.22,12.367,116.75,59.3,60.6,57.4,58.1,60.5,71.6,4.7,39.6,4946.0,4946,72
b1d7b3ac-9e14f05f,CTD-0.90,0.7848700585595403,0.5875512395563612,0.9417825273200109,0.49315458485595315,1312,1435,1056,379,256,161,41,20.3,0,41,0.0,20.3,0,0.0,0,0.0,161,79.7,9.78,41.095,73.129,103.804,699.1,34.166,326.8,13.585,129.7,12.394,118.4,59.4,60.7,57.5,58.2,60.7,71.6,4.7,39.7,4948.0,4948,74
b1d7b3ac-afa57f22,CTD-0.30,0.2607567873966625,0.17453021290214946,0.6364641602628277,0.22533045977011495,400,348,134,214,266,47,123,72.35,0,123,0.0,72.35,0,0.0,0,0.0,47,27.65,3.61,14.075,65.827,96.71,224.34,27.506,92.16,12.277,40.85,11.015,36.72,58.7,60.0,57.1,57.8,60.0,61.4,5.1,32.0,4948.0,4951,26
b1d7b3ac-afa57f22,CTD-0.50,0.23991121189433676,0.14735014791073037,0.6079283220601324,0.21135115606936417,400,346,128,218,272,48,122,71.76,0,122,0.0,71.76,0,0.0,0,0.0,48,28.24,3.35,14.151,66.942,94.186,201.76,28.399,86.61,12.493,37.98,11.216,34.14,58.6,59.8,56.9,57.3,59.8,65.4,4.8,31.9,4949.0,4949,24
b1d7b3ac-afa57f22,CTD-0.70,0.2818374551994283,0.18393996059720671,0.6677548944709155,0.23485380116959062,400,342,140,202,260,55,115,67.65,0,115,0.0,67.65,0,0.0,0,0.0,55,32.35,3.59,15.732,65.837,98.03,217.76,30.553,102.86,12.92,43.3,11.624,39.0,58.6,59.5,56.9,57.6,59.7,62.1,4.8,33.6,4949.0,4949,27
b1d7b3ac-afa57f22,CTD-0.90,0.4884223356346475,0.34376010991087613,0.8619009703916167,0.3410734870317004,400,347,209,138,191,82,88,51.76,0,88,0.0,51.76,0,0.0,0,0.0,82,48.24,5.0,23.388,71.482,100.122,341.08,33.217,160.44,13.41,64.6,12.16,58.62,59.0,60.2,57.1,57.7,60.2,68.2,4.7,38.1,4949.0,4949,39
b1d968b9-563405f4,CTD-0.30,0.6775358899324834,0.4997115207342587,0.8844776669426898,0.43263411046216793,2656,2756,1979,777,677,91,112,55.17,0,112,0.0,55.17,0,0.0,0,0.0,91,44.83,6.89,25.329,65.242,106.636,431.57,27.964,184.54,12.306,81.09,11.071,72.98,58.4,59.1,56.8,57.4,59.2,60.5,5.2,31.7,4949.0,4957,53
b1d968b9-563405f4,CTD-0.50,0.7170623648999176,0.5257518066827105,0.8977543817905077,0.4526604025026781,2656,2823,2068,755,588,104,99,48.77,0,99,0.0,48.77,0,0.0,0,0.0,104,51.23,7.57,29.621,51.349,105.086,371.97,28.806,210.72,12.458,90.71,11.227,81.89,57.9,59.0,56.3,57.3,59.0,46.3,5.2,31.7,4954.0,4971,58
b1d968b9-563405f4,CTD-0.70,0.7166627829561962,0.5282160982234472,0.8984960564567781,0.453622321142979,2656,2825,2064,761,592,104,99,48.77,0,99,0.0,48.77,0,0.0,0,0.0,104,51.23,8.1,31.565,58.074,105.26,453.54,27.384,214.95,12.22,95.66,10.975,85.99,57.6,58.6,55.8,56.3,58.6,51.6,5.0,30.1,4958.0,4965,60
b1d968b9-563405f4,CTD-0.90,0.775483572745765,0.5800942859820354,0.910675679420879,0.4818051334880303,2656,2918,2221,697,435,153,50,24.63,0,50,0.0,24.63,0,0.0,0,0.0,153,75.37,11.12,44.856,68.503,103.024,749.66,29.449,322.34,12.541,136.87,11.376,124.26,57.8,58.8,55.9,56.3,58.8,65.5,4.9,33.0,4960.0,4961,83
b1d968b9-ce42734f,CTD-0.30,0.7101110161056198,0.5033031058098152,0.875381950921123,0.483355855947915,3559,4262,2711,1551,848,144,59,29.06,0,59,0.0,29.06,0,0.0,0,0.0,144,70.94,12.02,47.773,61.355,100.32,718.19,26.363,311.4,11.935,140.52,10.787,127.07,57.3,58.2,55.5,55.9,58.2,54.3,5.1,29.5,4960.0,4963,90
b1d968b9-ce42734f,CTD-0.50,0.6814265805694006,0.47382040490509825,0.8594531074229068,0.46046626038483585,3559,4143,2677,1466,882,122,81,39.9,0,81,0.0,39.9,0,0.0,0,0.0,122,60.1,10.16,40.605,59.128,103.206,583.35,26.435,263.92,11.934,118.74,10.764,107.18,56.8,58.4,55.0,55.6,58.4,52.7,5.1,29.8,4967.0,4976,77
b1d968b9-ce42734f,CTD-0.70,0.7161692933234425,0.5037053738638306,0.8701439382243469,0.4815392839125184,3559,4264,2778,1486,781,142,61,30.05,0,61,0.0,30.05,0,0.0,0,0.0,142,69.95,11.41,46.136,61.359,102.528,679.92,27.171,303.7,12.049,134.25,10.894,121.5,56.6,57.9,54.8,55.4,57.9,55.7,5.0,30.2,4969.0,4972,86
b1d968b9-ce42734f,CTD-0.90,0.7649082371503707,0.5496911628772109,0.8907501972072611,0.5003653367159957,3559,4285,2924,1361,635,162,41,20.2,0,41,0.0,20.2,0,0.0,0,0.0,162,79.8,12.48,50.996,58.48,106.006,713.1,28.12,344.97,12.242,149.73,11.111,136.0,56.7,57.6,55.0,55.8,57.6,52.2,5.0,31.6,4967.0,4973,93
b1d971b4-ac67ca0d,CTD-0.30,0.771054130480355,0.5585827568943116,0.9352834915289654,0.4897295308198368,2503,2749,1986,763,517,173,26,13.07,0,26,0.0,13.07,0,0.0,0,0.0,173,86.93,12.04,49.307,63.332,103.998,742.84,30.325,355.94,12.688,148.65,11.5,134.82,57.0,58.1,55.2,56.2,58.1,61.8,4.8,34.3,4970.0,4984,93
b1d971b4-ac67ca0d,CTD-0.50,0.7746781996755601,0.5615761226871541,0.9368340517222414,0.490708855961852,2503,2747,1994,753,509,174,25,12.56,0,25,0.0,12.56,0,0.0,0,0.0,174,87.44,11.65,48.769,46.342,101.83,531.96,30.929,354.0,12.843,146.63,11.616,132.72,57.1,58.3,55.6,56.4,58.3,40.8,4.8,36.0,4981.0,4984,88
b1d971b4-ac67ca0d,CTD-0.70,0.7746781996755601,0.5615761226871541,0.9368340517222414,0.490708855961852,2503,2747,1994,753,509,174,25,12.56,0,25,0.0,12.56,0,0.0,0,0.0,174,87.44,11.69,48.989,46.439,95.34,534.37,30.956,355.68,12.848,147.18,11.619,133.24,57.3,58.8,55.7,56.5,58.8,41.8,4.8,36.1,4977.0,4979,88
b1d971b4-ac67ca0d,CTD-0.90,0.8033571952103685,0.5889524029589814,0.9443104320147355,0.505940029633371,2503,2797,2055,742,448,189,10,5.03,0,10,0.0,5.03,0,0.0,0,0.0,189,94.97,12.35,51.901,57.835,97.922,706.08,32.144,391.68,13.081,159.08,11.834,143.99,57.7,58.9,55.9,56.9,58.9,53.6,4.9,37.1,4982.0,4984,97
b1d9e136-6c94ea3f,CTD-0.30,0.7380052208789585,0.542511272900185,0.9507556576746091,0.44603949868866516,2342,2277,1778,499,564,161,41,20.3,0,41,0.0,20.3,0,0.0,0,0.0,161,79.7,11.07,43.834,70.647,106.428,759.95,30.941,334.77,12.946,139.68,11.632,125.6,57.9,58.8,56.0,56.9,58.8,68.0,4.9,35.3,4976.0,4982,83
b1d9e136-6c94ea3f,CTD-0.50,0.741825488429413,0.546870429761531,0.9520130058948204,0.4487501666307578,2342,2287,1784,503,558,168,34,16.83,0,34,0.0,16.83,0,0.0,0,0.0,168,83.17,11.26,45.648,63.147,102.092,694.3,31.412,347.87,13.013,143.8,11.75,129.93,57.8,58.6,56.0,57.0,58.6,63.1,4.9,36.1,4974.0,4976,84
b1d9e136-6c94ea3f,CTD-0.70,0.7551578993555097,0.5582703581735842,0.9555951461149882,0.45254012563922014,2342,2291,1814,477,528,169,33,16.34,0,33,0.0,16.34,0,0.0,0,0.0,169,83.66,11.06,44.934,58.804,96.864,635.96,31.783,343.57,13.027,140.52,11.823,127.6,57.8,59.3,56.2,56.8,58.7,57.6,4.8,36.9,4973.0,4974,84
b1d9e136-6c94ea3f,CTD-0.90,0.7644910943051544,0.567320556424127,0.9582614633757968,0.45792907787778786,2342,2309,1831,478,511,178,24,11.88,0,24,0.0,11.88,0,0.0,0,0.0,178,88.12,11.64,47.402,67.116,106.754,765.57,31.926,365.56,13.142,150.16,11.874,135.76,58.0,59.3,56.3,57.1,59.3,66.5,4.8,37.0,4975.0,4975,86
b1d9e136-9ab25cb3,CTD-0.30,0.7120227108017784,0.4755799078475415,0.8825844642509179,0.4816561611735396,2942,3454,2242,1212,700,161,41,20.3,0,41,0.0,20.3,0,0.0,0,0.0,161,79.7,11.72,47.513,53.763,103.94,618.34,29.122,335.06,12.471,143.06,11.3,129.74,57.6,58.8,55.9,56.7,58.8,47.4,4.9,33.6,4979.0,4983,88
b1d9e136-9ab25cb3,CTD-0.50,0.7304847457972705,0.4938275587109537,0.8895901161213996,0.4912605521272304,2942,3483,2286,1197,656,172,30,14.85,0,30,0.0,14.85,0,0.0,0,0.0,172,85.15,12.22,50.422,54.167,104.662,649.65,29.784,356.89,12.602,150.71,11.419,136.66,57.4,58.3,55.8,56.6,58.3,50.6,4.9,34.0,4982.0,4982,91
b1d9e136-9ab25cb3,CTD-0.70,0.7363453995808948,0.4997659737235063,0.8934981322364973,0.4931945631670007,2942,3473,2298,1175,644,176,26,12.87,0,26,0.0,12.87,0,0.0,0,0.0,176,87.13,12.49,51.631,55.221,102.556,675.02,29.844,363.75,12.65,153.84,11.424,139.03,57.3,58.3,55.6,56.4,58.3,49.2,4.9,34.1,4985.0,4987,92
b1d9e136-9ab25cb3,CTD-0.90,0.7525943487625116,0.512054566276046,0.8954041260819913,0.5057118373052729,2942,3550,2340,1210,602,184,18,8.91,0,18,0.0,8.91,0,0.0,0,0.0,184,91.09,12.3,51.425,45.835,96.938,552.68,31.415,381.0,12.911,156.33,11.696,141.68,57.5,58.3,55.6,56.2,58.3,37.2,4.8,36.1,4989.0,4989,95
b1dac7f7-6b2e0382,CTD-0.30,0.699378344510032,0.48220975652450226,0.9229078629644494,0.4544222982552397,3637,3773,2637,1136,1000,194,8,3.96,0,8,0.0,3.96,0,0.0,0,0.0,194,96.04,13.3,54.955,53.365,104.196,690.31,30.862,404.56,12.796,167.33,11.595,151.71,57.5,58.8,55.6,56.2,58.8,46.7,4.9,35.3,4994.0,4999,102
b1dac7f7-6b2e0382,CTD-0.50,0.699378344510032,0.48220975652450226,0.9229078629644494,0.4544222982552397,3637,3773,2637,1136,1000,194,8,3.96,0,8,0.0,3.96,0,0.0,0,0.0,194,96.04,14.49,61.263,59.878,98.528,847.49,28.755,413.24,12.459,177.58,11.274,160.74,57.2,58.4,55.4,55.9,58.4,55.6,4.9,32.5,4995.0,4997,108
b1dac7f7-6b2e0382,CTD-0.70,0.699378344510032,0.48220975652450226,0.9229078629644494,0.4544222982552397,3637,3773,2637,1136,1000,194,8,3.96,0,8,0.0,3.96,0,0.0,0,0.0,194,96.04,14.18,59.493,64.475,100.898,890.93,29.293,407.28,12.532,173.89,11.321,157.18,57.2,58.4,55.3,55.9,58.4,60.0,4.8,33.4,4990.0,4990,105
b1dac7f7-6b2e0382,CTD-0.90,0.699378344510032,0.48220975652450226,0.9229078629644494,0.4544222982552397,3637,3773,2637,1136,1000,194,8,3.96,0,8,0.0,3.96,0,0.0,0,0.0,194,96.04,13.44,55.817,65.61,101.14,864.71,30.605,405.1,12.725,168.12,11.553,152.73,57.3,58.6,55.4,56.0,58.6,62.8,5.0,35.0,4990.0,4990,104
b1db7e22-cfa74dc3,CTD-0.30,0.32769479779128086,0.20165100434765798,0.8994703074295431,0.21329632775615828,1420,713,498,215,922,97,106,52.22,0,106,0.0,52.22,0,0.0,0,0.0,97,47.78,6.69,24.955,69.71,99.146,444.75,29.547,189.99,12.602,80.67,11.415,73.19,57.1,58.3,55.1,55.7,58.3,68.4,4.9,31.9,4994.0,4999,50
b1db7e22-cfa74dc3,CTD-0.50,0.38938875676357537,0.25681300313328015,0.9314538996604811,0.2401196445689846,1420,764,579,185,841,132,71,34.98,0,71,0.0,34.98,0,0.0,0,0.0,132,65.02,8.07,32.873,69.706,103.86,551.57,33.435,263.1,13.425,105.38,12.199,95.8,57.9,59.3,55.8,56.8,59.3,69.0,4.7,39.1,4994.0,4996,60
b1db7e22-cfa74dc3,CTD-0.70,0.40171034892755997,0.26960587086173043,0.9382357448217339,0.2460339556720166,1420,774,594,180,826,154,49,24.14,0,49,0.0,24.14,0,0.0,0,0.0,154,75.86,9.22,38.272,70.702,98.458,638.04,34.357,309.69,13.657,122.84,12.363,111.26,58.4,59.4,56.3,56.9,59.4,70.1,4.7,40.6,4989.0,4995,68
b1db7e22-cfa74dc3,CTD-0.90,0.39893814129975896,0.2702855069536986,0.9424360948409182,0.24286125183247045,1420,759,588,171,832,161,42,20.69,0,42,0.0,20.69,0,0.0,0,0.0,161,79.31,9.55,39.806,71.699,102.07,668.28,34.702,323.35,13.736,127.73,12.462,115.93,58.7,60.0,56.7,57.6,60.1,72.1,4.6,41.0,4983.0,4990,70
b1dce572-c6a8cb5e,CTD-0.30,0.6326338306806831,0.4385698706957693,0.9056474401471004,0.40699763706571696,2542,2432,1706,726,836,126,76,37.62,0,76,0.0,37.62,0,0.0,0,0.0,126,62.38,9.07,34.37,61.489,101.378,542.33,29.41,259.62,12.6,110.96,11.377,100.26,58.1,59.2,56.5,57.1,59.2,54.8,5.0,34.1,4977.0,4982,67
b1dce572-c6a8cb5e,CTD-0.50,0.622532799220253,0.43318480276598964,0.9006161186203483,0.40727943054647747,2542,2458,1676,782,866,126,76,37.62,0,76,0.0,37.62,0,0.0,0,0.0,126,62.38,8.86,34.683,57.742,108.186,500.06,29.716,257.99,12.653,109.54,11.422,98.95,57.7,59.0,56.0,56.6,59.0,53.7,5.0,33.4,4979.0,4984,66
b1dce572-c6a8cb5e,CTD-0.70,0.6475129718338979,0.45513719921799894,0.9169646019525534,0.41238784776385345,2542,2418,1730,688,812,136,66,32.67,0,66,0.0,32.67,0,0.0,0,0.0,136,67.33,9.42,37.162,52.666,102.436,485.42,30.129,277.29,12.725,116.82,11.495,105.62,57.5,58.8,55.8,56.6,58.8,47.9,4.9,34.3,4983.0,4984,71
b1dce572-c6a8cb5e,CTD-0.90,0.6871435683961189,0.4846188805169295,0.9371949293931561,0.42238223925016244,2542,2392,1816,576,726,151,51,25.25,0,51,0.0,25.25,0,0.0,0,0.0,151,74.75,10.29,41.089,56.644,104.242,568.65,30.662,306.73,12.821,127.95,11.605,115.9,57.6,59.2,55.9,56.7,59.2,51.5,4.9,35.1,4985.0,4988,77
b1dd58c1-8b546ba7,CTD-0.30,0.7666839389235257,0.5666832511505736,0.9581512730038841,0.4643674081346981,2456,2455,1921,534,535,179,18,9.14,0,18,0.0,9.14,0,0.0,0,0.0,179,90.86,12.04,49.996,64.515,104.842,768.62,31.243,369.47,12.893,152.21,11.699,138.18,57.8,58.5,56.0,57.0,58.6,63.0,4.8,36.0,4989.0,4996,91
b1dd58c1-8b546ba7,CTD-0.50,0.7694393366031467,0.5722297796231428,0.9606938672604224,0.46640862900402125,2456,2456,1922,534,534,184,13,6.6,0,13,0.0,6.6,0,0.0,0,0.0,184,93.4,12.16,51.066,69.289,104.854,826.92,31.796,379.19,13.057,155.43,11.814,140.71,58.0,58.9,56.1,56.7,58.9,67.2,4.9,36.6,4990.0,4993,95
b1dd58c1-8b546ba7,CTD-0.70,0.77097521821859,0.5740951607659318,0.9614018455789124,0.46677756622461636,2456,2455,1925,530,531,185,12,6.09,0,12,0.0,6.09,0,0.0,0,0.0,185,93.91,12.26,51.633,62.673,103.394,751.62,31.703,380.2,13.032,156.01,11.788,141.21,58.1,59.2,56.1,56.6,58.9,56.0,4.8,36.2,4990.0,4994,95
b1dd58c1-8b546ba7,CTD-0.90,0.7738312432560477,0.5778296591790816,0.962431875452048,0.4691669156372943,2456,2464,1929,535,527,189,8,4.06,0,8,0.0,4.06,0,0.0,0,0.0,189,95.94,12.46,52.675,75.055,106.41,909.95,31.759,386.5,13.049,158.58,11.842,143.98,58.1,59.0,56.3,57.1,59.0,74.7,4.8,36.9,4990.0,4990,93
b1df722f-57d21f3f,CTD-0.30,0.5134594456488034,0.3163027758568226,0.8094302384607789,0.37998022825993516,1935,2044,1104,940,831,118,84,41.58,0,84,0.0,41.58,0,0.0,0,0.0,118,58.42,8.5,33.363,57.3,101.072,474.66,29.16,242.05,12.499,103.49,11.285,93.5,57.7,58.8,55.9,56.4,58.8,49.2,5.0,33.0,4991.0,4994,64
b1df722f-57d21f3f,CTD-0.50,0.5408993292554333,0.3347353299318475,0.8274668088918803,0.39112113166086804,1935,2032,1157,875,778,125,77,38.12,0,77,0.0,38.12,0,0.0,0,0.0,125,61.88,8.26,33.508,56.673,103.772,453.55,31.303,251.41,12.933,103.67,11.726,94.06,57.8,58.7,56.0,56.8,58.7,52.9,4.8,35.9,4994.0,4996,65
b1df722f-57d21f3f,CTD-0.70,0.6026149896048756,0.3852381201562571,0.8377024662211785,0.43092263537753767,1935,2204,1277,927,658,159,43,21.29,0,43,0.0,21.29,0,0.0,0,0.0,159,78.71,10.12,42.31,57.254,97.92,568.77,32.551,322.64,13.203,130.56,11.952,118.27,58.1,59.4,56.3,56.9,59.4,54.1,4.8,38.0,4994.0,4996,78
b1df722f-57d21f3f,CTD-0.90,0.6645609267870511,0.4371361824637726,0.8685843502802881,0.4579806370096048,1935,2223,1381,842,554,181,21,10.4,0,21,0.0,10.4,0,0.0,0,0.0,181,89.6,11.72,49.672,70.899,102.908,815.1,32.28,371.5,13.207,151.63,11.943,137.21,58.4,59.3,56.6,57.2,59.3,65.9,4.7,37.6,4997.0,4999,88
b1df722f-5bcc3db7,CTD-0.30,0.3692396469332628,0.21641782416113448,0.6659742624588499,0.3213109457829955,1365,1610,598,1012,767,105,97,48.02,0,97,0.0,48.02,0,0.0,0,0.0,105,51.98,7.6,29.015,60.676,102.474,448.21,29.223,214.27,12.599,92.1,11.302,82.7,57.8,59.0,56.0,56.5,59.0,53.8,5.0,33.7,5001.0,5005,56
b1df722f-5bcc3db7,CTD-0.50,0.3703798483230037,0.21762898552251775,0.6672283948819782,0.3218410574932314,1365,1610,598,1012,767,106,96,47.52,0,96,0.0,47.52,0,0.0,0,0.0,106,52.48,7.19,28.407,62.297,105.508,435.98,30.572,212.83,12.85,89.18,11.582,80.45,57.9,59.1,56.1,56.8,59.1,59.0,4.9,35.4,5002.0,5002,55
b1df722f-5bcc3db7,CTD-0.70,0.44826202914616653,0.24588521512135322,0.6907978743263761,0.3827510645540695,1365,1797,736,1061,629,128,74,36.63,0,74,0.0,36.63,0,0.0,0,0.0,128,63.37,8.68,35.168,67.087,101.406,568.12,31.072,261.02,12.921,108.34,11.676,97.97,58.1,59.1,56.2,56.5,59.1,61.8,4.9,35.9,5000.0,5003,65
b1df722f-5bcc3db7,CTD-0.90,0.5235602274148278,0.29023160177320995,0.7366192698957627,0.4222245120204304,1365,1813,841,972,524,160,42,20.79,0,42,0.0,20.79,0,0.0,0,0.0,160,79.21,10.38,43.198,66.001,102.944,673.34,32.176,328.64,13.111,133.51,11.909,121.37,58.3,59.4,56.3,56.8,59.4,61.8,4.8,37.6,5003.0,5003,79
b1e0c01d-dd9e6e2f,CTD-0.30,0.6239159116741078,0.39341268375857563,0.8942663792422288,0.4170203910198733,2054,2054,1356,698,698,143,59,29.21,0,59,0.0,29.21,0,0.0,0,0.0,143,70.79,10.13,39.583,61.901,103.3,611.28,30.287,301.27,12.771,126.6,11.553,114.59,58.1,59.1,56.3,56.7,59.1,56.5,4.9,35.3,5003.0,5009,76
b1e0c01d-dd9e6e2f,CTD-0.50,0.6802817956323325,0.43970079399491435,0.9152814574261793,0.44381284126502096,2054,2113,1456,657,598,166,36,17.82,0,36,0.0,17.82,0,0.0,0,0.0,166,82.18,11.38,46.314,60.587,96.464,677.63,31.02,346.93,12.862,143.44,11.698,130.55,58.1,59.5,56.2,56.8,59.5,57.8,4.8,35.9,5015.0,5017,84
b1e0c01d-dd9e6e2f,CTD-0.70,0.6683858707023442,0.4314696407436379,0.9178123031216061,0.43524073688243714,2054,2061,1429,632,625,162,40,19.8,0,40,0.0,19.8,0,0.0,0,0.0,162,80.2,10.82,43.956,58.692,98.132,618.37,31.576,334.76,12.977,137.21,11.813,125.02,58.1,59.2,56.3,57.0,59.2,55.2,4.9,36.7,5012.0,5015,80
b1e0c01d-dd9e6e2f,CTD-0.90,0.7404226950548067,0.4935742066596821,0.9408702711863314,0.4673235779493579,2054,2130,1560,570,494,192,10,4.95,0,10,0.0,4.95,0,0.0,0,0.0,192,95.05,12.19,50.468,65.454,102.53,785.99,33.0,396.26,13.284,159.28,12.068,144.77,58.4,59.4,56.5,57.3,59.7,62.8,4.8,38.3,5014.0,5018,94
b1e1a7b8-0aec80e8,CTD-0.30,0.6215422320800235,0.4177359579091681,0.9268701148585546,0.38521724625235976,1982,1718,1297,421,685,139,64,31.53,0,64,0.0,31.53,0,0.0,0,0.0,139,68.47,9.35,36.121,44.358,100.134,406.93,31.447,287.71,12.948,118.05,11.741,107.13,58.1,59.3,56.3,57.0,59.1,45.4,4.8,36.6,5022.0,5028,72
b1e1a7b8-0aec80e8,CTD-0.50,0.6215422320800235,0.4177359579091681,0.9268701148585546,0.38521724625235976,1982,1718,1297,421,685,139,64,31.53,0,64,0.0,31.53,0,0.0,0,0.0,139,68.47,8.98,35.944,62.802,101.244,545.82,32.31,284.81,13.191,115.8,11.932,104.88,58.3,59.4,56.4,56.9,59.4,59.3,4.8,37.1,5024.0,5029,69
b1e1a7b8-0aec80e8,CTD-0.70,0.6215422320800235,0.4177359579091681,0.9268701148585546,0.38521724625235976,1982,1718,1297,421,685,139,64,31.53,0,64,0.0,31.53,0,0.0,0,0.0,139,68.47,9.03,35.984,64.892,99.828,571.08,32.107,283.58,13.183,116.0,11.911,104.92,58.3,59.4,56.4,56.9,59.4,61.7,4.8,37.1,5020.0,5020,70
b1e1a7b8-0aec80e8,CTD-0.90,0.6215422320800235,0.4177359579091681,0.9268701148585546,0.38521724625235976,1982,1718,1297,421,685,139,64,31.53,0,64,0.0,31.53,0,0.0,0,0.0,139,68.47,9.27,36.607,71.787,104.892,646.2,31.707,286.47,13.07,117.58,11.845,106.67,58.4,59.5,56.4,56.9,59.7,68.6,4.8,36.2,5020.0,5021,70
b1e1a7b8-65ec7612,CTD-0.30,0.6569651649182984,0.44662259984286684,0.9006009014740501,0.42326759030984873,1860,1858,1307,551,553,170,32,15.84,0,32,0.0,15.84,0,0.0,0,0.0,170,84.16,11.39,45.732,62.228,108.67,691.49,31.67,352.66,13.11,145.73,11.788,131.11,58.4,59.3,56.4,57.0,59.3,58.7,4.8,35.8,5020.0,5024,85
b1e1a7b8-65ec7612,CTD-0.50,0.6861614698874291,0.47230728329320765,0.9162457705122576,0.4391037520018302,1860,1880,1343,537,517,188,14,6.93,0,14,0.0,6.93,0,0.0,0,0.0,188,93.07,12.23,50.502,55.237,102.928,655.09,32.138,384.26,13.218,157.73,11.939,142.54,58.4,59.4,56.5,57.0,59.4,50.3,4.8,37.4,5023.0,5024,91
b1e1a7b8-65ec7612,CTD-0.70,0.6877397139867975,0.4747064758299079,0.9190828478153119,0.438759990799839,1860,1870,1343,527,517,190,12,5.94,0,12,0.0,5.94,0,0.0,0,0.0,190,94.06,12.36,51.103,66.0,104.264,794.85,32.1,388.82,13.199,159.61,11.94,144.47,58.5,60.0,56.6,57.0,60.0,62.7,4.8,37.6,5025.0,5025,92
b1e1a7b8-65ec7612,CTD-0.90,0.6905891511778071,0.4770681086967749,0.9202252830437123,0.4401951328729139,1860,1873,1347,526,513,193,9,4.46,0,9,0.0,4.46,0,0.0,0,0.0,193,95.54,12.44,51.578,51.957,107.782,636.55,32.421,396.02,13.265,161.72,11.993,146.31,58.6,60.2,56.8,57.4,60.2,45.3,4.7,38.0,5025.0,5025,93
b1e1a7b8-a7426a97,CTD-0.30,0.6600278970848116,0.4859118397818511,0.9262005593039289,0.42895001522910564,1838,1797,1249,548,589,193,10,4.93,0,10,0.0,4.93,0,0.0,0,0.0,193,95.07,12.02,49.793,64.419,102.134,764.21,33.515,396.62,13.469,159.15,12.234,144.62,58.9,60.1,56.9,57.5,60.1,62.5,4.7,39.2,5025.0,5031,93
b1e1a7b8-a7426a97,CTD-0.50,0.660683092095475,0.48657022672768535,0.9265301483198227,0.4291885944595121,1838,1797,1250,547,588,194,9,4.43,0,9,0.0,4.43,0,0.0,0,0.0,194,95.57,12.02,50.592,69.351,103.086,814.57,33.6,395.67,13.536,159.14,12.272,144.35,59.1,60.4,57.3,58.1,60.4,66.7,4.7,39.4,5027.0,5027,90
b1e1a7b8-a7426a97,CTD-0.70,0.660683092095475,0.48657022672768535,0.9265301483198227,0.4291885944595121,1838,1797,1250,547,588,194,9,4.43,0,9,0.0,4.43,0,0.0,0,0.0,194,95.57,11.66,48.908,72.073,101.334,826.18,34.536,395.54,13.662,156.17,12.443,142.32,59.4,60.7,57.4,57.8,60.7,71.2,4.7,40.4,5022.0,5022,92
b1e1a7b8-a7426a97,CTD-0.90,0.6608437802533939,0.4868738165876878,0.9267096588495404,0.4293024342953406,1838,1797,1250,547,588,195,8,3.94,0,8,0.0,3.94,0,0.0,0,0.0,195,96.06,11.75,49.614,75.952,106.486,876.76,34.426,399.19,13.705,158.56,12.461,144.27,59.6,60.8,57.6,58.4,60.8,74.7,4.7,40.2,5024.0,5024,89
b1e1a7b8-b397c445,CTD-0.30,0.421970183570565,0.29097560114991283,0.8386931411232352,0.3081398142216528,1561,1280,702,578,859,120,82,40.59,0,82,0.0,40.59,0,0.0,0,0.0,120,59.41,7.98,30.763,66.497,99.96,521.66,31.746,248.06,13.143,102.25,11.942,93.0,59.2,60.1,57.4,58.2,60.1,62.4,4.8,36.9,5027.0,5032,59
b1e1a7b8-b397c445,CTD-0.50,0.4501017516165244,0.3105399519422511,0.8666895603126188,0.31861804516106346,1561,1257,741,516,820,128,74,36.63,0,74,0.0,36.63,0,0.0,0,0.0,128,63.37,8.15,32.8,68.771,102.402,544.54,33.0,261.39,13.404,105.74,12.179,96.15,59.2,60.2,57.4,58.0,60.2,67.5,4.8,38.0,5030.0,5033,60
b1e1a7b8-b397c445,CTD-0.70,0.48072280866032235,0.33326685712495574,0.8858657765001376,0.332984610107593,1561,1270,784,486,777,139,63,31.19,0,63,0.0,31.19,0,0.0,0,0.0,139,68.81,8.7,35.365,71.751,102.472,605.27,33.394,281.98,13.498,113.61,12.27,103.36,59.3,60.3,57.4,58.1,60.3,69.5,4.7,38.6,5027.0,5030,64
b1e1a7b8-b397c445,CTD-0.90,0.5686731471344948,0.40679634948642873,0.9347552008146623,0.36340662015865677,1561,1271,913,358,648,181,21,10.4,0,21,0.0,10.4,0,0.0,0,0.0,181,89.6,11.0,45.977,74.629,106.296,797.38,34.272,367.85,13.635,146.06,12.463,133.57,59.6,60.7,57.6,58.4,60.7,74.5,4.7,40.0,5028.0,5030,81
b1e2346e-c5f98707,CTD-0.30,0.13854373799155947,0.10115925161881167,0.625165381546216,0.12238367064521707,369,188,54,134,315,65,75,53.57,0,75,0.0,53.57,0,0.0,0,0.0,65,46.43,4.22,22.672,67.577,100.812,263.87,30.778,120.06,13.01,50.58,11.725,45.63,59.2,60.1,57.4,57.9,60.1,66.7,4.9,33.9,5028.0,5030,30
b1e2346e-c5f98707,CTD-0.50,0.1416552626674891,0.09670411950297335,0.6575773772279465,0.12315048437840698,369,174,57,117,312,64,76,54.29,0,76,0.0,54.29,0,0.0,0,0.0,64,45.71,3.93,21.962,64.935,99.362,237.18,32.748,118.95,13.403,48.57,12.104,43.9,59.4,60.4,57.5,58.1,60.4,64.0,4.7,37.6,5028.0,5031,28
b1e2346e-c5f98707,CTD-0.70,0.24730188126257885,0.1655737059394024,0.7992318850076713,0.19201339072214252,369,204,95,109,274,81,59,42.14,0,59,0.0,42.14,0,0.0,0,0.0,81,57.86,4.78,27.889,66.571,106.536,296.61,34.391,155.63,13.757,62.13,12.504,56.51,59.6,60.9,57.6,58.2,60.9,66.8,4.5,39.7,5027.0,5027,35
b1e2346e-c5f98707,CTD-0.90,0.24730188126257885,0.1655737059394024,0.7992318850076713,0.19201339072214252,369,204,95,109,274,81,59,42.14,0,59,0.0,42.14,0,0.0,0,0.0,81,57.86,5.35,31.618,69.175,104.568,349.59,31.537,167.55,13.214,68.69,12.102,62.83,59.5,60.8,57.7,58.3,60.8,67.5,5.0,37.4,5027.0,5027,40
b1e3e9f5-92377424,CTD-0.30,0.6198950802918758,0.42694346109578973,0.8602756184057972,0.4170360391691913,3358,3533,2301,1232,1057,111,92,45.32,0,92,0.0,45.32,0,0.0,0,0.0,111,54.68,8.4,32.171,44.479,105.458,361.53,28.91,238.64,12.475,102.52,11.35,93.34,58.7,59.6,57.2,57.9,59.6,34.1,5.0,34.7,5030.0,5034,64
b1e3e9f5-92377424,CTD-0.50,0.6891946733452488,0.478538176831729,0.8884933323730305,0.4397346054081421,3358,3548,2522,1026,836,122,81,39.9,0,81,0.0,39.9,0,0.0,0,0.0,122,60.1,9.22,36.648,66.099,102.606,596.75,28.33,255.01,12.438,111.59,11.263,101.14,58.2,59.4,56.6,57.3,59.4,63.7,5.0,31.9,5032.0,5035,68
b1e3e9f5-92377424,CTD-0.70,0.6854618407315509,0.46968681621140035,0.8906358996197029,0.43610900127179936,3358,3502,2506,996,852,119,84,41.38,0,84,0.0,41.38,0,0.0,0,0.0,119,58.62,8.91,35.342,47.869,103.562,413.54,28.608,248.16,12.438,107.49,11.253,97.35,57.7,58.7,56.1,56.9,58.7,38.4,4.9,32.3,5038.0,5041,66
b1e3e9f5-92377424,CTD-0.90,0.7620196790540289,0.5437551201759867,0.9159006889372667,0.46272890740432115,3358,3563,2740,823,618,131,72,35.47,0,72,0.0,35.47,0,0.0,0,0.0,131,64.53,9.65,38.496,48.255,98.342,457.56,29.109,275.34,12.501,117.86,11.306,106.69,57.6,58.8,56.0,56.8,58.6,42.2,4.9,32.7,5041.0,5042,73
b1e62c91-eca210a9,CTD-0.30,0.5737442144284031,0.4089701354214901,0.929789545635662,0.3692891159895049,1571,1312,929,383,642,140,41,22.65,0,41,0.0,22.65,0,0.0,0,0.0,140,77.35,8.94,40.875,74.837,104.374,648.1,32.701,285.02,13.266,115.26,12.059,104.84,58.1,59.4,56.2,57.1,59.4,73.0,4.7,36.7,5045.0,5050,67
b1e62c91-eca210a9,CTD-0.50,0.5802371329172233,0.4140628797580007,0.9320949451306307,0.37167530308127583,1571,1315,939,376,632,149,32,17.68,0,32,0.0,17.68,0,0.0,0,0.0,149,82.32,9.02,42.315,71.422,108.806,625.22,34.033,297.31,13.583,118.43,12.327,107.54,58.7,60.2,56.8,57.8,60.0,71.0,4.6,39.6,5044.0,5044,67
b1e62c91-eca210a9,CTD-0.70,0.5802371329172233,0.4140628797580007,0.9320949451306307,0.37167530308127583,1571,1315,939,376,632,149,32,17.68,0,32,0.0,17.68,0,0.0,0,0.0,149,82.32,9.01,42.238,75.072,107.592,658.87,34.14,301.38,13.614,119.9,12.363,108.96,59.1,60.2,57.1,57.9,60.2,74.4,4.7,39.7,5046.0,5046,69
b1e62c91-eca210a9,CTD-0.90,0.5802371329172233,0.4140628797580007,0.9320949451306307,0.37167530308127583,1571,1315,939,376,632,149,32,17.68,0,32,0.0,17.68,0,0.0,0,0.0,149,82.32,9.09,42.509,67.401,104.968,598.14,33.825,298.97,13.539,119.4,12.302,108.56,59.2,60.2,57.2,57.9,60.2,67.7,4.7,39.3,5045.0,5046,69
b1e6efc0-2552cc5d,CTD-0.30,0.4313524109311143,0.2683260487974319,0.8163183678244637,0.31489734274382963,884,761,426,335,458,81,122,60.1,0,122,0.0,60.1,0,0.0,0,0.0,81,39.9,5.74,20.438,56.662,97.502,317.46,29.683,165.02,12.607,69.8,11.412,63.24,58.5,60.0,56.8,57.8,60.0,49.4,4.9,34.6,5048.0,5053,45
b1e6efc0-2552cc5d,CTD-0.50,0.44036631528077114,0.2737125433882234,0.8151777893227546,0.32605147986054456,884,793,429,364,455,89,114,56.16,0,114,0.0,56.16,0,0.0,0,0.0,89,43.84,5.87,22.23,71.351,99.916,403.02,31.632,179.09,13.08,73.75,11.808,66.63,58.7,60.0,56.9,57.8,60.0,66.8,4.8,36.0,5047.0,5049,45
b1e6efc0-2552cc5d,CTD-0.70,0.4602363527060931,0.2947898523157401,0.8432904447868312,0.3307707094904327,884,765,441,324,443,103,100,49.26,0,100,0.0,49.26,0,0.0,0,0.0,103,50.74,6.76,26.161,66.347,106.428,427.14,31.791,206.2,13.085,84.54,11.875,76.77,58.6,60.2,56.8,57.3,60.2,63.6,4.8,36.6,5045.0,5050,49
b1e6efc0-2552cc5d,CTD-0.90,0.5635318709812446,0.37881920550019804,0.8918804942149124,0.38147481109016773,884,809,527,282,357,149,54,26.6,0,54,0.0,26.6,0,0.0,0,0.0,149,73.4,9.26,37.374,75.277,106.262,683.07,33.799,306.84,13.526,122.54,12.305,111.53,59.1,60.2,57.0,57.6,60.2,71.1,4.7,39.2,5045.0,5046,70
b1e88fd2-c1e4fd2b,CTD-0.30,0.44654700068067393,0.2771262220565709,0.9257954281858238,0.28296078060656554,1241,797,578,219,663,119,74,38.34,0,74,0.0,38.34,0,0.0,0,0.0,119,61.66,7.68,31.223,63.211,102.12,471.47,32.61,243.94,13.326,99.4,12.068,90.04,59.0,60.6,57.1,57.5,60.6,57.7,4.7,37.8,5050.0,5059,57
b1e88fd2-c1e4fd2b,CTD-0.50,0.4988044054549274,0.3232575367747737,0.9529910798138818,0.3007194445246815,1241,809,636,173,605,138,55,28.5,0,55,0.0,28.5,0,0.0,0,0.0,138,71.5,8.46,36.125,69.286,99.186,567.33,33.842,276.79,13.524,110.32,12.353,100.81,59.3,61.1,57.2,57.5,61.1,66.3,4.6,39.3,5050.0,5054,63
b1e88fd2-c1e4fd2b,CTD-0.70,0.5278611990208618,0.3447648084253824,0.9637291385534167,0.3083917086458081,1241,815,670,145,571,149,44,22.8,0,44,0.0,22.8,0,0.0,0,0.0,149,77.2,9.04,39.067,69.599,102.282,607.83,34.286,301.27,13.648,119.67,12.433,109.08,59.4,60.5,57.4,57.7,60.5,68.5,4.6,39.9,5046.0,5047,67
b1e88fd2-c1e4fd2b,CTD-0.90,0.5578131977178037,0.377530456023646,0.9759680015754091,0.3209389190620118,1241,831,701,130,540,166,27,13.99,0,27,0.0,13.99,0,0.0,0,0.0,166,86.01,9.96,43.553,54.783,102.456,537.99,34.585,336.41,13.688,132.94,12.449,120.93,59.5,60.5,57.5,57.8,60.5,51.1,4.7,40.7,5046.0,5047,75
b1e8ad72-c3c79240,CTD-0.30,0.6423831339047333,0.45873905127402415,0.938617135761197,0.3944727387015436,979,858,653,205,326,144,59,29.06,0,59,0.0,29.06,0,0.0,0,0.0,144,70.94,9.08,35.99,65.549,103.828,580.05,33.045,291.1,13.372,117.61,12.19,107.26,59.4,60.6,57.3,57.8,60.6,61.4,4.8,38.3,5049.0,5052,68
b1e8ad72-c3c79240,CTD-0.50,0.6603620107433222,0.47443471394769565,0.9490146976566729,0.39820003864947684,979,851,667,184,312,152,51,25.12,0,51,0.0,25.12,0,0.0,0,0.0,152,74.88,9.24,37.82,68.924,106.686,619.64,34.108,308.19,13.621,122.82,12.418,112.03,59.6,61.0,57.5,57.9,61.0,67.1,4.7,39.7,5050.0,5052,68
b1e8ad72-c3c79240,CTD-0.70,0.6605893373841397,0.47522165315529347,0.9492900910287847,0.3983512757328097,979,851,667,184,312,153,50,24.63,0,50,0.0,24.63,0,0.0,0,0.0,153,75.37,9.32,38.148,70.506,103.862,643.58,34.048,310.89,13.637,124.26,12.44,113.42,59.7,61.2,57.6,58.0,61.2,69.1,4.7,39.8,5051.0,5052,69
b1e8ad72-c3c79240,CTD-0.90,0.6786706796253655,0.5041715446970683,0.9515343495619082,0.41603435390091587,979,887,680,207,299,163,40,19.7,0,40,0.0,19.7,0,0.0,0,0.0,163,80.3,9.82,40.217,73.653,102.872,703.04,34.471,329.91,13.67,130.77,12.505,119.63,59.9,61.1,57.7,58.2,61.0,72.1,4.6,40.2,5050.0,5050,77
b1e9ee0e-67e26f2e,CTD-0.30,0.5206529824521821,0.3111376020988771,0.8294688366373639,0.3456192030528777,4556,4040,2800,1240,1756,53,150,73.89,0,150,0.0,73.89,0,0.0,0,0.0,53,26.11,5.15,17.726,61.835,106.656,310.09,23.225,115.46,11.398,56.4,10.25,50.77,58.5,59.6,56.9,57.3,59.6,51.0,5.5,27.3,5057.0,5062,40
b1e9ee0e-67e26f2e,CTD-0.50,0.5310407193322645,0.31841027718488796,0.8346418447983998,0.34979691013273373,4556,4055,2840,1215,1716,68,135,66.5,0,135,0.0,66.5,0,0.0,0,0.0,68,33.5,6.25,23.603,59.075,100.004,359.22,23.686,144.35,11.441,69.36,10.267,62.33,57.3,58.2,55.7,56.3,58.2,51.4,5.1,24.9,5063.0,5063,49
b1e9ee0e-67e26f2e,CTD-0.70,0.5287182684414917,0.31448357034003005,0.8335490827526878,0.3454801311605132,4556,4012,2837,1175,1719,66,137,67.49,0,137,0.0,67.49,0,0.0,0,0.0,66,32.51,5.92,22.117,58.707,101.51,339.68,24.053,138.01,11.554,65.96,10.322,59.02,56.8,57.7,55.3,56.3,57.7,51.9,5.2,25.4,5063.0,5064,45
b1e9ee0e-67e26f2e,CTD-0.90,0.5295922162964434,0.31055092732684125,0.8329231087399097,0.34423967184617293,4556,3995,2848,1147,1708,67,136,67.0,0,136,0.0,67.0,0,0.0,0,0.0,67,33.0,6.28,23.544,63.093,94.41,380.18,23.493,143.6,11.39,69.28,10.186,62.04,56.4,57.3,54.7,55.3,57.3,56.5,5.2,24.7,5063.0,5067,47
b1ea0ae4-4f770228,CTD-0.30,0.661539935707119,0.5269592981660999,0.9356853439297261,0.4310605332197849,1598,1549,1073,476,525,128,72,36.0,0,72,0.0,36.0,0,0.0,0,0.0,128,64.0,8.77,34.866,53.638,101.344,458.96,30.008,255.06,12.691,107.53,11.501,97.56,56.8,58.1,54.9,55.8,58.1,48.6,4.9,32.5,5063.0,5066,64
b1ea0ae4-4f770228,CTD-0.50,0.7494030871773205,0.6000056639539207,0.9610398034533636,0.4618509730222715,1598,1585,1210,375,388,142,58,29.0,0,58,0.0,29.0,0,0.0,0,0.0,142,71.0,9.38,38.722,64.022,103.216,581.51,31.486,285.99,13.007,117.89,11.752,106.59,57.6,58.6,55.7,56.3,58.6,61.6,4.8,36.4,5063.0,5066,69
b1ea0ae4-4f770228,CTD-0.70,0.8050650759996433,0.6422867935618142,0.9703753939286284,0.48397453338412144,1598,1633,1297,336,301,159,41,20.5,0,41,0.0,20.5,0,0.0,0,0.0,159,79.5,10.34,43.166,63.655,103.244,642.9,32.148,324.84,13.092,132.0,11.905,120.11,58.1,59.4,56.1,56.6,59.4,59.0,4.7,37.2,5052.0,5064,77
b1ea0ae4-4f770228,CTD-0.90,0.8063948053049654,0.6434094126924303,0.9707394787957545,0.48429144820492864,1598,1633,1299,334,299,160,40,20.0,0,40,0.0,20.0,0,0.0,0,0.0,160,80.0,10.38,43.358,69.162,105.07,702.03,32.177,327.53,13.168,133.77,11.932,121.28,58.3,59.5,56.3,56.8,59.5,64.5,4.7,37.3,4941.0,4942,78
b1eb9133-5cc75c18,CTD-0.30,0.161220505115494,0.08845472912864644,0.6725723802482321,0.13797501571434675,567,289,102,187,465,46,75,61.98,0,75,0.0,61.98,0,0.0,0,0.0,46,38.02,3.38,19.529,62.442,96.104,192.8,27.313,84.74,12.247,37.68,11.008,33.94,57.8,59.6,55.9,56.4,59.6,56.3,5.1,30.3,4939.0,4944,24
b1eb9133-5cc75c18,CTD-0.50,0.18297016998052748,0.10112125051350637,0.7036199976770001,0.15169324006013044,567,298,115,183,452,41,80,66.12,0,80,0.0,66.12,0,0.0,0,0.0,41,33.88,2.83,16.844,64.906,104.266,163.9,28.884,73.07,12.582,31.67,11.335,28.56,57.9,58.8,56.0,56.3,58.8,64.4,4.9,31.9,4944.0,4944,20
b1eb9133-5cc75c18,CTD-0.70,0.24851234968729674,0.12724941182257185,0.7642724281089114,0.19852975605187992,567,339,157,182,410,49,72,59.5,0,72,0.0,59.5,0,0.0,0,0.0,49,40.5,3.25,20.322,71.02,104.15,219.36,30.275,93.34,12.888,39.57,11.571,35.57,58.1,58.8,56.4,56.9,58.9,68.7,4.8,33.3,4944.0,4944,24
b1eb9133-5cc75c18,CTD-0.90,0.317783774746992,0.16885480706639613,0.814040670265364,0.23935297483108026,567,373,197,176,370,64,57,47.11,0,57,0.0,47.11,0,0.0,0,0.0,64,52.89,4.09,26.552,69.547,97.288,267.73,31.958,121.13,13.227,49.96,11.912,45.04,58.3,58.8,56.6,57.1,59.2,68.0,4.7,36.1,4945.0,4949,29
b1ebfc3c-740ec84a,CTD-0.30,0.5508037392165044,0.36911856553958905,0.9573327841934127,0.32670939700704227,2272,1600,1284,316,988,153,50,24.63,0,50,0.0,24.63,0,0.0,0,0.0,153,75.37,10.0,40.084,68.16,103.142,667.93,31.91,314.13,13.147,129.06,11.891,116.8,58.3,59.3,56.8,57.4,59.3,63.6,4.7,37.6,4947.0,4950,75
b1ebfc3c-740ec84a,CTD-0.50,0.5774819061339138,0.3909294232316699,0.9626880137954045,0.33976791311849264,2272,1649,1341,308,931,161,42,20.69,0,42,0.0,20.69,0,0.0,0,0.0,161,79.31,10.24,42.102,69.349,96.874,698.49,32.66,329.32,13.222,133.04,12.02,121.03,58.5,59.9,56.7,57.5,59.9,66.0,4.7,37.8,4946.0,4947,76
b1ebfc3c-740ec84a,CTD-0.70,0.5983607454929392,0.40956770064999526,0.9694363085917883,0.3493179392584625,2272,1676,1382,294,890,174,29,14.29,0,29,0.0,14.29,0,0.0,0,0.0,174,85.71,10.76,44.688,70.247,102.104,738.64,33.464,352.24,13.48,141.49,12.218,128.35,58.8,59.9,56.9,57.8,59.9,70.2,4.7,38.7,4946.0,4947,79
b1ebfc3c-740ec84a,CTD-0.90,0.6066161609656919,0.4179460516824574,0.9714628093923352,0.35304562862959743,2272,1688,1399,289,873,185,18,8.87,0,18,0.0,8.87,0,0.0,0,0.0,185,91.13,11.35,47.533,72.66,103.002,809.45,33.911,375.64,13.569,150.03,12.299,136.07,59.0,60.1,57.1,58.0,60.1,71.7,4.7,39.4,4946.0,4946,83
b1ebfc3c-cc9c2bb8,CTD-0.30,0.5638232392500336,0.370982347848399,0.9147494668560787,0.3641694915371985,1849,1557,1094,463,755,131,71,35.15,0,71,0.0,35.15,0,0.0,0,0.0,131,64.85,8.84,34.795,74.953,102.544,641.83,31.538,272.18,13.042,112.14,11.853,101.99,58.9,60.1,56.9,57.6,60.1,72.9,4.9,36.2,4954.0,4959,65
b1ebfc3c-cc9c2bb8,CTD-0.50,0.5703199715991777,0.38529279316784526,0.9235223345009979,0.36923498025108953,1849,1557,1094,463,755,152,50,24.75,0,50,0.0,24.75,0,0.0,0,0.0,152,75.25,9.58,39.376,62.34,101.65,583.79,32.852,307.72,13.273,124.04,12.04,112.6,58.7,60.1,56.8,57.6,60.1,61.0,4.7,37.8,4953.0,4953,75
b1ebfc3c-cc9c2bb8,CTD-0.70,0.6004700895853299,0.4077207619862667,0.9347659476381465,0.37680664060803926,1849,1557,1151,406,698,164,38,18.81,0,38,0.0,18.81,0,0.0,0,0.0,164,81.19,10.37,42.859,75.516,97.372,765.19,32.925,334.26,13.355,135.41,12.122,122.96,59.0,61.0,57.1,58.2,61.0,77.1,4.7,38.0,4953.0,4954,79
b1ebfc3c-cc9c2bb8,CTD-0.90,0.6161289050559128,0.4193369073459559,0.936386800551647,0.3888743527875822,1849,1604,1176,428,673,177,25,12.38,0,25,0.0,12.38,0,0.0,0,0.0,177,87.62,11.0,45.895,68.406,108.944,735.34,33.32,360.82,13.45,145.27,12.199,131.86,59.0,60.3,57.1,58.0,60.3,66.4,4.8,38.9,4952.0,4953,82
b1ee702d-0ae1fc10,CTD-0.30,0.3858455726419411,0.2465757214734318,0.8430988766799882,0.2796926910299003,1400,1032,577,455,823,104,99,48.77,0,99,0.0,48.77,0,0.0,0,0.0,104,51.23,7.11,26.563,68.552,101.012,469.51,30.209,206.85,12.808,87.44,11.547,78.89,58.6,59.6,56.9,57.8,59.6,61.4,4.9,33.8,4954.0,4959,52
b1ee702d-0ae1fc10,CTD-0.50,0.39512452895208694,0.25286294919541996,0.8554547515737381,0.2812905043674274,1400,1014,590,424,810,107,96,47.29,0,96,0.0,47.29,0,0.0,0,0.0,107,52.71,7.02,27.346,70.329,98.91,476.47,31.522,214.52,13.058,88.66,11.817,80.26,58.7,59.7,56.9,57.6,59.7,69.6,4.8,35.9,4954.0,4954,52
b1ee702d-0ae1fc10,CTD-0.70,0.48173979234588465,0.303427196695658,0.8748150469327408,0.32827753303964763,1400,1135,726,409,674,139,64,31.53,0,64,0.0,31.53,0,0.0,0,0.0,139,68.47,8.9,35.665,65.123,101.204,556.27,32.304,277.67,13.305,114.17,11.991,102.95,58.8,60.2,57.0,57.5,60.2,59.4,4.8,37.2,4952.0,4955,66
b1ee702d-0ae1fc10,CTD-0.90,0.5108525643373948,0.32680254642724943,0.8913779132159385,0.3408621553884712,1400,1140,765,375,635,161,42,20.69,0,42,0.0,20.69,0,0.0,0,0.0,161,79.31,10.09,41.203,69.024,101.344,683.19,33.111,327.51,13.451,132.81,12.164,120.15,59.0,60.0,57.0,57.6,59.8,64.1,4.7,38.5,4948.0,4952,76
b1ee702d-4a193906,CTD-0.30,0.18367363329630945,0.11885090793587898,0.8245221709035047,0.13271603634950932,1622,584,328,256,1294,106,97,47.78,0,97,0.0,47.78,0,0.0,0,0.0,106,52.22,6.85,26.304,61.313,101.88,406.66,31.738,209.06,13.059,85.77,11.896,78.18,58.8,60.1,56.8,57.4,60.1,57.4,4.9,36.5,4949.0,4951,51
b1ee702d-4a193906,CTD-0.50,0.18227336283161233,0.11897893048461812,0.8243295771533401,0.13191784223382874,1622,581,325,256,1297,107,96,47.29,0,96,0.0,47.29,0,0.0,0,0.0,107,52.71,6.52,26.077,68.107,102.458,422.46,33.539,210.25,13.512,84.51,12.278,76.82,59.2,60.4,57.1,57.6,60.4,66.6,4.6,38.4,4946.0,4949,48
b1ee702d-4a193906,CTD-0.70,0.22103814819299789,0.1474271751853516,0.8921149435610469,0.14813158449556935,1622,579,379,200,1243,135,68,33.5,0,68,0.0,33.5,0,0.0,0,0.0,135,66.5,8.05,32.905,68.691,101.722,537.62,34.479,271.66,13.702,107.68,12.47,98.07,59.5,60.5,57.3,57.8,60.5,69.5,4.7,40.2,4941.0,4942,61
b1ee702d-4a193906,CTD-0.90,0.23217437820803144,0.1559645544045853,0.8973130684360335,0.154703997002814,1622,599,397,202,1225,145,58,28.57,0,58,0.0,28.57,0,0.0,0,0.0,145,71.43,8.57,35.38,75.137,106.432,622.69,34.844,288.53,13.757,113.64,12.553,103.78,59.7,60.8,57.5,58.0,60.8,74.3,4.6,40.8,4942.0,4943,64
b1f022d3-45162c67,CTD-0.30,0.5817528433467869,0.4276301616966928,0.9366671520984469,0.35358700190663567,1373,1078,835,243,538,86,116,57.43,0,116,0.0,57.43,0,0.0,0,0.0,86,42.57,6.3,22.095,60.544,99.866,363.81,29.74,179.58,12.666,76.16,11.507,69.24,59.0,59.8,57.1,57.5,60.0,52.7,5.1,34.7,4942.0,4948,48
b1f022d3-45162c67,CTD-0.50,0.5779751494560158,0.41601211922639425,0.9291180058166527,0.349148351852716,1373,1077,838,239,535,96,106,52.48,0,106,0.0,52.48,0,0.0,0,0.0,96,47.52,6.65,25.056,65.743,103.096,429.61,30.608,198.07,12.882,83.0,11.673,75.32,58.8,59.6,56.8,57.3,59.8,62.0,4.9,34.5,4943.0,4944,51
b1f022d3-45162c67,CTD-0.70,0.6188956090404185,0.45783126747143194,0.9382609456330528,0.3730342726424094,1373,1136,888,248,485,107,95,47.03,0,95,0.0,47.03,0,0.0,0,0.0,107,52.97,7.34,28.311,65.192,101.254,464.93,30.875,220.84,12.963,92.24,11.742,83.64,58.6,59.6,56.7,57.8,59.5,61.6,4.9,35.5,4943.0,4944,54
b1f022d3-45162c67,CTD-0.90,0.6241998884266884,0.4708066901254986,0.9487605122265456,0.3696199897533021,1373,1106,889,217,484,110,92,45.54,0,92,0.0,45.54,0,0.0,0,0.0,110,54.46,7.31,28.21,68.328,106.664,488.26,31.825,226.74,13.146,93.14,11.913,84.52,58.8,59.9,56.9,57.6,59.9,66.9,4.8,36.2,4946.0,4946,54
b1f0efd9-37a14dda,CTD-0.30,0.598163298348444,0.41554337302486716,0.889314932149742,0.3928240967776026,1667,1578,1072,506,595,100,103,50.74,0,103,0.0,50.74,0,0.0,0,0.0,100,49.26,7.16,26.275,66.527,97.016,467.91,29.708,208.01,12.592,87.79,11.449,79.88,58.3,59.2,56.7,57.3,59.2,61.7,5.0,34.3,4950.0,4955,56
b1f0efd9-37a14dda,CTD-0.50,0.6241097548953647,0.43862752847815856,0.9016008557742496,0.3998780396592437,1667,1572,1113,459,554,113,90,44.33,0,90,0.0,44.33,0,0.0,0,0.0,113,55.67,7.72,29.949,65.265,103.05,490.67,31.131,234.84,13.022,97.82,11.736,88.25,58.5,59.4,56.7,57.7,59.4,62.5,4.9,35.2,4949.0,4949,59
b1f0efd9-37a14dda,CTD-0.70,0.7222631331205492,0.5238353653928143,0.9447350545568506,0.44111474551100915,1667,1617,1244,373,423,155,48,23.65,0,48,0.0,23.65,0,0.0,0,0.0,155,76.35,10.01,40.385,71.059,106.574,693.12,32.769,319.43,13.323,129.55,12.06,117.34,58.8,59.9,56.9,57.5,60.0,70.2,4.9,37.4,4949.0,4949,77
b1f0efd9-37a14dda,CTD-0.90,0.733305657250885,0.5372885414287187,0.9483824260674367,0.44967847893835866,1667,1640,1256,384,411,164,39,19.21,0,39,0.0,19.21,0,0.0,0,0.0,164,80.79,10.51,42.636,73.571,101.39,750.46,32.883,337.12,13.322,136.26,12.099,123.81,58.9,59.9,57.1,57.7,59.9,69.8,4.8,37.7,4949.0,4950,80
b1f0efd9-e900c6e5,CTD-0.30,0.6738063051473393,0.4843158886926928,0.9382463648167992,0.4290806579739676,2006,1919,1386,533,620,178,24,11.88,0,24,0.0,11.88,0,0.0,0,0.0,178,88.12,11.65,47.257,70.666,101.982,804.2,32.173,366.79,13.162,149.8,11.968,136.29,58.9,60.2,57.1,57.7,60.2,66.7,4.8,37.0,4953.0,4959,91
b1f0efd9-e900c6e5,CTD-0.50,0.7033068942659519,0.5067448347692719,0.9464846305793679,0.43759411599227216,2006,1928,1446,482,560,185,17,8.42,0,17,0.0,8.42,0,0.0,0,0.0,185,91.58,11.78,48.687,64.796,103.942,754.63,32.733,378.93,13.314,153.86,12.09,139.78,59.0,60.2,57.3,58.0,60.2,64.1,4.8,37.7,4956.0,4959,91
b1f0efd9-e900c6e5,CTD-0.70,0.7063979838728859,0.509146400307946,0.9477007653793946,0.4380860533663806,2006,1926,1452,474,554,186,16,7.92,0,16,0.0,7.92,0,0.0,0,0.0,186,92.08,11.77,48.827,72.27,103.604,832.85,32.996,378.97,13.341,152.96,12.137,139.23,59.1,60.5,57.3,58.0,60.5,70.4,4.8,38.3,4954.0,4955,88
b1f0efd9-e900c6e5,CTD-0.90,0.7063979838728859,0.509146400307946,0.9477007653793946,0.4380860533663806,2006,1926,1452,474,554,186,16,7.92,0,16,0.0,7.92,0,0.0,0,0.0,186,92.08,11.9,49.165,54.36,100.442,630.88,32.768,383.95,13.282,155.28,12.056,141.03,58.9,59.8,56.9,57.4,59.8,49.8,4.8,37.4,4955.0,4956,93
b1f20aa0-3401c3bf,CTD-0.30,0.31502109003939577,0.21832570709594465,0.9295748803956889,0.1968923833975182,2050,912,673,239,1377,116,86,42.57,0,86,0.0,42.57,0,0.0,0,0.0,116,57.43,7.58,29.563,63.559,100.54,463.26,31.497,231.41,13.022,95.41,11.835,86.8,58.8,60.0,56.8,57.4,60.0,61.1,4.8,36.0,4953.0,4959,58
b1f20aa0-3401c3bf,CTD-0.50,0.3338819874831808,0.23579328313273695,0.9430431694019961,0.20258531265792482,2050,917,709,208,1341,120,82,40.59,0,82,0.0,40.59,0,0.0,0,0.0,120,59.41,7.5,30.184,68.809,100.864,498.7,32.936,240.05,13.367,97.22,12.114,88.16,59.1,60.3,57.0,57.5,60.3,67.3,4.8,37.8,4954.0,4954,57
b1f20aa0-3401c3bf,CTD-0.70,0.32574100371213754,0.22987750756361297,0.9317763494894599,0.20127825858903747,2050,930,696,234,1354,114,88,43.56,0,88,0.0,43.56,0,0.0,0,0.0,114,56.44,7.06,28.271,68.394,101.048,463.54,33.149,226.27,13.437,91.49,12.141,82.73,59.2,60.2,57.1,57.5,60.2,63.3,4.8,38.0,4955.0,4962,55
b1f20aa0-3401c3bf,CTD-0.90,0.34829964382789264,0.24377667500224365,0.938936924653082,0.20992532558554428,2050,957,744,213,1306,122,80,39.6,0,80,0.0,39.6,0,0.0,0,0.0,122,60.4,7.55,30.531,69.368,106.898,505.37,33.198,242.9,13.431,98.07,12.167,88.9,59.3,60.4,57.3,58.1,60.4,69.6,4.7,38.1,4961.0,4961,58
b1f20aa0-50213047,CTD-0.30,0.14962798752090908,0.07825071018758477,0.791662353753056,0.08646819926779017,1046,258,197,61,849,52,151,74.38,0,151,0.0,74.38,0,0.0,0,0.0,52,25.62,4.2,12.544,57.705,97.102,225.45,26.233,104.3,12.005,47.54,10.767,42.69,58.4,59.5,56.9,57.6,60.3,51.4,5.1,29.3,4963.0,4969,31
b1f20aa0-50213047,CTD-0.50,0.14900506447014672,0.07848652943025963,0.7922035792742648,0.08612390354956069,1046,257,196,61,850,53,150,73.89,0,150,0.0,73.89,0,0.0,0,0.0,53,26.11,3.88,12.79,62.805,100.738,229.67,27.899,100.04,12.43,44.42,11.103,39.73,58.2,59.5,56.7,57.4,59.5,61.7,4.8,29.8,4965.0,4966,28
b1f20aa0-50213047,CTD-0.70,0.14882345689044543,0.07720657816639649,0.8084141706646399,0.08690481742293521,1046,246,192,54,854,60,143,70.44,0,143,0.0,70.44,0,0.0,0,0.0,60,29.56,4.25,14.455,69.402,102.788,278.69,29.2,117.17,12.705,50.76,11.339,45.33,58.3,59.3,56.6,57.3,59.3,62.6,4.8,32.2,4963.0,4966,31
b1f20aa0-50213047,CTD-0.90,0.18227327866637946,0.10222434528148838,0.82419063752077,0.11229934634710304,1046,301,230,71,816,94,109,53.69,0,109,0.0,53.69,0,0.0,0,0.0,94,46.31,6.02,22.613,69.58,103.896,399.44,32.246,186.81,13.229,76.46,11.973,69.25,58.6,59.9,56.7,57.6,59.9,68.0,4.7,35.8,4962.0,4965,45
b1f20aa0-6ef1db42,CTD-0.30,0.25663274884228177,0.15959689348729886,0.8652171598013721,0.1776048245953423,2129,953,588,365,1541,103,99,49.01,0,99,0.0,49.01,0,0.0,0,0.0,103,50.99,6.79,26.249,66.927,102.08,441.32,31.325,204.59,13.044,84.96,11.795,76.88,58.7,60.3,56.6,57.1,60.3,65.4,4.8,35.6,4964.0,4967,52
b1f20aa0-6ef1db42,CTD-0.50,0.31061134076308455,0.187642102276542,0.8761872653326664,0.21291966970710327,2129,1121,706,415,1423,106,96,47.52,0,96,0.0,47.52,0,0.0,0,0.0,106,52.48,6.7,27.07,67.939,101.734,441.51,32.547,211.75,13.348,86.69,12.06,78.36,58.9,60.2,56.8,57.2,60.2,67.8,4.7,37.3,4960.0,4962,52
b1f20aa0-6ef1db42,CTD-0.70,0.30759455898509297,0.18618337466001242,0.8808464038145681,0.20682622081669255,2129,1078,703,375,1426,124,78,38.61,0,78,0.0,38.61,0,0.0,0,0.0,124,61.39,7.68,31.491,69.431,98.85,516.98,33.358,249.91,13.43,100.43,12.222,91.45,59.1,60.4,56.9,57.4,60.4,68.8,4.8,38.3,4962.0,4963,59
b1f20aa0-6ef1db42,CTD-0.90,0.31423211100414683,0.19861455572654327,0.9027594572172888,0.20754300629529573,2129,1043,705,338,1424,135,67,33.17,0,67,0.0,33.17,0,0.0,0,0.0,135,66.83,8.25,34.224,70.392,103.546,559.34,33.749,268.9,13.569,107.9,12.284,97.75,59.2,60.2,57.1,57.6,60.2,67.8,4.7,39.2,4962.0,4964,63
b1f25ff6-1ddb7e43,CTD-0.30,0.7392413279348886,0.5390201907862022,0.9357898157199382,0.4764593123779573,1294,1382,978,404,316,185,18,8.87,0,18,0.0,8.87,0,0.0,0,0.0,185,91.13,11.61,46.866,59.767,108.17,678.22,33.411,379.02,13.458,152.33,12.201,138.2,59.3,60.4,57.2,57.6,60.4,56.1,4.7,39.1,4969.0,4975,89
b1f25ff6-1ddb7e43,CTD-0.50,0.7790661854180734,0.5725599852891176,0.939511929753723,0.4980235770562607,1294,1435,1030,405,264,194,9,4.43,0,9,0.0,4.43,0,0.0,0,0.0,194,95.57,12.11,50.002,66.205,107.21,776.64,33.508,394.85,13.474,158.53,12.251,144.21,59.4,60.6,57.3,57.8,60.6,61.5,4.7,39.1,4965.0,4966,90
b1f25ff6-1ddb7e43,CTD-0.70,0.7790661854180734,0.5725599852891176,0.939511929753723,0.4980235770562607,1294,1435,1030,405,264,194,9,4.43,0,9,0.0,4.43,0,0.0,0,0.0,194,95.57,12.1,49.937,67.864,103.182,803.99,33.513,398.08,13.496,160.02,12.27,145.57,59.5,60.6,57.4,57.8,60.6,66.1,4.7,39.1,4963.0,4966,90
b1f25ff6-1ddb7e43,CTD-0.90,0.7806298571088767,0.5737822946281337,0.9398264833574622,0.4986422227292884,1294,1436,1032,404,262,195,8,3.94,0,8,0.0,3.94,0,0.0,0,0.0,195,96.06,12.12,50.003,62.142,106.152,736.65,33.631,398.73,13.504,159.77,12.284,145.4,59.5,60.5,57.5,57.9,60.5,59.6,4.6,39.3,4963.0,4964,91
b1f4491b-07b32e8c,CTD-0.30,0.5391201872540001,0.360111493004733,0.8929038595943297,0.3573279003092126,1818,1564,1041,523,777,122,81,39.9,0,81,0.0,39.9,0,0.0,0,0.0,122,60.1,8.41,31.931,70.364,109.216,575.14,30.657,248.52,12.842,103.96,11.643,94.3,59.2,60.2,57.2,57.6,60.2,66.4,4.9,35.0,4968.0,4972,65
b1f4491b-07b32e8c,CTD-0.50,0.59733798288104,0.39548697546117667,0.896343082979789,0.3917665723068485,1818,1701,1156,545,662,130,73,35.96,0,73,0.0,35.96,0,0.0,0,0.0,130,64.04,8.77,34.778,55.239,101.052,466.17,31.211,264.48,12.941,109.52,11.75,99.49,58.9,59.6,56.9,57.5,59.6,49.1,4.9,35.8,4967.0,4969,66
b1f4491b-07b32e8c,CTD-0.70,0.6192418166203815,0.4135445559113414,0.9152695725589264,0.40401976192921696,1818,1703,1173,530,645,159,44,21.67,0,44,0.0,21.67,0,0.0,0,0.0,159,78.33,10.34,41.933,65.347,105.678,656.14,32.288,324.01,13.198,132.24,11.983,120.12,59.1,60.0,57.1,57.5,60.0,62.0,4.9,37.0,4969.0,4969,78
b1f4491b-07b32e8c,CTD-0.90,0.6671923404380355,0.45142843481595696,0.92873569532437,0.42506836397925507,1818,1750,1257,493,561,175,28,13.79,0,28,0.0,13.79,0,0.0,0,0.0,175,86.21,11.21,46.015,67.318,104.564,737.51,32.702,358.98,13.353,146.32,12.058,132.19,59.2,60.3,57.2,57.7,60.3,64.7,4.9,37.8,4967.0,4969,86
b1f4491b-09593e90,CTD-0.30,0.5292491150919476,0.3491482156748238,0.9287741802594401,0.33288357038807137,1142,856,631,225,511,92,110,54.46,0,110,0.0,54.46,0,0.0,0,0.0,92,45.54,6.61,23.928,56.941,101.164,357.06,29.197,184.46,12.554,79.12,11.389,71.86,58.7,59.7,57.0,57.8,60.1,55.0,5.0,32.6,4967.0,4970,50
b1f4491b-09593e90,CTD-0.50,0.5325354100162059,0.35453657903000013,0.9341631926548221,0.3342842712339061,1142,853,631,222,511,97,105,51.98,0,105,0.0,51.98,0,0.0,0,0.0,97,48.02,6.43,24.375,69.118,102.496,425.69,31.196,191.46,13.06,79.95,11.762,72.05,58.9,60.0,57.2,57.7,60.0,65.8,4.9,34.8,4969.0,4970,48
b1f4491b-09593e90,CTD-0.70,0.5862329537798967,0.4089427748026302,0.9525896472313722,0.35431947392699603,1142,877,688,189,454,124,78,38.61,0,78,0.0,38.61,0,0.0,0,0.0,124,61.39,7.82,31.005,73.451,105.708,559.56,32.757,250.53,13.359,101.94,12.1,92.4,59.1,60.5,57.3,57.7,60.5,69.1,4.7,37.7,4967.0,4970,61
b1f4491b-09593e90,CTD-0.90,0.6469009226589608,0.4620889281786096,0.9709539119003752,0.37342753158618963,1142,896,752,144,390,152,50,24.75,0,50,0.0,24.75,0,0.0,0,0.0,152,75.25,9.06,37.444,74.135,108.316,649.97,34.684,306.06,13.716,120.75,12.473,109.89,59.5,60.5,57.4,57.9,60.5,70.9,4.6,40.4,4963.0,4970,69
b1f4491b-16256d7c,CTD-0.30,0.647864595683108,0.41394086367165767,0.8981952056685629,0.4324147121355954,2797,2871,1915,956,882,170,32,15.84,0,32,0.0,15.84,0,0.0,0,0.0,170,84.16,12.15,49.747,61.324,106.774,729.31,29.917,356.98,12.707,151.45,11.541,137.6,58.9,59.9,57.1,57.5,59.9,54.5,4.9,34.6,4962.0,4968,90
b1f4491b-16256d7c,CTD-0.50,0.6617570017936006,0.4237772746258601,0.9008320003709037,0.44112286189445576,2797,2916,1951,965,846,174,28,13.86,0,28,0.0,13.86,0,0.0,0,0.0,174,86.14,11.73,48.57,68.655,102.736,785.9,31.377,359.82,12.967,148.39,11.77,134.79,58.8,60.0,56.9,57.3,60.0,62.5,4.9,35.5,4966.0,4967,92
b1f4491b-16256d7c,CTD-0.70,0.669396088908667,0.4289745791825367,0.9025372541896189,0.4460537164454627,2797,2940,1970,970,827,177,25,12.38,0,25,0.0,12.38,0,0.0,0,0.0,177,87.62,11.97,49.714,74.003,105.406,863.51,31.308,366.34,13.002,151.92,11.773,137.61,58.8,60.1,57.1,57.8,60.1,72.0,4.9,35.4,4969.0,4969,93
b1f4491b-16256d7c,CTD-0.90,0.6720586139067809,0.43054085364417755,0.9023726688931194,0.44786217539207085,2797,2953,1978,975,819,178,24,11.88,0,24,0.0,11.88,0,0.0,0,0.0,178,88.12,11.89,49.303,68.969,103.102,802.79,31.555,367.39,13.019,151.35,11.829,137.57,58.8,60.3,57.0,57.5,60.3,66.6,4.9,35.6,4969.0,4969,93
b1f4491b-33824f31,CTD-0.30,0.7179762188073,0.4609893099839928,0.9025403950534874,0.4793362327845086,2610,2960,1964,996,646,168,34,16.83,0,34,0.0,16.83,0,0.0,0,0.0,168,83.17,11.95,47.797,65.694,107.18,767.36,29.888,350.48,12.7,148.64,11.487,134.52,58.5,59.4,56.5,56.9,59.4,61.7,5.0,33.8,4973.0,4979,94
b1f4491b-33824f31,CTD-0.50,0.7051986153384647,0.4497356046240692,0.900385495971033,0.4708960632774771,2610,2918,1934,984,676,162,40,19.8,0,40,0.0,19.8,0,0.0,0,0.0,162,80.2,11.26,45.57,65.52,102.088,718.65,30.285,334.14,12.736,140.21,11.566,127.42,58.3,59.4,56.6,57.3,59.4,62.2,5.0,34.3,4972.0,4973,87
b1f4491b-33824f31,CTD-0.70,0.7222273142887459,0.4657117203315372,0.9056497188440965,0.4797911246842363,2610,2947,1973,974,637,176,26,12.87,0,26,0.0,12.87,0,0.0,0,0.0,176,87.13,12.32,50.362,67.631,100.324,815.99,30.241,364.59,12.753,153.6,11.564,139.35,58.2,59.6,56.6,57.2,59.6,64.1,4.9,34.3,4974.0,4974,92
b1f4491b-33824f31,CTD-0.90,0.7294052132314592,0.4720540261502945,0.9084867254101274,0.48416683811645905,2610,2961,1986,975,624,192,10,4.95,0,10,0.0,4.95,0,0.0,0,0.0,192,95.05,13.21,54.49,67.714,103.36,877.74,30.742,400.4,12.856,167.12,11.626,151.21,58.2,59.2,56.6,57.4,59.2,64.8,4.9,34.9,4976.0,4976,101
b1f4491b-846d8cb2,CTD-0.30,0.45030286737063224,0.32158839302336006,0.865760827669238,0.3161627845139332,1567,1248,753,495,814,86,116,57.43,0,116,0.0,57.43,0,0.0,0,0.0,86,42.57,6.67,23.239,45.632,97.928,294.66,27.489,176.47,12.207,78.09,10.983,70.33,57.6,58.5,56.1,56.4,58.5,40.6,5.0,30.3,4980.0,4985,49
b1f4491b-846d8cb2,CTD-0.50,0.472832216208245,0.35188423925922163,0.9047146151332648,0.313250440287719,1567,1157,777,380,790,107,95,47.03,0,95,0.0,47.03,0,0.0,0,0.0,107,52.97,7.4,28.001,62.852,102.13,449.1,30.277,217.51,12.785,91.64,11.572,83.0,57.9,59.0,56.3,57.0,58.7,59.9,4.9,34.2,4979.0,4981,55
b1f4491b-846d8cb2,CTD-0.70,0.507028129175656,0.3860620926921333,0.9137362326528237,0.3318437597317075,1567,1207,829,378,738,123,79,39.11,0,79,0.0,39.11,0,0.0,0,0.0,123,60.89,8.24,31.997,66.173,98.964,529.82,31.177,251.33,12.971,104.26,11.769,94.66,58.1,59.2,56.2,57.2,59.2,63.6,4.8,35.7,4981.0,4983,61
b1f4491b-846d8cb2,CTD-0.90,0.572594137122313,0.4357318572909886,0.9434201663512082,0.35503084450116995,1567,1227,924,303,643,142,60,29.7,0,60,0.0,29.7,0,0.0,0,0.0,142,70.3,9.35,36.978,64.993,102.53,591.2,31.937,291.5,13.097,119.25,11.879,108.21,58.3,59.3,56.6,57.2,59.3,60.3,4.8,36.8,4977.0,4978,70
b1f4491b-97465266,CTD-0.30,0.41555904307418934,0.2572372293893318,0.8412113762156045,0.27317615593399974,1845,1299,881,418,964,88,115,56.65,0,115,0.0,56.65,0,0.0,0,0.0,88,43.35,6.79,23.821,40.502,101.934,266.24,27.997,183.34,12.27,79.99,11.071,72.22,57.7,58.8,56.0,56.5,58.8,28.0,5.0,32.0,4979.0,4981,50
b1f4491b-97465266,CTD-0.50,0.46652574944848757,0.29486359050766037,0.8720904892471849,0.302374236570354,1845,1372,954,418,891,103,100,49.26,0,100,0.0,49.26,0,0.0,0,0.0,103,50.74,7.22,27.1,66.237,97.912,460.15,30.063,211.51,12.758,89.45,11.52,80.84,57.9,58.8,56.0,56.5,58.8,62.6,5.0,34.0,4980.0,4981,54
b1f4491b-97465266,CTD-0.70,0.47632663223309074,0.30341408867069725,0.8790145533019418,0.3045411801116547,1845,1366,970,396,875,111,92,45.32,0,92,0.0,45.32,0,0.0,0,0.0,111,54.68,7.71,29.533,64.176,100.946,475.02,30.428,225.96,12.794,94.72,11.554,85.61,57.8,58.8,56.0,56.5,58.8,57.5,4.9,34.7,4981.0,4981,57
b1f4491b-97465266,CTD-0.90,0.5025458149980091,0.3219093885961656,0.8895983675398212,0.3207394529838029,1845,1417,1010,407,835,130,73,35.96,0,73,0.0,35.96,0,0.0,0,0.0,130,64.04,8.75,34.271,58.768,102.724,500.19,31.303,268.68,13.03,111.45,11.732,100.43,58.0,59.2,56.2,56.8,59.2,55.8,4.8,35.7,4980.0,4983,65
b1f4491b-9958bd99,CTD-0.30,0.6886529825062035,0.43948483482344464,0.9203314699993687,0.4450795774558151,2775,2828,1993,835,782,180,22,10.89,0,22,0.0,10.89,0,0.0,0,0.0,180,89.11,12.51,51.026,60.665,102.956,740.32,30.692,375.96,12.83,156.84,11.598,141.85,58.1,58.8,56.2,56.6,58.8,54.8,4.9,35.4,4993.0,4999,96
b1f4491b-9958bd99,CTD-0.50,0.6952668190513818,0.4432759180632915,0.925667066531119,0.4467591258636035,2775,2814,2004,810,771,184,18,8.91,0,18,0.0,8.91,0,0.0,0,0.0,184,91.09,12.29,50.742,72.572,105.182,879.18,31.67,383.24,13.057,157.63,11.789,142.42,58.2,59.4,56.2,56.7,59.4,70.4,4.8,36.2,4993.0,4994,97
b1f4491b-9958bd99,CTD-0.70,0.7116293021798986,0.4548135056999792,0.9296917831934397,0.45406572359053876,2775,2841,2047,794,728,193,9,4.46,0,9,0.0,4.46,0,0.0,0,0.0,193,95.54,12.71,53.123,59.159,102.696,740.99,31.827,397.55,13.028,162.41,11.802,147.21,58.1,59.3,56.4,57.1,59.3,54.0,4.8,36.9,4996.0,4996,97
b1f4491b-9958bd99,CTD-0.90,0.7116293021798986,0.4548135056999792,0.9296917831934397,0.45406572359053876,2775,2841,2047,794,728,193,9,4.46,0,9,0.0,4.46,0,0.0,0,0.0,193,95.54,12.84,53.452,71.193,103.092,901.0,31.646,399.25,13.028,164.02,11.808,148.76,58.2,59.4,56.5,57.2,59.4,68.1,4.8,36.6,4999.0,4999,97
b1f4491b-bf7d513f,CTD-0.30,0.256312400910765,0.15155098916061996,0.6856361385310152,0.21887268350155464,1359,1038,418,620,941,40,163,80.3,0,163,0.0,80.3,0,0.0,0,0.0,40,19.7,3.73,10.941,50.384,97.246,173.22,22.656,78.17,11.224,38.39,10.0,34.3,57.0,58.2,55.6,56.2,58.2,41.8,5.4,23.8,5004.0,5007,27
b1f4491b-bf7d513f,CTD-0.50,0.4215643915926454,0.2779511222738244,0.8331501473806189,0.30776141564683074,1359,1118,620,498,739,75,128,63.05,0,128,0.0,63.05,0,0.0,0,0.0,75,36.95,5.29,19.534,62.945,99.864,313.06,29.238,147.18,12.611,63.28,11.362,57.05,57.4,58.7,55.8,56.4,58.7,59.8,4.8,32.2,5002.0,5002,39
b1f4491b-bf7d513f,CTD-0.70,0.3834966981156016,0.25031144207871553,0.8020156172048836,0.2906350950481263,1359,1115,573,542,786,66,137,67.49,0,137,0.0,67.49,0,0.0,0,0.0,66,32.51,4.88,17.296,66.421,104.46,304.78,28.626,132.48,12.488,57.42,11.231,51.72,57.3,58.4,55.6,56.0,58.4,60.8,5.0,32.2,4999.0,4999,36
b1f4491b-bf7d513f,CTD-0.90,0.517308544493444,0.3560493641604926,0.8807650462044442,0.3547987142771911,1359,1184,746,438,613,114,89,43.84,0,89,0.0,43.84,0,0.0,0,0.0,114,56.16,7.56,29.715,57.256,107.57,416.47,31.147,226.77,12.951,93.98,11.708,85.02,57.6,58.9,55.8,56.3,58.9,55.4,4.9,35.8,4991.0,4993,56
b1f4491b-cf446195,CTD-0.30,0.5610209887610005,0.3757224555885754,0.8916897949809283,0.3814372679000844,2910,2678,1717,961,1193,169,33,16.34,0,33,0.0,16.34,0,0.0,0,0.0,169,83.66,12.1,49.662,66.675,103.812,793.13,29.804,354.37,12.594,149.46,11.449,135.94,57.8,59.2,55.9,56.3,59.2,61.8,4.9,34.4,4993.0,4996,92
b1f4491b-cf446195,CTD-0.50,0.578759854795855,0.39144349765190356,0.9005975032602106,0.38861875613647523,2910,2688,1763,925,1147,177,25,12.38,0,25,0.0,12.38,0,0.0,0,0.0,177,87.62,12.12,50.481,67.404,105.222,803.04,30.871,368.06,12.839,152.82,11.634,138.57,57.8,58.8,55.8,56.3,58.8,62.2,4.9,35.3,4993.0,4995,94
b1f4491b-cf446195,CTD-0.70,0.5801594468416186,0.3917733976892008,0.9003590352105383,0.3895304401048141,2910,2695,1768,927,1142,178,24,11.88,0,24,0.0,11.88,0,0.0,0,0.0,178,88.12,12.43,52.004,64.393,103.962,788.97,30.472,373.39,12.746,155.81,11.594,141.83,57.9,58.9,55.9,56.3,58.9,58.4,4.9,34.5,4995.0,4997,94
b1f4491b-cf446195,CTD-0.90,0.6035418139264126,0.4109742089632313,0.9110004830087937,0.39597485579283254,2910,2688,1837,851,1073,191,11,5.45,0,11,0.0,5.45,0,0.0,0,0.0,191,94.55,13.06,54.772,68.924,104.318,879.6,30.941,394.55,12.894,164.21,11.686,148.89,57.9,59.2,55.9,56.4,59.2,63.4,4.9,35.5,4997.0,5000,100
b1f4491b-d8d1459c,CTD-0.30,0.5919803777722144,0.4158542821174529,0.9035640895361676,0.38427047941337983,1508,1367,946,421,562,130,73,35.96,0,73,0.0,35.96,0,0.0,0,0.0,130,64.04,8.97,33.869,62.695,100.82,546.34,30.236,265.87,12.72,111.56,11.534,101.25,57.7,58.6,55.8,56.3,58.6,58.9,4.9,33.5,4999.0,5001,70
b1f4491b-d8d1459c,CTD-0.50,0.7130306837627784,0.5208195523058515,0.9511015835288582,0.4302999170970041,1508,1411,1107,304,401,183,20,9.85,0,20,0.0,9.85,0,0.0,0,0.0,183,90.15,11.47,46.817,62.808,106.862,704.67,33.224,371.77,13.368,149.33,12.115,135.39,58.3,59.6,56.3,56.6,59.6,60.6,4.8,38.8,5004.0,5005,88
b1f4491b-d8d1459c,CTD-0.70,0.71881900592239,0.5276814100463605,0.9556992751727009,0.4329664547537335,1508,1409,1111,298,397,189,14,6.9,0,14,0.0,6.9,0,0.0,0,0.0,189,93.1,11.67,47.687,70.682,102.268,808.28,34.021,388.79,13.461,153.63,12.271,140.11,58.8,60.0,56.6,57.0,60.0,70.5,4.7,39.6,5005.0,5005,91
b1f4491b-d8d1459c,CTD-0.90,0.7233815618980148,0.5310584582720543,0.9558241911420724,0.43694342783168627,1508,1422,1117,305,391,194,9,4.43,0,9,0.0,4.43,0,0.0,0,0.0,194,95.57,12.13,49.959,71.178,103.058,843.45,33.393,395.61,13.43,158.79,12.207,144.4,58.9,59.8,57.1,57.7,59.8,70.5,4.8,39.1,5007.0,5009,91
b1f4491b-dd8dfed5,CTD-0.30,0.4130719769136775,0.2761158885116594,0.872895202546078,0.28583665007430187,2330,1652,1030,622,1300,102,101,49.75,0,101,0.0,49.75,0,0.0,0,0.0,102,50.25,7.53,28.069,59.193,101.218,427.65,29.058,210.12,12.519,90.24,11.323,81.66,58.1,59.2,56.6,57.2,59.2,52.7,4.9,33.4,5008.0,5014,55
b1f4491b-dd8dfed5,CTD-0.50,0.40422327337664415,0.2683230610231082,0.866317105113464,0.2818089777391422,2330,1649,1011,638,1319,102,101,49.75,0,101,0.0,49.75,0,0.0,0,0.0,102,50.25,7.11,27.456,65.468,102.772,446.64,29.981,205.57,12.737,86.93,11.503,78.59,58.0,59.6,56.4,57.2,59.6,60.1,4.9,33.5,5008.0,5010,53
b1f4491b-dd8dfed5,CTD-0.70,0.4782266088827043,0.32735110540040935,0.9149569666710692,0.3110022420088399,2330,1675,1166,509,1164,124,79,38.92,0,79,0.0,38.92,0,0.0,0,0.0,124,61.08,8.29,32.965,67.373,99.572,539.68,30.885,248.43,12.926,103.58,11.698,93.8,57.9,59.5,56.2,57.1,59.5,65.7,4.9,34.9,5006.0,5009,61
b1f4491b-dd8dfed5,CTD-0.90,0.518393237962889,0.361808306576326,0.9291740281826857,0.3265442020091936,2330,1717,1258,459,1072,142,61,30.05,0,61,0.0,30.05,0,0.0,0,0.0,142,69.95,9.1,36.851,68.835,103.554,604.77,32.325,286.25,13.222,116.73,11.966,105.74,58.2,59.2,56.4,57.1,59.2,65.7,4.8,36.9,5008.0,5009,68
b1f6c103-5ce1f3c6,CTD-0.30,0.3412778952702057,0.2379709426113191,0.867725332769377,0.24180355688297586,762,464,274,190,488,106,73,40.78,0,73,0.0,40.78,0,0.0,0,0.0,106,59.22,6.59,29.428,68.979,101.732,434.98,33.127,208.9,13.372,84.06,12.139,76.38,58.5,59.6,56.6,57.1,59.6,68.3,4.6,37.2,5008.0,5011,48
b1f6c103-5ce1f3c6,CTD-0.50,0.2819644497916496,0.19335044620430092,0.8604082681192662,0.20006882173147378,762,389,228,161,534,102,77,43.02,0,77,0.0,43.02,0,0.0,0,0.0,102,56.98,6.07,27.722,67.48,99.28,389.92,34.325,200.57,13.641,79.52,12.389,72.25,58.8,59.6,56.9,57.4,59.6,67.6,4.7,39.8,5012.0,5012,45
b1f6c103-5ce1f3c6,CTD-0.70,0.287689734665887,0.19732324933816034,0.8627848566016204,0.20392371839595996,762,395,232,163,530,104,75,41.9,0,75,0.0,41.9,0,0.0,0,0.0,104,58.1,6.15,28.168,70.44,102.23,416.26,34.402,205.23,13.716,81.61,12.4,73.82,59.0,60.3,57.1,57.8,60.3,68.9,4.6,40.4,5010.0,5012,47
b1f6c103-5ce1f3c6,CTD-0.90,0.40493708513573545,0.2848585742935644,0.9099274739577953,0.2722488297210271,762,485,319,166,443,120,59,32.96,0,59,0.0,32.96,0,0.0,0,0.0,120,67.04,7.03,32.791,75.26,103.428,513.03,34.881,235.73,13.752,92.7,12.491,84.26,59.3,60.1,57.2,57.7,60.1,75.9,4.6,40.9,5012.0,5012,54
b1f6c103-8b75ea3e,CTD-0.30,0.39482387697657007,0.2621800569699936,0.8990205684400978,0.24917441820256575,2420,1434,1027,407,1393,135,67,33.17,0,67,0.0,33.17,0,0.0,0,0.0,135,66.83,8.64,34.513,70.456,103.17,590.78,33.078,276.42,13.356,111.33,12.171,101.5,59.1,60.1,57.2,57.6,60.1,69.0,4.8,39.2,5011.0,5012,63
b1f6c103-8b75ea3e,CTD-0.50,0.3960396497504903,0.2633952457414815,0.9001439538777358,0.2498056267457598,2420,1435,1029,406,1391,136,66,32.67,0,66,0.0,32.67,0,0.0,0,0.0,136,67.33,8.63,35.375,65.48,108.47,544.85,32.855,275.19,13.317,111.24,12.095,101.08,58.8,59.8,56.9,57.5,60.2,63.4,4.8,38.1,5009.0,5013,66
b1f6c103-8b75ea3e,CTD-0.70,0.40946803098314555,0.2773916352279405,0.9254968067227508,0.2557018341359267,2420,1409,1037,372,1383,153,49,24.26,0,49,0.0,24.26,0,0.0,0,0.0,153,75.74,9.56,39.701,66.464,100.36,618.18,33.218,310.24,13.464,125.53,12.198,113.79,58.9,60.0,57.2,57.8,60.0,65.2,4.7,38.5,5011.0,5013,71
b1f6c103-8b75ea3e,CTD-0.90,0.4642004618575838,0.31545054871445266,0.9438683512070196,0.28433048045021436,2420,1517,1160,357,1260,175,27,13.37,0,27,0.0,13.37,0,0.0,0,0.0,175,86.63,10.8,45.527,71.543,104.368,754.81,33.723,357.17,13.518,142.8,12.308,130.15,59.1,60.0,57.3,57.9,60.0,68.0,4.6,39.4,5012.0,5014,82
b1f6c103-b00e8aad,CTD-0.30,0.4081129301966749,0.2793280580764826,0.9117664922730752,0.2570778087642905,2271,1350,987,363,1284,109,93,46.04,0,93,0.0,46.04,0,0.0,0,0.0,109,53.96,7.54,28.833,59.183,98.986,434.46,30.493,223.06,12.874,93.86,11.658,85.06,58.7,60.2,57.1,57.8,60.2,54.4,4.8,35.5,5013.0,5018,56
b1f6c103-b00e8aad,CTD-0.50,0.4328528839573187,0.29653059502665763,0.9219561961096063,0.26837555879166075,2271,1387,1039,348,1232,120,82,40.59,0,82,0.0,40.59,0,0.0,0,0.0,120,59.41,7.91,31.598,71.961,103.248,547.18,31.811,242.9,13.152,100.05,11.946,90.96,58.8,60.0,57.1,57.7,60.0,68.5,4.8,36.6,5016.0,5016,58
b1f6c103-b00e8aad,CTD-0.70,0.46805622342574815,0.31550178143736773,0.9336026573517812,0.28471977803476667,2271,1445,1114,331,1157,128,74,36.63,0,74,0.0,36.63,0,0.0,0,0.0,128,63.37,8.33,33.57,67.441,102.502,546.01,32.128,261.28,13.253,107.43,11.98,97.18,58.7,59.6,57.1,57.8,60.4,63.7,4.8,36.8,5014.0,5017,62
b1f6c103-b00e8aad,CTD-0.90,0.501581365565476,0.34339981425828636,0.9458341367244032,0.29901656618383937,2271,1486,1184,302,1087,143,59,29.21,0,59,0.0,29.21,0,0.0,0,0.0,143,70.79,9.16,37.555,60.807,101.03,537.79,32.46,287.85,13.262,117.32,12.042,106.59,58.8,59.9,57.2,57.8,59.9,58.2,4.7,37.7,5016.0,5017,68
b1f85377-44885085,CTD-0.30,0.5661505404564717,0.3667517127211818,0.8661808191728827,0.4009281969893714,1434,1450,860,590,574,150,53,26.11,0,53,0.0,26.11,0,0.0,0,0.0,150,73.89,9.63,38.688,67.782,97.842,639.77,32.458,305.88,13.212,124.31,12.038,113.33,58.8,60.1,57.1,57.9,60.1,64.2,4.8,37.5,5017.0,5022,74
b1f85377-44885085,CTD-0.50,0.6232319419029484,0.4052568066845564,0.8817164247321977,0.42725197582519764,1434,1500,949,551,485,175,28,13.79,0,28,0.0,13.79,0,0.0,0,0.0,175,86.21,10.76,44.892,68.777,97.022,726.47,33.867,357.5,13.514,142.37,12.335,130.02,59.2,60.7,57.4,58.2,60.7,66.2,4.7,39.5,5019.0,5020,85
b1f85377-44885085,CTD-0.70,0.6236827558425161,0.4064307468156475,0.8819423029759863,0.4271718104957001,1434,1499,950,549,484,177,26,12.81,0,26,0.0,12.81,0,0.0,0,0.0,177,87.19,10.83,45.179,57.913,97.638,607.97,33.983,358.3,13.533,142.52,12.341,130.02,59.2,60.8,57.6,58.4,60.8,55.5,4.7,39.8,5021.0,5021,85
b1f85377-44885085,CTD-0.90,0.6251731524325116,0.40782321334217386,0.8812074374895364,0.4283897932044279,1434,1505,953,552,481,179,24,11.82,0,24,0.0,11.82,0,0.0,0,0.0,179,88.18,10.86,45.362,67.326,105.43,711.83,34.257,363.43,13.68,144.87,12.407,131.47,59.5,60.5,57.7,58.5,60.5,66.6,4.8,40.1,5013.0,5014,85
b1fbaab8-68db7df7,CTD-0.30,0.5034776999570971,0.3339249776057739,0.8921320704591135,0.3315829157054054,1108,881,597,284,511,83,119,58.91,0,119,0.0,58.91,0,0.0,0,0.0,83,41.09,5.93,21.371,59.468,96.354,343.51,29.332,168.03,12.607,72.0,11.377,65.03,58.8,60.2,57.3,57.9,60.2,53.3,5.0,33.6,5014.0,5019,46
b1fbaab8-68db7df7,CTD-0.50,0.5122013948789144,0.3385045503867405,0.8903592297743889,0.331315438329363,1108,882,613,269,495,80,122,60.4,0,122,0.0,60.4,0,0.0,0,0.0,80,39.6,5.42,20.107,66.222,104.87,338.69,30.44,157.63,12.942,66.85,11.647,60.21,58.8,60.2,57.2,57.9,60.2,60.6,4.8,34.0,5016.0,5019,42
b1fbaab8-68db7df7,CTD-0.70,0.5030446050259942,0.3368863136341236,0.9074244890090712,0.3197783297465067,1108,827,594,233,514,72,130,64.36,0,130,0.0,64.36,0,0.0,0,0.0,72,35.64,4.95,18.059,54.054,97.74,253.18,29.956,140.58,12.776,59.81,11.557,54.14,58.6,60.0,57.0,57.4,60.0,47.6,4.9,32.9,5020.0,5022,38
b1fbaab8-68db7df7,CTD-0.90,0.6297337115057864,0.47882590639721084,0.961217211931276,0.3754553152868435,1108,891,712,179,396,135,67,33.17,0,67,0.0,33.17,0,0.0,0,0.0,135,66.83,8.29,33.561,70.048,103.768,565.91,33.665,271.52,13.443,108.2,12.311,99.14,59.1,60.7,57.3,58.0,60.7,68.1,4.7,38.9,5022.0,5022,64
b1fbf878-b31a8293,CTD-0.30,0.4833432238883241,0.3346279751998717,0.9324660502531228,0.3086417871067984,2215,1540,1103,437,1112,160,41,20.4,0,41,0.0,20.4,0,0.0,0,0.0,160,79.6,10.28,41.912,58.104,105.498,582.8,32.607,327.94,13.273,133.22,12.082,121.34,59.1,60.4,57.5,57.9,60.2,54.1,4.7,38.4,5022.0,5028,78
b1fbf878-b31a8293,CTD-0.50,0.5078249788883971,0.35222564967045505,0.9429671782749619,0.3177613370622152,2215,1557,1154,403,1061,167,34,16.92,0,34,0.0,16.92,0,0.0,0,0.0,167,83.08,10.5,43.904,69.223,102.95,712.21,33.321,342.07,13.451,137.84,12.241,125.5,59.3,60.6,57.5,58.0,60.6,67.4,4.7,38.5,5025.0,5027,78
b1fbf878-b31a8293,CTD-0.70,0.5284490425791332,0.37106040833707177,0.9522614721264526,0.3264286185503139,2215,1574,1194,380,1021,175,26,12.94,0,26,0.0,12.94,0,0.0,0,0.0,175,87.06,10.79,45.248,69.817,104.816,737.75,33.753,358.78,13.487,143.09,12.315,130.72,59.3,60.6,57.6,58.3,60.6,65.2,4.8,39.4,5028.0,5028,84
b1fbf878-b31a8293,CTD-0.90,0.5624418626555127,0.39647288901735284,0.9610936787500675,0.33924540470815856,2215,1610,1268,342,947,183,18,8.96,0,18,0.0,8.96,0,0.0,0,0.0,183,91.04,11.14,47.046,69.316,102.42,752.11,34.09,370.61,13.583,147.36,12.37,134.29,59.5,60.9,57.7,58.3,60.9,65.3,4.6,39.7,5029.0,5029,85
b1fc95c9-644e3c3f,CTD-0.30,0.5456234850711054,0.39400960218447373,0.7686050852343115,0.4109455497065669,1516,1833,983,850,533,96,106,52.48,0,106,0.0,52.48,0,0.0,0,0.0,96,47.52,7.21,25.905,62.633,106.732,430.0,29.035,200.88,12.512,86.34,11.325,78.21,58.8,60.2,57.0,57.4,60.2,55.5,5.0,33.4,5030.0,5034,55
b1fc95c9-644e3c3f,CTD-0.50,0.5476410677859137,0.3973426498814387,0.770165759883381,0.41190658422123305,1516,1834,984,850,532,98,104,51.49,0,104,0.0,51.49,0,0.0,0,0.0,98,48.51,6.86,25.555,61.231,101.344,405.84,30.174,199.64,12.828,84.53,11.546,76.17,58.5,59.8,56.7,57.2,59.8,56.0,5.0,33.0,5032.0,5032,53
b1fc95c9-644e3c3f,CTD-0.70,0.547771501088536,0.397685790654143,0.770178986153389,0.41173250504254155,1516,1834,984,850,532,99,103,50.99,0,103,0.0,50.99,0,0.0,0,0.0,99,49.01,7.1,26.611,66.992,106.098,460.01,29.361,201.26,12.656,86.33,11.363,77.6,58.2,59.5,56.5,56.9,59.5,60.7,5.0,33.6,5032.0,5032,54
b1fc95c9-644e3c3f,CTD-0.90,0.6465434849729772,0.4715972986469083,0.8309179846699737,0.45021726857350136,1516,1804,1111,693,405,125,77,38.12,0,77,0.0,38.12,0,0.0,0,0.0,125,61.88,8.65,33.629,62.374,106.546,528.13,30.205,256.05,12.791,108.15,11.545,97.69,58.3,59.3,56.5,57.1,59.3,57.0,5.0,34.9,5034.0,5034,66
b1fc95c9-cb2882c7,CTD-0.30,0.6322945816790595,0.4159357193421842,0.8433733231852473,0.42539460435670184,3158,3438,2277,1161,881,106,96,47.52,0,96,0.0,47.52,0,0.0,0,0.0,106,52.48,7.91,30.334,45.749,97.23,350.63,28.829,220.71,12.457,94.98,11.234,85.73,58.1,59.0,56.3,56.8,59.0,37.7,5.0,32.5,5034.0,5038,60
b1fc95c9-cb2882c7,CTD-0.50,0.6507178161312968,0.43687182317911527,0.8622011335861256,0.4375294798758061,3158,3448,2280,1168,878,119,83,41.09,0,83,0.0,41.09,0,0.0,0,0.0,119,58.91,8.88,35.595,52.207,101.988,448.96,28.978,250.82,12.483,107.7,11.288,97.48,57.8,59.2,56.0,56.4,59.2,45.6,4.9,32.6,5035.0,5039,67
b1fc95c9-cb2882c7,CTD-0.70,0.6960576692608632,0.46983352194170286,0.8716596165265083,0.4522660419437787,3158,3490,2446,1044,712,128,74,36.63,0,74,0.0,36.63,0,0.0,0,0.0,128,63.37,9.85,39.76,67.973,100.054,656.51,28.063,271.96,12.409,119.73,11.157,107.77,57.5,58.5,55.7,56.2,58.5,62.4,4.9,31.5,5037.0,5038,73
b1fc95c9-cb2882c7,CTD-0.90,0.7161965439903962,0.4842905875749001,0.8783867604153073,0.4578859173730907,3158,3488,2510,978,648,128,74,36.63,0,74,0.0,36.63,0,0.0,0,0.0,128,63.37,9.91,40.036,57.421,106.796,562.27,27.978,273.19,12.317,119.78,11.107,108.11,57.2,58.4,55.4,56.0,58.4,49.0,5.0,31.5,5039.0,5042,73
b1ff4656-0435391e,CTD-0.30,0.6679970314515387,0.47454165245585556,0.9022907450215871,0.44129320158648977,2561,2673,1803,870,758,162,40,19.8,0,40,0.0,19.8,0,0.0,0,0.0,162,80.2,11.41,46.743,61.799,101.478,688.6,29.859,334.66,12.646,141.35,11.452,128.12,57.3,58.4,55.5,56.5,58.4,56.8,4.8,33.5,5041.0,5047,84
b1ff4656-0435391e,CTD-0.50,0.6729244378730603,0.4799896394680478,0.9035820585850468,0.4445861747178372,2561,2688,1813,875,748,166,36,17.82,0,36,0.0,17.82,0,0.0,0,0.0,166,82.18,11.1,46.319,61.862,102.458,670.38,31.307,339.73,12.969,140.42,11.748,127.29,57.8,58.8,56.0,56.8,58.8,59.7,4.8,36.0,5032.0,5037,82
b1ff4656-0435391e,CTD-0.70,0.6729244378730603,0.4799896394680478,0.9035820585850468,0.4445861747178372,2561,2688,1813,875,748,166,36,17.82,0,36,0.0,17.82,0,0.0,0,0.0,166,82.18,11.37,47.469,43.273,96.0,486.5,30.73,344.35,12.839,143.56,11.621,130.02,57.7,58.8,55.9,56.5,58.8,36.0,4.9,35.2,5034.0,5035,84
b1ff4656-0435391e,CTD-0.90,0.7265930486669526,0.521118637318527,0.9212249000322114,0.46357925442726877,2561,2720,1945,775,616,185,17,8.42,0,17,0.0,8.42,0,0.0,0,0.0,185,91.58,12.52,52.728,56.254,105.148,683.58,31.283,381.64,12.924,157.39,11.723,142.82,58.0,59.6,56.1,56.8,59.1,51.8,4.8,35.8,5035.0,5037,92
b1ff4656-94ee8536,CTD-0.30,0.5820019551697002,0.4510852746292988,0.9297803135533822,0.34679340812071874,1439,1120,886,234,553,122,81,39.9,0,81,0.0,39.9,0,0.0,0,0.0,122,60.1,8.41,31.677,60.251,101.274,494.65,30.23,247.76,12.801,104.68,11.518,94.26,57.8,58.9,56.0,56.6,58.9,57.7,4.9,33.8,5038.0,5043,62
b1ff4656-94ee8536,CTD-0.50,0.5841826087884167,0.4513920076629091,0.9463902705300017,0.3427956437486865,1439,1078,876,202,563,133,70,34.48,0,70,0.0,34.48,0,0.0,0,0.0,133,65.52,8.65,33.668,67.633,105.66,567.6,31.884,268.09,13.115,110.19,11.845,99.56,58.1,59.2,56.2,56.7,59.1,63.2,4.8,36.5,5040.0,5046,65
b1ff4656-94ee8536,CTD-0.70,0.6134944574897483,0.4890143682409496,0.9581912768579194,0.3559702072956588,1439,1099,910,189,529,157,46,22.66,0,46,0.0,22.66,0,0.0,0,0.0,157,77.34,9.91,39.469,65.121,100.008,633.55,32.966,319.25,13.348,129.16,12.048,116.6,58.4,59.9,56.4,57.1,59.6,61.8,4.9,38.2,5038.0,5040,76
b1ff4656-94ee8536,CTD-0.90,0.6422983185089886,0.5165488977905544,0.9634044365085701,0.36908312680265914,1439,1130,949,181,490,170,33,16.26,0,33,0.0,16.26,0,0.0,0,0.0,170,83.74,10.66,43.018,71.61,102.786,740.27,33.229,344.46,13.451,139.14,12.129,125.54,58.7,59.9,56.7,57.2,59.9,68.3,4.8,38.6,5039.0,5040,79
b1ff4656-ebcfeb35,CTD-0.30,0.30987096808233355,0.18419790869829308,0.8681813578174914,0.21299212429727135,1326,704,445,259,881,61,142,69.95,0,142,0.0,69.95,0,0.0,0,0.0,61,30.05,4.98,15.94,55.744,99.572,271.22,25.811,123.78,11.937,57.1,10.631,50.91,57.8,59.0,56.1,56.6,59.1,49.7,5.3,29.8,5039.0,5044,37
b1ff4656-ebcfeb35,CTD-0.50,0.2880848614943283,0.1658077880615662,0.8051238177249681,0.2122627134662639,1326,782,433,349,893,56,147,72.41,0,147,0.0,72.41,0,0.0,0,0.0,56,27.59,4.46,14.793,52.354,106.174,219.52,26.57,112.75,12.007,50.76,10.777,45.62,57.3,58.3,55.7,56.2,58.3,46.7,5.1,30.3,5042.0,5042,33
b1ff4656-ebcfeb35,CTD-0.70,0.2578909395529973,0.154738178991037,0.8048943144374333,0.19128115399570156,1326,706,385,321,941,38,165,81.28,0,165,0.0,81.28,0,0.0,0,0.0,38,18.72,3.38,9.925,59.527,102.514,183.97,23.745,73.55,11.622,35.84,10.257,31.66,57.0,58.0,55.4,55.9,58.0,52.1,5.2,25.6,5042.0,5043,24
b1ff4656-ebcfeb35,CTD-0.90,0.35886062669564417,0.22096039889184768,0.9142156108175897,0.2315510732758988,1326,708,501,207,825,96,107,52.71,0,107,0.0,52.71,0,0.0,0,0.0,96,47.29,6.48,24.048,67.112,102.028,415.95,31.084,192.67,12.902,79.71,11.645,72.01,57.6,58.7,55.7,56.3,58.7,62.7,4.9,35.3,5044.0,5045,50
b200b84e-4a792877,CTD-0.30,0.3277919993801711,0.2076462281452819,0.8978869609384121,0.224428875482467,1765,949,599,350,1166,124,76,38.0,0,76,0.0,38.0,0,0.0,0,0.0,124,62.0,7.95,31.759,63.099,104.064,484.01,32.181,247.12,13.12,100.47,11.886,91.07,57.9,59.4,56.0,56.5,59.2,61.4,4.8,36.9,5045.0,5048,61
b200b84e-4a792877,CTD-0.50,0.4099126520526863,0.2576427204073648,0.935078574400866,0.26306694641511075,1765,1041,742,299,1023,154,46,23.0,0,46,0.0,23.0,0,0.0,0,0.0,154,77.0,9.4,39.615,67.738,107.11,627.18,33.957,312.89,13.574,124.85,12.259,112.82,58.5,59.4,56.5,57.0,59.4,63.3,4.7,39.7,5046.0,5049,71
b200b84e-4a792877,CTD-0.70,0.4070193331549845,0.2553557166502177,0.9325241477755377,0.26129787617285366,1765,1038,739,299,1026,154,46,23.0,0,46,0.0,23.0,0,0.0,0,0.0,154,77.0,9.36,39.42,72.614,104.758,654.45,34.089,309.24,13.624,123.38,12.324,111.65,58.9,60.1,56.8,57.3,60.1,70.4,4.8,39.8,5047.0,5049,69
b200b84e-4a792877,CTD-0.90,0.4398520328966052,0.2752936005133355,0.947420029425182,0.2753397573199963,1765,1066,793,273,972,171,29,14.5,0,29,0.0,14.5,0,0.0,0,0.0,171,85.5,10.3,43.799,72.781,103.094,733.99,34.414,346.67,13.648,137.22,12.402,124.75,59.1,60.3,57.0,57.5,60.3,68.3,4.7,40.4,5048.0,5049,78
b200e97a-bf074435,CTD-0.30,0.6658307540821513,0.44410190874639355,0.8776008835458509,0.45049342832047934,2442,2706,1750,956,692,173,29,14.36,0,29,0.0,14.36,0,0.0,0,0.0,173,85.64,12.05,48.515,64.16,103.856,764.61,30.748,365.86,12.903,153.17,11.647,138.34,58.7,59.8,56.8,57.1,59.8,60.4,4.9,35.6,5048.0,5053,92
b200e97a-bf074435,CTD-0.50,0.6695289532462072,0.44745005468952137,0.8789305108302632,0.45326996393564983,2442,2719,1755,964,687,177,25,12.38,0,25,0.0,12.38,0,0.0,0,0.0,177,87.62,12.22,50.224,64.625,105.8,773.17,30.858,368.63,12.92,154.06,11.658,139.09,58.4,59.6,56.4,56.8,59.6,60.7,4.9,35.0,5050.0,5051,92
b200e97a-bf074435,CTD-0.70,0.6695289532462072,0.44745005468952137,0.8789305108302632,0.45326996393564983,2442,2719,1755,964,687,177,25,12.38,0,25,0.0,12.38,0,0.0,0,0.0,177,87.62,11.91,48.924,60.562,102.448,702.69,31.324,364.18,12.952,150.2,11.75,136.37,58.3,58.9,56.4,57.2,58.9,56.5,4.9,35.8,5051.0,5051,90
b200e97a-bf074435,CTD-0.90,0.6751484091437477,0.451886732076618,0.8832343791052808,0.4570713336780175,2442,2723,1760,963,682,182,20,9.9,0,20,0.0,9.9,0,0.0,0,0.0,182,90.1,12.15,50.244,59.634,99.142,713.34,31.328,374.0,12.935,154.13,11.774,140.38,58.2,59.3,56.6,57.4,59.3,55.4,4.9,36.3,5051.0,5051,90
b20234fd-822029be,CTD-0.30,0.4556587722096267,0.2942936169189413,0.9270164207867202,0.28929695066687955,1921,1255,913,342,1008,148,54,26.73,0,54,0.0,26.73,0,0.0,0,0.0,148,73.27,9.49,38.141,70.359,105.204,648.63,32.406,298.96,13.194,121.39,12.001,110.51,58.5,59.8,56.6,57.4,59.8,67.0,4.7,36.9,5054.0,5060,70
b20234fd-822029be,CTD-0.50,0.4778000444760439,0.31963153591047944,0.9384221445118509,0.29764877352016145,1921,1269,950,319,971,160,42,20.79,0,42,0.0,20.79,0,0.0,0,0.0,160,79.21,9.86,40.731,71.483,101.672,686.29,33.558,324.63,13.466,129.96,12.258,118.37,58.9,60.0,57.0,57.9,60.0,71.0,4.7,39.2,5055.0,5057,74
b20234fd-822029be,CTD-0.70,0.48670933041002845,0.3246653093813857,0.9451861665365091,0.2983951125084726,1921,1258,965,293,956,167,35,17.33,0,35,0.0,17.33,0,0.0,0,0.0,167,82.67,10.17,42.33,70.929,108.174,705.55,34.058,338.2,13.561,134.41,12.36,122.58,59.1,60.8,57.2,58.0,60.8,69.9,4.7,39.8,5055.0,5057,75
b20234fd-822029be,CTD-0.90,0.5164577225211072,0.34955799874670535,0.9548043002904609,0.3112522484779301,1921,1291,1018,273,903,183,19,9.41,0,19,0.0,9.41,0,0.0,0,0.0,183,90.59,11.04,46.301,74.632,108.988,803.57,34.378,370.25,13.651,146.71,12.44,133.78,59.3,60.6,57.4,58.1,60.6,72.7,4.7,40.2,5057.0,5057,82
b202cae2-672e61c5,CTD-0.30,0.7903605710262198,0.6013744745789157,0.9533565722140972,0.48562176651923333,2487,2625,2006,619,481,192,11,5.42,0,11,0.0,5.42,0,0.0,0,0.0,192,94.58,12.67,51.456,57.346,99.088,712.45,31.811,396.09,13.049,162.25,11.889,147.88,58.8,60.1,57.2,58.0,60.1,53.6,4.8,37.3,5056.0,5062,95
b202cae2-672e61c5,CTD-0.50,0.7927894121555212,0.6037001398874936,0.9540071734742652,0.4868812690960664,2487,2629,2011,618,476,194,9,4.43,0,9,0.0,4.43,0,0.0,0,0.0,194,95.57,12.89,52.956,70.311,108.344,893.08,31.696,402.0,13.092,165.73,11.874,150.4,58.8,60.0,56.8,57.3,59.8,66.7,4.8,36.6,5056.0,5057,99
b202cae2-672e61c5,CTD-0.70,0.7944644533191787,0.6056890072888844,0.9534591045594528,0.48895345467258344,2487,2643,2015,628,472,195,8,3.94,0,8,0.0,3.94,0,0.0,0,0.0,195,96.06,12.97,53.288,61.24,102.414,777.75,31.573,401.57,12.969,164.67,11.847,150.51,58.6,60.4,56.7,57.3,60.4,56.6,4.8,36.5,5058.0,5058,100
b202cae2-672e61c5,CTD-0.90,0.7944644533191787,0.6056890072888844,0.9534591045594528,0.48895345467258344,2487,2643,2015,628,472,195,8,3.94,0,8,0.0,3.94,0,0.0,0,0.0,195,96.06,12.97,53.332,61.202,105.324,781.79,31.612,401.34,13.076,165.69,11.845,150.18,58.6,59.5,56.7,57.2,59.5,55.6,4.8,36.4,5058.0,5058,99
b202cae2-f46c74a6,CTD-0.30,0.6387365109692668,0.4813568914791593,0.9442130257571864,0.39842597911271,2328,2046,1526,520,802,146,56,27.72,0,56,0.0,27.72,0,0.0,0,0.0,146,72.28,9.92,38.502,54.094,104.634,520.18,31.252,303.01,12.908,124.8,11.736,113.55,58.5,59.5,56.6,57.2,59.5,48.5,4.8,35.4,5062.0,5066,77
b202cae2-f46c74a6,CTD-0.50,0.6832841839395148,0.5241855664623383,0.9583229449770125,0.4157395406665743,2328,2084,1620,464,708,165,37,18.32,0,37,0.0,18.32,0,0.0,0,0.0,165,81.68,11.1,45.056,54.26,104.124,590.6,31.366,341.01,12.998,140.97,11.808,128.14,58.4,59.3,56.5,57.2,59.5,49.7,4.8,36.2,5062.0,5063,83
b202cae2-f46c74a6,CTD-0.70,0.7048663013840165,0.5482021372749621,0.9661520832905092,0.42327694574910474,2328,2094,1663,431,665,181,21,10.4,0,21,0.0,10.4,0,0.0,0,0.0,181,89.6,11.97,49.089,49.568,103.346,579.02,31.793,372.11,13.071,152.61,11.875,138.74,58.5,59.6,56.6,57.0,59.6,43.5,4.7,36.7,5061.0,5061,90
b202cae2-f46c74a6,CTD-0.90,0.7058098681762037,0.5514771538475142,0.9671071841485466,0.4233260775603512,2328,2091,1664,427,664,186,16,7.92,0,16,0.0,7.92,0,0.0,0,0.0,186,92.08,12.83,53.406,63.738,106.738,798.11,30.56,394.22,12.951,164.53,11.762,149.31,58.4,59.6,56.6,57.1,59.6,58.9,5.0,35.3,5062.0,5066,98
b2036451-aa924fd1,CTD-0.30,0.7014046729528949,0.48760406236767667,0.919356176157977,0.4543894569443736,1941,2029,1417,612,524,142,60,29.7,0,60,0.0,29.7,0,0.0,0,0.0,142,70.3,9.67,38.251,68.075,101.462,639.88,30.81,289.93,12.897,121.05,11.693,109.84,58.4,59.7,56.5,57.1,59.7,63.4,4.9,35.2,5071.0,5076,74
b2036451-aa924fd1,CTD-0.50,0.7142639091358708,0.49377333460719086,0.9258147312017524,0.4583595514312535,1941,2024,1438,586,503,142,60,29.7,0,60,0.0,29.7,0,0.0,0,0.0,142,70.3,9.51,38.549,51.797,105.724,480.05,31.232,289.95,12.992,120.28,11.733,108.7,58.3,59.7,56.5,56.9,59.7,47.7,4.8,35.8,5069.0,5072,72
b2036451-aa924fd1,CTD-0.70,0.7365389270491586,0.5133482646560598,0.9289682064368316,0.4710752214481803,1941,2070,1479,591,462,151,51,25.25,0,51,0.0,25.25,0,0.0,0,0.0,151,74.75,9.93,40.58,59.571,102.796,579.69,31.85,307.27,13.1,126.13,11.872,114.39,58.5,59.9,56.6,57.1,59.9,55.1,4.8,36.4,5072.0,5073,74
b2036451-aa924fd1,CTD-0.90,0.7576371802570501,0.5328065477476663,0.9408623741803203,0.47337492370712037,1941,2036,1515,521,426,151,51,25.25,0,51,0.0,25.25,0,0.0,0,0.0,151,74.75,9.57,39.253,57.774,107.312,539.41,32.522,304.13,13.25,123.58,11.977,111.79,58.5,59.7,56.6,57.2,59.7,55.9,4.8,37.7,5076.0,5077,74
b204a5c1-05981158,CTD-0.30,0.64348503946331,0.45361205994228604,0.9400983264291527,0.37326715605292266,922,755,625,130,297,42,60,58.82,0,60,0.0,58.82,0,0.0,0,0.0,42,41.18,3.24,22.618,57.666,99.268,169.18,26.982,80.37,12.165,35.93,10.877,32.21,58.0,58.6,56.2,56.6,58.6,56.4,5.1,29.6,5079.0,5083,24
b204a5c1-05981158,CTD-0.50,0.6517816966203351,0.4588476544411237,0.9430000465825368,0.3775857203531146,922,761,631,130,291,45,57,55.88,0,57,0.0,55.88,0,0.0,0,0.0,45,44.12,3.14,23.272,45.265,102.0,124.73,28.738,80.62,12.573,35.12,11.197,31.33,57.8,58.7,56.0,56.4,58.7,45.2,4.8,31.0,5079.0,5079,23
b204a5c1-05981158,CTD-0.70,0.6517816966203351,0.4588476544411237,0.9430000465825368,0.3775857203531146,922,761,631,130,291,45,57,55.88,0,57,0.0,55.88,0,0.0,0,0.0,45,44.12,3.1,22.796,58.653,96.106,162.63,28.995,82.37,12.761,36.02,11.244,31.8,58.0,58.8,56.1,56.4,58.8,59.6,4.8,31.8,5080.0,5080,23
b204a5c1-05981158,CTD-0.90,0.6724120996421776,0.4893714557918246,0.9504656323137161,0.3909352578007676,922,780,645,135,277,52,50,49.02,0,50,0.0,49.02,0,0.0,0,0.0,52,50.98,3.57,26.964,52.932,90.8,176.88,29.354,98.39,12.656,42.22,11.306,37.77,57.8,58.4,56.0,56.2,58.4,51.5,4.9,32.9,5081.0,5081,27
b204a5c1-064b0040,CTD-0.30,0.5003528017221945,0.31958980428156203,0.8660579137579633,0.347628480976664,2247,1972,1203,769,1044,127,75,37.13,0,75,0.0,37.13,0,0.0,0,0.0,127,62.87,8.8,33.08,33.326,90.464,281.31,30.769,264.9,12.798,109.73,11.612,99.64,57.9,58.8,56.2,56.9,58.8,23.1,5.0,36.4,5080.0,5086,68
b204a5c1-064b0040,CTD-0.50,0.5914028361687116,0.37948369759335626,0.9053216146752499,0.3822766882657771,2247,2018,1409,609,838,143,59,29.21,0,59,0.0,29.21,0,0.0,0,0.0,143,70.79,10.07,39.426,70.197,110.01,689.46,30.125,297.47,12.725,125.17,11.536,113.59,58.0,58.8,56.4,57.2,58.8,67.3,4.9,34.5,5079.0,5082,75
b204a5c1-064b0040,CTD-0.70,0.6355876793915882,0.4098216342569777,0.9245717677387923,0.3961870108761616,2247,2024,1500,524,747,159,43,21.29,0,43,0.0,21.29,0,0.0,0,0.0,159,78.71,10.86,42.955,60.191,100.626,640.61,31.229,331.73,12.906,136.62,11.688,123.83,58.1,59.1,56.2,57.0,59.0,55.2,4.9,35.4,5081.0,5086,82
b204a5c1-064b0040,CTD-0.90,0.6565654231517059,0.42634913145361664,0.9374810005035152,0.40650901737660483,2247,2034,1530,504,717,173,29,14.36,0,29,0.0,14.36,0,0.0,0,0.0,173,85.64,11.4,45.179,65.72,101.134,727.21,31.795,354.68,13.094,145.72,11.826,131.69,58.2,59.2,56.3,57.3,59.2,62.3,4.9,36.7,5088.0,5088,89
b204a5c1-fa3d5b88,CTD-0.30,0.6088275342843668,0.4173730768048632,0.9264873353065327,0.3915257367722299,2527,2254,1590,664,937,153,49,24.26,0,49,0.0,24.26,0,0.0,0,0.0,153,75.74,10.88,42.363,61.752,102.774,657.51,29.918,319.79,12.729,135.79,11.462,122.35,58.0,59.4,56.3,57.3,59.4,57.7,4.9,34.0,5087.0,5092,81
b204a5c1-fa3d5b88,CTD-0.50,0.6729605717324377,0.46538705616865117,0.9480835488308116,0.4166069249849568,2527,2309,1741,568,786,177,25,12.38,0,25,0.0,12.38,0,0.0,0,0.0,177,87.62,11.92,47.834,64.656,101.174,748.06,31.407,367.32,12.988,151.55,11.733,136.99,58.2,59.4,56.3,56.8,59.4,65.1,4.8,35.6,5087.0,5091,92
b204a5c1-fa3d5b88,CTD-0.70,0.6729605717324377,0.46538705616865117,0.9480835488308116,0.4166069249849568,2527,2309,1741,568,786,177,25,12.38,0,25,0.0,12.38,0,0.0,0,0.0,177,87.62,11.73,47.036,58.144,98.896,668.13,31.743,367.04,13.032,150.41,11.796,136.22,58.2,59.4,56.4,57.1,59.4,54.9,4.9,36.5,5086.0,5088,91
b204a5c1-fa3d5b88,CTD-0.90,0.7019108120472267,0.490877802231459,0.9578189212676167,0.425356431079516,2527,2317,1809,508,718,185,17,8.42,0,17,0.0,8.42,0,0.0,0,0.0,185,91.58,12.61,50.943,70.219,104.848,867.45,31.118,383.75,12.944,159.26,11.701,144.08,58.2,59.1,56.3,56.8,59.1,67.7,4.9,35.8,5084.0,5085,94
b205eb4d-f84aaa1a,CTD-0.30,0.6849729990899929,0.49271393897033644,0.9442108932591999,0.42494269913295524,2005,1879,1412,467,593,154,48,23.76,0,48,0.0,23.76,0,0.0,0,0.0,154,76.24,10.96,42.935,54.141,104.45,582.93,29.865,320.2,12.675,135.62,11.472,122.85,57.8,58.7,56.0,56.5,58.7,48.5,4.9,34.1,5088.0,5095,81
b205eb4d-f84aaa1a,CTD-0.50,0.693338822515799,0.49833493018167074,0.9464170847852221,0.4262978674783472,2005,1877,1430,447,575,157,45,22.28,0,45,0.0,22.28,0,0.0,0,0.0,157,77.72,10.73,42.816,51.23,99.324,535.43,31.061,325.68,12.872,134.7,11.645,121.94,57.9,58.9,56.0,56.5,58.9,49.2,4.8,35.7,5087.0,5089,82
b205eb4d-f84aaa1a,CTD-0.70,0.6527168180550051,0.4609798913607852,0.9359007468847931,0.41119922536392206,2005,1844,1351,493,654,150,52,25.74,0,52,0.0,25.74,0,0.0,0,0.0,150,74.26,10.35,40.688,54.691,99.642,550.85,30.285,304.72,12.787,128.33,11.597,116.48,57.7,58.8,56.2,56.8,58.8,51.4,5.0,34.9,5090.0,5095,76
b205eb4d-f84aaa1a,CTD-0.90,0.7412207696577705,0.5368235480151438,0.9568146392904966,0.4456770418352459,2005,1928,1521,407,484,170,32,15.84,0,32,0.0,15.84,0,0.0,0,0.0,170,84.16,11.33,45.914,57.369,100.168,631.98,31.543,347.86,13.022,143.28,11.757,129.45,58.1,59.5,56.3,57.1,59.5,52.0,4.8,36.3,5095.0,5095,84
b2064e61-2beadd45,CTD-0.30,0.6089560244023393,0.41732523077083394,0.9364565885915904,0.3789579052736948,2109,1782,1332,450,777,144,59,29.06,0,59,0.0,29.06,0,0.0,0,0.0,144,70.94,9.45,38.315,67.671,103.346,623.53,31.633,292.37,13.052,120.13,11.815,108.84,58.2,59.2,56.4,57.1,59.2,64.6,4.8,36.1,5099.0,5104,71
b2064e61-2beadd45,CTD-0.50,0.6494004143956054,0.44959617015875236,0.9482991798751031,0.38843823921223297,2109,1785,1419,366,690,146,57,28.08,0,57,0.0,28.08,0,0.0,0,0.0,146,71.92,9.36,38.747,63.8,97.134,576.21,32.389,294.3,13.281,120.37,11.941,108.3,58.3,59.6,56.6,57.3,59.5,60.1,4.8,37.2,5093.0,5103,69
b2064e61-2beadd45,CTD-0.70,0.6040861603452503,0.4078897739643663,0.9294030596235148,0.379401562227047,2109,1805,1328,477,781,139,64,31.53,0,64,0.0,31.53,0,0.0,0,0.0,139,68.47,8.9,36.583,75.716,101.122,653.45,32.417,279.71,13.227,113.84,11.979,103.17,58.6,59.4,56.6,57.3,59.4,73.9,4.8,37.4,5093.0,5093,68
b2064e61-2beadd45,CTD-0.90,0.6475346197038825,0.4397075026274594,0.9498920797668962,0.38655600473944307,2109,1772,1413,359,696,146,57,28.08,0,57,0.0,28.08,0,0.0,0,0.0,146,71.92,9.1,37.819,71.978,101.308,635.91,33.095,292.26,13.382,117.9,12.172,107.32,58.7,60.2,56.8,57.6,60.0,70.2,4.7,38.3,5094.0,5095,67
b206a78b-99f405ab,CTD-0.30,0.6171344872996738,0.4630625638493216,0.9512443657321078,0.37953651049166004,2188,1808,1382,426,806,172,30,14.85,0,30,0.0,14.85,0,0.0,0,0.0,172,85.15,10.86,44.782,71.967,103.972,766.38,33.135,352.27,13.344,141.58,12.136,128.83,58.8,59.7,56.9,57.6,60.3,70.9,4.7,38.8,5096.0,5103,82
b206a78b-99f405ab,CTD-0.50,0.6249604263018373,0.46927996849182224,0.9551056325947176,0.381182432295488,2188,1804,1397,407,791,177,25,12.38,0,25,0.0,12.38,0,0.0,0,0.0,177,87.62,10.96,46.162,71.073,105.28,760.06,33.767,362.27,13.479,144.32,12.267,131.42,58.9,59.7,57.0,57.8,59.7,71.4,4.7,39.3,5098.0,5099,82
b206a78b-99f405ab,CTD-0.70,0.6367815080879319,0.47939136063860033,0.95521221105407,0.38583756980791867,2188,1825,1426,399,762,182,20,9.9,0,20,0.0,9.9,0,0.0,0,0.0,182,90.1,11.17,47.015,73.906,102.79,810.06,34.016,372.32,13.562,148.12,12.333,134.78,59.1,60.1,57.2,57.9,60.1,72.2,4.7,39.5,5095.0,5099,84
b206a78b-99f405ab,CTD-0.90,0.6449461347239112,0.4856433145939663,0.956192968426548,0.390455035750118,2188,1844,1443,401,745,185,17,8.42,0,17,0.0,8.42,0,0.0,0,0.0,185,91.58,11.39,48.146,76.148,107.082,846.09,33.926,377.51,13.547,150.44,12.328,136.97,59.2,60.5,57.3,58.0,60.5,74.5,4.7,39.5,5099.0,5099,84
b2080dc7-f9b98a5f,CTD-0.30,0.06452353510800271,0.03241737424216134,0.5475813769455572,0.05302546015650832,1055,258,113,145,942,53,149,73.76,0,149,0.0,73.76,0,0.0,0,0.0,53,26.24,4.01,12.987,58.311,97.9,216.63,27.373,102.1,12.233,45.35,10.991,40.82,58.3,59.8,56.8,57.4,59.8,56.3,5.0,30.6,5103.0,5108,29
b2080dc7-f9b98a5f,CTD-0.50,0.05911893550237257,0.030542867503416848,0.5366933335021503,0.04885929735019284,1055,247,105,142,950,54,148,73.27,0,148,0.0,73.27,0,0.0,0,0.0,54,26.73,3.69,12.939,69.02,95.802,237.07,30.01,104.8,12.787,44.44,11.503,40.01,58.5,59.7,56.8,57.4,59.7,65.6,4.8,32.7,5103.0,5105,27
b2080dc7-f9b98a5f,CTD-0.70,0.14865224539481453,0.0917274919002847,0.868238078125999,0.10270992830234536,1055,273,167,106,888,126,76,37.62,0,76,0.0,37.62,0,0.0,0,0.0,126,62.38,7.35,30.235,69.384,104.77,487.36,35.099,248.73,13.809,97.65,12.545,88.76,59.0,60.2,57.0,57.5,60.2,70.2,4.6,40.0,5103.0,5103,54
b2080dc7-f9b98a5f,CTD-0.90,0.15286007781717026,0.09274606078193928,0.8742543737246137,0.10434496834676721,1055,274,172,102,883,122,80,39.6,0,80,0.0,39.6,0,0.0,0,0.0,122,60.4,7.13,29.195,76.089,106.744,521.28,35.308,244.28,13.839,95.51,12.58,86.89,59.4,60.7,57.4,58.0,60.7,72.4,4.6,41.3,5104.0,5104,53
b20841f9-cef732d5,CTD-0.30,0.7312400821105862,0.5384157411001839,0.9474556841128572,0.4479338632203779,2083,2033,1571,462,512,177,26,12.81,0,26,0.0,12.81,0,0.0,0,0.0,177,87.19,11.54,46.622,62.465,104.568,706.04,32.294,365.77,13.181,149.04,11.971,135.42,59.1,60.0,57.2,57.9,60.0,58.3,4.8,38.1,5103.0,5110,87
b20841f9-cef732d5,CTD-0.50,0.746928622278515,0.5512965947424039,0.9494002379396665,0.4548698623087424,2083,2057,1604,453,479,185,18,8.87,0,18,0.0,8.87,0,0.0,0,0.0,185,91.13,12.04,49.59,65.635,108.234,776.37,32.122,380.97,13.15,155.64,11.962,141.68,58.8,59.7,57.0,58.1,59.7,62.2,4.8,37.3,5102.0,5104,90
b20841f9-cef732d5,CTD-0.70,0.7471536874600937,0.5527631682658063,0.9498008790206119,0.454667783341685,2083,2055,1604,451,479,187,16,7.88,0,16,0.0,7.88,0,0.0,0,0.0,187,92.12,11.76,48.478,66.904,102.976,767.05,33.14,380.11,13.383,153.28,12.156,139.28,59.0,60.1,57.1,58.1,60.1,64.6,4.7,38.4,5103.0,5104,90
b20841f9-cef732d5,CTD-0.90,0.7435501369614721,0.5507305740569903,0.9488866709321482,0.45422851516232876,2083,2057,1596,461,487,186,17,8.37,0,17,0.0,8.37,0,0.0,0,0.0,186,91.63,11.78,48.475,66.622,103.856,763.49,32.825,378.65,13.338,153.55,12.093,139.3,58.9,60.3,57.2,57.9,60.3,63.0,4.8,38.0,5105.0,5107,89
b20b69d2-64b9cdb8,CTD-0.30,0.5188510466199029,0.3806408799726516,0.8689387644385852,0.3660748683703609,1300,1198,711,487,589,140,63,31.03,0,63,0.0,31.03,0,0.0,0,0.0,140,68.97,9.36,35.346,67.587,103.912,619.45,31.285,285.07,12.984,117.98,11.78,107.12,58.7,60.0,57.0,57.6,60.0,62.0,4.9,35.5,5109.0,5115,69
b20b69d2-64b9cdb8,CTD-0.50,0.4685473141853766,0.3364212778450126,0.8437334031812347,0.3411716280295048,1300,1168,648,520,652,126,77,37.93,0,77,0.0,37.93,0,0.0,0,0.0,126,62.07,8.46,32.097,63.614,107.118,521.49,31.18,257.01,12.994,106.93,11.738,96.66,58.6,59.6,56.7,57.1,59.6,60.8,4.9,35.7,5109.0,5113,66
b20b69d2-64b9cdb8,CTD-0.70,0.6263461408596633,0.46102514852253484,0.9212505885236397,0.40687175262957803,1300,1214,844,370,456,174,29,14.29,0,29,0.0,14.29,0,0.0,0,0.0,174,85.71,11.16,44.49,69.25,103.718,756.21,32.568,357.06,13.275,145.26,12.038,131.81,58.8,59.9,56.9,57.4,59.9,66.9,4.8,37.8,5110.0,5111,84
b20b69d2-64b9cdb8,CTD-0.90,0.6467324821059185,0.48261550638367484,0.9250786256678067,0.4170121457489879,1300,1235,871,364,429,183,20,9.85,0,20,0.0,9.85,0,0.0,0,0.0,183,90.15,11.66,46.829,69.567,107.168,789.67,32.895,374.71,13.335,151.64,12.109,137.76,59.0,60.2,57.0,57.5,60.2,66.6,4.8,38.1,5109.0,5110,86
b20b69d2-650e674d,CTD-0.30,0.7560872918813073,0.5223653699431215,0.9451408070911331,0.4552295058506291,3258,3260,2553,707,705,173,29,14.36,0,29,0.0,14.36,0,0.0,0,0.0,173,85.64,12.81,51.245,62.59,106.8,783.49,29.461,370.71,12.567,157.76,11.401,143.18,58.5,59.4,56.7,57.2,59.4,56.2,4.9,33.8,5113.0,5115,96
b20b69d2-650e674d,CTD-0.50,0.7540077137136776,0.5217147506524827,0.9462077522343803,0.4554133804824413,3258,3256,2541,715,717,175,27,13.37,0,27,0.0,13.37,0,0.0,0,0.0,175,86.63,12.92,52.591,64.43,102.38,814.51,29.339,371.56,12.514,158.04,11.357,143.53,58.0,59.2,56.2,56.7,59.2,58.9,4.9,33.1,5115.0,5117,96
b20b69d2-650e674d,CTD-0.70,0.7537641802845849,0.5220383235689098,0.9461850235163909,0.4553541801469978,3258,3256,2540,716,718,176,26,12.87,0,26,0.0,12.87,0,0.0,0,0.0,176,87.13,12.28,49.431,68.065,105.024,817.01,30.647,368.2,12.744,152.7,11.581,138.85,58.0,59.0,56.0,56.7,59.0,63.7,5.0,34.7,5117.0,5117,96
b20b69d2-650e674d,CTD-0.90,0.7537641802845849,0.5220383235689098,0.9461850235163909,0.4553541801469978,3258,3256,2540,716,718,176,26,12.87,0,26,0.0,12.87,0,0.0,0,0.0,176,87.13,12.13,49.493,57.264,103.17,682.34,30.764,368.55,12.839,153.3,11.625,138.96,58.0,58.8,56.2,57.0,58.8,51.3,4.9,34.5,5117.0,5118,92
b20b69d2-6e2b9e73,CTD-0.30,0.4560422063640308,0.29050584764295617,0.8411119501433786,0.31648294903241125,1317,1094,666,428,651,109,94,46.31,0,94,0.0,46.31,0,0.0,0,0.0,109,53.69,7.76,28.051,65.719,102.838,500.73,29.543,222.55,12.553,94.39,11.38,85.64,57.7,58.7,56.0,56.6,58.7,65.9,5.0,32.2,5124.0,5129,58
b20b69d2-6e2b9e73,CTD-0.50,0.4044834049249796,0.2601535663700135,0.8118191961084728,0.2905879509871634,1317,1062,599,463,718,101,102,50.25,0,102,0.0,50.25,0,0.0,0,0.0,101,49.75,6.88,25.408,76.474,101.902,518.15,30.636,206.2,12.857,86.22,11.587,77.77,58.0,59.1,56.2,56.8,59.1,74.7,4.8,34.3,5124.0,5124,53
b20b69d2-6e2b9e73,CTD-0.70,0.4138977294014243,0.2638894975335349,0.8231920590867514,0.2998703890095531,1317,1075,600,475,717,108,95,46.8,0,95,0.0,46.8,0,0.0,0,0.0,108,53.2,7.27,27.157,74.871,100.014,518.92,30.751,214.68,12.878,89.61,11.607,80.83,58.0,59.3,56.4,57.1,59.3,72.5,4.9,34.9,5121.0,5125,55
b20b69d2-6e2b9e73,CTD-0.90,0.5147135007572066,0.33937306116991717,0.8961123787088413,0.33893522738836596,1317,1067,720,347,597,137,66,32.51,0,66,0.0,32.51,0,0.0,0,0.0,137,67.49,8.92,34.63,71.343,105.17,621.08,31.963,278.66,13.107,113.96,11.88,103.35,58.2,59.6,56.5,57.2,59.6,69.0,4.9,36.8,5121.0,5122,66
b20b69d2-7767e6b6,CTD-0.30,0.599824433976045,0.43680775735194216,0.9205702475295475,0.390376293746995,1032,919,645,274,387,127,76,37.44,0,76,0.0,37.44,0,0.0,0,0.0,127,62.56,8.61,32.148,59.222,99.28,501.17,30.716,258.18,12.863,107.79,11.603,97.32,58.0,59.4,56.3,57.2,59.4,58.0,4.9,35.6,5124.0,5131,64
b20b69d2-7767e6b6,CTD-0.50,0.5636924670718334,0.40961779864031744,0.9171871537921618,0.3700467591242166,1032,877,606,271,426,130,73,35.96,0,73,0.0,35.96,0,0.0,0,0.0,130,64.04,8.42,32.44,63.546,106.594,518.42,32.215,262.25,13.203,107.26,11.883,96.6,58.3,59.2,56.5,57.3,59.4,63.0,4.8,37.2,5127.0,5129,64
b20b69d2-7767e6b6,CTD-0.70,0.5638527174112998,0.41012210346990363,0.9173823993597404,0.37011636746130655,1032,877,606,271,426,131,72,35.47,0,72,0.0,35.47,0,0.0,0,0.0,131,64.53,8.52,32.93,70.097,97.566,580.11,32.089,265.94,13.206,109.14,11.893,98.35,58.4,59.9,56.6,57.4,59.9,67.7,4.9,37.0,5127.0,5127,63
b20b69d2-7767e6b6,CTD-0.90,0.6215096202861359,0.45362038597038384,0.9263737550760814,0.39913321509754457,1032,931,667,264,365,145,58,28.57,0,58,0.0,28.57,0,0.0,0,0.0,145,71.43,9.32,36.428,69.723,102.428,632.0,32.466,294.27,13.272,120.02,11.991,108.5,58.5,59.4,56.7,57.6,59.4,70.2,4.8,37.3,5123.0,5124,67
b20b69d2-bd242bf0,CTD-0.30,0.5157607243348522,0.31283433369864067,0.8308718731543074,0.37854216882652447,2122,2169,1174,995,948,110,50,31.25,0,50,0.0,31.25,0,0.0,0,0.0,110,68.75,7.92,39.722,57.393,98.532,442.54,29.252,224.46,12.51,95.79,11.284,86.46,58.1,59.7,56.4,57.0,59.7,51.3,5.0,33.1,5126.0,5131,60
b20b69d2-bd242bf0,CTD-0.50,0.5193386962297614,0.3090080430529004,0.8060116723331451,0.38909495819498957,2122,2326,1207,1119,915,119,41,25.62,0,41,0.0,25.62,0,0.0,0,0.0,119,74.38,8.41,43.601,61.202,98.506,498.88,29.491,240.72,12.654,103.0,11.378,92.7,57.8,59.0,56.1,57.0,59.0,56.7,5.0,33.4,5127.0,5128,62
b20b69d2-bd242bf0,CTD-0.70,0.6582484051514611,0.39880821235816827,0.8638082620598465,0.4641106100710925,2122,2505,1481,1024,641,149,11,6.88,0,11,0.0,6.88,0,0.0,0,0.0,149,93.12,10.35,54.962,63.609,98.766,642.84,30.204,305.68,12.718,128.39,11.49,116.09,57.8,59.3,56.2,57.0,59.3,58.8,4.9,34.8,5130.0,5134,77
b20b69d2-bd242bf0,CTD-0.90,0.6666809273958288,0.40520353787965346,0.8684059635889146,0.4681991272692822,2122,2507,1495,1012,627,152,8,5.0,0,8,0.0,5.0,0,0.0,0,0.0,152,95.0,10.58,56.391,62.478,101.63,642.74,30.202,310.49,12.706,130.38,11.491,117.98,57.8,59.0,56.1,56.7,59.0,59.0,4.9,34.8,5131.0,5132,79
b20b69d2-ca16c907,CTD-0.30,0.5066758595388624,0.3297493721960636,0.8524485161251213,0.3512976817216219,891,802,496,306,395,76,122,61.62,0,122,0.0,61.62,0,0.0,0,0.0,76,38.38,5.96,20.403,64.825,100.442,376.59,27.424,159.43,12.144,70.23,10.95,63.43,57.4,58.3,55.5,56.2,58.3,61.5,5.1,30.5,5133.0,5137,46
b20b69d2-ca16c907,CTD-0.50,0.5208344073506339,0.3366190434957551,0.86006111487932,0.3545437668244686,891,798,510,288,381,76,122,61.62,0,122,0.0,61.62,0,0.0,0,0.0,76,38.38,5.56,20.043,68.385,100.564,366.02,28.972,154.1,12.528,66.27,11.239,59.52,57.4,58.3,55.6,56.2,58.3,64.7,5.0,32.5,5131.0,5131,42
b20b69d2-ca16c907,CTD-0.70,0.5871621513942177,0.3942312330507375,0.8945206819415013,0.3823019038271191,891,813,561,252,330,97,101,51.01,0,101,0.0,51.01,0,0.0,0,0.0,97,48.99,6.68,25.055,58.975,101.778,383.96,30.706,198.7,12.936,83.33,11.578,74.67,57.6,59.1,55.7,56.3,59.1,51.3,4.9,34.6,5131.0,5132,51
b20b69d2-ca16c907,CTD-0.90,0.5711383172865747,0.39000950253891387,0.8824434464039401,0.38764103892309015,891,845,542,303,349,101,97,48.99,0,97,0.0,48.99,0,0.0,0,0.0,101,51.01,6.84,25.743,64.637,103.122,426.82,30.898,204.59,12.998,85.7,11.635,76.78,57.6,58.8,55.8,56.3,58.8,57.4,4.9,34.8,5131.0,5132,52
b20b69d2-e31380a7,CTD-0.30,0.3234995363797745,0.19851997333024327,0.7023845730887169,0.2684468207955328,529,478,206,272,323,58,116,66.67,0,116,0.0,66.67,0,0.0,0,0.0,58,33.33,4.59,16.99,53.596,98.326,229.21,26.056,112.64,11.898,51.19,10.661,45.94,57.1,58.2,55.4,56.0,58.2,48.1,5.2,29.3,5133.0,5139,34
b20b69d2-e31380a7,CTD-0.50,0.479653896670678,0.3177158779251013,0.8125335039227145,0.36191300075827965,529,531,275,256,254,71,103,59.2,0,103,0.0,59.2,0,0.0,0,0.0,71,40.8,4.94,20.413,65.059,100.592,309.35,29.225,138.94,12.652,59.85,11.312,53.6,57.4,58.9,55.6,56.1,58.9,61.0,5.0,32.5,5132.0,5132,37
b20b69d2-e31380a7,CTD-0.70,0.5392211480904531,0.3752170232001981,0.859561856393281,0.38778647943109185,529,525,300,225,229,99,75,43.1,0,75,0.0,43.1,0,0.0,0,0.0,99,56.9,6.51,28.638,69.042,95.674,429.41,31.268,194.3,13.011,80.63,11.707,72.6,57.8,59.4,55.8,56.3,59.4,69.1,4.9,35.1,5132.0,5132,48
b20b69d2-e31380a7,CTD-0.90,0.6463465231334762,0.4527374496852383,0.9136010659878165,0.4349624749597947,529,536,351,185,178,118,56,32.18,0,56,0.0,32.18,0,0.0,0,0.0,118,67.82,7.46,33.603,71.008,103.268,510.46,32.452,234.75,13.23,95.41,11.921,86.05,58.1,59.0,56.1,56.7,59.0,68.2,4.8,37.3,5132.0,5132,57
b20b69d2-ffc1d6af,CTD-0.30,0.5689818207902944,0.3911148715173177,0.9208309763013818,0.3768800437792585,1622,1406,948,458,674,137,62,31.16,0,62,0.0,31.16,0,0.0,0,0.0,137,68.84,9.31,36.109,56.15,101.782,510.66,31.127,282.47,12.919,116.98,11.643,105.47,58.1,58.9,56.1,56.6,58.9,53.1,4.9,35.5,5133.0,5139,71
b20b69d2-ffc1d6af,CTD-0.50,0.5879598925186648,0.40859745130893554,0.9257059694232154,0.38372701291004846,1622,1419,981,438,641,148,51,25.63,0,51,0.0,25.63,0,0.0,0,0.0,148,74.37,9.78,39.272,57.477,102.344,547.32,31.731,304.72,13.114,125.66,11.786,113.01,58.1,59.3,56.1,56.6,59.3,54.7,4.8,36.3,5142.0,5144,75
b20b69d2-ffc1d6af,CTD-0.70,0.5893397750626996,0.4101433608661356,0.9255801738722985,0.3849587483894208,1622,1424,983,441,639,149,50,25.13,0,50,0.0,25.13,0,0.0,0,0.0,149,74.87,9.83,39.458,63.212,105.006,604.37,32.01,308.12,13.082,125.64,11.815,113.54,58.2,59.1,56.2,56.8,59.1,61.3,4.8,36.4,5147.0,5147,76
b20b69d2-ffc1d6af,CTD-0.90,0.6327044262234607,0.4402729447146103,0.9472792420485674,0.39214739977637236,1622,1395,1052,343,570,159,40,20.1,0,40,0.0,20.1,0,0.0,0,0.0,159,79.9,10.36,41.92,67.66,98.33,686.65,32.134,325.68,13.175,133.27,11.876,120.19,58.2,59.0,56.2,56.6,59.2,66.0,4.9,37.2,5147.0,5152,79
b20b9c19-91e01a50,CTD-0.30,0.6597547688209355,0.4365595127626383,0.8516599580528966,0.4681499227518053,1745,2105,1246,859,499,147,55,27.23,0,55,0.0,27.23,0,0.0,0,0.0,147,72.77,10.03,39.568,65.678,104.55,644.77,31.23,306.96,12.95,126.94,11.702,114.78,58.2,59.3,56.2,56.8,59.3,62.0,4.9,35.8,5155.0,5162,78
b20b9c19-91e01a50,CTD-0.50,0.6627022799971538,0.4354777253657883,0.8524510960436724,0.4714006579845875,1745,2119,1247,872,498,148,54,26.73,0,54,0.0,26.73,0,0.0,0,0.0,148,73.27,10.06,40.745,65.079,103.9,634.85,31.245,307.34,12.964,127.14,11.714,114.97,58.1,59.3,56.1,56.6,59.3,63.1,4.8,35.7,5156.0,5157,77
b20b9c19-91e01a50,CTD-0.70,0.6681306723956417,0.43936750405242153,0.856066615546987,0.4705575112566517,1745,2100,1260,840,485,147,55,27.23,0,55,0.0,27.23,0,0.0,0,0.0,147,72.77,9.95,40.275,55.85,102.154,538.81,31.338,303.96,12.974,125.56,11.718,113.45,58.0,58.9,56.1,56.6,58.9,49.1,4.8,35.6,5155.0,5157,77
b20b9c19-91e01a50,CTD-0.90,0.7310722658543709,0.4882895320487992,0.8742050834889327,0.502385489011402,1745,2173,1366,807,379,162,40,19.8,0,40,0.0,19.8,0,0.0,0,0.0,162,80.2,10.74,43.928,58.061,101.61,606.45,31.829,333.1,13.065,136.36,11.818,123.44,58.1,59.4,56.3,57.2,59.4,53.6,4.8,36.5,5159.0,5160,81
b20d494a-cdebe83e,CTD-0.30,0.3551576802678011,0.24347783417267616,0.7681883969342846,0.2813565247088996,1203,1032,459,573,744,92,106,53.54,0,106,0.0,53.54,0,0.0,0,0.0,92,46.46,6.31,23.979,70.164,101.748,422.77,30.405,183.64,12.856,77.3,11.575,69.65,58.1,59.1,56.4,57.0,59.1,65.8,4.9,34.0,5159.0,5163,46
b20d494a-cdebe83e,CTD-0.50,0.49591433176293764,0.31159548318590946,0.8286083863918062,0.36867421062085154,1203,1194,642,552,561,135,63,31.82,0,63,0.0,31.82,0,0.0,0,0.0,135,68.18,8.42,35.01,77.556,98.708,626.68,33.233,269.9,13.344,108.16,12.098,98.1,58.5,59.7,56.5,57.3,59.3,76.5,4.7,38.0,5160.0,5161,64
b20d494a-cdebe83e,CTD-0.70,0.5039573461553003,0.32068257331157635,0.8406989072693725,0.37002407309376456,1203,1173,648,525,555,146,52,26.26,0,52,0.0,26.26,0,0.0,0,0.0,146,73.74,8.96,37.585,72.669,107.64,625.57,33.78,292.99,13.448,116.4,12.228,105.9,58.7,59.7,56.8,57.6,59.7,70.9,4.8,39.3,5156.0,5156,69
b20d494a-cdebe83e,CTD-0.90,0.5446634685306545,0.3531414257783673,0.8566861003205268,0.39300401361831944,1203,1212,694,518,509,158,40,20.2,0,40,0.0,20.2,0,0.0,0,0.0,158,79.8,9.59,40.687,75.435,107.074,703.22,34.157,318.9,13.548,126.12,12.32,114.77,59.0,60.0,57.0,57.7,60.0,74.3,4.8,39.9,5155.0,5157,73
b20e291a-32ac11c1,CTD-0.30,0.7217879913750104,0.5095899414016583,0.9055798862507903,0.483689875530867,2599,2964,1953,1011,646,194,8,3.96,0,8,0.0,3.96,0,0.0,0,0.0,194,96.04,13.14,53.271,55.307,103.504,704.76,31.25,401.69,12.906,165.6,11.715,150.39,58.5,59.5,56.8,57.4,59.5,50.0,4.9,36.6,5166.0,5170,100
b20e291a-32ac11c1,CTD-0.50,0.7217879913750104,0.5095899414016583,0.9055798862507903,0.483689875530867,2599,2964,1953,1011,646,194,8,3.96,0,8,0.0,3.96,0,0.0,0,0.0,194,96.04,13.0,53.439,61.117,104.776,777.51,31.427,401.07,12.977,165.26,11.75,149.71,58.3,59.1,56.6,57.3,59.3,59.8,4.9,36.2,5161.0,5161,100
b20e291a-32ac11c1,CTD-0.70,0.7217879913750104,0.5095899414016583,0.9055798862507903,0.483689875530867,2599,2964,1953,1011,646,194,8,3.96,0,8,0.0,3.96,0,0.0,0,0.0,194,96.04,12.98,53.483,52.432,100.712,665.72,31.442,400.54,12.906,164.0,11.757,149.49,58.0,59.5,56.3,56.9,58.9,48.2,4.8,36.1,5161.0,5162,100
b20e291a-32ac11c1,CTD-0.90,0.7217879913750104,0.5095899414016583,0.9055798862507903,0.483689875530867,2599,2964,1953,1011,646,194,8,3.96,0,8,0.0,3.96,0,0.0,0,0.0,194,96.04,13.45,55.155,56.998,103.208,746.65,30.749,405.32,12.846,168.93,11.599,152.63,58.1,59.3,56.2,56.6,59.3,53.7,4.9,35.1,5162.0,5162,102
b20e291a-6012d836,CTD-0.30,0.6744755020293387,0.4715051419369155,0.9148866848065045,0.4354047471019226,2245,2264,1587,677,658,150,53,26.11,0,53,0.0,26.11,0,0.0,0,0.0,150,73.89,10.76,42.434,57.04,102.514,598.91,29.884,315.59,12.626,132.83,11.443,120.48,57.7,59.0,56.0,56.6,59.0,52.0,4.9,34.1,5160.0,5163,80
b20e291a-6012d836,CTD-0.50,0.6791827996504691,0.4778226774757236,0.9186413531566657,0.43677044338087795,2245,2256,1594,662,651,157,46,22.66,0,46,0.0,22.66,0,0.0,0,0.0,157,77.34,11.04,44.639,63.363,105.91,682.72,30.431,327.12,12.781,137.03,11.527,123.69,57.8,59.2,55.9,56.5,59.2,60.2,4.9,34.3,5163.0,5164,82
b20e291a-6012d836,CTD-0.70,0.6793410510677723,0.4778186126734509,0.9188065888776783,0.4368579111974601,2245,2256,1594,662,651,158,45,22.17,0,45,0.0,22.17,0,0.0,0,0.0,158,77.83,10.93,44.157,63.336,100.906,678.68,30.688,328.43,12.801,136.68,11.575,123.68,57.8,59.2,56.2,57.2,59.2,57.5,4.9,35.0,5164.0,5164,84
b20e291a-6012d836,CTD-0.90,0.6822309380372686,0.47991465634612035,0.9192755360653969,0.43847539719204986,2245,2261,1601,660,644,163,40,19.7,0,40,0.0,19.7,0,0.0,0,0.0,163,80.3,11.12,44.976,61.706,104.18,672.58,30.932,336.26,12.883,139.63,11.602,125.84,57.9,59.2,56.1,56.8,59.2,59.4,4.8,35.3,5164.0,5165,85
b20eae11-149766ce,CTD-0.30,0.10750824594622896,0.061772702992693086,0.68366648541466,0.08853910022666797,1752,556,222,334,1530,67,136,67.0,0,136,0.0,67.0,0,0.0,0,0.0,67,33.0,5.04,17.311,56.265,106.66,273.55,27.86,134.01,12.204,58.43,11.032,52.89,57.4,58.5,55.5,56.1,58.5,54.3,5.0,30.5,5171.0,5175,37
b20eae11-149766ce,CTD-0.50,0.15848415402769628,0.0957709490678155,0.7897411720057819,0.1187510005259908,1752,599,314,285,1438,96,107,52.71,0,107,0.0,52.71,0,0.0,0,0.0,96,47.29,6.18,23.968,70.871,101.02,420.29,32.271,190.0,13.201,77.5,11.958,70.25,58.0,59.4,55.9,56.4,59.4,67.2,4.7,37.0,5174.0,5178,45
b20eae11-149766ce,CTD-0.70,0.1703892047481275,0.10228077043826081,0.828936741267521,0.12272584443065568,1752,574,331,243,1421,110,93,45.81,0,93,0.0,45.81,0,0.0,0,0.0,110,54.19,6.85,26.982,68.826,97.878,453.04,33.162,218.53,13.408,88.05,12.098,79.53,58.3,59.3,56.3,56.8,59.3,66.6,4.8,38.0,5171.0,5171,51
b20eae11-149766ce,CTD-0.90,0.18317828755094193,0.1109819932433836,0.8346008350558225,0.13242473933931254,1752,614,352,262,1400,121,82,40.39,0,82,0.0,40.39,0,0.0,0,0.0,121,59.61,7.47,29.787,71.937,105.158,519.12,33.72,244.44,13.514,97.68,12.214,88.35,58.7,60.0,56.5,57.1,60.0,70.6,4.7,38.9,5171.0,5171,56
b20eae11-18cd8ca2,CTD-0.30,0.15880082779694174,0.07559518529039275,0.6796428182313642,0.12972373049209437,1135,516,229,287,906,48,154,76.24,0,154,0.0,76.24,0,0.0,0,0.0,48,23.76,4.09,12.742,56.431,96.394,212.46,23.777,90.23,11.376,43.16,10.31,39.18,57.3,58.6,55.7,56.3,58.6,51.9,5.3,29.2,5173.0,5178,29
b20eae11-18cd8ca2,CTD-0.50,0.23354429479442687,0.12068313251869729,0.8050823327714942,0.16827045340814936,1135,537,299,238,836,71,131,64.85,0,131,0.0,64.85,0,0.0,0,0.0,71,35.15,4.66,17.288,67.724,99.644,295.71,30.546,133.24,12.946,56.33,11.534,50.24,58.0,59.1,56.0,56.6,59.1,64.4,4.9,32.8,5171.0,5172,35
b20eae11-18cd8ca2,CTD-0.70,0.29092950910759185,0.14989477268458284,0.8745835304368952,0.19632733192874927,1135,552,356,196,779,87,115,56.93,0,115,0.0,56.93,0,0.0,0,0.0,87,43.07,5.64,21.454,63.199,103.29,332.94,31.21,166.56,13.026,69.33,11.687,62.25,58.0,59.1,56.1,56.8,59.2,61.8,4.8,35.5,5172.0,5172,42
b20eae11-18cd8ca2,CTD-0.90,0.38818304464151493,0.20254053436929484,0.9160434705594389,0.24894252889071786,1135,653,462,191,673,116,86,42.57,0,86,0.0,42.57,0,0.0,0,0.0,116,57.43,7.1,28.464,71.146,104.654,487.12,33.486,231.09,13.437,92.54,12.155,83.77,58.5,59.6,56.4,57.2,59.6,69.5,4.7,38.5,5162.0,5164,55
b20eae11-6817ba7a,CTD-0.30,0.28446007936785267,0.16035234542166915,0.7847346774833662,0.2020169207669208,1560,888,538,350,1022,51,151,74.75,0,151,0.0,74.75,0,0.0,0,0.0,51,25.25,4.37,13.326,51.693,95.84,211.32,24.808,100.27,11.63,46.99,10.469,42.36,57.5,58.4,55.9,56.4,58.5,41.3,5.4,28.0,5168.0,5172,32
b20eae11-6817ba7a,CTD-0.50,0.2852256663753739,0.1700049384789411,0.8410992267584998,0.19532862706913337,1560,790,502,288,1058,70,132,65.35,0,132,0.0,65.35,0,0.0,0,0.0,70,34.65,5.01,17.75,64.773,98.234,300.3,28.33,133.5,12.47,58.61,11.177,52.59,57.7,58.7,55.9,56.3,58.7,62.2,4.9,31.2,5175.0,5178,37
b20eae11-6817ba7a,CTD-0.70,0.3636083690182177,0.22302553750687237,0.8948155928743379,0.23395657329183342,1560,865,613,252,947,112,90,44.55,0,90,0.0,44.55,0,0.0,0,0.0,112,55.45,7.34,28.246,67.266,102.414,475.36,31.512,221.76,13.108,92.06,11.749,82.57,58.0,59.2,56.1,56.8,59.1,66.8,4.9,35.7,5171.0,5173,55
b20eae11-6817ba7a,CTD-0.90,0.37977313799774687,0.23219606009638055,0.8888258618179298,0.2457998363938958,1560,909,647,262,913,129,73,36.14,0,73,0.0,36.14,0,0.0,0,0.0,129,63.86,8.2,32.189,73.688,100.06,582.45,32.475,257.96,13.261,105.11,11.969,94.93,58.4,59.7,56.5,57.2,59.7,72.4,4.9,37.3,5170.0,5170,63
b20ff95c-b9444127,CTD-0.30,0.4887341914056472,0.264409867394504,0.8811598007011666,0.33382528194969496,787,644,409,235,378,78,24,23.53,0,24,0.0,23.53,0,0.0,0,0.0,78,76.47,5.09,39.859,61.071,102.124,300.09,31.354,152.24,13.057,63.12,11.753,56.87,58.1,59.9,56.4,57.0,59.9,56.4,4.9,35.7,5173.0,5177,38
b20ff95c-b9444127,CTD-0.50,0.4887341914056472,0.264409867394504,0.8811598007011666,0.33382528194969496,787,644,409,235,378,78,24,23.53,0,24,0.0,23.53,0,0.0,0,0.0,78,76.47,4.9,39.171,68.447,99.57,320.31,32.769,151.45,13.398,61.73,12.002,55.34,58.6,59.5,56.6,57.2,59.5,68.8,4.8,37.3,5172.0,5172,37
b20ff95c-b9444127,CTD-0.70,0.4887341914056472,0.264409867394504,0.8811598007011666,0.33382528194969496,787,644,409,235,378,78,24,23.53,0,24,0.0,23.53,0,0.0,0,0.0,78,76.47,4.92,39.324,70.508,99.052,333.74,32.48,151.54,13.303,61.85,11.969,55.69,58.5,59.8,56.8,57.2,59.8,67.4,4.9,37.3,5172.0,5172,37
b20ff95c-b9444127,CTD-0.90,0.5282400998639334,0.295099778522411,0.901658015536205,0.3482105040237188,787,648,439,209,348,85,17,16.67,0,17,0.0,16.67,0,0.0,0,0.0,85,83.33,5.31,42.862,66.254,105.834,336.4,32.947,168.52,13.421,68.41,12.062,61.52,58.6,59.6,56.8,57.4,59.6,62.6,4.8,37.9,5171.0,5172,40
b2102d00-5eb86b71,CTD-0.30,0.5785050400879836,0.38878813388112354,0.9104970069762449,0.37384280962278155,2413,2104,1470,634,943,146,56,27.72,0,56,0.0,27.72,0,0.0,0,0.0,146,72.28,9.57,39.176,75.752,106.974,710.89,31.988,300.59,13.157,123.44,11.907,111.77,58.8,59.8,56.9,57.5,59.8,75.5,4.8,37.3,5171.0,5177,72
b2102d00-5eb86b71,CTD-0.50,0.5785050400879836,0.38878813388112354,0.9104970069762449,0.37384280962278155,2413,2104,1470,634,943,146,56,27.72,0,56,0.0,27.72,0,0.0,0,0.0,146,72.28,9.37,39.085,68.916,107.652,630.27,32.378,297.24,13.233,121.21,11.975,109.77,58.6,59.7,56.7,57.2,59.7,65.5,4.8,37.2,5171.0,5172,72
b2102d00-5eb86b71,CTD-0.70,0.5625719015703028,0.37899800006687373,0.9106272771994565,0.36344089378878114,2413,2044,1430,614,983,144,58,28.71,0,58,0.0,28.71,0,0.0,0,0.0,144,71.29,9.26,38.516,70.938,100.286,634.59,32.247,289.61,13.245,118.71,11.961,107.3,58.6,59.9,56.6,57.0,59.9,67.8,4.8,37.0,5172.0,5173,70
b2102d00-5eb86b71,CTD-0.90,0.6323913510640925,0.43252243023795484,0.9238795089536346,0.39232066436851476,2413,2153,1607,546,806,157,45,22.28,0,45,0.0,22.28,0,0.0,0,0.0,157,77.72,9.89,41.512,65.094,105.496,629.73,33.007,319.51,13.389,129.33,12.092,116.87,58.7,59.9,56.7,57.1,59.9,60.8,4.8,37.8,5172.0,5175,76
b2102d00-a8c09be1,CTD-0.30,0.6192087847839762,0.441532812234717,0.9471286360655675,0.3820258585146282,1943,1629,1235,394,708,168,34,16.83,0,34,0.0,16.83,0,0.0,0,0.0,168,83.17,10.43,43.474,64.328,101.634,658.56,33.411,340.5,13.431,136.66,12.192,124.11,58.8,60.2,56.9,57.7,60.2,63.4,4.8,38.6,5183.0,5188,80
b2102d00-a8c09be1,CTD-0.50,0.6206809836659517,0.4432500547361487,0.9474649212303875,0.38338296278704403,1943,1634,1237,397,706,170,32,15.84,0,32,0.0,15.84,0,0.0,0,0.0,170,84.16,10.21,43.444,71.361,107.936,712.72,34.282,342.61,13.643,135.95,12.374,123.42,59.2,60.3,57.2,57.9,60.3,70.6,4.7,40.1,5186.0,5190,78
b2102d00-a8c09be1,CTD-0.70,0.6352928623584436,0.4540559890588873,0.9534420708969379,0.38630148931471425,1943,1629,1264,365,679,174,28,13.86,0,28,0.0,13.86,0,0.0,0,0.0,174,86.14,10.36,44.097,74.84,106.75,759.32,34.703,351.97,13.709,138.72,12.478,126.36,59.4,60.7,57.4,58.1,60.7,73.2,4.6,40.4,5188.0,5190,79
b2102d00-a8c09be1,CTD-0.90,0.6639233617015332,0.4831097831840947,0.9638156855473223,0.397316534601889,1943,1646,1312,334,631,190,12,5.94,0,12,0.0,5.94,0,0.0,0,0.0,190,94.06,11.27,48.357,71.84,103.842,791.05,34.869,386.04,13.732,151.73,12.536,138.59,59.6,60.8,57.6,58.3,60.8,72.9,4.6,40.9,5188.0,5188,86
b2131b7b-e58faab7,CTD-0.30,0.15641724834435125,0.07949808965096655,0.5477324540664036,0.1492823039260408,970,678,214,464,756,37,165,81.68,0,165,0.0,81.68,0,0.0,0,0.0,37,18.32,3.35,9.445,54.653,94.902,168.11,23.11,71.32,11.332,34.74,10.109,31.04,58.2,59.0,56.8,57.5,59.0,49.6,5.4,25.8,5189.0,5195,25
b2131b7b-e58faab7,CTD-0.50,0.15996305644383665,0.08012663614784127,0.5615702760368746,0.14715704256530263,970,652,216,436,754,32,170,84.16,0,170,0.0,84.16,0,0.0,0,0.0,32,15.84,2.75,8.256,47.109,95.784,118.38,24.383,61.65,11.714,29.5,10.404,26.25,57.8,58.7,56.4,56.7,58.7,38.0,5.1,25.8,5190.0,5190,20
b2131b7b-e58faab7,CTD-0.70,0.23744768262506255,0.11951094984053394,0.6976499267888494,0.1979507937511859,970,652,279,373,691,61,141,69.8,0,141,0.0,69.8,0,0.0,0,0.0,61,30.2,4.34,15.321,58.819,104.896,236.39,28.742,117.69,12.555,51.16,11.243,45.87,58.0,58.8,56.4,57.0,58.8,59.0,4.9,30.8,5188.0,5191,32
b2131b7b-e58faab7,CTD-0.90,0.26946055919680867,0.1481559789793728,0.7333411485194038,0.21485557722671125,970,666,306,360,664,58,144,71.29,0,144,0.0,71.29,0,0.0,0,0.0,58,28.71,4.1,14.367,59.1,98.634,223.95,28.896,110.37,12.615,47.9,11.273,42.86,58.0,58.8,56.3,57.0,58.8,53.6,4.9,32.1,5190.0,5192,30
b213e4eb-09c01a17,CTD-0.30,0.6879460574450611,0.48934870585780715,0.9503139989625106,0.393675495760749,1885,1609,1352,257,533,145,57,28.22,0,57,0.0,28.22,0,0.0,0,0.0,145,71.78,9.57,37.416,57.36,102.136,535.26,31.461,292.1,12.935,119.92,11.792,109.36,58.1,59.4,56.3,56.8,59.4,54.1,4.9,36.9,5199.0,5205,74
b213e4eb-09c01a17,CTD-0.50,0.7037399016842205,0.5032139364446319,0.9519413045303787,0.40166697434601945,1885,1638,1381,257,504,151,51,25.25,0,51,0.0,25.25,0,0.0,0,0.0,151,74.75,9.53,38.609,73.19,101.264,676.53,32.757,302.46,13.279,122.41,12.076,111.37,58.6,59.8,56.7,57.2,59.8,72.3,4.7,37.8,5192.0,5193,73
b213e4eb-09c01a17,CTD-0.70,0.7054916232656292,0.5057421158912321,0.9528722625193278,0.40271074594035067,1885,1640,1383,257,502,153,49,24.26,0,49,0.0,24.26,0,0.0,0,0.0,153,75.74,9.84,39.936,57.181,100.444,553.97,32.212,310.3,13.171,126.51,11.919,114.59,58.5,59.8,56.7,57.2,59.8,54.9,4.8,37.5,5196.0,5198,76
b213e4eb-09c01a17,CTD-0.90,0.7138163965935467,0.5151522159564474,0.95386489085384,0.40697636773061296,1885,1655,1398,257,487,160,42,20.79,0,42,0.0,20.79,0,0.0,0,0.0,160,79.21,10.21,41.887,66.068,100.818,661.95,32.504,325.01,13.225,131.95,12.005,119.86,58.7,59.9,56.7,57.2,59.9,61.1,4.7,37.7,5199.0,5199,79
b214d1e1-f248c616,CTD-0.30,0.5342005322023136,0.36247842272404385,0.9228245642857401,0.3451232894330159,2069,1631,1148,483,921,161,39,19.5,0,39,0.0,19.5,0,0.0,0,0.0,161,80.5,10.91,44.578,68.687,104.54,731.74,31.225,334.21,12.973,138.6,11.761,125.72,58.6,59.7,56.9,57.5,59.7,64.2,4.9,36.2,5199.0,5204,82
b214d1e1-f248c616,CTD-0.50,0.5467287582419897,0.37814264158647304,0.9297180937007387,0.3514504762314051,2069,1642,1168,474,901,175,25,12.5,0,25,0.0,12.5,0,0.0,0,0.0,175,87.5,11.13,46.96,69.769,101.3,756.62,32.852,355.32,13.362,144.28,12.099,130.69,58.8,59.9,57.0,57.7,59.9,67.5,4.8,38.3,5206.0,5208,81
b214d1e1-f248c616,CTD-0.70,0.5469227126643701,0.3784960324632255,0.9299739747515795,0.35156056371857863,2069,1642,1168,474,901,176,24,12.0,0,24,0.0,12.0,0,0.0,0,0.0,176,88.0,11.14,47.115,70.546,107.872,769.99,33.011,359.68,13.421,145.97,12.143,132.13,59.0,59.9,57.2,57.9,59.9,67.7,4.7,38.5,5208.0,5208,82
b214d1e1-f248c616,CTD-0.90,0.5469227126643701,0.3784960324632255,0.9299739747515795,0.35156056371857863,2069,1642,1168,474,901,176,24,12.0,0,24,0.0,12.0,0,0.0,0,0.0,176,88.0,10.79,45.525,66.669,100.654,708.56,33.896,359.2,13.513,142.85,12.315,130.27,59.1,60.3,57.2,57.8,60.3,63.4,4.7,39.5,5208.0,5208,82
b21547c1-73e457f8,CTD-0.30,0.5130368369411518,0.3528127269814562,0.8932782627962534,0.33461031929866053,2076,1662,1143,519,933,117,86,42.36,0,86,0.0,42.36,0,0.0,0,0.0,117,57.64,7.88,31.132,62.367,102.966,473.85,30.936,234.82,12.982,98.33,11.723,88.85,58.7,59.9,56.9,57.6,59.9,57.8,4.9,35.2,5211.0,5216,59
b21547c1-73e457f8,CTD-0.50,0.5322215453288992,0.3716146369281346,0.9097343523588095,0.3396684221272522,2076,1642,1172,470,904,127,76,37.44,0,76,0.0,37.44,0,0.0,0,0.0,127,62.56,7.95,32.52,71.51,106.216,554.24,32.891,255.32,13.391,103.71,12.119,93.9,59.0,60.4,57.0,57.5,60.4,67.8,4.8,37.9,5212.0,5212,62
b21547c1-73e457f8,CTD-0.70,0.5356846453350192,0.3759734140024361,0.9115574520812796,0.3410697626448017,2076,1644,1178,466,898,131,72,35.47,0,72,0.0,35.47,0,0.0,0,0.0,131,64.53,8.17,33.625,68.989,104.952,550.94,33.123,264.7,13.393,106.79,12.145,96.91,59.1,60.5,57.1,57.6,60.5,67.2,4.8,38.2,5213.0,5214,64
b21547c1-73e457f8,CTD-0.90,0.5452913555247403,0.3849453469941877,0.9177751300220596,0.3465001642541116,2076,1654,1191,463,885,135,68,33.5,0,68,0.0,33.5,0,0.0,0,0.0,135,66.5,8.46,34.889,67.993,102.224,555.8,33.04,271.55,13.46,110.4,12.151,99.74,59.2,60.3,57.1,57.7,60.3,67.2,4.8,38.3,5213.0,5214,66
b21547c1-796757ac,CTD-0.30,0.17296167824539055,0.10810833845605664,0.8200120080280332,0.1126047158521202,2365,719,482,237,1883,70,132,65.35,0,132,0.0,65.35,0,0.0,0,0.0,70,34.65,5.28,17.986,63.693,107.144,313.96,28.043,140.24,12.424,61.76,11.129,55.42,58.5,59.4,56.8,57.2,59.4,58.5,5.1,33.1,5217.0,5223,40
b21547c1-796757ac,CTD-0.50,0.18852487713332872,0.11635843856023165,0.8478493269025189,0.11878971379712215,2365,722,512,210,1853,80,122,60.4,0,122,0.0,60.4,0,0.0,0,0.0,80,39.6,5.34,19.749,71.149,103.092,368.01,31.286,162.26,13.111,67.68,11.73,60.63,58.7,59.9,56.7,57.2,59.9,68.1,4.9,34.3,5216.0,5218,42
b21547c1-796757ac,CTD-0.70,0.24170872716036784,0.14091639291971567,0.8763318351062183,0.14971060999374752,2365,869,636,233,1729,103,99,49.01,0,99,0.0,49.01,0,0.0,0,0.0,103,50.99,6.64,25.801,73.606,96.008,463.33,32.512,206.43,13.314,84.28,12.014,76.1,58.8,60.3,56.8,57.2,60.3,73.1,4.9,36.9,5217.0,5217,51
b21547c1-796757ac,CTD-0.90,0.21659090228705075,0.12607955865639148,0.8605024694898711,0.13503886487225605,2365,804,580,224,1785,92,110,54.46,0,110,0.0,54.46,0,0.0,0,0.0,92,45.54,6.11,23.218,64.794,104.694,382.58,31.314,185.63,13.078,77.19,11.788,69.65,58.6,59.8,56.8,57.2,59.7,61.9,4.8,35.7,5211.0,5216,46
b2156f8e-72e1547c,CTD-0.30,0.2937432144665848,0.18886052252366,0.7600500079470367,0.22221521117280835,840,566,290,276,550,54,137,71.73,0,137,0.0,71.73,0,0.0,0,0.0,54,28.27,4.5,14.911,72.147,106.904,307.63,26.066,111.12,11.972,50.76,10.716,45.48,58.0,58.9,56.3,56.6,58.9,70.2,5.2,29.0,5217.0,5221,33
b2156f8e-72e1547c,CTD-0.50,0.32267636046153153,0.2175432997801514,0.7775891790050992,0.24466847997477134,840,604,310,294,530,67,124,64.92,0,124,0.0,64.92,0,0.0,0,0.0,67,35.08,4.63,17.441,72.959,104.346,325.04,29.993,134.08,12.926,57.46,11.456,50.98,58.2,59.6,56.3,56.8,59.6,68.6,5.0,32.1,5215.0,5218,36
b2156f8e-72e1547c,CTD-0.70,0.3232468186911604,0.21856087018563905,0.7789366379510214,0.2447149174761115,840,603,310,293,530,68,123,64.4,0,123,0.0,64.4,0,0.0,0,0.0,68,35.6,4.8,18.157,59.142,93.748,267.45,29.609,136.37,12.694,58.12,11.409,52.3,58.0,59.7,56.2,56.6,59.7,54.5,4.9,33.6,5218.0,5218,37
b2156f8e-72e1547c,CTD-0.90,0.37080070720346275,0.2573534258352276,0.8279729654742055,0.2661364711447493,840,604,342,262,498,72,119,62.3,0,119,0.0,62.3,0,0.0,0,0.0,72,37.7,5.02,19.294,61.916,103.362,304.0,30.197,147.25,12.802,62.07,11.503,55.83,58.1,59.5,56.3,56.8,59.5,56.1,5.0,34.2,5218.0,5218,39
b215943a-10e44587,CTD-0.30,0.3876899557719915,0.234974886506903,0.7557614271572373,0.29061779922612063,792,697,370,327,422,81,110,57.59,0,110,0.0,57.59,0,0.0,0,0.0,81,42.41,5.79,21.634,59.972,100.746,339.09,29.209,163.31,12.571,70.1,11.286,62.97,58.0,59.6,56.1,56.7,59.6,53.3,4.8,33.0,5217.0,5222,45
b215943a-10e44587,CTD-0.50,0.4193911246449237,0.26455991807063495,0.7953711009926155,0.31205627705627703,792,700,378,322,414,89,102,53.4,0,102,0.0,53.4,0,0.0,0,0.0,89,46.6,5.9,23.59,60.965,102.916,348.5,31.132,177.33,12.975,73.75,11.756,66.86,58.2,59.6,56.3,56.8,59.6,59.5,4.8,35.3,5216.0,5216,45
b215943a-10e44587,CTD-0.70,0.4534653050056697,0.28851122080290714,0.8137517643982934,0.3350416944166944,792,728,400,328,392,97,94,49.21,0,94,0.0,49.21,0,0.0,0,0.0,97,50.79,6.32,25.491,65.829,99.976,408.3,31.783,195.5,13.076,80.18,11.829,72.58,58.4,59.5,56.5,57.1,59.5,63.1,4.8,35.8,5216.0,5216,49
b215943a-10e44587,CTD-0.90,0.5160157079054373,0.33980940286627725,0.8538323606680644,0.36447811447811446,792,741,442,299,350,113,78,40.84,0,78,0.0,40.84,0,0.0,0,0.0,113,59.16,7.23,29.987,62.359,102.828,439.91,32.186,224.91,13.23,92.26,11.963,83.46,58.5,60.4,56.6,57.2,60.4,57.9,4.8,37.3,5216.0,5216,55
b216243d-55963da2,CTD-0.30,0.6280498504362682,0.4640478474499278,0.9467903656422085,0.3847148780152264,1713,1447,1107,340,606,78,25,24.27,0,25,0.0,24.27,0,0.0,0,0.0,78,75.73,5.37,42.517,72.693,106.71,373.34,30.093,154.37,12.786,65.41,11.511,58.93,58.5,59.6,56.5,57.0,59.6,70.5,4.8,33.5,5215.0,5217,41
b216243d-55963da2,CTD-0.50,0.6280498504362682,0.4640478474499278,0.9467903656422085,0.3847148780152264,1713,1447,1107,340,606,78,25,24.27,0,25,0.0,24.27,0,0.0,0,0.0,78,75.73,5.31,42.895,56.375,98.906,283.21,30.381,154.86,12.863,65.37,11.582,58.92,58.2,58.9,56.4,56.9,59.2,53.4,4.8,34.0,5218.0,5218,41
b216243d-55963da2,CTD-0.70,0.6579089897414198,0.4878225405427239,0.9528741664527066,0.3986287085509682,1713,1483,1156,327,557,77,26,25.24,0,26,0.0,25.24,0,0.0,0,0.0,77,74.76,5.38,43.436,59.251,97.808,304.79,29.562,151.94,12.631,64.68,11.393,58.41,58.0,58.8,56.3,56.5,58.8,54.5,4.8,33.5,5218.0,5219,40
b216243d-55963da2,CTD-0.90,0.6744955170318613,0.5042063325532755,0.9577300415129752,0.4033352635444325,1713,1488,1183,305,530,85,18,17.48,0,18,0.0,17.48,0,0.0,0,0.0,85,82.52,5.81,47.484,46.871,98.974,259.09,30.338,168.97,12.797,71.03,11.544,64.17,58.1,58.7,56.2,56.6,58.7,42.3,4.8,33.6,5219.0,5219,43
b216243d-ad4306b9,CTD-0.30,0.597350245414946,0.40009804789641124,0.9142235826471836,0.3860182513430455,1093,975,686,289,407,62,41,39.81,0,41,0.0,39.81,0,0.0,0,0.0,62,60.19,4.28,32.546,54.147,101.93,225.82,29.5,120.96,12.593,51.48,11.316,46.29,57.9,58.6,56.1,56.4,58.6,48.9,4.8,32.9,5219.0,5222,33
b216243d-ad4306b9,CTD-0.50,0.6329978313228127,0.4425993944709289,0.9243482682666109,0.4057978883697443,1093,1011,719,292,374,73,30,29.13,0,30,0.0,29.13,0,0.0,0,0.0,73,70.87,4.74,38.01,61.348,99.552,276.8,31.185,138.93,12.99,57.63,11.73,52.1,58.1,59.4,56.4,57.2,59.4,55.9,4.8,35.1,5219.0,5220,34
b216243d-ad4306b9,CTD-0.70,0.6659284187194145,0.4552335327327226,0.9439177191396937,0.4068930936223635,1093,978,753,225,340,75,28,27.18,0,28,0.0,27.18,0,0.0,0,0.0,75,72.82,4.68,37.774,61.928,97.568,277.01,32.078,142.65,13.167,58.38,11.87,52.68,58.2,59.6,56.4,56.9,59.5,62.5,4.7,36.7,5220.0,5224,36
b216243d-ad4306b9,CTD-0.90,0.695954507683265,0.5070285808162935,0.9567649022480504,0.42379250247502764,1093,999,776,223,317,95,8,7.77,0,8,0.0,7.77,0,0.0,0,0.0,95,92.23,5.77,47.504,80.387,99.83,436.31,33.283,182.01,13.439,73.28,12.13,66.2,58.6,59.8,56.7,57.1,59.8,75.5,4.8,38.5,5222.0,5222,44
b2169b74-fa197951,CTD-0.30,0.5942632510568218,0.3981319611148827,0.894907878330832,0.39199508778406766,2040,1912,1291,621,749,113,90,44.33,0,90,0.0,44.33,0,0.0,0,0.0,113,55.67,7.84,29.376,32.632,97.588,246.42,30.446,233.54,12.745,97.44,11.509,88.05,58.1,58.7,56.4,56.7,58.6,21.6,5.0,35.9,5226.0,5230,61
b2169b74-fa197951,CTD-0.50,0.6197253598957019,0.4168974369302608,0.9091265793963915,0.39839393563332515,2040,1896,1338,558,702,120,83,40.89,0,83,0.0,40.89,0,0.0,0,0.0,120,59.11,7.97,31.258,32.682,101.322,252.21,31.324,244.51,12.864,100.09,11.692,91.04,57.9,58.9,56.2,56.6,58.9,30.0,4.9,35.5,5227.0,5229,62
b2169b74-fa197951,CTD-0.70,0.6380044275658234,0.41559633710870225,0.9164007504666234,0.39848133787276974,2040,1866,1382,484,658,115,88,43.35,0,88,0.0,43.35,0,0.0,0,0.0,115,56.65,7.67,30.009,36.847,103.454,273.48,31.244,234.24,12.898,96.35,11.658,87.17,57.9,58.3,56.2,56.5,58.3,33.3,4.8,35.5,5228.0,5229,60
b2169b74-fa197951,CTD-0.90,0.6902387366512476,0.4563342851642207,0.9223775771415299,0.4224831087854365,2040,1956,1494,462,546,139,64,31.53,0,64,0.0,31.53,0,0.0,0,0.0,139,68.47,9.37,37.325,66.763,101.066,605.03,31.366,285.98,12.975,117.95,11.738,106.79,58.2,59.7,56.3,56.8,59.7,64.6,5.0,36.0,5230.0,5231,71
b21742c2-0e7a2b57,CTD-0.30,0.43407673090170373,0.28725959777577975,0.9019217284856594,0.2775465127592526,2128,1391,989,402,1139,116,86,42.57,0,86,0.0,42.57,0,0.0,0,0.0,116,57.43,8.46,31.678,61.063,99.8,496.23,28.822,236.67,12.425,101.8,11.264,92.33,57.8,59.1,56.1,56.5,59.1,56.7,5.0,32.7,5223.0,5229,62
b21742c2-0e7a2b57,CTD-0.50,0.43731599540624433,0.29217400289572387,0.8998694318674709,0.2823586720143074,2128,1421,995,426,1133,120,82,40.59,0,82,0.0,40.59,0,0.0,0,0.0,120,59.41,8.31,32.366,51.827,100.866,414.61,30.201,242.13,12.706,101.57,11.511,92.1,57.8,59.2,56.0,56.5,59.2,44.9,4.8,34.5,5228.0,5228,61
b21742c2-0e7a2b57,CTD-0.70,0.43254303647089665,0.2882912591618896,0.9063685430829919,0.27624054678180165,2128,1374,981,393,1147,119,83,41.09,0,83,0.0,41.09,0,0.0,0,0.0,119,58.91,8.17,31.62,59.796,104.754,474.41,30.473,244.12,12.79,102.13,11.57,92.46,57.9,58.9,56.1,56.6,58.9,54.1,4.8,34.7,5229.0,5229,61
b21742c2-0e7a2b57,CTD-0.90,0.4348149385413016,0.28436185431725397,0.9101089346902633,0.27592326808969714,2128,1366,983,383,1145,119,83,41.09,0,83,0.0,41.09,0,0.0,0,0.0,119,58.91,8.25,31.921,57.227,98.552,456.14,30.195,242.58,12.758,102.19,11.512,92.26,57.8,58.7,56.1,56.6,58.7,51.3,4.9,34.7,5227.0,5228,61
b21742c2-18d3463a,CTD-0.30,0.6716417466357956,0.40480448793700174,0.8656902057311963,0.46863730301618406,3260,3779,2385,1394,875,192,10,4.95,0,10,0.0,4.95,0,0.0,0,0.0,192,95.05,14.3,58.522,58.122,105.622,810.56,28.854,404.39,12.453,174.21,11.223,157.09,57.7,58.6,55.9,56.3,58.6,51.9,4.9,32.8,5228.0,5233,107
b21742c2-18d3463a,CTD-0.50,0.6723826022772408,0.40589561488581644,0.8663886140771914,0.468981958741966,3260,3779,2385,1394,875,194,8,3.96,0,8,0.0,3.96,0,0.0,0,0.0,194,96.04,14.32,59.465,56.613,103.676,796.27,29.077,410.23,12.468,175.53,11.261,158.65,57.4,58.3,55.6,56.1,58.4,50.5,4.8,32.6,5229.0,5231,107
b21742c2-18d3463a,CTD-0.70,0.6723826022772408,0.40589561488581644,0.8663886140771914,0.468981958741966,3260,3779,2385,1394,875,194,8,3.96,0,8,0.0,3.96,0,0.0,0,0.0,194,96.04,14.25,59.116,59.284,104.272,827.22,29.219,408.16,12.481,174.02,11.296,157.59,57.4,58.2,55.7,56.3,58.2,54.6,4.8,32.8,5230.0,5231,106
b21742c2-18d3463a,CTD-0.90,0.6723826022772408,0.40589561488581644,0.8663886140771914,0.468981958741966,3260,3779,2385,1394,875,194,8,3.96,0,8,0.0,3.96,0,0.0,0,0.0,194,96.04,14.3,59.32,64.735,101.06,910.03,29.11,410.53,12.412,174.66,11.276,158.75,57.3,58.2,55.7,56.3,58.2,58.9,4.8,32.5,5231.0,5232,107
b2194b15-1825056a,CTD-0.30,0.3783412087569243,0.2582919888301781,0.8965565229832625,0.24244690780305062,1798,1044,728,316,1070,113,90,44.33,0,90,0.0,44.33,0,0.0,0,0.0,113,55.67,7.83,29.636,68.372,99.74,515.2,29.767,226.08,12.655,95.77,11.451,86.76,57.1,58.2,55.6,56.4,58.2,66.5,4.9,32.4,5235.0,5238,58
b2194b15-1825056a,CTD-0.50,0.4015807095511094,0.27848263142779517,0.9122551323325981,0.2572037100227727,1798,1079,759,320,1039,142,61,30.05,0,61,0.0,30.05,0,0.0,0,0.0,142,69.95,9.03,36.141,66.42,102.87,578.24,32.613,286.12,13.29,116.38,11.994,105.07,57.8,58.8,56.1,56.7,58.8,63.7,4.8,37.8,5236.0,5237,67
b2194b15-1825056a,CTD-0.70,0.41196536780367804,0.2869656335696633,0.9247814232557737,0.25689776653810764,1798,1053,776,277,1022,150,53,26.11,0,53,0.0,26.11,0,0.0,0,0.0,150,73.89,8.98,36.851,73.193,97.064,635.73,34.351,300.5,13.591,118.62,12.316,107.55,58.4,59.7,56.3,56.7,59.7,72.2,4.6,39.8,5235.0,5237,69
b2194b15-1825056a,CTD-0.90,0.4270860486064471,0.29833176128680633,0.9324059772111295,0.26481434595653547,1798,1072,799,273,999,162,41,20.2,0,41,0.0,20.2,0,0.0,0,0.0,162,79.8,9.76,40.344,72.447,105.118,685.25,34.33,325.32,13.592,128.51,12.311,116.47,58.7,59.8,56.8,57.5,59.8,70.8,4.7,40.2,5240.0,5241,73
b21bfb83-ea32f716,CTD-0.30,0.468360160668365,0.29550418378664556,0.9100116439514679,0.2835994666580644,2380,1563,1202,361,1178,80,122,60.4,0,122,0.0,60.4,0,0.0,0,0.0,80,39.6,6.23,21.685,57.85,95.538,341.42,27.049,162.21,12.126,72.46,10.919,65.31,57.7,58.7,56.4,56.9,59.0,48.9,5.2,30.6,5239.0,5244,46
b21bfb83-ea32f716,CTD-0.50,0.48169930695363905,0.308821899999441,0.9121800362786382,0.2881403574087863,2380,1580,1237,343,1143,79,123,60.89,0,123,0.0,60.89,0,0.0,0,0.0,79,39.11,5.87,21.449,67.891,106.544,375.33,28.054,156.51,12.375,68.75,11.126,61.87,57.5,58.2,56.1,56.6,58.2,66.1,5.0,31.1,5239.0,5244,43
b21bfb83-ea32f716,CTD-0.70,0.5053206867754207,0.3194880524346455,0.9296976112767926,0.2975164638910593,2380,1581,1278,303,1102,81,121,59.9,0,121,0.0,59.9,0,0.0,0,0.0,81,40.1,5.89,21.485,56.631,101.78,313.8,28.833,162.65,12.538,70.42,11.242,63.22,57.4,58.4,56.0,56.5,58.4,53.1,5.0,32.2,5241.0,5244,46
b21bfb83-ea32f716,CTD-0.90,0.5572043163580569,0.3748826108733168,0.9607459708877063,0.3169029623022393,2380,1611,1368,243,1012,126,76,37.62,0,76,0.0,37.62,0,0.0,0,0.0,126,62.38,8.45,33.15,84.129,102.724,688.17,31.192,255.61,12.964,106.02,11.712,95.83,57.9,58.9,56.0,56.5,58.9,84.5,4.8,34.8,5240.0,5241,66
b21c68e6-65674a17,CTD-0.30,0.2801762146044576,0.15658447702298203,0.8010431738229312,0.2132600794376661,1742,1062,525,537,1217,102,101,49.75,0,101,0.0,49.75,0,0.0,0,0.0,102,50.25,7.05,26.082,60.161,101.202,413.22,30.136,205.86,12.751,86.8,11.52,78.47,57.5,58.7,56.0,56.7,58.7,54.2,5.0,34.4,5241.0,5246,54
b21c68e6-65674a17,CTD-0.50,0.3093169666129683,0.17646586277380544,0.8185583331340079,0.22931381969749914,1742,1104,581,523,1161,110,93,45.81,0,93,0.0,45.81,0,0.0,0,0.0,110,54.19,7.18,27.907,67.928,98.776,471.66,31.86,221.12,13.156,91.04,11.851,82.07,57.9,59.2,56.3,56.8,59.2,65.9,4.7,36.6,5242.0,5242,56
b21c68e6-65674a17,CTD-0.70,0.30924043840780935,0.17711688562657837,0.820111405974297,0.22914831437219496,1742,1100,580,520,1162,111,92,45.32,0,92,0.0,45.32,0,0.0,0,0.0,111,54.68,7.26,28.231,61.051,101.15,429.25,31.779,223.69,13.098,91.89,11.811,82.91,57.9,58.9,56.3,56.9,58.9,58.2,4.8,36.7,5242.0,5242,57
b21c68e6-65674a17,CTD-0.90,0.4022745867823237,0.23030957530897062,0.8823901130680891,0.27677601838523125,1742,1182,740,442,1002,155,48,23.65,0,48,0.0,23.65,0,0.0,0,0.0,155,76.35,9.58,38.95,72.439,102.566,674.32,33.547,313.49,13.457,125.49,12.177,113.63,58.4,59.5,56.6,57.2,59.5,69.1,4.8,38.5,5242.0,5243,75
b21c86ac-0dc77d82,CTD-0.30,0.5447923096449779,0.3398668201483944,0.8925423311047518,0.3273247957357891,1832,1396,1108,288,724,30,172,85.15,0,172,0.0,85.15,0,0.0,0,0.0,30,14.85,3.57,9.291,49.178,92.594,163.59,19.659,65.94,10.479,34.95,9.42,31.47,56.9,57.7,55.7,56.2,57.7,43.3,5.5,27.8,5245.0,5250,27
b21c86ac-0dc77d82,CTD-0.50,0.5946879600726058,0.38428147239555477,0.9268428327558709,0.3506738917189472,1832,1429,1164,265,668,40,162,80.2,0,162,0.0,80.2,0,0.0,0,0.0,40,19.8,3.66,11.312,62.123,95.79,213.56,23.626,81.61,11.571,39.67,10.207,35.08,56.7,57.5,55.4,56.2,57.5,55.5,5.2,25.0,5246.0,5249,28
b21c86ac-0dc77d82,CTD-0.70,0.6548999761803693,0.4385254874290284,0.9681963553432777,0.3644188181242967,1832,1401,1233,168,599,46,156,77.23,0,156,0.0,77.23,0,0.0,0,0.0,46,22.77,4.0,12.769,53.078,94.132,202.6,24.793,94.83,11.725,44.58,10.405,39.63,56.4,57.5,55.1,55.4,57.5,48.4,5.3,26.8,5248.0,5250,31
b21c86ac-0dc77d82,CTD-0.90,0.6674982646434564,0.4657700794944106,0.9721369733639641,0.36944104494447993,1832,1413,1252,161,580,73,129,63.86,0,129,0.0,63.86,0,0.0,0,0.0,73,36.14,5.58,19.582,64.686,100.818,348.76,27.649,149.49,12.228,65.77,11.025,59.38,56.4,57.4,54.9,55.7,57.5,64.0,4.9,29.8,5248.0,5248,43
b21c86ac-2eb7ba16,CTD-0.30,0.7765159931744109,0.560978208178845,0.9535601554837179,0.47695886388162356,2889,2992,2290,702,599,193,10,4.93,0,10,0.0,4.93,0,0.0,0,0.0,193,95.07,12.88,54.053,60.357,101.854,759.67,31.959,403.64,13.0,163.92,11.793,148.76,57.3,58.5,55.6,56.3,58.5,55.8,4.8,36.8,5249.0,5254,97
b21c86ac-2eb7ba16,CTD-0.50,0.7833506612500698,0.5666586858396206,0.9554841513270482,0.4779841646498305,2889,2988,2310,678,579,195,8,3.94,0,8,0.0,3.94,0,0.0,0,0.0,195,96.06,13.15,56.095,47.84,105.816,615.8,31.403,405.44,12.915,166.42,11.702,150.88,57.5,58.8,55.9,56.7,58.8,41.5,4.8,36.0,5252.0,5253,98
b21c86ac-2eb7ba16,CTD-0.70,0.7833506612500698,0.5666586858396206,0.9554841513270482,0.4779841646498305,2889,2988,2310,678,579,195,8,3.94,0,8,0.0,3.94,0,0.0,0,0.0,195,96.06,13.09,55.829,54.961,102.902,700.78,31.589,405.41,12.988,166.38,11.751,150.6,57.7,58.9,56.1,56.8,58.9,50.6,4.8,36.3,5244.0,5244,98
b21c86ac-2eb7ba16,CTD-0.90,0.7833506612500698,0.5666586858396206,0.9554841513270482,0.4779841646498305,2889,2988,2310,678,579,195,8,3.94,0,8,0.0,3.94,0,0.0,0,0.0,195,96.06,12.9,54.857,55.477,98.414,693.53,31.801,402.92,13.02,164.57,11.802,149.27,57.8,58.7,56.2,56.7,58.7,51.2,4.8,36.6,5244.0,5245,99
b21c86ac-71205084,CTD-0.30,0.6245097756774536,0.43822952636580786,0.9205732953438311,0.3886716816026146,1914,1699,1263,436,651,135,67,33.17,0,67,0.0,33.17,0,0.0,0,0.0,135,66.83,9.26,36.59,64.807,98.912,580.79,30.244,271.68,12.773,114.35,11.537,103.4,57.6,58.8,56.0,56.5,58.8,59.2,4.8,34.2,5248.0,5253,69
b21c86ac-71205084,CTD-0.50,0.6713013388865777,0.4892155745004301,0.941143994611048,0.4117686600801734,1914,1741,1332,409,582,163,39,19.31,0,39,0.0,19.31,0,0.0,0,0.0,163,80.69,10.59,43.765,58.69,104.154,605.52,32.09,332.56,13.095,135.45,11.865,122.79,57.9,59.0,55.9,56.6,59.0,55.7,4.8,37.2,5244.0,5247,80
b21c86ac-71205084,CTD-0.70,0.6794187198167518,0.49623690160393785,0.9413343209940351,0.4167706555064835,1914,1761,1348,413,566,174,28,13.86,0,28,0.0,13.86,0,0.0,0,0.0,174,86.14,11.06,46.038,66.114,105.074,719.69,32.779,356.51,13.266,143.96,12.011,130.44,58.2,59.2,56.2,57.1,59.2,63.5,4.7,37.8,5238.0,5244,84
b21c86ac-71205084,CTD-0.90,0.7008271911783346,0.5157051339931893,0.9464796204985377,0.42429066998032516,1914,1776,1388,388,526,179,23,11.39,0,23,0.0,11.39,0,0.0,0,0.0,179,88.61,11.24,46.825,71.894,102.732,788.93,33.388,367.94,13.359,146.94,12.098,133.13,58.6,59.5,56.5,57.0,59.5,71.9,4.8,38.4,5235.0,5236,89
b21d5efb-5e2cd743,CTD-0.30,0.2250659497886226,0.1274368257154673,0.8072525492015526,0.16399536274330342,1350,607,349,258,1001,89,113,55.94,0,113,0.0,55.94,0,0.0,0,0.0,89,44.06,6.03,22.687,64.924,102.008,374.77,30.965,179.6,12.895,74.45,11.672,67.46,58.2,59.6,56.4,57.1,59.6,63.0,4.9,35.2,5236.0,5239,45
b21d5efb-5e2cd743,CTD-0.50,0.23336767853557028,0.13302060724507742,0.8211111705542931,0.16761120263591434,1350,607,357,250,993,99,103,50.99,0,103,0.0,50.99,0,0.0,0,0.0,99,49.01,6.22,24.74,69.062,99.194,410.68,32.875,197.4,13.327,79.74,12.06,72.21,58.4,59.5,56.5,57.3,59.5,68.9,4.8,37.6,5236.0,5237,46
b21d5efb-5e2cd743,CTD-0.70,0.23763152127949644,0.13823058954482648,0.8347248983155173,0.16737617887702202,1350,593,360,233,990,106,96,47.52,0,96,0.0,47.52,0,0.0,0,0.0,106,52.48,6.5,26.111,64.133,104.914,397.5,33.809,209.83,13.562,83.91,12.258,75.91,58.7,60.7,56.7,57.3,60.7,65.9,4.8,38.8,5236.0,5236,48
b21d5efb-5e2cd743,CTD-0.90,0.2647044068754236,0.154113198987595,0.8608724077517,0.1763895103156848,1350,596,398,198,952,112,90,44.55,0,90,0.0,44.55,0,0.0,0,0.0,112,55.45,6.84,27.749,65.556,102.386,430.84,33.951,225.11,13.592,89.83,12.303,81.36,58.7,59.8,56.9,57.4,59.8,62.4,4.8,39.6,5236.0,5236,51
b2208b0f-2796a692,CTD-0.30,0.727854462010215,0.47586104407243174,0.9356500352068549,0.4612483978963397,4174,4306,3132,1174,1042,192,11,5.42,0,11,0.0,5.42,0,0.0,0,0.0,192,94.58,13.95,57.274,62.202,100.422,852.1,29.577,406.14,12.563,172.27,11.358,155.8,58.2,59.2,56.6,57.2,59.1,56.4,5.0,34.2,5237.0,5243,111
b2208b0f-2796a692,CTD-0.50,0.7336049505322622,0.4807552979692572,0.9379962822026878,0.46335969232558677,4174,4309,3152,1157,1022,195,8,3.94,0,8,0.0,3.94,0,0.0,0,0.0,195,96.06,13.91,57.818,65.89,106.45,899.62,29.826,408.37,12.566,171.71,11.396,155.82,57.7,58.5,56.0,56.7,58.5,60.6,5.0,33.6,5239.0,5239,110
b2208b0f-2796a692,CTD-0.70,0.7336049505322622,0.4807552979692572,0.9379962822026878,0.46335969232558677,4174,4309,3152,1157,1022,195,8,3.94,0,8,0.0,3.94,0,0.0,0,0.0,195,96.06,13.93,57.877,63.61,103.62,869.53,29.836,410.24,12.619,173.19,11.398,156.5,57.5,58.5,55.5,56.0,58.5,59.2,5.0,33.7,5238.0,5239,109
b2208b0f-2796a692,CTD-0.90,0.7336049505322622,0.4807552979692572,0.9379962822026878,0.46335969232558677,4174,4309,3152,1157,1022,195,8,3.94,0,8,0.0,3.94,0,0.0,0,0.0,195,96.06,13.93,57.847,64.613,99.658,885.33,29.773,408.39,12.576,172.19,11.387,155.99,57.3,58.2,55.4,56.0,58.2,62.2,5.0,33.6,5238.0,5238,109
b229488e-e4714bb7,CTD-0.30,0.36671142673022883,0.23455898268858122,0.8430969888077662,0.2590230623600711,1354,923,540,383,814,85,117,57.92,0,117,0.0,57.92,0,0.0,0,0.0,85,42.08,6.02,22.149,64.562,98.758,376.71,29.1,168.48,12.496,72.05,11.308,65.3,57.0,58.2,55.4,56.0,58.2,62.6,4.9,30.5,5242.0,5248,46
b229488e-e4714bb7,CTD-0.50,0.4247003677054267,0.28203201096577357,0.8953296080858666,0.28400218688254136,1354,924,605,319,749,100,102,50.5,0,102,0.0,50.5,0,0.0,0,0.0,100,49.5,6.42,25.132,69.805,96.788,428.83,32.0,198.3,13.155,81.28,11.894,73.53,57.5,58.7,55.9,56.5,58.5,65.2,4.8,36.5,5241.0,5248,50
b229488e-e4714bb7,CTD-0.70,0.4324034316247498,0.28754773231325925,0.8997788317682671,0.28452029452088917,1354,919,617,302,737,104,98,48.51,0,98,0.0,48.51,0,0.0,0,0.0,104,51.49,6.59,26.061,73.54,105.228,464.38,32.442,206.19,13.284,84.15,11.97,75.9,58.0,59.3,56.2,56.8,58.9,71.2,4.8,37.3,5241.0,5241,51
b229488e-e4714bb7,CTD-0.90,0.5368350885847646,0.37252051571599554,0.9536907210209096,0.32597607645174115,1354,958,744,214,610,140,62,30.69,0,62,0.0,30.69,0,0.0,0,0.0,140,69.31,8.51,35.014,70.386,105.03,583.48,33.968,283.35,13.56,112.91,12.27,102.21,58.4,59.5,56.5,57.2,59.5,71.1,4.7,39.3,5241.0,5241,67
b22a4d9f-48b2e986,CTD-0.30,0.5664441836621742,0.40463419718805954,0.9094460041401894,0.37854140853558443,1414,1258,828,430,586,132,71,34.98,0,71,0.0,34.98,0,0.0,0,0.0,132,65.02,9.18,34.133,66.144,98.048,596.6,30.425,272.61,12.757,114.12,11.546,103.35,58.0,58.8,56.3,56.9,58.8,64.1,4.9,35.8,5242.0,5248,72
b22a4d9f-48b2e986,CTD-0.50,0.5931722738659833,0.4269999616945368,0.9272075153003864,0.3855385365864778,1414,1241,862,379,552,142,61,30.05,0,61,0.0,30.05,0,0.0,0,0.0,142,69.95,9.39,36.218,58.915,106.424,543.73,31.664,290.66,12.988,118.95,11.766,107.84,58.0,59.0,56.1,56.4,59.0,57.3,4.8,36.6,5241.0,5241,74
b22a4d9f-48b2e986,CTD-0.70,0.6174923063802464,0.4481362876587788,0.9330586529390638,0.39757627245417065,1414,1267,895,372,519,151,52,25.62,0,52,0.0,25.62,0,0.0,0,0.0,151,74.38,9.9,38.508,66.348,99.694,644.02,31.989,308.89,13.067,126.04,11.83,114.16,58.1,59.3,56.4,56.9,59.3,61.6,4.9,36.9,5241.0,5242,77
b22a4d9f-48b2e986,CTD-0.90,0.6453392475600831,0.46778756337916916,0.9418710442097556,0.40758190507179487,1414,1278,934,344,480,167,36,17.73,0,36,0.0,17.73,0,0.0,0,0.0,167,82.27,10.83,42.475,66.207,104.678,699.72,32.338,341.76,13.234,139.56,11.899,125.55,58.3,59.7,56.6,56.9,59.7,62.9,4.8,37.1,5241.0,5241,84
b22a4d9f-73cc8810,CTD-0.30,0.584890071794297,0.4091531091215794,0.9265739315508404,0.38441350365086174,2255,1979,1348,631,907,126,77,37.93,0,77,0.0,37.93,0,0.0,0,0.0,126,62.07,9.32,34.406,62.656,98.728,566.36,28.872,261.8,12.447,112.68,11.248,101.9,57.8,58.5,56.2,56.7,58.5,56.4,5.0,32.8,5242.0,5249,71
b22a4d9f-73cc8810,CTD-0.50,0.7112697618776176,0.5022924065414982,0.9703344959235789,0.42502748327712464,2255,2023,1620,403,635,157,46,22.66,0,46,0.0,22.66,0,0.0,0,0.0,157,77.34,10.94,42.919,59.906,104.286,645.64,30.313,324.67,12.726,136.04,11.513,123.18,57.7,58.7,55.7,56.3,58.7,53.8,4.9,34.5,5244.0,5247,84
b22a4d9f-73cc8810,CTD-0.70,0.7183976195962501,0.5093122589789175,0.972927736388008,0.4279698412906668,2255,2028,1633,395,622,162,41,20.2,0,41,0.0,20.2,0,0.0,0,0.0,162,79.8,11.12,43.856,67.162,101.848,733.29,30.686,336.0,12.802,139.84,11.597,126.76,57.8,59.0,55.8,56.7,59.0,63.8,4.9,35.0,5244.0,5247,86
b22a4d9f-73cc8810,CTD-0.90,0.7682136675849806,0.5503340287049353,0.9833459427881718,0.43898245610223235,2255,2041,1743,298,512,177,26,12.81,0,26,0.0,12.81,0,0.0,0,0.0,177,87.19,12.02,47.793,64.201,106.68,755.71,31.197,368.83,12.921,152.47,11.687,137.99,57.9,58.7,56.1,56.8,58.7,60.0,4.9,35.6,5248.0,5248,93
b22e02cd-6af68e18,CTD-0.30,0.2736139098089375,0.18690616232599594,0.8088316240938271,0.20395068058922244,865,496,257,239,608,104,98,48.51,0,98,0.0,48.51,0,0.0,0,0.0,104,51.49,6.75,25.754,69.782,99.662,455.79,31.538,204.92,12.997,84.1,11.792,76.39,57.9,58.8,56.2,57.0,58.8,70.8,4.8,35.0,5251.0,5257,52
b22e02cd-6af68e18,CTD-0.50,0.23671562490647102,0.15008484145383882,0.777829545963942,0.17747570348726416,865,455,232,223,633,81,121,59.9,0,121,0.0,59.9,0,0.0,0,0.0,81,40.1,5.17,19.62,62.622,99.422,307.56,31.848,158.15,13.228,65.51,11.86,58.78,58.1,59.2,56.5,57.1,59.2,63.4,4.8,36.2,5254.0,5258,39
b22e02cd-6af68e18,CTD-0.70,0.3371943173592584,0.22451976567130827,0.8666944444351191,0.23270057347425066,865,507,313,194,552,119,83,41.09,0,83,0.0,41.09,0,0.0,0,0.0,119,58.91,7.19,28.969,71.999,103.916,493.97,33.975,235.2,13.602,93.91,12.293,84.91,58.5,60.3,56.7,57.3,60.3,68.1,4.6,39.4,5254.0,5255,55
b22e02cd-6af68e18,CTD-0.90,0.2741017056542421,0.17851874563816078,0.7926052742520283,0.204522470956868,865,511,264,247,601,96,106,52.48,0,106,0.0,52.48,0,0.0,0,0.0,96,47.52,5.99,23.377,64.699,96.76,373.91,32.969,190.25,13.413,77.23,12.077,69.56,58.5,59.7,56.8,57.3,59.6,60.0,4.7,37.9,5255.0,5255,46
b22f385b-5d7e5202,CTD-0.30,0.7312196288151793,0.5909749371792414,0.9317468129197769,0.4233801070111322,1281,1206,996,210,285,66,136,67.33,0,136,0.0,67.33,0,0.0,0,0.0,66,32.67,5.4,17.217,64.188,102.484,332.88,26.485,136.42,12.054,61.8,10.79,55.38,57.7,58.7,56.4,56.9,58.7,52.8,5.3,30.7,5257.0,5261,41
b22f385b-5d7e5202,CTD-0.50,0.7425877878863965,0.6063278998599848,0.9492744859745136,0.4168523807499678,1281,1157,996,161,285,68,134,66.34,0,134,0.0,66.34,0,0.0,0,0.0,68,33.66,5.29,18.117,65.455,100.594,333.18,27.194,139.29,12.227,62.25,10.961,55.88,57.4,58.4,56.0,56.5,58.4,61.3,5.1,29.9,5256.0,5257,40
b22f385b-5d7e5202,CTD-0.70,0.7599461749714874,0.6351903546247033,0.9531035715061074,0.4323550834697004,1281,1195,1013,182,268,88,114,56.44,0,114,0.0,56.44,0,0.0,0,0.0,88,43.56,6.48,23.393,63.139,100.06,396.76,28.721,179.2,12.512,77.76,11.239,69.89,57.3,58.3,55.9,56.6,58.3,60.4,4.9,32.4,5258.0,5259,49
b22f385b-5d7e5202,CTD-0.90,0.7769912995653594,0.6606273830881497,0.9603220678735442,0.4427311583617379,1281,1212,1027,185,254,117,85,42.08,0,85,0.0,42.08,0,0.0,0,0.0,117,57.92,7.98,30.413,67.534,101.88,526.37,30.898,238.86,12.896,99.39,11.649,89.83,57.5,58.5,56.0,56.8,58.5,62.1,4.9,35.5,5258.0,5259,62
b230132b-ff8f2719,CTD-0.30,0.43895616875768373,0.2946356395005833,0.9014337024392559,0.28540300409192215,1616,1084,757,327,859,88,115,56.65,0,115,0.0,56.65,0,0.0,0,0.0,88,43.35,6.2,22.757,56.479,99.262,340.74,29.5,176.26,12.567,74.9,11.341,67.64,57.4,58.7,55.8,56.5,58.7,53.7,4.9,32.7,5260.0,5264,48
b230132b-ff8f2719,CTD-0.50,0.45120349057182185,0.3047170135486378,0.9083018866681475,0.29007218903708554,1616,1089,775,314,841,97,106,52.22,0,106,0.0,52.22,0,0.0,0,0.0,97,47.78,6.36,24.745,70.461,103.17,430.27,31.243,190.08,13.036,79.11,11.716,71.15,57.8,58.9,56.1,56.8,58.9,69.4,4.8,36.3,5263.0,5269,49
b230132b-ff8f2719,CTD-0.70,0.4951369764534179,0.3344821781543952,0.9298539175194437,0.3019858596106637,1616,1093,843,250,773,119,84,41.38,0,84,0.0,41.38,0,0.0,0,0.0,119,58.62,7.51,30.114,69.969,103.824,512.05,32.506,238.25,13.32,97.39,11.979,87.63,58.1,59.4,56.4,57.0,59.4,68.8,4.8,37.5,5265.0,5269,57
b230132b-ff8f2719,CTD-0.90,0.5150269588995877,0.34860511096539615,0.9331716231440413,0.3081006779539743,1616,1107,878,229,738,121,82,40.39,0,82,0.0,40.39,0,0.0,0,0.0,121,59.61,7.71,30.906,69.472,100.068,519.41,32.367,241.96,13.248,98.86,11.991,89.55,58.2,59.5,56.5,57.1,59.5,69.6,4.7,38.0,5266.0,5272,58
b230a7b2-c881c382,CTD-0.30,0.17310033924436186,0.10898961359444645,0.7269908505264622,0.13579844238833788,830,362,174,188,656,37,166,81.77,0,166,0.0,81.77,0,0.0,0,0.0,37,18.23,3.38,9.626,55.112,95.992,175.02,23.602,74.88,11.474,36.24,10.221,32.32,57.2,58.4,55.9,56.5,58.3,48.5,5.4,27.7,5274.0,5278,25
b230a7b2-c881c382,CTD-0.50,0.16855633265151443,0.1125942881514264,0.7580859361181077,0.13345441467361985,830,335,161,174,669,37,166,81.77,0,166,0.0,81.77,0,0.0,0,0.0,37,18.23,2.96,9.308,60.147,101.998,166.72,25.938,71.02,11.906,32.35,10.628,28.91,57.1,58.1,55.8,56.3,58.1,55.6,5.0,28.2,5276.0,5276,22
b230a7b2-c881c382,CTD-0.70,0.17877799233179964,0.11506342440033454,0.7450084645109155,0.13841326308017587,830,359,175,184,655,39,164,80.79,0,164,0.0,80.79,0,0.0,0,0.0,39,19.21,3.1,9.943,57.718,101.39,168.06,26.253,76.61,12.024,34.86,10.7,31.05,57.0,58.6,55.6,56.3,58.2,51.4,4.9,29.5,5276.0,5276,23
b230a7b2-c881c382,CTD-0.90,0.18449047582780242,0.12537597880767334,0.8071596210149051,0.1357893110905159,830,312,173,139,657,41,162,79.8,0,162,0.0,79.8,0,0.0,0,0.0,41,20.2,3.13,10.256,59.047,95.698,170.59,27.128,78.77,12.195,35.13,10.885,31.43,56.9,57.9,55.6,56.1,57.9,53.1,4.9,30.1,5276.0,5276,23
b231a630-c4522992,CTD-0.30,0.5981982989616044,0.3713737227211622,0.9123751442653024,0.37558186571961094,3209,2791,2042,749,1167,132,70,34.65,0,70,0.0,34.65,0,0.0,0,0.0,132,65.35,10.0,38.493,61.916,100.138,606.86,28.611,279.59,12.355,120.47,11.193,109.16,57.2,58.2,55.7,56.2,58.2,58.3,5.0,33.4,5274.0,5281,76
b231a630-c4522992,CTD-0.50,0.6210493631746482,0.3898894964806196,0.9205151263732909,0.39190410431266026,3209,2881,2094,787,1115,144,58,28.71,0,58,0.0,28.71,0,0.0,0,0.0,144,71.29,10.52,41.92,57.493,98.652,594.91,29.263,302.78,12.508,129.03,11.311,116.76,57.0,57.9,55.5,56.1,57.9,51.3,4.9,33.0,5279.0,5282,80
b231a630-c4522992,CTD-0.70,0.6586197948304249,0.4166848229830755,0.9337711356640489,0.4021316779659461,3209,2885,2212,673,997,150,52,25.74,0,52,0.0,25.74,0,0.0,0,0.0,150,74.26,10.86,43.558,58.983,102.038,628.48,29.577,314.35,12.569,133.14,11.361,120.44,57.0,58.2,55.5,56.2,58.2,52.9,5.0,33.6,5277.0,5283,82
b231a630-c4522992,CTD-0.90,0.6879366110403246,0.4407282732945915,0.9468682970120154,0.4146480824671004,3209,2914,2284,630,925,167,35,17.33,0,35,0.0,17.33,0,0.0,0,0.0,167,82.67,11.93,48.49,54.31,104.078,638.1,29.931,352.2,12.646,148.47,11.426,134.24,57.1,57.9,55.5,56.1,58.2,49.8,4.9,34.1,5282.0,5283,90
b232c7c9-d251d9ee,CTD-0.30,0.7513561951811942,0.5089469083949196,0.9278140785333935,0.47634090745698066,3174,3427,2479,948,695,169,33,16.34,0,33,0.0,16.34,0,0.0,0,0.0,169,83.66,12.18,50.307,63.302,103.116,757.61,29.5,353.01,12.556,149.84,11.362,135.69,57.1,58.2,55.5,56.0,58.2,61.6,4.8,33.6,5288.0,5292,92
b232c7c9-d251d9ee,CTD-0.50,0.7702978233953701,0.5252024588070879,0.9355107418785321,0.4822345436637634,3174,3424,2531,893,643,175,27,13.37,0,27,0.0,13.37,0,0.0,0,0.0,175,86.63,12.2,51.054,64.762,106.288,778.47,30.359,363.4,12.75,152.35,11.517,137.69,57.2,58.0,55.4,55.8,58.0,62.8,4.9,34.8,5288.0,5291,94
b232c7c9-d251d9ee,CTD-0.70,0.7680282030171245,0.5260508292180868,0.9370185909182764,0.4807990162288203,3174,3406,2519,887,655,176,26,12.87,0,26,0.0,12.87,0,0.0,0,0.0,176,87.13,12.18,51.026,54.591,107.22,649.77,30.627,367.34,12.826,153.54,11.561,138.47,57.2,58.3,55.4,56.1,58.3,48.6,4.8,34.8,5291.0,5295,94
b232c7c9-d251d9ee,CTD-0.90,0.8067070415880386,0.5584198219433586,0.9440312997863057,0.5021599362990586,3174,3512,2632,880,542,194,8,3.96,0,8,0.0,3.96,0,0.0,0,0.0,194,96.04,13.47,57.065,59.135,103.21,781.09,30.616,405.53,12.761,168.66,11.568,153.01,57.3,58.4,55.3,55.9,58.4,53.9,4.8,35.0,5288.0,5288,102
b2331b83-648e56ca,CTD-0.30,0.29691274566807274,0.20917934441440034,0.8865198330795506,0.19666508912214664,1521,721,487,234,1034,93,109,53.96,0,109,0.0,53.96,0,0.0,0,0.0,93,46.04,6.44,23.768,66.074,98.45,406.06,30.464,190.08,12.822,79.47,11.545,71.65,57.2,58.2,55.3,55.8,58.2,62.8,4.9,33.9,5292.0,5297,48
b2331b83-648e56ca,CTD-0.50,0.3282067657487185,0.2324731746685565,0.9106591828969977,0.20930638629200232,1521,738,530,208,991,100,102,50.5,0,102,0.0,50.5,0,0.0,0,0.0,100,49.5,6.44,25.069,64.704,104.668,401.33,32.477,201.74,13.233,81.83,11.962,74.03,57.5,58.4,55.6,56.1,58.4,62.4,4.7,37.1,5294.0,5295,48
b2331b83-648e56ca,CTD-0.70,0.3358767216216316,0.24231174811229791,0.9165057844750492,0.21329801016334327,1521,746,539,207,982,108,94,46.53,0,94,0.0,46.53,0,0.0,0,0.0,108,53.47,6.87,27.002,68.297,101.912,452.23,32.89,218.22,13.346,88.15,12.063,79.73,57.8,59.0,55.8,56.4,58.9,66.8,4.8,37.8,5293.0,5295,51
b2331b83-648e56ca,CTD-0.90,0.3584952145062287,0.2635176241745715,0.9360878255496825,0.22143344267691292,1521,751,567,184,954,127,75,37.13,0,75,0.0,37.13,0,0.0,0,0.0,127,62.87,7.87,31.667,69.187,106.238,526.64,33.459,255.08,13.43,101.98,12.171,92.49,58.1,59.0,56.0,56.5,58.9,68.9,4.7,39.1,5292.0,5293,59
b2331b83-a28e6b57,CTD-0.30,0.7131778423275602,0.49340004321125736,0.921811181509176,0.46467049206014727,3230,3438,2386,1052,844,192,11,5.42,0,11,0.0,5.42,0,0.0,0,0.0,192,94.58,13.54,55.675,60.896,100.238,816.26,30.295,403.1,12.687,168.62,11.525,153.22,57.8,58.8,55.9,56.3,58.8,57.3,4.8,35.3,5294.0,5302,103
b2331b83-a28e6b57,CTD-0.50,0.7135895443543516,0.4940067091628677,0.921896499099945,0.4650053099575203,3230,3440,2387,1053,843,192,11,5.42,0,11,0.0,5.42,0,0.0,0,0.0,192,94.58,12.95,54.247,58.951,101.548,753.13,31.258,397.31,12.873,163.38,11.679,148.3,57.6,59.2,55.8,56.4,59.2,53.6,4.8,35.9,5287.0,5293,99
b2331b83-a28e6b57,CTD-0.70,0.7159798853031356,0.49630914843178137,0.9220178793991809,0.4668235724487792,3230,3453,2394,1059,836,195,8,3.94,0,8,0.0,3.94,0,0.0,0,0.0,195,96.06,12.86,53.925,38.856,108.532,489.89,31.697,400.41,12.916,162.86,11.733,148.03,57.5,58.6,55.6,56.3,58.4,32.2,4.9,36.8,5286.0,5286,99
b2331b83-a28e6b57,CTD-0.90,0.7159798853031356,0.49630914843178137,0.9220178793991809,0.4668235724487792,3230,3453,2394,1059,836,195,8,3.94,0,8,0.0,3.94,0,0.0,0,0.0,195,96.06,12.86,53.889,38.481,103.706,483.76,31.693,400.38,12.951,163.3,11.733,148.01,57.5,58.5,55.6,56.2,58.5,29.7,4.9,36.6,5286.0,5286,98
b23493b1-3200de1c,CTD-0.30,0.757359326200549,0.5383536474835448,0.9457214879055478,0.47171513816999816,3179,3300,2468,832,711,186,16,7.92,0,16,0.0,7.92,0,0.0,0,0.0,186,92.08,12.77,52.442,45.405,100.188,562.37,30.783,384.94,12.763,159.2,11.557,144.24,57.5,58.8,55.6,56.1,58.8,39.6,4.9,35.1,5291.0,5296,97
b23493b1-3200de1c,CTD-0.50,0.7641266302249543,0.5450821957488026,0.9491068783569439,0.472349891290973,3179,3285,2487,798,692,190,12,5.94,0,12,0.0,5.94,0,0.0,0,0.0,190,94.06,12.59,53.002,37.462,98.888,459.3,31.584,388.88,12.871,158.15,11.712,144.0,57.5,59.1,55.6,56.2,59.1,27.5,4.9,36.5,5293.0,5293,96
b23493b1-3200de1c,CTD-0.70,0.7655012948275051,0.5473699679870124,0.9505862373490812,0.4722144445327836,3179,3276,2489,787,690,193,9,4.46,0,9,0.0,4.46,0,0.0,0,0.0,193,95.54,12.74,53.738,37.54,97.148,467.2,31.777,397.82,12.919,161.42,11.744,146.82,57.5,58.6,55.7,56.3,58.6,27.6,4.8,36.5,5293.0,5294,98
b23493b1-3200de1c,CTD-0.90,0.7672847754371415,0.5486976957573578,0.9511748553582999,0.47284096512597984,3179,3277,2494,783,685,194,8,3.96,0,8,0.0,3.96,0,0.0,0,0.0,194,96.04,12.86,54.015,37.703,98.204,477.1,31.613,399.8,12.923,163.13,11.718,148.0,57.5,58.5,55.7,56.2,58.5,29.1,4.9,36.4,5296.0,5296,98
b237db93-fab44bf2,CTD-0.30,0.5671225968471832,0.40246350327812025,0.905233269887899,0.3735601910380672,1017,896,605,291,412,127,76,37.44,0,76,0.0,37.44,0,0.0,0,0.0,127,62.56,8.35,32.052,62.259,100.688,507.27,31.567,256.4,12.999,105.23,11.754,95.25,57.6,58.9,55.6,56.4,58.9,62.2,4.8,35.7,5300.0,5306,64
b237db93-fab44bf2,CTD-0.50,0.619394247054391,0.4400085601793764,0.9228096954607856,0.3984552032297593,1017,926,655,271,362,151,52,25.62,0,52,0.0,25.62,0,0.0,0,0.0,151,74.38,9.02,36.98,73.004,99.236,640.74,34.483,302.67,13.62,119.28,12.355,108.26,58.3,59.7,56.3,56.8,59.4,72.3,4.6,40.4,5300.0,5303,69
b237db93-fab44bf2,CTD-0.70,0.650152211319246,0.4659143067672278,0.9367428095785436,0.4072863167964751,1017,923,684,239,333,166,37,18.23,0,37,0.0,18.23,0,0.0,0,0.0,166,81.77,9.82,40.528,73.051,103.336,701.5,34.857,336.74,13.716,132.19,12.444,119.99,58.7,60.0,56.6,57.1,60.0,71.2,4.6,41.1,5299.0,5306,76
b237db93-fab44bf2,CTD-0.90,0.6762913161449652,0.4951476156130884,0.9464469420775328,0.41435040924010136,1017,923,709,214,308,182,21,10.34,0,21,0.0,10.34,0,0.0,0,0.0,182,89.66,10.65,44.367,73.685,102.186,765.91,35.25,368.17,13.8,143.9,12.544,130.86,59.1,60.4,56.9,57.3,60.4,73.3,4.7,41.7,5299.0,5305,82
b23a79d1-43dfeecd,CTD-0.30,0.37910154391016193,0.2569826038952733,0.9104182965294596,0.2517038568475084,1690,996,665,331,1025,102,101,49.75,0,101,0.0,49.75,0,0.0,0,0.0,102,50.25,6.66,25.604,70.492,101.04,455.94,31.39,202.29,13.021,83.73,11.757,75.66,58.7,60.0,56.7,57.1,60.0,69.8,4.8,35.7,5298.0,5301,51
b23a79d1-43dfeecd,CTD-0.50,0.4419475674872101,0.30504920740944674,0.9444198726537557,0.2779545818007356,1690,1036,764,272,926,129,74,36.45,0,74,0.0,36.45,0,0.0,0,0.0,129,63.55,7.75,32.058,71.199,99.45,534.22,34.162,256.56,13.585,101.78,12.333,92.46,58.9,59.9,56.8,57.3,59.9,69.9,4.6,39.5,5298.0,5301,59
b23a79d1-43dfeecd,CTD-0.70,0.44915142546471865,0.3135540157797684,0.9522689092733598,0.27689227049208914,1690,1018,775,243,915,138,65,32.02,0,65,0.0,32.02,0,0.0,0,0.0,138,67.98,8.57,35.261,68.933,102.156,565.23,33.328,275.26,13.481,111.13,12.193,100.57,58.9,60.0,56.8,57.2,60.0,67.7,4.7,38.7,5299.0,5303,63
b23a79d1-43dfeecd,CTD-0.90,0.4580688072139385,0.32030762943246727,0.9543404433940228,0.28196325976503206,1690,1033,789,244,901,145,58,28.57,0,58,0.0,28.57,0,0.0,0,0.0,145,71.43,8.92,36.919,71.044,107.552,618.27,33.627,294.12,13.548,118.23,12.256,107.03,59.0,60.0,56.9,57.3,60.0,69.5,4.7,39.3,5301.0,5301,67
b23a79d1-e434acaa,CTD-0.30,0.5613800511643641,0.4107279261883742,0.9264256926878071,0.3662480059270143,1078,899,622,277,456,136,67,33.0,0,67,0.0,33.0,0,0.0,0,0.0,136,67.0,8.92,34.413,66.267,103.608,579.63,31.976,278.56,13.126,114.16,11.933,103.82,58.8,59.8,56.8,57.2,59.8,60.6,4.8,37.0,5310.0,5317,66
b23a79d1-e434acaa,CTD-0.50,0.5935126704091552,0.4469802795050944,0.9421059126669397,0.37753148023974753,1078,902,653,249,425,153,50,24.63,0,50,0.0,24.63,0,0.0,0,0.0,153,75.37,9.49,38.422,69.769,102.718,642.22,33.444,308.12,13.526,124.39,12.236,112.55,58.9,60.1,56.9,58.1,60.1,66.5,4.7,38.8,5308.0,5309,70
b23a79d1-e434acaa,CTD-0.70,0.6014322554611388,0.4548314727204138,0.9454507149971614,0.3812810494456663,1078,906,660,246,418,161,42,20.69,0,42,0.0,20.69,0,0.0,0,0.0,161,79.31,9.76,39.674,73.85,107.072,704.95,34.193,325.77,13.595,129.38,12.358,117.62,59.2,60.9,57.2,57.7,60.9,70.8,4.8,39.7,5310.0,5313,76
b23a79d1-e434acaa,CTD-0.90,0.6028124975465113,0.4561836737587597,0.9426416566562301,0.38438809867381296,1078,918,662,256,416,163,40,19.7,0,40,0.0,19.7,0,0.0,0,0.0,163,80.3,9.87,40.176,72.731,108.746,697.7,34.143,329.34,13.63,131.21,12.364,119.1,59.3,60.6,57.2,57.8,60.6,70.0,4.7,39.8,5314.0,5314,77
b23adb0d-72704b27,CTD-0.30,0.3005099290478667,0.18764998301837915,0.8226356910638958,0.22161971958063412,1208,734,391,343,817,66,136,67.33,0,136,0.0,67.33,0,0.0,0,0.0,66,32.67,4.85,16.643,57.671,105.602,262.18,28.991,134.33,12.503,57.56,11.302,52.1,58.7,60.1,56.8,57.2,60.1,53.6,5.0,33.0,5313.0,5317,37
b23adb0d-72704b27,CTD-0.50,0.33914367888066094,0.21517280552771778,0.855987421777876,0.24039159613273367,1208,748,437,311,771,76,126,62.38,0,126,0.0,62.38,0,0.0,0,0.0,76,37.62,5.15,19.18,71.122,101.582,346.8,31.023,150.53,12.984,62.86,11.782,57.06,58.7,59.6,56.7,57.0,59.6,66.2,4.8,34.4,5314.0,5316,38
b23adb0d-72704b27,CTD-0.70,0.36538178343987915,0.23278340398200542,0.8737545744811936,0.25196864993150625,1208,759,469,290,739,79,123,60.89,0,123,0.0,60.89,0,0.0,0,0.0,79,39.11,5.3,19.895,65.09,102.906,321.46,30.756,155.03,12.908,64.74,11.711,58.81,58.5,59.5,56.6,57.0,59.4,61.2,4.8,34.7,5312.0,5312,40
b23adb0d-72704b27,CTD-0.90,0.4704608293850274,0.3166565710608174,0.9465612198509225,0.2907827351336514,1208,772,583,189,625,105,97,48.02,0,97,0.0,48.02,0,0.0,0,0.0,105,51.98,6.71,26.441,67.494,103.682,436.05,32.674,213.43,13.315,86.67,12.06,78.55,58.7,59.9,56.7,57.2,59.9,66.4,4.8,37.4,5310.0,5310,51
b23adb0d-8a7aaced,CTD-0.30,0.4459011378982872,0.2986938171114376,0.929446661048057,0.2884667389124725,2147,1402,985,417,1162,167,36,17.73,0,36,0.0,17.73,0,0.0,0,0.0,167,82.27,10.41,42.601,67.13,106.228,677.6,33.367,338.6,13.406,135.79,12.224,123.87,59.0,60.0,56.9,57.4,60.0,62.2,4.8,39.0,5308.0,5310,80
b23adb0d-8a7aaced,CTD-0.50,0.4493461735221774,0.3028920980034844,0.9309240771464925,0.2901050855969592,2147,1406,992,414,1155,170,33,16.26,0,33,0.0,16.26,0,0.0,0,0.0,170,83.74,10.41,43.465,72.16,107.918,729.25,33.888,344.59,13.551,137.59,12.335,125.28,59.2,60.0,57.2,57.9,60.0,71.7,4.8,39.6,5306.0,5310,78
b23adb0d-8a7aaced,CTD-0.70,0.47423196898988196,0.31780436389823724,0.9346968504784683,0.3031531317269135,2147,1459,1047,412,1100,181,22,10.84,0,22,0.0,10.84,0,0.0,0,0.0,181,89.16,11.0,46.172,70.631,103.914,756.41,34.228,366.76,13.626,145.7,12.396,132.62,59.4,60.5,57.4,58.2,60.5,67.9,4.7,40.0,5310.0,5311,84
b23adb0d-8a7aaced,CTD-0.90,0.4800015937799923,0.322132973752524,0.9362225501704211,0.30601377386972434,2147,1469,1059,410,1088,186,17,8.37,0,17,0.0,8.37,0,0.0,0,0.0,186,91.63,11.22,47.247,71.901,108.588,788.1,34.446,377.21,13.742,150.17,12.432,135.94,59.5,60.4,57.6,58.3,60.4,68.9,4.7,40.3,5311.0,5311,86
b23b2649-1a78948d,CTD-0.30,0.5276893702150851,0.3557494155771938,0.8446724713966935,0.3788917510551399,1332,1322,758,564,574,108,82,43.16,0,82,0.0,43.16,0,0.0,0,0.0,108,56.84,7.63,30.168,71.141,103.628,529.73,29.886,221.99,12.769,94.62,11.5,85.28,59.0,60.5,57.2,57.9,60.5,66.5,4.9,33.9,5311.0,5317,59
b23b2649-1a78948d,CTD-0.50,0.5810305923986203,0.40133193998609434,0.8932436944756664,0.395590669409567,1332,1270,810,460,522,129,61,32.11,0,61,0.0,32.11,0,0.0,0,0.0,129,67.89,8.54,35.597,72.319,103.69,599.39,31.651,262.06,13.101,108.23,11.875,98.17,59.0,59.7,57.1,57.7,59.7,72.6,4.8,36.1,5311.0,5313,67
b23b2649-1a78948d,CTD-0.70,0.6182867077443277,0.425598423198132,0.9165373869256547,0.405279178297593,1332,1249,855,394,477,138,52,27.37,0,52,0.0,27.37,0,0.0,0,0.0,138,72.63,9.03,38.019,69.115,102.458,607.77,32.108,281.49,13.213,115.65,11.943,104.59,58.9,59.6,57.1,57.7,59.6,66.8,4.8,36.8,5310.0,5310,69
b23b2649-1a78948d,CTD-0.90,0.6816266434008477,0.4789579931715412,0.9334532316453925,0.4293580964141712,1332,1284,940,344,392,161,29,15.26,0,29,0.0,15.26,0,0.0,0,0.0,161,84.74,10.27,44.057,66.931,103.602,671.46,32.725,327.94,13.295,132.9,12.058,120.6,59.0,60.2,57.2,57.7,60.2,64.5,4.8,38.0,5308.0,5311,79
b23b2649-6af03cd5,CTD-0.30,0.5915872175060497,0.4238135393906003,0.8735536585533596,0.41013365720787903,1469,1501,923,578,546,110,93,45.81,0,93,0.0,45.81,0,0.0,0,0.0,110,54.19,7.94,29.161,45.051,95.962,344.32,28.94,221.42,12.512,95.49,11.289,86.23,58.3,59.2,56.7,57.5,59.2,38.5,5.0,33.5,5308.0,5313,61
b23b2649-6af03cd5,CTD-0.50,0.6830603885223534,0.5028053537697013,0.9160779772149116,0.44581415255208307,1469,1515,1045,470,424,133,70,34.48,0,70,0.0,34.48,0,0.0,0,0.0,133,65.52,8.87,34.523,56.971,102.478,487.59,31.364,269.79,12.979,111.43,11.753,100.97,58.6,59.5,56.8,57.6,59.5,52.6,4.9,35.8,5308.0,5310,69
b23b2649-6af03cd5,CTD-0.70,0.7881065365076426,0.5888653310349576,0.944102369687529,0.4889992246585251,1469,1583,1191,392,278,162,41,20.2,0,41,0.0,20.2,0,0.0,0,0.0,162,79.8,10.62,42.491,65.641,101.826,684.53,31.854,332.28,13.085,136.2,11.879,123.69,58.4,59.4,56.6,57.3,59.4,62.4,4.8,35.8,5306.0,5307,81
b23b2649-6af03cd5,CTD-0.90,0.8171124076814122,0.6153306927255089,0.953275167958491,0.4988676519855776,1469,1591,1228,363,241,179,24,11.82,0,24,0.0,11.82,0,0.0,0,0.0,179,88.18,11.28,45.754,73.197,103.032,806.0,33.059,364.78,13.302,146.39,12.133,133.62,58.8,60.2,56.9,57.7,60.2,70.8,4.8,38.4,5308.0,5308,86
b23b2649-8349d2a1,CTD-0.30,0.31534395500097784,0.15685011356277911,0.7550077038149835,0.2356963390129548,1493,1025,593,432,900,23,69,75.0,0,69,0.0,75.0,0,0.0,0,0.0,23,25.0,2.27,15.943,59.678,88.656,128.46,21.015,43.69,10.971,22.71,9.741,20.2,57.7,58.5,56.1,56.4,58.5,60.1,5.3,26.6,5310.0,5313,17
b23b2649-8349d2a1,CTD-0.50,0.2945567871465993,0.1418655668487037,0.7379274117890482,0.22730281385096424,1493,1019,561,458,932,19,73,79.35,0,73,0.0,79.35,0,0.0,0,0.0,19,20.65,1.88,13.466,61.766,91.608,97.59,21.006,33.8,11.064,17.68,9.665,15.48,57.3,58.0,56.0,56.6,58.0,60.2,5.1,26.7,5311.0,5312,13
b23b2649-8349d2a1,CTD-0.70,0.3770482819486969,0.1888871955083278,0.8102526362365186,0.26080873383357434,1493,1035,672,363,821,32,60,65.22,0,60,0.0,65.22,0,0.0,0,0.0,32,34.78,2.61,20.969,48.077,101.144,115.59,25.354,61.36,11.789,28.34,10.489,25.25,57.2,58.0,55.8,56.4,58.0,40.9,5.0,27.0,5313.0,5313,19
b23b2649-8349d2a1,CTD-0.90,0.3822237695357866,0.1910288600185694,0.8058408251746508,0.27233842704038763,1493,1101,673,428,820,36,56,60.87,0,56,0.0,60.87,0,0.0,0,0.0,36,39.13,2.77,22.654,70.918,101.064,175.12,26.768,67.96,12.169,30.65,10.829,27.35,57.4,58.1,55.9,56.4,58.1,67.7,4.9,29.3,5313.0,5314,20
b23bb45f-ddeea1d8,CTD-0.30,0.5402361753538942,0.35431052715157774,0.8523547024129916,0.36002630447428996,1035,955,625,330,410,72,131,64.53,0,131,0.0,64.53,0,0.0,0,0.0,72,35.47,5.6,18.521,63.115,102.884,345.07,27.733,149.97,12.266,66.06,11.017,59.39,57.4,58.5,55.8,56.6,58.5,57.4,5.0,31.7,5316.0,5321,42
b23bb45f-ddeea1d8,CTD-0.50,0.6529695081290485,0.4381144851173917,0.9013619455073313,0.4023401143464964,1035,981,732,249,303,97,106,52.22,0,106,0.0,52.22,0,0.0,0,0.0,97,47.78,6.68,24.494,68.158,99.658,436.14,30.405,194.82,12.831,81.88,11.572,73.92,57.6,58.7,56.0,57.1,58.7,62.6,4.9,34.3,5316.0,5316,50
b23bb45f-ddeea1d8,CTD-0.70,0.5965050897300856,0.39329536750158506,0.8776352191421971,0.38535951188523987,1035,981,676,305,359,96,107,52.71,0,107,0.0,52.71,0,0.0,0,0.0,96,47.29,6.61,24.314,60.929,98.22,385.38,30.878,195.48,12.886,81.2,11.641,73.41,57.8,58.9,56.0,56.9,58.8,56.3,4.9,35.5,5316.0,5316,50
b23bb45f-ddeea1d8,CTD-0.90,0.5957807783749437,0.4031595135272642,0.8866025110170396,0.3889983896940418,1035,975,666,309,369,99,104,51.23,0,104,0.0,51.23,0,0.0,0,0.0,99,48.77,6.82,25.166,64.096,97.81,422.03,30.61,201.78,12.861,84.37,11.608,76.24,57.8,59.2,55.9,56.5,59.2,62.6,4.9,35.1,5316.0,5317,52
b23c9e00-b425de1b,CTD-0.30,0.46882689581018216,0.3174553089987312,0.9273187041709425,0.28163351522619257,2717,1725,1349,376,1368,117,85,42.08,0,85,0.0,42.08,0,0.0,0,0.0,117,57.92,7.93,31.338,68.585,106.686,534.23,31.224,241.88,12.932,99.87,11.717,90.55,58.0,59.4,56.0,56.5,59.4,66.0,4.8,35.5,5317.0,5319,61
b23c9e00-b425de1b,CTD-0.50,0.4740595929707806,0.32666325428332443,0.9323955840766932,0.2846586962248734,2717,1731,1356,375,1361,129,73,36.14,0,73,0.0,36.14,0,0.0,0,0.0,129,63.86,8.25,33.871,74.066,102.234,596.53,32.369,261.49,13.218,106.45,11.97,96.49,58.2,59.3,56.3,57.1,59.3,73.0,4.8,37.1,5320.0,5323,63
b23c9e00-b425de1b,CTD-0.70,0.4895496736923513,0.3412721413604022,0.9375327521758873,0.29291377234339844,2717,1768,1393,375,1324,134,68,33.66,0,68,0.0,33.66,0,0.0,0,0.0,134,66.34,8.51,35.088,74.336,102.494,616.06,32.863,272.67,13.326,110.2,12.086,100.03,58.4,59.6,56.6,57.4,59.6,71.7,4.8,38.1,5320.0,5320,64
b23c9e00-b425de1b,CTD-0.90,0.5078917905862363,0.3591353416097947,0.9510621088966094,0.2991518524986964,2717,1766,1429,337,1288,150,52,25.74,0,52,0.0,25.74,0,0.0,0,0.0,150,74.26,9.36,39.018,72.262,107.584,668.29,33.283,305.83,13.414,122.95,12.129,111.25,58.5,59.6,56.7,57.4,59.6,70.6,4.7,38.6,5321.0,5322,72
b23f7012-32d284ce,CTD-0.30,0.29998386120848075,0.18566225080606547,0.8625975952945029,0.20871266636511918,1660,879,535,344,1125,111,92,45.32,0,92,0.0,45.32,0,0.0,0,0.0,111,54.68,7.35,27.916,70.462,103.002,507.28,31.174,222.37,13.001,92.52,11.745,83.66,58.3,59.8,56.5,57.1,59.4,67.8,4.8,35.5,5330.0,5335,56
b23f7012-32d284ce,CTD-0.50,0.2881141007466692,0.1748598747810725,0.8842784804013534,0.19425871424629818,1660,786,510,276,1150,102,101,49.75,0,101,0.0,49.75,0,0.0,0,0.0,102,50.25,6.61,25.499,66.947,106.922,425.77,31.549,200.46,13.091,82.97,11.814,74.93,58.3,60.2,56.6,57.1,60.2,65.5,4.8,36.1,5331.0,5335,50
b23f7012-32d284ce,CTD-0.70,0.32080894356339196,0.2037217310062939,0.9141380310202787,0.20834434996845236,1660,802,557,245,1103,117,86,42.36,0,86,0.0,42.36,0,0.0,0,0.0,117,57.64,7.39,29.173,72.14,99.798,517.68,32.543,233.11,13.268,94.83,12.034,86.06,58.5,59.4,56.7,57.6,59.4,70.4,4.7,37.8,5329.0,5332,56
b23f7012-32d284ce,CTD-0.90,0.3110204614100873,0.19715889038631765,0.9091501978992894,0.20404953145916999,1660,792,541,251,1119,123,80,39.41,0,80,0.0,39.41,0,0.0,0,0.0,123,60.59,7.69,30.563,72.534,106.874,544.16,32.856,246.46,13.31,99.59,12.101,90.6,58.6,60.0,56.9,57.5,60.0,70.0,4.7,38.3,5333.0,5333,59
b23f7012-fab06dac,CTD-0.30,0.2582017729817949,0.1617468260081621,0.9138445399505398,0.15843973461388863,1714,624,474,150,1240,88,114,56.44,0,114,0.0,56.44,0,0.0,0,0.0,88,43.56,6.03,21.77,67.438,102.646,392.48,30.696,177.38,12.89,74.16,11.626,66.93,58.4,59.7,56.7,57.3,59.7,62.1,4.9,35.2,5337.0,5343,46
b23f7012-fab06dac,CTD-0.50,0.29375929039663834,0.1904004192505758,0.9217396453697972,0.18057217691805913,1714,703,534,169,1180,113,89,44.06,0,89,0.0,44.06,0,0.0,0,0.0,113,55.94,7.06,27.834,73.425,105.576,502.02,33.256,228.07,13.415,91.67,12.164,83.19,58.6,59.7,56.8,57.5,59.7,71.0,4.7,38.1,5339.0,5344,55
b23f7012-fab06dac,CTD-0.70,0.3002731032611031,0.19426679677892916,0.9295882999629423,0.18186757878816712,1714,699,543,156,1171,117,85,42.08,0,85,0.0,42.08,0,0.0,0,0.0,117,57.92,7.34,29.08,68.76,105.504,494.73,33.35,238.64,13.445,95.89,12.187,86.97,58.8,59.8,56.9,57.5,59.8,68.7,4.7,38.5,5338.0,5338,55
b23f7012-fab06dac,CTD-0.90,0.3157170308334159,0.20629111282335075,0.9364926825455115,0.18928386534519775,1714,719,568,151,1146,126,76,37.62,0,76,0.0,37.62,0,0.0,0,0.0,126,62.38,7.82,31.272,66.808,99.302,506.37,33.647,255.5,13.518,102.34,12.272,92.96,58.9,59.9,57.0,57.8,59.9,66.2,4.7,38.9,5337.0,5339,58
b23fe89b-c704fe97,CTD-0.30,0.5467335925825294,0.38801773517293625,0.9509211875576844,0.3333468340485337,1166,847,654,193,512,135,68,33.5,0,68,0.0,33.5,0,0.0,0,0.0,135,66.5,8.58,33.889,74.505,104.648,628.09,32.856,274.79,13.339,111.32,12.099,101.03,58.8,60.0,57.0,57.6,60.0,71.0,4.7,38.1,5338.0,5342,65
b23fe89b-c704fe97,CTD-0.50,0.5587576460450604,0.39891712924712247,0.9567150552837842,0.3374962371228789,1166,849,666,183,500,143,60,29.56,0,60,0.0,29.56,0,0.0,0,0.0,143,70.44,8.75,35.778,72.071,103.524,621.92,33.974,291.39,13.576,116.18,12.35,105.74,59.1,60.1,57.2,58.0,60.1,71.8,4.7,39.8,5337.0,5341,65
b23fe89b-c704fe97,CTD-0.70,0.6130186791181576,0.4398054724126645,0.9747079371486305,0.3524362166706271,1166,859,725,134,441,167,36,17.73,0,36,0.0,17.73,0,0.0,0,0.0,167,82.27,10.0,41.46,73.501,102.552,710.53,34.79,337.66,13.745,133.12,12.507,121.22,59.4,60.9,57.4,57.9,60.4,72.4,4.6,40.7,5337.0,5338,74
b23fe89b-c704fe97,CTD-0.90,0.6193665314772216,0.4539351365969856,0.9760669629898513,0.3572963935992357,1166,869,731,138,435,176,27,13.3,0,27,0.0,13.3,0,0.0,0,0.0,176,86.7,10.44,43.458,75.52,107.48,765.16,35.004,356.81,13.78,140.17,12.554,127.77,59.6,60.7,57.7,58.3,60.7,73.7,4.7,41.1,5337.0,5338,79
b24071b8-b3ee1196,CTD-0.30,0.6824870261604549,0.42730829837536144,0.8975058344498948,0.45640783271588814,4862,5284,3502,1782,1360,185,17,8.42,0,17,0.0,8.42,0,0.0,0,0.0,185,91.58,14.38,59.521,60.502,98.808,856.08,27.988,397.52,12.26,173.9,11.096,157.44,58.5,59.4,57.0,58.0,59.4,50.9,5.0,32.2,5341.0,5351,112
b24071b8-b3ee1196,CTD-0.50,0.7035892761373437,0.4439271707042457,0.9090009689467466,0.46390561878672026,4862,5264,3586,1678,1276,194,8,3.96,0,8,0.0,3.96,0,0.0,0,0.0,194,96.04,16.03,67.841,58.025,105.802,915.83,26.51,418.69,11.904,187.67,10.773,169.93,57.2,57.9,55.5,56.5,57.9,50.5,5.0,29.7,5345.0,5346,119
b24071b8-b3ee1196,CTD-0.70,0.7035892761373437,0.4439271707042457,0.9090009689467466,0.46390561878672026,4862,5264,3586,1678,1276,194,8,3.96,0,8,0.0,3.96,0,0.0,0,0.0,194,96.04,15.28,64.632,55.91,103.684,830.96,27.5,412.67,12.065,180.79,10.934,163.91,56.8,57.8,55.2,56.0,57.8,49.4,5.0,31.1,5348.0,5348,118
b24071b8-b3ee1196,CTD-0.90,0.7035892761373437,0.4439271707042457,0.9090009689467466,0.46390561878672026,4862,5264,3586,1678,1276,194,8,3.96,0,8,0.0,3.96,0,0.0,0,0.0,194,96.04,14.77,61.781,63.057,108.714,914.75,28.301,411.35,12.236,177.53,11.051,160.41,56.7,57.8,54.9,55.5,57.8,55.5,5.1,31.9,5352.0,5352,116
b2408e45-984ba5aa,CTD-0.30,0.5740417849489454,0.3990012163318713,0.8976958103635697,0.3935426179657512,1945,1837,1154,683,791,142,61,30.05,0,61,0.0,30.05,0,0.0,0,0.0,142,69.95,9.66,38.221,65.06,106.034,619.43,30.826,293.24,12.852,121.76,11.621,110.23,56.8,58.0,54.9,55.8,58.0,62.9,4.8,34.1,5359.0,5362,73
b2408e45-984ba5aa,CTD-0.50,0.6349072721109414,0.4384733737662748,0.9251797312114681,0.41711189313455516,1945,1854,1266,588,679,159,44,21.67,0,44,0.0,21.67,0,0.0,0,0.0,159,78.33,10.27,42.07,65.179,106.396,651.23,32.496,326.08,13.223,132.44,11.928,119.53,57.5,58.7,55.5,56.1,58.7,63.2,4.8,37.5,5358.0,5362,78
b2408e45-984ba5aa,CTD-0.70,0.6778265027720567,0.4718582033105105,0.93239353290194,0.43807650021801414,1945,1922,1351,571,594,169,34,16.75,0,34,0.0,16.75,0,0.0,0,0.0,169,83.25,10.94,45.163,62.843,107.138,673.66,32.351,345.49,13.166,140.31,11.907,126.97,57.8,59.0,55.9,56.4,59.0,58.2,4.7,37.4,5358.0,5358,82
b2408e45-984ba5aa,CTD-0.90,0.7161474557314728,0.501554257473242,0.9354326076480788,0.4610294531014428,1945,2012,1425,587,520,188,15,7.39,0,15,0.0,7.39,0,0.0,0,0.0,188,92.61,12.08,50.516,65.377,107.752,781.57,32.626,388.96,13.251,157.64,11.959,142.34,58.1,59.5,56.1,56.6,59.5,60.7,4.8,37.9,5358.0,5360,90
b242929f-3051abca,CTD-0.30,0.5583083099287529,0.39800278567861536,0.9086027919481369,0.37069064122800993,1863,1619,1084,535,779,145,57,28.22,0,57,0.0,28.22,0,0.0,0,0.0,145,71.78,9.87,38.763,58.067,103.842,550.65,30.957,295.78,12.879,122.82,11.622,110.89,57.9,58.8,55.9,56.4,58.8,55.0,4.9,35.3,5359.0,5369,73
b242929f-3051abca,CTD-0.50,0.5900091623130366,0.4161522168910715,0.9234366018894569,0.38203964165245513,1863,1626,1139,487,724,154,48,23.76,0,48,0.0,23.76,0,0.0,0,0.0,154,76.24,10.03,40.374,61.345,102.014,596.19,31.974,312.86,13.098,127.96,11.848,115.79,58.0,59.5,56.1,56.5,59.5,56.7,4.9,37.0,5366.0,5369,76
b242929f-3051abca,CTD-0.70,0.6296701194971617,0.452855700658913,0.941477718676084,0.3954192452611747,1863,1632,1205,427,658,170,32,15.84,0,32,0.0,15.84,0,0.0,0,0.0,170,84.16,10.73,43.622,67.409,103.064,711.81,33.075,347.63,13.313,139.67,12.027,126.23,58.3,59.5,56.3,56.8,59.5,62.9,4.8,38.1,5360.0,5367,84
b242929f-3051abca,CTD-0.90,0.6375431973438105,0.4666354880616793,0.9440842551686502,0.4006513575162767,1863,1647,1216,431,647,183,19,9.41,0,19,0.0,9.41,0,0.0,0,0.0,183,90.59,11.47,47.076,72.931,107.624,821.97,33.384,373.77,13.368,149.43,12.109,135.42,58.5,60.2,56.5,56.9,60.2,69.6,4.9,38.9,5360.0,5361,89
b242f6b2-0033bdfb,CTD-0.30,0.38515853571904174,0.27138914198786557,0.9356516628710548,0.23482910011255942,2809,1471,1130,341,1679,126,76,37.62,0,76,0.0,37.62,0,0.0,0,0.0,126,62.38,8.43,32.713,72.435,108.962,596.96,31.143,257.15,12.994,106.93,11.707,96.42,58.2,59.5,56.3,56.8,59.5,69.8,4.9,35.9,5365.0,5370,66
b242f6b2-0033bdfb,CTD-0.50,0.4002465160796412,0.2873761919133594,0.9571215268907071,0.2361619265007534,2809,1428,1156,272,1653,143,59,29.21,0,59,0.0,29.21,0,0.0,0,0.0,143,70.79,9.02,36.644,75.367,102.146,664.58,32.932,291.49,13.31,117.49,12.055,106.5,58.4,59.5,56.6,57.4,59.5,74.6,4.8,37.8,5362.0,5364,69
b242f6b2-0033bdfb,CTD-0.70,0.40762856420400506,0.2889772531484164,0.9509484936138887,0.2406719896929936,2809,1470,1185,285,1624,138,64,31.68,0,64,0.0,31.68,0,0.0,0,0.0,138,68.32,8.68,35.231,68.599,102.922,580.26,32.795,279.17,13.314,113.06,12.027,102.21,58.4,59.3,56.6,57.4,59.4,67.4,4.7,37.8,5363.0,5371,68
b242f6b2-0033bdfb,CTD-0.90,0.4154208122130209,0.30508971281370767,0.9630576850339843,0.24111310202958633,2809,1444,1196,248,1613,160,42,20.79,0,42,0.0,20.79,0,0.0,0,0.0,160,79.21,9.88,40.719,71.229,99.206,679.86,33.505,320.45,13.44,128.38,12.204,116.61,58.6,59.9,56.7,57.7,59.9,71.0,4.7,38.8,5366.0,5366,75
b242f6b2-99d2f2c1,CTD-0.30,0.12461258766949376,0.059974396371787184,0.6906017649056201,0.1000219729086961,1520,509,249,260,1271,49,154,75.86,0,154,0.0,75.86,0,0.0,0,0.0,49,24.14,3.89,12.345,61.981,101.63,222.83,25.154,91.42,11.756,42.59,10.499,38.1,57.7,58.7,56.1,56.8,58.7,54.5,5.2,27.7,5368.0,5374,29
b242f6b2-99d2f2c1,CTD-0.50,0.15452915307647225,0.07259505989064792,0.7464405792025571,0.11652498521584861,1520,534,293,241,1227,56,147,72.41,0,147,0.0,72.41,0,0.0,0,0.0,56,27.59,3.89,13.622,69.713,104.626,249.57,29.768,109.11,12.777,46.56,11.439,41.77,57.9,58.7,56.3,56.8,58.7,65.6,4.9,33.3,5371.0,5373,29
b242f6b2-99d2f2c1,CTD-0.70,0.15628820626179138,0.07285871085963332,0.7498953508074309,0.11722622691813962,1520,533,296,237,1224,58,145,71.43,0,145,0.0,71.43,0,0.0,0,0.0,58,28.57,4.01,14.272,69.213,103.546,258.85,29.908,113.35,12.759,48.11,11.477,43.33,57.9,59.0,56.2,56.8,59.0,64.7,4.7,33.7,5368.0,5369,30
b242f6b2-99d2f2c1,CTD-0.90,0.22480046228559825,0.12813414945085838,0.8464214703785853,0.15404260443121115,1520,601,383,218,1137,113,90,44.33,0,90,0.0,44.33,0,0.0,0,0.0,113,55.67,6.91,27.585,67.185,104.692,449.64,33.371,224.08,13.408,89.9,12.154,81.54,58.3,59.5,56.4,57.1,59.5,67.0,4.7,38.0,5364.0,5367,53
b242f6b2-eaa39345,CTD-0.30,0.46078918334944025,0.3157914857035518,0.9279604066244408,0.2874440374440374,1683,1092,812,280,871,144,58,28.71,0,58,0.0,28.71,0,0.0,0,0.0,144,71.29,8.96,35.914,72.757,98.686,640.08,33.765,297.91,13.47,118.48,12.258,107.88,58.7,59.7,56.8,57.5,59.7,73.4,4.7,39.8,5367.0,5372,68
b242f6b2-eaa39345,CTD-0.50,0.47624771282589634,0.3285177087613801,0.9282458926885038,0.2961274879843019,1683,1124,840,284,843,152,50,24.75,0,50,0.0,24.75,0,0.0,0,0.0,152,75.25,9.24,38.094,74.013,103.294,663.47,34.443,309.37,13.665,122.38,12.392,111.05,58.9,60.2,57.0,57.9,60.2,73.9,4.6,39.9,5366.0,5367,69
b242f6b2-eaa39345,CTD-0.70,0.4963691829299338,0.3461276965545931,0.9299332932468791,0.31051006261090297,1683,1176,872,304,811,160,42,20.79,0,42,0.0,20.79,0,0.0,0,0.0,160,79.21,9.64,39.999,73.672,103.526,691.31,34.78,326.36,13.693,128.09,12.477,116.79,59.1,60.3,57.2,57.9,60.3,71.3,4.6,40.5,5368.0,5368,72
b242f6b2-eaa39345,CTD-0.90,0.4909705811990225,0.34066049477366794,0.9359523511517334,0.3065126973055362,1683,1150,857,293,826,162,40,19.8,0,40,0.0,19.8,0,0.0,0,0.0,162,80.2,9.72,40.506,71.613,105.368,676.14,34.803,328.84,13.74,129.43,12.497,117.81,59.2,60.2,57.3,57.9,60.2,71.3,4.6,40.5,5369.0,5369,71
b242f6b2-f5da110f,CTD-0.30,0.3687785749162889,0.24036343595354753,0.8991762110311776,0.2411262015503876,1875,1075,734,341,1141,111,90,44.78,0,90,0.0,44.78,0,0.0,0,0.0,111,55.22,7.26,28.554,69.646,101.27,480.01,31.479,219.48,13.051,90.67,11.843,82.36,58.9,60.2,57.0,57.8,60.2,68.4,4.7,35.8,5370.0,5373,53
b242f6b2-f5da110f,CTD-0.50,0.40178655202963787,0.2739496952364598,0.9369811129780944,0.25468467792370236,1875,1066,775,291,1100,143,58,28.86,0,58,0.0,28.86,0,0.0,0,0.0,143,71.14,8.67,36.201,70.527,106.926,590.24,33.992,284.93,13.609,113.8,12.347,103.31,59.1,60.6,57.2,57.9,60.6,70.5,4.7,39.5,5371.0,5371,64
b242f6b2-f5da110f,CTD-0.70,0.4050628970004083,0.27661906798007463,0.924797704217455,0.2644914016489988,1875,1132,782,350,1093,135,66,32.84,0,66,0.0,32.84,0,0.0,0,0.0,135,67.16,8.29,34.39,72.58,104.508,584.67,33.605,270.93,13.513,108.78,12.261,98.75,59.2,60.5,57.2,58.1,60.5,69.7,4.7,38.9,5371.0,5371,62
b242f6b2-f5da110f,CTD-0.90,0.41875525864853325,0.28192952611403493,0.9370495357979911,0.26527423423423424,1875,1110,808,302,1067,144,57,28.36,0,57,0.0,28.36,0,0.0,0,0.0,144,71.64,8.85,36.823,72.409,99.688,626.17,33.762,291.61,13.555,116.9,12.288,106.01,59.2,60.2,57.3,57.7,60.2,70.3,4.7,39.1,5371.0,5376,67
b24380ab-63272e5a,CTD-0.30,0.05806961257450022,0.025324282293708388,0.6303784752141908,0.05081738992084642,811,155,65,90,746,71,129,64.5,0,129,0.0,64.5,0,0.0,0,0.0,71,35.5,4.88,17.248,63.809,101.192,292.11,29.236,134.02,12.664,57.91,11.418,52.26,58.7,60.2,56.8,57.3,60.2,59.1,5.0,32.3,5371.0,5375,36
b24380ab-63272e5a,CTD-0.50,0.0582899620510309,0.025396856873826545,0.6338014196676396,0.05089115570003363,811,154,65,89,746,72,128,64.0,0,128,0.0,64.0,0,0.0,0,0.0,72,36.0,4.53,17.105,58.518,95.794,254.35,31.965,138.26,13.21,57.03,11.933,51.55,58.8,60.1,56.8,57.3,60.1,55.4,4.5,36.2,5375.0,5375,34
b24380ab-63272e5a,CTD-0.70,0.0582899620510309,0.025396856873826545,0.6338014196676396,0.05089115570003363,811,154,65,89,746,72,128,64.0,0,128,0.0,64.0,0,0.0,0,0.0,72,36.0,4.5,17.058,71.376,101.632,303.79,31.999,135.17,13.311,56.16,11.928,50.34,58.9,60.1,56.9,57.3,60.5,63.8,4.6,36.5,5375.0,5375,33
b24380ab-63272e5a,CTD-0.90,0.0582899620510309,0.025396856873826545,0.6338014196676396,0.05089115570003363,811,154,65,89,746,72,128,64.0,0,128,0.0,64.0,0,0.0,0,0.0,72,36.0,4.5,17.068,62.531,100.606,267.61,32.036,138.43,13.291,57.33,11.935,51.51,58.8,60.3,56.9,57.3,60.3,56.0,4.6,36.6,5377.0,5377,34
b24380ab-6dbeb908,CTD-0.30,0.3785089510618798,0.246759029334131,0.8914135438861892,0.25130371611845276,1481,896,597,299,884,133,69,34.16,0,69,0.0,34.16,0,0.0,0,0.0,133,65.84,8.21,33.051,67.461,102.8,541.0,33.572,269.02,13.512,108.15,12.27,98.24,59.1,60.3,57.2,57.7,60.3,65.8,4.7,39.4,5375.0,5377,63
b24380ab-6dbeb908,CTD-0.50,0.4235341412310841,0.28987581573413157,0.9251032463543524,0.2720928194793079,1481,917,651,266,830,156,46,22.77,0,46,0.0,22.77,0,0.0,0,0.0,156,77.23,9.24,38.71,69.124,108.268,620.52,34.802,312.42,13.796,123.61,12.507,112.12,59.5,60.7,57.4,57.8,60.7,68.8,4.6,40.7,5374.0,5375,72
b24380ab-6dbeb908,CTD-0.70,0.41699285100787054,0.2856886285572825,0.9290548115220686,0.2671550300827635,1481,894,639,255,842,158,44,21.78,0,44,0.0,21.78,0,0.0,0,0.0,158,78.22,9.32,39.177,72.51,103.508,661.55,34.947,318.63,13.858,126.08,12.551,114.26,59.7,60.9,57.6,58.0,60.9,72.9,4.6,41.1,5376.0,5376,73
b24380ab-6dbeb908,CTD-0.90,0.44216065077348565,0.30991436450889787,0.9392921345569863,0.28228166089462947,1481,930,670,260,811,168,34,16.83,0,34,0.0,16.83,0,0.0,0,0.0,168,83.17,9.82,41.538,73.598,102.338,705.27,35.285,339.47,13.85,133.03,12.631,121.38,59.8,61.0,57.7,58.2,61.0,71.5,4.7,41.5,5376.0,5376,75
b24c9ee6-e43a6e8b,CTD-0.30,0.2677737410021702,0.17764193656385038,0.8451420349727223,0.18844217045913558,1061,525,308,217,753,69,133,65.84,0,133,0.0,65.84,0,0.0,0,0.0,69,34.16,4.83,17.042,54.706,101.636,248.18,29.171,132.8,12.597,57.26,11.396,51.85,59.0,60.2,57.3,57.7,60.2,49.5,4.9,32.9,5380.0,5385,36
b24c9ee6-e43a6e8b,CTD-0.50,0.2745528817148338,0.1845068623102198,0.8555136751905684,0.19184417216462457,1061,525,313,212,748,72,130,64.36,0,130,0.0,64.36,0,0.0,0,0.0,72,35.64,4.63,17.522,68.869,101.558,299.35,31.408,138.04,13.144,57.62,11.837,51.95,59.1,60.6,57.2,57.6,60.6,65.5,4.7,35.1,5383.0,5383,36
b24c9ee6-e43a6e8b,CTD-0.70,0.2991734808535725,0.21171118295403485,0.8935156041885788,0.20214593211765694,1061,518,332,186,729,84,118,58.42,0,118,0.0,58.42,0,0.0,0,0.0,84,41.58,5.27,20.456,72.381,98.436,364.17,32.435,163.45,13.294,66.92,12.067,60.76,59.2,60.2,57.2,57.6,60.2,69.3,4.6,36.6,5383.0,5384,41
b24c9ee6-e43a6e8b,CTD-0.90,0.3446437000516408,0.25020958951164335,0.933014429640403,0.2212432897594558,1061,529,375,154,686,105,97,48.02,0,97,0.0,48.02,0,0.0,0,0.0,105,51.98,6.35,25.539,70.974,104.356,436.64,33.829,208.99,13.597,83.85,12.358,76.25,59.4,60.4,57.4,57.9,60.4,70.4,4.7,38.9,5381.0,5382,49
b24ca67a-594d7d3c,CTD-0.30,0.4866449321803277,0.3411498043226607,0.9473242668453239,0.29750872191557987,1019,663,511,152,508,90,112,55.45,0,112,0.0,55.45,0,0.0,0,0.0,90,44.55,6.12,22.214,62.432,105.618,369.55,30.967,183.82,12.952,76.58,11.716,69.33,59.1,60.2,57.3,58.0,60.2,61.0,4.9,35.8,5383.0,5386,47
b24ca67a-594d7d3c,CTD-0.50,0.5371831942933967,0.36793125225497325,0.9687368088613298,0.3087343490276008,1019,663,559,104,460,105,97,48.02,0,97,0.0,48.02,0,0.0,0,0.0,105,51.98,6.73,26.099,69.953,103.208,451.18,32.681,211.2,13.298,85.61,12.066,77.75,59.2,60.2,57.3,58.0,60.2,69.3,4.8,37.2,5386.0,5388,51
b24ca67a-594d7d3c,CTD-0.70,0.5251527577139701,0.3753260771111848,0.961187479485779,0.31358860022152213,1019,684,546,138,473,115,87,43.07,0,87,0.0,43.07,0,0.0,0,0.0,115,56.93,7.23,28.472,67.919,107.284,470.99,33.312,233.16,13.452,93.84,12.187,85.09,59.2,60.7,57.3,58.1,60.7,66.6,4.8,38.3,5387.0,5389,55
b24ca67a-594d7d3c,CTD-0.90,0.554558516213873,0.40379680534346035,0.9766414962526474,0.31900246860608555,1019,677,572,105,447,157,45,22.28,0,45,0.0,22.28,0,0.0,0,0.0,157,77.72,9.32,38.533,77.076,108.276,696.01,35.291,318.88,13.879,125.07,12.617,113.77,59.7,60.7,57.6,58.3,60.7,75.5,4.6,41.2,5383.0,5388,71
b24d283f-33783d1b,CTD-0.30,0.7102350743805184,0.5138041444040807,0.9551596312063919,0.4327802584532088,2991,2802,2170,632,821,171,31,15.35,0,31,0.0,15.35,0,0.0,0,0.0,171,84.65,11.56,46.701,62.257,103.2,705.29,31.385,355.69,12.978,146.84,11.809,133.64,59.2,60.5,57.4,58.1,60.5,57.2,4.9,36.6,5386.0,5391,89
b24d283f-33783d1b,CTD-0.50,0.6971104658318897,0.5043524781521023,0.9491325044979968,0.4308002075780215,2991,2818,2135,683,856,162,40,19.8,0,40,0.0,19.8,0,0.0,0,0.0,162,80.2,10.99,44.858,60.527,102.51,655.92,31.038,334.95,12.91,139.05,11.737,126.49,58.7,59.9,57.0,57.7,59.9,58.0,4.8,35.7,5385.0,5387,85
b24d283f-33783d1b,CTD-0.70,0.7124803476404294,0.5185653221819846,0.9545469936451078,0.4370308242057624,2991,2833,2174,659,817,175,27,13.37,0,27,0.0,13.37,0,0.0,0,0.0,175,86.63,11.64,47.759,65.757,105.092,753.1,31.635,362.71,13.022,148.96,11.859,135.74,58.7,60.0,56.9,57.6,60.0,64.7,4.9,36.2,5388.0,5390,90
b24d283f-33783d1b,CTD-0.90,0.7480041052773423,0.5519646676196388,0.964824144641827,0.4511703749615816,2991,2874,2268,606,723,193,9,4.46,0,9,0.0,4.46,0,0.0,0,0.0,193,95.54,12.73,53.365,52.064,100.924,651.72,31.883,400.43,13.069,163.81,11.9,149.26,58.6,59.7,56.8,57.6,59.7,49.8,4.7,36.6,5390.0,5390,96
b24f03f7-ff66eaca,CTD-0.30,0.6550055461529076,0.48170588674178194,0.9307642061951095,0.3882881244846614,1165,1015,807,208,358,48,154,76.24,0,154,0.0,76.24,0,0.0,0,0.0,48,23.76,4.16,13.148,63.774,97.732,245.45,24.63,95.71,11.654,44.95,10.449,40.4,57.8,58.7,56.2,56.9,58.7,58.6,5.2,26.2,5393.0,5395,30
b24f03f7-ff66eaca,CTD-0.50,0.6724169624422309,0.4959714170192653,0.9426264272796315,0.38991480880409474,1165,997,822,175,343,62,140,69.31,0,140,0.0,69.31,0,0.0,0,0.0,62,30.69,4.51,16.122,67.719,103.178,289.92,27.731,116.94,12.259,51.54,11.028,46.42,57.8,59.4,56.2,56.8,59.5,64.0,4.9,29.4,5395.0,5396,33
b24f03f7-ff66eaca,CTD-0.70,0.7219511026416497,0.5403171535472345,0.9635785204225066,0.4080763183614499,1165,1010,866,144,299,84,118,58.42,0,118,0.0,58.42,0,0.0,0,0.0,84,41.58,5.66,21.412,67.378,97.572,370.06,30.32,164.58,12.842,69.54,11.587,62.78,58.0,59.5,56.3,57.2,59.5,64.4,4.8,34.2,5395.0,5397,43
b24f03f7-ff66eaca,CTD-0.90,0.747534222236514,0.5694499211138233,0.9737408347938725,0.41155457325691963,1165,1002,890,112,275,103,99,49.01,0,99,0.0,49.01,0,0.0,0,0.0,103,50.99,6.7,26.138,70.339,108.976,454.84,31.698,204.75,13.12,84.61,11.871,76.59,58.4,59.5,56.5,57.2,59.5,69.2,4.7,36.3,5393.0,5393,51
b24f7455-e8c55d6a,CTD-0.30,0.5349755794438225,0.344231445642823,0.8901869416853952,0.36283497647698365,2734,2398,1543,855,1191,147,55,27.23,0,55,0.0,27.23,0,0.0,0,0.0,147,72.77,10.4,40.281,67.28,97.484,688.72,30.203,309.34,12.713,129.92,11.546,118.05,58.3,59.2,56.7,57.2,59.2,63.1,4.9,34.9,5395.0,5401,82
b24f7455-e8c55d6a,CTD-0.50,0.5863113218274394,0.37482519796914054,0.9038444563707362,0.38611161972959,2734,2489,1689,800,1045,170,32,15.84,0,32,0.0,15.84,0,0.0,0,0.0,170,84.16,11.6,46.769,66.496,105.624,749.2,31.156,352.79,12.887,145.56,11.709,132.33,58.2,59.4,56.2,56.8,59.4,64.9,4.9,35.4,5395.0,5396,90
b24f7455-e8c55d6a,CTD-0.70,0.5789337987219421,0.3703947227927647,0.9016355172183388,0.3834039947197826,2734,2481,1668,813,1066,170,32,15.84,0,32,0.0,15.84,0,0.0,0,0.0,170,84.16,11.55,46.667,60.408,103.032,682.02,31.278,353.25,12.91,145.42,11.733,132.25,58.2,59.6,56.2,56.8,59.6,57.4,4.9,35.8,5398.0,5399,88
b24f7455-e8c55d6a,CTD-0.90,0.6007972450292745,0.38555962897500373,0.9093354365863868,0.3919071034321044,2734,2502,1727,775,1007,180,22,10.89,0,22,0.0,10.89,0,0.0,0,0.0,180,89.11,12.32,50.3,68.457,102.882,826.89,31.13,376.88,12.927,156.19,11.716,141.64,58.2,59.5,56.2,56.8,59.5,64.7,4.8,35.8,5398.0,5402,94
b2505382-1423f56a,CTD-0.30,0.5673970948384439,0.37713766905526197,0.9248298579732029,0.34728784705637405,2040,1601,1225,376,815,69,133,65.84,0,133,0.0,65.84,0,0.0,0,0.0,69,34.16,5.22,18.883,61.956,101.994,310.78,28.231,140.82,12.385,61.35,11.128,55.21,57.7,58.5,55.8,56.3,58.5,57.5,5.0,30.7,5404.0,5407,40
b2505382-1423f56a,CTD-0.50,0.6572285050847378,0.45207260691370077,0.946455447510007,0.3836283134954862,2040,1705,1400,305,640,105,97,48.02,0,97,0.0,48.02,0,0.0,0,0.0,105,51.98,6.81,27.483,71.242,103.126,466.59,32.364,212.33,13.241,86.48,11.964,78.23,58.1,59.0,56.3,57.1,59.0,69.5,4.6,37.2,5409.0,5411,52
b2505382-1423f56a,CTD-0.70,0.6657886699762936,0.4582375860442543,0.9478123307874903,0.388587871343433,2040,1724,1416,308,624,111,91,45.05,0,91,0.0,45.05,0,0.0,0,0.0,111,54.95,7.08,28.844,75.04,107.61,510.05,32.863,225.83,13.335,91.24,12.048,82.5,58.3,59.8,56.5,57.2,59.8,71.4,4.7,37.7,5410.0,5411,54
b2505382-1423f56a,CTD-0.90,0.7205884809170643,0.50862382591409,0.9626217061199476,0.4031659081970897,2040,1745,1518,227,522,120,82,40.59,0,82,0.0,40.59,0,0.0,0,0.0,120,59.41,7.51,30.913,71.098,99.636,515.27,33.593,243.34,13.403,96.76,12.19,88.08,58.6,59.9,56.6,57.5,59.9,72.6,4.7,38.7,5411.0,5411,58
b2505382-272e7823,CTD-0.30,0.15345705775963886,0.08748681394858618,0.7547715371384955,0.10275695258277011,1119,334,223,111,896,29,173,85.64,0,173,0.0,85.64,0,0.0,0,0.0,29,14.36,2.88,7.59,54.215,94.72,144.61,21.4,56.13,11.044,28.72,9.858,25.71,57.1,58.4,55.8,56.8,58.4,43.8,5.5,25.0,5415.0,5419,20
b2505382-272e7823,CTD-0.50,0.15356336339085336,0.08550489312626738,0.7529518688988502,0.1012260083317809,1119,331,224,107,895,30,172,85.15,0,172,0.0,85.15,0,0.0,0,0.0,30,14.85,2.41,7.295,63.372,97.806,135.66,25.056,54.1,11.969,25.66,10.527,22.6,57.2,58.1,55.8,56.5,58.1,55.9,5.0,24.7,5413.0,5413,17
b2505382-272e7823,CTD-0.70,0.15469691230427662,0.08671225179182548,0.7574978904849561,0.10152839312182596,1119,331,224,107,895,34,168,83.17,0,168,0.0,83.17,0,0.0,0,0.0,34,16.83,2.78,8.719,65.868,93.608,162.42,24.403,61.54,11.635,29.26,10.336,26.01,57.0,58.0,55.6,56.4,58.0,63.7,5.1,27.4,5413.0,5413,20
b2505382-272e7823,CTD-0.90,0.18286393423041003,0.10832471248536699,0.8175666457858386,0.11397397064909937,1119,339,246,93,873,43,159,78.71,0,159,0.0,78.71,0,0.0,0,0.0,43,21.29,2.97,10.388,60.101,99.218,160.37,28.86,79.4,12.732,34.82,11.188,30.63,57.2,58.3,55.3,56.0,58.3,55.0,4.6,30.7,5412.0,5413,22
b2505382-2905b23c,CTD-0.30,0.3429522286561315,0.22180585465640873,0.9103468179080879,0.21760732197697796,846,428,308,120,538,103,76,42.46,0,76,0.0,42.46,0,0.0,0,0.0,103,57.54,6.37,28.261,67.281,105.434,408.42,32.814,199.17,13.258,80.21,12.007,72.7,57.9,59.6,55.8,56.5,59.6,65.2,4.7,37.5,5409.0,5410,48
b2505382-2905b23c,CTD-0.50,0.3517618920352753,0.22729568302801356,0.9138204190919951,0.22241786907964461,846,435,315,120,531,104,75,41.9,0,75,0.0,41.9,0,0.0,0,0.0,104,58.1,6.06,28.131,70.717,101.332,412.3,34.73,202.38,13.705,79.66,12.394,72.11,58.5,59.7,56.4,56.9,59.7,72.4,4.5,40.3,5409.0,5409,46
b2505382-2905b23c,CTD-0.70,0.34884356132377387,0.2302191724671085,0.9146754592167197,0.22059041319050207,846,431,312,119,534,106,73,40.78,0,73,0.0,40.78,0,0.0,0,0.0,106,59.22,6.15,28.664,70.385,103.024,416.22,34.849,206.21,13.755,81.19,12.418,73.34,58.8,60.2,56.7,57.1,60.2,71.0,4.5,40.9,5409.0,5409,46
b2505382-2905b23c,CTD-0.90,0.39209239917767097,0.26813197342491135,0.9335461194939935,0.24380583955052043,846,462,345,117,501,122,57,31.84,0,57,0.0,31.84,0,0.0,0,0.0,122,68.16,7.01,33.127,68.683,101.67,461.83,35.447,238.99,13.877,93.36,12.584,84.73,59.2,60.4,57.0,57.5,60.4,71.7,4.6,41.8,5409.0,5409,52
b2505382-549785d3,CTD-0.30,0.0833282949740707,0.049564787429083,0.5555889577176586,0.07728639466233567,805,283,96,187,709,54,146,73.0,0,146,0.0,73.0,0,0.0,0,0.0,54,27.0,4.02,13.191,60.833,97.488,229.27,27.997,105.6,12.396,46.61,11.101,41.77,58.3,59.2,56.6,57.1,59.2,53.1,5.1,32.8,5408.0,5413,29
b2505382-549785d3,CTD-0.50,0.08411469072889766,0.04861917252711974,0.5635165224753589,0.07762416794674859,805,279,96,183,709,55,145,72.5,0,145,0.0,72.5,0,0.0,0,0.0,55,27.5,3.79,13.417,69.822,109.324,245.58,29.792,105.44,12.802,45.13,11.502,40.58,58.4,59.6,56.4,56.8,59.5,66.1,4.8,32.7,5407.0,5409,27
b2505382-549785d3,CTD-0.70,0.08511802874768978,0.04924317349683943,0.5672128108985427,0.07835437120149603,805,279,97,182,708,57,143,71.5,0,143,0.0,71.5,0,0.0,0,0.0,57,28.5,3.89,13.819,59.321,99.668,217.86,30.083,110.77,12.839,47.09,11.5,42.21,58.2,59.2,56.2,56.5,59.2,53.1,5.0,33.4,5406.0,5406,28
b2505382-549785d3,CTD-0.90,0.1930959369969314,0.13062559658261683,0.8466068339478802,0.14000631645436362,805,295,165,130,640,104,96,48.0,0,96,0.0,48.0,0,0.0,0,0.0,104,52.0,6.35,25.449,70.917,102.442,426.81,33.785,205.69,13.517,81.94,12.257,74.38,58.7,59.9,56.5,57.1,59.9,68.2,4.8,38.5,5406.0,5406,46
b2505382-de5238f0,CTD-0.30,0.3506652011872672,0.2190408585703017,0.8830347758673592,0.22855284905302517,2004,1105,768,337,1236,102,100,49.5,0,100,0.0,49.5,0,0.0,0,0.0,102,50.5,6.87,25.886,69.118,102.884,460.08,31.522,209.82,13.043,86.61,11.809,78.46,58.6,60.3,56.5,57.0,60.3,63.2,4.9,36.9,5407.0,5410,52
b2505382-de5238f0,CTD-0.50,0.3447484147363025,0.21545542768110396,0.8829401888699151,0.22522922904191617,2004,1088,755,333,1249,97,105,51.98,0,105,0.0,51.98,0,0.0,0,0.0,97,48.02,6.49,25.245,66.858,99.224,408.51,31.008,192.12,12.993,80.15,11.706,72.28,58.3,59.5,56.3,56.9,59.5,61.4,4.9,35.4,5413.0,5415,47
b2505382-de5238f0,CTD-0.70,0.3514549935618591,0.21675228766381274,0.882129527647922,0.22080627477439485,2004,1065,780,285,1224,97,105,51.98,0,105,0.0,51.98,0,0.0,0,0.0,97,48.02,6.5,25.334,69.01,101.336,426.12,31.679,198.24,13.102,81.68,11.816,73.73,58.4,59.7,56.3,56.9,59.7,62.9,4.8,36.2,5411.0,5411,48
b2505382-de5238f0,CTD-0.90,0.3820299312272143,0.24430904952299412,0.9167602740012378,0.23182038569364105,2004,1058,821,237,1183,112,90,44.55,0,90,0.0,44.55,0,0.0,0,0.0,112,55.45,7.34,29.131,63.67,98.866,450.66,31.62,226.64,13.044,93.19,11.824,84.54,58.3,59.8,56.3,56.8,59.8,62.7,4.9,36.2,5411.0,5411,54
b250fb0c-01a1b8d3,CTD-0.30,0.6857652676089395,0.4671564879425982,0.9269908144757278,0.4371219448100654,2389,2367,1703,664,686,135,67,33.17,0,67,0.0,33.17,0,0.0,0,0.0,135,66.83,9.73,37.587,59.8,101.55,567.77,29.85,282.53,12.598,119.16,11.412,107.99,58.1,59.2,56.0,56.7,59.3,53.9,5.0,34.4,5414.0,5418,74
b250fb0c-01a1b8d3,CTD-0.50,0.6984702306452311,0.480140889573368,0.931168049472036,0.44333016819258286,2389,2384,1729,655,660,140,62,30.69,0,62,0.0,30.69,0,0.0,0,0.0,140,69.31,9.77,38.991,72.748,103.892,689.88,30.198,288.15,12.775,121.56,11.499,109.5,58.0,58.9,56.0,56.5,58.9,69.4,4.9,34.4,5413.0,5418,74
b250fb0c-01a1b8d3,CTD-0.70,0.7430422544050265,0.5132641898021003,0.943516902911503,0.4587840923764632,2389,2415,1831,584,558,167,35,17.33,0,35,0.0,17.33,0,0.0,0,0.0,167,82.67,11.29,46.01,65.546,102.636,721.74,30.782,340.66,12.853,141.92,11.643,128.66,57.8,59.1,56.1,56.8,59.1,58.9,4.9,35.4,5411.0,5413,84
b250fb0c-01a1b8d3,CTD-0.90,0.751248810364031,0.5246495526323977,0.950413722775496,0.4635555187179017,2389,2414,1837,577,552,184,18,8.91,0,18,0.0,8.91,0,0.0,0,0.0,184,91.09,12.1,49.808,69.327,100.97,821.53,31.769,376.31,13.058,154.38,11.839,140.07,58.2,59.4,56.4,57.2,59.4,68.7,4.8,36.6,5412.0,5412,89
b251064f-30002542,CTD-0.30,0.7258349233715093,0.5454828500219341,0.9494571520096714,0.4448440457524866,1828,1778,1361,417,467,141,61,30.2,0,61,0.0,30.2,0,0.0,0,0.0,141,69.8,9.37,37.264,62.922,106.484,576.86,31.227,284.28,12.944,117.5,11.717,106.45,58.0,59.2,56.3,57.2,59.2,58.7,4.8,35.4,5414.0,5419,69
b251064f-30002542,CTD-0.50,0.7531248420853975,0.5712697809118445,0.9615657946165979,0.4508619460578598,1828,1765,1403,362,425,156,46,22.77,0,46,0.0,22.77,0,0.0,0,0.0,156,77.23,9.95,40.573,69.552,102.432,675.66,32.536,316.36,13.225,128.29,11.983,116.32,58.4,59.5,56.6,57.3,59.5,71.1,4.8,37.7,5412.0,5414,75
b251064f-30002542,CTD-0.70,0.7618518443678821,0.577525789253761,0.9659497596527737,0.45214718651400887,1828,1756,1416,340,412,159,43,21.29,0,43,0.0,21.29,0,0.0,0,0.0,159,78.71,9.98,40.762,72.045,99.896,699.36,32.991,321.32,13.304,129.28,12.045,117.12,58.5,59.7,56.7,57.4,59.7,71.1,4.8,38.3,5416.0,5417,78
b251064f-30002542,CTD-0.90,0.7803621102672199,0.604514260204194,0.9696174149723953,0.4625638016079353,1828,1786,1445,341,383,175,27,13.37,0,27,0.0,13.37,0,0.0,0,0.0,175,86.63,10.81,44.589,73.259,103.266,772.29,33.709,355.0,13.431,141.13,12.205,128.33,58.8,60.3,56.9,57.5,60.3,71.8,4.9,39.0,5415.0,5416,82
b251064f-4696b75e,CTD-0.30,0.3053184543821019,0.19514584355482664,0.7706469769353396,0.24224364713650143,886,653,287,366,599,59,120,67.04,0,120,0.0,67.04,0,0.0,0,0.0,59,32.96,4.49,17.155,60.465,103.33,257.32,26.52,111.85,12.049,50.63,10.799,45.44,57.9,58.9,56.2,57.1,58.9,52.2,5.0,28.4,5419.0,5423,34
b251064f-4696b75e,CTD-0.50,0.3053184543821019,0.19514584355482664,0.7706469769353396,0.24224364713650143,886,653,287,366,599,59,120,67.04,0,120,0.0,67.04,0,0.0,0,0.0,59,32.96,4.14,16.829,66.502,98.056,250.65,28.593,109.0,12.51,47.52,11.183,42.53,57.9,58.9,56.1,56.9,58.9,60.8,4.9,30.7,5420.0,5420,30
b251064f-4696b75e,CTD-0.70,0.3053184543821019,0.19514584355482664,0.7706469769353396,0.24224364713650143,886,653,287,366,599,59,120,67.04,0,120,0.0,67.04,0,0.0,0,0.0,59,32.96,4.11,16.8,72.438,102.772,281.49,28.923,111.9,12.588,48.62,11.269,43.55,58.0,59.2,56.2,56.7,59.2,67.3,4.9,31.3,5420.0,5420,30
b251064f-4696b75e,CTD-0.90,0.4303892750748894,0.264797327865992,0.8373122926845541,0.3171648461526808,886,745,408,337,478,94,85,47.49,0,85,0.0,47.49,0,0.0,0,0.0,94,52.51,6.1,26.755,69.637,105.726,405.82,31.497,185.29,13.072,76.68,11.81,69.35,58.1,58.9,56.4,57.0,59.1,67.4,4.9,35.6,5418.0,5424,44
b251064f-5f6b663e,CTD-0.30,0.5314577075307676,0.37018751083447954,0.854342636917965,0.38677038382920736,1184,1190,655,535,529,103,100,49.26,0,100,0.0,49.26,0,0.0,0,0.0,103,50.74,7.24,26.428,64.791,105.794,455.85,30.53,213.62,12.809,89.25,11.593,80.82,58.1,58.9,56.3,56.8,58.9,59.7,4.9,36.0,5421.0,5426,54
b251064f-5f6b663e,CTD-0.50,0.5407058186343059,0.37737852162264063,0.8669604764995555,0.38939558158841436,1184,1172,661,511,523,102,101,49.75,0,101,0.0,49.75,0,0.0,0,0.0,102,50.25,7.05,26.616,55.113,101.416,374.78,30.547,208.17,12.842,87.09,11.578,78.62,57.9,59.3,56.0,56.5,59.3,47.8,4.9,34.6,5424.0,5428,53
b251064f-5f6b663e,CTD-0.70,0.6052906757755528,0.42579304700040527,0.8927897383555254,0.42028175563623327,1184,1206,738,468,446,113,90,44.33,0,90,0.0,44.33,0,0.0,0,0.0,113,55.67,7.67,29.405,60.231,103.57,449.34,31.081,233.1,12.947,96.76,11.698,87.5,57.9,58.9,56.0,56.5,58.9,54.1,4.9,35.8,5422.0,5422,58
b251064f-5f6b663e,CTD-0.90,0.6828233394817471,0.47311918089678623,0.9202415239764515,0.4516743813618814,1184,1232,831,401,353,131,72,35.47,0,72,0.0,35.47,0,0.0,0,0.0,131,64.53,8.71,33.949,60.672,107.354,513.14,31.874,271.67,13.168,111.84,11.834,100.59,58.2,59.4,56.2,56.7,59.8,56.9,4.9,36.5,5420.0,5420,66
b251064f-8d92db81,CTD-0.30,0.7767190114264343,0.5405764082593031,0.9314118799300671,0.49652025054850635,3464,3881,2775,1106,689,192,10,4.95,0,10,0.0,4.95,0,0.0,0,0.0,192,95.05,15.32,65.054,60.089,100.478,905.71,27.294,420.41,12.161,184.35,11.05,167.0,57.4,58.6,55.7,56.2,58.6,56.6,5.1,31.5,5423.0,5429,116
b251064f-8d92db81,CTD-0.50,0.7787183450951104,0.5413665534613603,0.9324710014818719,0.4970022177334086,3464,3877,2781,1096,683,193,9,4.46,0,9,0.0,4.46,0,0.0,0,0.0,193,95.54,13.98,59.056,66.196,106.436,905.97,29.439,403.61,12.585,172.3,11.338,155.3,57.5,58.6,55.6,56.2,58.6,61.5,4.9,33.1,5425.0,5427,106
b251064f-8d92db81,CTD-0.70,0.7807289207255705,0.543595807679188,0.9326984334431061,0.49873476433325215,3464,3890,2786,1104,678,194,8,3.96,0,8,0.0,3.96,0,0.0,0,0.0,194,96.04,13.72,58.12,60.305,99.878,812.5,29.959,402.9,12.641,169.69,11.405,153.19,57.4,59.4,55.5,56.6,59.4,54.3,4.9,33.8,5425.0,5426,105
b251064f-8d92db81,CTD-0.90,0.7807289207255705,0.543595807679188,0.9326984334431061,0.49873476433325215,3464,3890,2786,1104,678,194,8,3.96,0,8,0.0,3.96,0,0.0,0,0.0,194,96.04,13.53,57.235,59.3,104.486,789.14,30.235,402.46,12.684,168.54,11.465,152.43,57.4,58.6,55.7,56.6,58.6,55.4,4.9,34.4,5425.0,5425,102
b251064f-e7a165fd,CTD-0.30,0.6986761839727541,0.47734883721001886,0.9226716620553561,0.4503847288978835,3840,3953,2789,1164,1051,175,27,13.37,0,27,0.0,13.37,0,0.0,0,0.0,175,86.63,13.12,53.125,55.96,101.538,724.88,28.5,369.84,12.335,159.69,11.142,144.33,57.1,57.9,55.5,56.1,57.9,51.4,4.9,32.4,5430.0,5435,98
b251064f-e7a165fd,CTD-0.50,0.6995734421284482,0.4757246257814784,0.9218202076978707,0.4525091365083354,3840,3979,2791,1188,1049,176,26,12.87,0,26,0.0,12.87,0,0.0,0,0.0,176,87.13,12.95,53.174,59.488,99.552,752.15,29.209,372.41,12.442,158.29,11.259,143.34,57.0,57.8,55.2,56.3,57.8,54.2,4.9,32.7,5430.0,5435,97
b251064f-e7a165fd,CTD-0.70,0.7200175274678384,0.4922365974430787,0.9243137941590546,0.4639558202035122,3840,4062,2869,1193,971,182,20,9.9,0,20,0.0,9.9,0,0.0,0,0.0,182,90.1,13.31,54.891,53.511,103.31,694.2,29.039,378.46,12.442,161.78,11.229,146.11,56.7,57.6,55.1,55.8,57.6,47.6,4.9,33.0,5431.0,5433,99
b251064f-e7a165fd,CTD-0.90,0.7403791706394758,0.5131121626566133,0.9342758064562052,0.47120463254026956,3840,4056,2931,1125,909,194,8,3.96,0,8,0.0,3.96,0,0.0,0,0.0,194,96.04,14.31,59.254,58.437,108.438,822.29,28.916,407.83,12.37,174.04,11.21,157.84,56.7,57.5,55.1,55.7,57.5,52.4,4.9,32.8,5434.0,5434,108
b251b746-00138418,CTD-0.30,0.48926163264712663,0.3462592371190483,0.969543819115412,0.2718866416345408,1887,1078,947,131,940,90,113,55.67,0,113,0.0,55.67,0,0.0,0,0.0,90,44.33,6.63,23.925,70.166,103.606,452.96,28.644,183.88,12.397,79.37,11.199,71.77,56.5,57.5,54.8,55.5,57.5,68.9,5.0,30.8,5437.0,5443,50
b251b746-00138418,CTD-0.50,0.49733231346924106,0.3649847897902286,0.9724502455988724,0.27257817625191344,1887,1076,961,115,926,112,91,44.83,0,91,0.0,44.83,0,0.0,0,0.0,112,55.17,7.25,28.466,66.279,102.564,460.65,31.664,220.16,13.013,90.25,11.797,81.88,57.0,58.1,55.2,56.2,58.1,64.4,4.8,36.6,5434.0,5438,53
b251b746-00138418,CTD-0.70,0.5056684439852996,0.3730875597037485,0.9798982897488727,0.27301012866028346,1887,1064,971,93,916,112,91,44.83,0,91,0.0,44.83,0,0.0,0,0.0,112,55.17,7.13,28.165,69.166,96.536,476.57,32.178,222.2,13.17,90.69,11.901,82.01,57.4,58.5,55.6,56.6,58.5,66.8,4.7,37.4,5435.0,5435,53
b251b746-00138418,CTD-0.90,0.5143890593677347,0.3882491179815439,0.9852859594601744,0.27820117296391084,1887,1076,982,94,905,135,68,33.5,0,68,0.0,33.5,0,0.0,0,0.0,135,66.5,8.41,33.909,72.84,99.446,597.38,33.046,270.78,13.354,109.2,12.052,98.61,57.8,59.0,55.9,56.8,59.0,72.2,4.7,38.5,5435.0,5435,63
b255cd6c-0bdf0ac7,CTD-0.30,0.49009468839151804,0.3494818843748323,0.88814872174106,0.31998076839497586,692,532,367,165,325,59,127,68.28,0,127,0.0,68.28,0,0.0,0,0.0,59,31.72,4.56,16.549,59.168,103.664,248.74,27.405,117.21,12.163,51.68,10.954,46.6,57.1,58.4,55.6,56.4,58.4,53.2,5.2,31.7,5435.0,5439,33
b255cd6c-0bdf0ac7,CTD-0.50,0.5594763218198934,0.4206417091789737,0.9234812255074148,0.3470325435643355,692,546,408,138,284,86,100,53.76,0,100,0.0,53.76,0,0.0,0,0.0,86,46.24,5.67,23.474,70.715,102.946,378.98,31.308,168.29,12.978,69.45,11.696,62.66,57.5,58.5,55.7,56.4,58.5,67.9,4.9,35.0,5438.0,5438,41
b255cd6c-0bdf0ac7,CTD-0.70,0.5394531931946511,0.3937020038917334,0.937826484084387,0.33390218393648363,692,514,387,127,305,86,100,53.76,0,100,0.0,53.76,0,0.0,0,0.0,86,46.24,5.73,23.474,68.012,106.482,375.59,30.995,170.94,12.829,70.57,11.63,64.02,57.5,58.1,55.7,56.5,58.5,66.1,4.8,35.4,5433.0,5435,44
b255cd6c-0bdf0ac7,CTD-0.90,0.5745880262265114,0.4305985614329562,0.947939508897956,0.34797797545272063,692,527,410,117,282,95,91,48.92,0,91,0.0,48.92,0,0.0,0,0.0,95,51.08,6.25,26.116,69.717,101.63,416.55,31.288,186.9,12.985,77.34,11.7,69.73,57.6,58.7,55.8,56.8,58.7,65.7,4.9,36.0,5432.0,5432,46
b255cd6c-2f889586,CTD-0.30,0.5198759665267234,0.3448231208094018,0.8901359447539073,0.3487849178453104,2910,2452,1605,847,1305,144,59,29.06,0,59,0.0,29.06,0,0.0,0,0.0,144,70.94,10.11,39.23,58.33,100.58,581.11,29.912,296.16,12.6,124.56,11.449,113.22,57.3,58.6,55.7,56.4,58.6,52.0,4.9,34.8,5445.0,5454,76
b255cd6c-2f889586,CTD-0.50,0.5821340082594628,0.3882012585056831,0.9213248051507057,0.37513402061855666,2910,2500,1764,736,1146,165,38,18.72,0,38,0.0,18.72,0,0.0,0,0.0,165,81.28,11.24,45.09,51.961,100.084,575.09,30.819,339.47,12.838,141.08,11.601,127.57,57.3,58.7,55.6,56.3,58.7,47.5,4.9,35.3,5447.0,5450,84
b255cd6c-2f889586,CTD-0.70,0.61523713279763,0.4166625780511589,0.9339018838176257,0.38816532348469096,2910,2529,1854,675,1056,187,16,7.88,0,16,0.0,7.88,0,0.0,0,0.0,187,92.12,12.85,52.052,66.092,102.172,837.11,30.873,391.31,12.861,162.72,11.615,147.02,57.5,58.4,55.5,56.1,58.6,63.8,4.9,35.4,5449.0,5451,97
b255cd6c-2f889586,CTD-0.90,0.624893098514985,0.42394891658424305,0.938021338276955,0.39243012149254536,2910,2540,1877,663,1033,194,9,4.43,0,9,0.0,4.43,0,0.0,0,0.0,194,95.57,13.13,53.402,58.567,103.45,757.52,31.265,404.11,12.941,166.86,11.685,150.76,57.6,58.4,55.6,56.1,58.6,57.8,4.8,35.7,5453.0,5454,100
b255cd6c-5ccba454,CTD-0.30,0.261770025793861,0.14088300091344358,0.8520582279485212,0.18010980624920506,458,206,135,71,323,52,104,66.67,0,104,0.0,66.67,0,0.0,0,0.0,52,33.33,3.78,16.681,57.343,97.866,203.3,27.616,98.23,12.26,43.4,10.981,38.93,56.9,58.2,55.1,55.7,58.2,49.5,5.1,27.9,5452.0,5454,28
b255cd6c-5ccba454,CTD-0.50,0.2577642620346753,0.13845599757429777,0.8312162560170329,0.1818348773619557,458,214,136,78,322,54,102,65.38,0,102,0.0,65.38,0,0.0,0,0.0,54,34.62,3.53,16.717,63.204,103.734,202.13,31.013,101.51,13.066,42.64,11.644,38.01,57.4,59.2,55.4,56.0,59.2,58.7,4.7,34.1,5449.0,5451,26
b255cd6c-5ccba454,CTD-0.70,0.28464169864388494,0.17450623060279372,0.8716585753370318,0.18701713134027542,458,208,145,63,313,78,78,50.0,0,78,0.0,50.0,0,0.0,0,0.0,78,50.0,4.83,24.164,68.934,102.292,314.85,33.021,150.54,13.398,60.92,12.014,54.66,57.8,58.6,55.7,56.2,58.6,66.6,4.6,37.6,5448.0,5449,36
b255cd6c-5ccba454,CTD-0.90,0.2920614115374067,0.19235229697526077,0.886862565894319,0.18892264202687603,458,207,146,61,312,88,68,43.59,0,68,0.0,43.59,0,0.0,0,0.0,88,56.41,5.3,27.27,63.25,97.838,314.27,33.964,170.88,13.582,68.14,12.239,61.44,58.0,59.4,56.1,56.7,59.4,65.6,4.6,39.4,5448.0,5451,39
